M2,Banyo,Bina_Yasi,Balkon,Asansor,Garaj,Takas,Eşya Durumu,Fiyat,oda_sayisi,salon_sayisi,Kat,Isinma,yapi_durumu,Kullanim_Boş,Kullanim_Kiracılı,Kullanim_Mülk Sahibi,tapu_durumu,Ilce_Akhisar,Ilce_Alasehir,Ilce_Demirci,Ilce_Gordes,Ilce_Kirkagac,Ilce_Koprubasi,Ilce_Kula,Ilce_Salihli,Ilce_Sarigol,Ilce_Saruhanli,Ilce_Sehzadeler,Ilce_Selendi,Ilce_Soma,Ilce_Turgutlu,Ilce_Yunusemre
120,1,7,1,1,0,0,0,3500000.0,3,1,3.0,2,0,1,0,0,1,0,1,0,0,0,0,0,0,0,0,0,0,0,0,0
85,1,31,0,0,0,0,0,2150000.0,2,1,4.0,0,0,1,0,0,2,0,0,0,0,0,0,0,0,0,0,0,0,0,1,0
165,1,21,0,0,0,0,0,3850000.0,3,1,1.0,3,0,1,0,0,2,1,0,0,0,0,0,0,0,0,0,0,0,0,0,0
150,1,6,0,1,0,0,0,3500000.0,3,1,3.0,3,0,1,0,0,1,1,0,0,0,0,0,0,0,0,0,0,0,0,0,0
110,1,5,1,1,0,1,0,3500000.0,2,1,0.5,3,0,1,0,0,2,0,0,0,0,0,0,0,0,0,0,0,0,0,0,1
145,1,17,0,1,1,0,0,3550000.0,3,1,3.0,3,0,1,0,0,1,0,0,0,0,0,0,0,0,0,0,0,0,0,1,0
130,1,6,1,1,0,0,0,4600000.0,3,1,2.0,3,0,1,0,0,1,0,0,0,0,0,0,0,0,0,0,0,0,0,1,0
47,1,0,0,0,0,0,0,1700000.0,1,1,2.0,3,0,1,0,0,1,0,1,0,0,0,0,0,0,0,0,0,0,0,0,0
107,1,0,0,1,1,1,0,3100000.0,2,1,2.0,3,0,1,0,0,1,0,0,0,0,0,0,0,0,0,0,0,0,0,1,0
130,1,4,0,0,1,1,0,4200000.0,4,1,0.0,1,0,0,0,1,2,0,0,0,0,0,0,0,0,0,0,0,0,0,0,1
120,1,15,0,0,0,0,0,2400000.0,2,1,1.0,3,0,0,0,1,1,1,0,0,0,0,0,0,0,0,0,0,0,0,0,0
130,1,16,1,1,0,1,0,4750000.0,3,1,2.0,3,0,1,0,0,2,0,0,0,0,0,0,0,0,0,0,1,0,0,0,0
135,1,21,0,0,0,1,0,3295000.0,3,1,2.0,3,0,1,0,0,1,0,0,0,0,0,0,0,0,0,0,1,0,0,0,0
110,1,16,1,1,1,0,0,3375000.0,2,1,4.0,3,0,1,0,0,2,0,0,0,0,0,0,0,0,0,0,1,0,0,0,0
145,2,0,0,0,0,0,0,3200000.0,3,1,3.0,3,0,1,0,0,2,0,1,0,0,0,0,0,0,0,0,0,0,0,0,0
115,1,28,0,0,1,0,0,2075000.0,3,1,3.0,3,0,1,0,0,2,0,0,0,0,1,0,0,0,0,0,0,0,0,0,0
105,1,11,0,0,0,1,1,3490000.0,2,1,1.0,3,0,1,0,0,1,0,0,0,0,0,0,0,0,0,0,1,0,0,0,0
90,1,5,1,1,1,0,0,3695000.0,2,1,3.0,3,2,0,0,1,2,0,0,0,0,0,0,0,0,0,0,0,0,0,0,1
130,1,30,0,0,1,1,0,3700000.0,3,1,4.0,3,0,1,0,0,1,0,0,0,0,0,0,0,0,0,0,0,0,0,0,1
300,1,1,0,1,0,1,0,4650000.0,2,1,1.0,3,0,0,0,1,1,0,0,0,0,0,0,0,0,0,0,1,0,0,0,0
115,1,21,0,0,0,1,0,1190000.0,2,1,4.0,3,0,1,0,0,2,0,0,0,0,1,0,0,0,0,0,0,0,0,0,0
115,1,26,0,1,1,0,0,3875000.0,3,1,3.0,3,0,1,0,0,2,0,0,0,0,0,0,0,0,0,0,1,0,0,0,0
100,1,50,0,0,0,0,1,3500000.0,2,1,3.0,1,0,0,0,1,2,0,0,0,0,1,0,0,0,0,0,0,0,0,0,0
85,1,5,1,1,1,0,0,2750000.0,2,1,3.0,3,0,0,1,0,1,0,0,0,0,0,0,0,0,0,0,0,0,0,1,0
80,1,4,1,1,0,1,0,3100000.0,2,1,2.0,3,0,0,1,0,2,0,0,0,0,0,0,0,0,0,0,0,0,0,0,1
80,1,5,0,0,0,0,0,1150000.0,1,1,2.0,3,0,1,0,0,2,0,0,0,0,0,0,0,0,0,0,0,0,0,0,0
120,1,25,1,1,0,0,0,3550000.0,3,1,3.0,3,0,1,0,0,1,0,0,0,0,0,0,0,0,0,0,1,0,0,0,0
120,1,21,0,1,0,1,0,3975000.0,3,1,0.0,3,0,1,0,0,2,0,0,0,0,0,0,0,0,0,0,1,0,0,0,0
120,1,26,0,0,0,1,0,1595000.0,3,1,2.0,0,0,1,0,0,2,0,0,0,0,0,0,0,0,0,0,0,0,0,1,0
120,1,25,1,1,1,0,0,3950000.0,3,1,3.0,3,0,1,0,0,2,0,0,0,0,0,0,0,0,0,0,1,0,0,0,0
130,1,21,0,1,1,1,0,3495000.0,3,1,4.0,3,0,1,0,0,1,0,0,0,0,0,0,0,0,0,0,1,0,0,0,0
73,1,31,0,0,0,0,0,565000.0,1,1,0.0,0,0,1,0,0,2,1,0,0,0,0,0,0,0,0,0,0,0,0,0,0
91,1,40,0,0,0,0,0,1725000.0,3,1,3.0,1,0,0,1,0,2,1,0,0,0,0,0,0,0,0,0,0,0,0,0,0
115,1,1,0,0,0,0,0,2680000.0,3,1,3.0,3,0,0,0,1,2,0,0,0,0,0,0,0,0,0,0,0,0,0,1,0
160,2,16,1,1,1,1,0,7100000.0,4,1,5.0,3,0,0,1,0,1,0,0,0,0,0,0,0,0,0,0,0,0,0,0,1
125,1,18,0,0,0,0,0,3400000.0,3,1,0.5,3,0,1,0,0,2,0,0,0,0,0,0,0,1,0,0,0,0,0,0,0
50,1,1,0,0,0,0,0,2700000.0,1,1,0.5,0,0,1,0,0,2,0,0,0,0,0,0,0,0,0,1,0,0,0,0,0
34,1,10,0,0,0,0,0,750000.0,1,1,3.0,1,0,1,0,0,0,1,0,0,0,0,0,0,0,0,0,0,0,0,0,0
125,1,26,0,0,0,1,0,2950000.0,3,1,5.0,3,0,0,0,1,1,0,0,0,0,0,0,0,0,0,0,0,0,0,0,1
135,1,26,1,1,0,0,0,4650000.0,3,1,4.0,3,0,1,0,0,2,0,0,0,0,0,0,0,0,0,0,1,0,0,0,0
90,1,6,0,1,1,0,0,2475000.0,2,1,1.0,3,0,1,0,0,1,0,0,0,0,0,0,0,0,0,0,0,0,0,1,0
130,1,8,0,1,1,0,0,3950000.0,3,1,2.0,3,0,1,0,0,1,0,0,0,0,0,0,0,0,0,0,0,0,0,0,1
345,1,15,0,0,0,0,0,2000000.0,2,1,3.0,1,0,0,0,1,2,0,0,0,0,0,0,0,1,0,0,0,0,0,0,0
70,1,0,0,0,0,0,1,2340000.0,1,1,3.0,3,0,1,0,0,1,0,0,0,0,0,0,0,0,0,0,0,0,0,0,1
130,1,0,0,0,0,1,0,3290000.0,2,1,3.0,1,2,0,0,1,2,0,0,0,0,0,0,0,0,0,0,1,0,0,0,0
430,1,25,0,0,0,0,0,3500000.0,3,1,3.0,1,0,1,0,0,2,0,0,0,0,0,0,0,0,0,0,0,0,0,0,1
85,1,25,0,0,0,1,1,2950000.0,2,1,0.5,1,0,0,1,0,1,0,0,0,0,0,0,0,0,0,0,1,0,0,0,0
140,1,26,0,1,0,0,0,2100000.0,3,1,1.0,1,0,1,0,0,2,1,0,0,0,0,0,0,0,0,0,0,0,0,0,0
105,1,25,1,0,0,1,0,2950000.0,3,1,5.0,3,0,0,0,1,1,0,0,0,0,0,0,0,0,0,0,1,0,0,0,0
90,1,21,0,0,0,0,0,1700000.0,2,1,2.0,3,0,0,1,0,1,1,0,0,0,0,0,0,0,0,0,0,0,0,0,0
145,2,1,0,1,1,0,0,2850000.0,2,1,4.0,3,0,0,0,1,2,0,0,0,0,0,0,0,1,0,0,0,0,0,0,0
115,1,25,1,0,0,0,0,2950000.0,2,1,3.0,3,0,1,0,0,2,0,0,0,0,0,0,0,0,0,0,0,0,0,1,0
100,1,29,1,1,1,0,0,2850000.0,3,1,5.0,3,0,1,0,0,1,0,0,0,0,0,0,0,0,0,0,0,0,0,0,1
100,1,0,0,0,1,0,0,2500000.0,2,1,3.0,3,0,1,0,0,1,1,0,0,0,0,0,0,0,0,0,0,0,0,0,0
135,1,11,0,1,0,0,0,4850000.0,3,1,4.0,3,0,0,0,1,1,0,0,0,0,0,0,0,0,0,0,0,0,0,0,1
150,1,15,0,0,1,0,0,3000000.0,3,1,5.0,3,0,0,0,1,1,0,1,0,0,0,0,0,0,0,0,0,0,0,0,0
100,1,25,1,0,0,0,0,2300000.0,2,1,3.0,3,0,1,0,0,2,0,0,0,0,0,0,0,0,0,0,0,0,0,1,0
101,1,0,0,0,0,1,0,2300000.0,2,1,3.0,3,2,1,0,0,1,0,0,0,0,0,0,0,0,0,1,0,0,0,0,0
105,2,2,1,0,1,1,0,4150000.0,2,1,0.5,3,0,1,0,0,1,0,0,0,0,0,0,0,0,0,0,1,0,0,0,0
65,1,0,0,0,1,0,0,2450000.0,1,1,4.0,3,0,1,0,0,1,0,0,0,0,0,0,0,0,0,0,0,0,0,0,1
140,1,30,1,1,1,0,0,3950000.0,3,1,0.0,3,0,0,1,0,2,0,0,0,0,0,0,0,0,0,0,0,0,0,0,1
95,1,5,0,0,1,0,0,2650000.0,2,1,3.0,2,0,0,0,1,1,0,0,0,0,0,0,0,0,0,0,0,0,1,0,0
498,1,49,0,0,1,0,0,3950000.0,4,1,3.0,1,0,1,0,0,0,0,0,0,0,0,0,0,0,0,0,1,0,0,0,0
90,1,31,0,1,0,1,0,2550000.0,2,1,1.0,3,0,0,0,1,1,1,0,0,0,0,0,0,0,0,0,0,0,0,0,0
120,1,21,0,1,1,0,0,4250000.0,3,1,6.0,3,0,0,0,1,2,0,0,0,0,0,0,0,0,0,0,0,0,0,0,1
60,1,1,0,0,1,0,0,3150000.0,1,1,2.0,3,0,1,0,0,2,0,0,0,0,0,0,0,0,0,0,0,0,0,0,1
100,1,26,1,0,0,0,0,2650000.0,2,1,4.0,3,0,1,0,0,2,0,0,0,0,0,0,0,0,0,0,1,0,0,0,0
209,1,11,0,0,0,0,0,6750000.0,3,1,0.0,1,0,0,0,1,2,0,0,0,0,0,0,0,0,0,0,0,0,0,1,0
115,1,35,1,1,1,0,0,3200000.0,3,1,3.0,3,0,1,0,0,2,0,0,0,0,0,0,0,0,0,0,1,0,0,0,0
52,1,6,1,1,0,0,0,2100000.0,1,1,5.0,1,0,0,1,0,2,0,0,0,0,0,0,0,1,0,0,0,0,0,0,0
110,1,0,1,1,1,0,0,3150000.0,2,1,5.0,3,2,1,0,0,1,1,0,0,0,0,0,0,0,0,0,0,0,0,0,0
120,1,15,1,1,0,0,1,6250000.0,2,1,-3.0,3,0,1,0,0,1,0,0,0,0,0,0,0,0,0,0,0,0,0,0,1
130,2,1,0,1,1,1,0,2550000.0,2,1,0.5,1,0,1,0,0,2,0,0,0,0,0,0,0,0,0,0,0,0,0,1,0
110,1,30,0,0,0,0,0,4000000.0,3,0,0.0,1,0,1,0,0,2,0,0,0,1,0,0,0,0,0,0,0,0,0,0,0
150,1,25,1,1,1,0,0,3480000.0,3,1,8.0,1,0,1,0,0,2,0,0,0,0,0,0,0,1,0,0,0,0,0,0,0
110,1,20,0,0,0,0,0,2600000.0,2,1,5.0,3,0,0,1,0,1,0,0,0,0,0,0,0,0,0,0,0,0,0,1,0
90,1,35,0,1,0,0,0,3500000.0,2,1,2.0,3,0,0,1,0,1,0,0,0,0,0,0,0,0,0,0,1,0,0,0,0
70,1,30,0,0,0,1,1,2650000.0,2,1,0.0,3,0,0,1,0,1,0,0,0,0,0,0,0,0,0,0,1,0,0,0,0
150,1,31,0,0,0,0,0,2200000.0,3,1,5.0,1,0,0,1,0,1,0,0,0,0,0,0,0,0,0,0,1,0,0,0,0
115,1,3,0,1,1,0,0,3450000.0,2,1,3.0,3,0,0,0,1,1,0,0,0,0,0,0,0,0,0,0,0,0,0,0,1
170,2,11,0,1,1,1,0,5750000.0,3,1,4.0,3,0,1,0,0,1,0,0,0,0,0,0,0,0,0,0,0,0,0,0,1
110,1,50,0,0,0,0,0,2350000.0,3,1,3.0,1,0,1,0,0,1,0,0,0,0,0,0,0,1,0,0,0,0,0,0,0
85,1,5,0,0,1,0,0,3350000.0,2,1,0.5,3,0,1,0,0,2,0,0,0,0,0,0,0,0,0,0,0,0,0,0,1
120,1,21,0,0,1,0,1,2725000.0,3,1,3.0,1,0,0,1,0,2,0,0,0,0,0,0,0,1,0,0,0,0,0,0,0
100,1,4,0,1,1,0,0,5750000.0,2,1,5.0,3,0,0,1,0,1,0,0,0,0,0,0,0,0,0,0,0,0,0,0,1
130,1,15,1,1,0,1,0,4700000.0,3,1,3.0,3,0,0,0,1,2,0,0,0,0,0,0,0,0,0,0,0,0,0,0,1
108,1,1,0,0,0,1,0,2780000.0,2,1,2.0,3,0,1,0,0,2,1,0,0,0,0,0,0,0,0,0,0,0,0,0,0
110,1,30,0,0,0,0,0,1750000.0,2,1,3.0,1,0,1,0,0,2,0,0,0,0,0,0,0,0,0,0,0,0,0,1,0
102,1,4,0,0,0,1,1,2850000.0,2,1,3.0,3,0,1,0,0,1,0,0,0,0,0,0,0,0,0,0,0,0,0,1,0
110,1,4,0,0,1,1,0,2900000.0,3,1,1.0,2,0,1,0,0,1,0,0,0,0,0,0,0,0,0,0,0,0,1,0,0
135,1,15,1,1,1,0,0,2500000.0,3,1,0.0,3,0,0,1,0,2,0,0,0,0,0,0,0,0,0,0,0,0,0,1,0
87,1,5,1,1,1,0,0,3400000.0,2,1,5.0,3,0,0,0,1,1,0,0,0,0,0,0,0,1,0,0,0,0,0,0,0
120,3,0,1,0,1,0,0,5700000.0,3,1,3.0,1,2,1,0,0,2,0,0,0,0,0,0,0,0,0,0,0,0,0,0,1
105,1,11,0,1,1,0,0,2900000.0,2,1,0.0,3,0,1,0,0,2,0,0,0,0,0,0,0,0,0,0,0,0,0,1,0
130,1,26,1,0,0,0,0,2100000.0,3,1,1.0,3,0,0,1,0,1,1,0,0,0,0,0,0,0,0,0,0,0,0,0,0
140,2,26,1,1,0,0,0,2450000.0,3,1,4.0,3,0,1,0,0,0,1,0,0,0,0,0,0,0,0,0,0,0,0,0,0
130,1,26,0,0,0,0,0,1750000.0,3,1,0.0,1,0,1,0,0,1,1,0,0,0,0,0,0,0,0,0,0,0,0,0,0
119,1,31,0,0,0,1,0,2100000.0,2,1,0.0,1,0,1,0,0,2,0,0,0,0,0,0,0,0,0,0,1,0,0,0,0
226,1,32,0,0,0,0,0,810000.0,3,1,3.0,1,0,0,1,0,2,1,0,0,0,0,0,0,0,0,0,0,0,0,0,0
130,1,26,0,0,0,0,0,1975000.0,3,1,3.0,1,0,0,1,0,1,1,0,0,0,0,0,0,0,0,0,0,0,0,0,0
354,1,32,0,0,0,1,1,1780000.0,2,1,0.5,1,0,0,0,1,2,0,0,0,0,0,0,0,0,0,1,0,0,0,0,0
160,1,21,1,1,1,0,0,2750000.0,3,1,5.0,3,0,0,1,0,2,0,0,0,0,0,0,0,1,0,0,0,0,0,0,0
174,2,3,0,0,0,1,0,7300000.0,2,1,3.0,3,0,0,0,1,0,0,0,0,0,0,0,0,1,0,0,0,0,0,0,0
100,1,20,0,0,0,0,0,2099000.0,2,1,4.0,3,0,0,1,0,1,0,0,0,0,0,0,0,0,0,0,0,0,0,1,0
130,1,21,0,0,0,0,1,1980000.0,3,1,0.0,3,0,0,0,1,2,1,0,0,0,0,0,0,0,0,0,0,0,0,0,0
145,1,5,0,1,0,0,0,2900000.0,3,1,0.5,3,0,1,0,0,1,0,0,0,0,0,0,0,0,0,0,0,0,0,0,0
220,2,11,0,1,1,0,0,3500000.0,5,1,2.0,3,0,0,0,1,1,1,0,0,0,0,0,0,0,0,0,0,0,0,0,0
120,1,26,1,0,0,1,0,3450000.0,1,1,0.0,3,0,1,0,0,2,0,0,0,0,0,0,0,0,0,0,1,0,0,0,0
110,1,7,1,0,0,0,0,2650000.0,2,1,3.0,3,0,0,1,0,2,0,0,0,0,0,0,0,0,0,0,0,0,0,1,0
60,1,10,0,0,0,0,1,1900000.0,1,1,3.0,1,0,1,0,0,1,0,0,0,0,0,0,0,1,0,0,0,0,0,0,0
140,1,6,0,1,1,0,0,3075000.0,3,1,3.0,3,0,0,0,1,2,1,0,0,0,0,0,0,0,0,0,0,0,0,0,0
90,1,0,1,1,1,1,0,3675000.0,2,1,5.0,3,2,1,0,0,1,0,0,0,0,0,0,0,1,0,0,0,0,0,0,0
120,2,0,0,1,1,0,0,3400000.0,3,1,2.0,3,2,1,0,0,1,0,0,0,0,1,0,0,0,0,0,0,0,0,0,0
140,1,7,0,0,1,0,0,3500000.0,3,1,2.0,3,0,1,0,0,1,1,0,0,0,0,0,0,0,0,0,0,0,0,0,0
90,1,1,0,1,0,1,0,2750000.0,2,1,3.0,3,0,1,0,0,2,0,0,0,0,0,0,0,0,0,1,0,0,0,0,0
110,1,4,1,1,0,0,0,4000000.0,2,1,0.5,3,0,1,0,0,1,0,0,0,0,0,0,0,0,0,0,0,0,0,0,1
60,1,3,0,0,0,0,0,3600000.0,1,1,0.0,3,0,1,0,0,1,0,0,0,0,0,0,0,0,0,0,0,0,0,0,1
130,2,0,0,0,1,0,0,3550000.0,2,1,1.0,3,0,1,0,0,2,1,0,0,0,0,0,0,0,0,0,0,0,0,0,0
115,1,0,0,1,1,1,0,2585000.0,2,1,3.0,3,2,1,0,0,1,1,0,0,0,0,0,0,0,0,0,0,0,0,0,0
290,1,25,0,0,0,0,0,1580000.0,2,1,3.0,1,0,0,1,0,2,1,0,0,0,0,0,0,0,0,0,0,0,0,0,0
120,1,50,1,1,0,0,0,3250000.0,3,1,5.0,2,0,1,0,0,2,0,0,0,0,0,0,0,0,0,0,1,0,0,0,0
460,1,25,0,0,1,0,0,1850000.0,2,1,3.0,1,0,1,0,0,2,0,0,0,0,0,0,0,0,0,0,0,0,1,0,0
231,1,37,0,0,1,0,0,4200000.0,3,1,3.0,1,0,0,0,1,2,0,0,0,0,0,0,0,0,0,0,1,0,0,0,0
300,1,21,0,1,1,0,0,3500000.0,2,1,0.0,1,0,0,1,0,0,0,0,0,0,0,0,0,0,0,0,0,0,1,0,0
210,3,2,1,0,1,1,0,5295000.0,3,1,4.0,3,0,1,0,0,2,0,0,0,0,0,0,0,1,0,0,0,0,0,0,0
50,1,8,0,1,0,0,0,1925000.0,1,1,3.0,1,0,1,0,0,2,0,0,0,0,0,0,0,1,0,0,0,0,0,0,0
85,1,4,0,1,1,1,0,3175000.0,2,1,0.5,3,0,0,1,0,1,0,0,0,0,0,0,0,0,0,0,0,0,0,0,1
55,1,10,0,0,0,0,1,1650000.0,1,1,5.0,1,0,1,0,0,2,0,0,0,0,0,0,0,1,0,0,0,0,0,0,0
180,2,20,0,0,0,1,0,2700000.0,2,1,3.0,1,0,1,0,0,2,0,0,0,0,0,0,0,0,0,0,0,0,0,0,1
130,2,35,0,0,0,0,0,2150000.0,3,1,2.0,3,0,0,1,0,1,1,0,0,0,0,0,0,0,0,0,0,0,0,0,0
105,1,20,1,0,0,0,0,2600000.0,2,1,3.0,1,0,0,1,0,1,0,0,0,0,0,0,0,1,0,0,0,0,0,0,0
160,2,6,0,1,1,0,0,4200000.0,4,1,4.0,3,0,1,0,0,1,0,0,0,0,0,0,0,0,0,0,0,0,0,1,0
46,1,0,0,1,1,1,0,2900000.0,1,1,2.0,3,0,1,0,0,1,0,0,0,0,0,0,0,0,0,0,0,0,0,0,1
180,1,35,1,0,0,0,0,3420000.0,3,1,1.0,3,0,1,0,0,0,0,0,0,0,0,0,0,0,0,0,0,0,1,0,0
147,2,1,0,1,1,0,0,3100000.0,2,1,4.0,3,0,1,0,0,1,0,0,0,0,0,0,0,0,0,1,0,0,0,0,0
85,1,32,0,1,1,0,0,3100000.0,2,1,5.0,3,0,1,0,0,1,0,0,0,0,0,0,0,0,0,0,0,0,0,0,1
180,1,40,0,0,0,0,0,1350000.0,3,1,3.0,1,0,1,0,0,2,0,0,0,0,0,1,0,0,0,0,0,0,0,0,0
141,1,30,1,0,1,0,0,6500000.0,3,1,3.0,2,0,1,0,0,2,0,0,0,0,0,0,0,0,0,0,0,0,0,1,0
85,1,24,0,0,0,0,0,4600000.0,2,1,3.0,1,0,0,0,1,2,0,0,0,0,0,0,0,1,0,0,0,0,0,0,0
70,1,6,1,1,0,0,0,2849000.0,2,1,4.0,3,0,1,0,0,1,0,0,0,0,0,0,0,0,0,0,0,0,0,0,1
120,1,6,0,1,1,0,0,2999000.0,3,1,4.0,3,0,1,0,0,2,0,0,0,0,0,0,0,0,0,0,0,0,0,1,0
85,1,4,0,1,1,0,0,3175000.0,2,1,3.0,3,2,1,0,0,1,0,0,0,0,0,0,0,0,0,0,0,0,0,0,1
90,3,0,0,1,0,0,0,3050000.0,2,1,2.0,3,0,1,0,0,1,1,0,0,0,0,0,0,0,0,0,0,0,0,0,0
145,1,8,1,1,1,1,0,2950000.0,3,1,0.5,3,0,1,0,0,2,1,0,0,0,0,0,0,0,0,0,0,0,0,0,0
70,1,0,1,1,0,1,0,2590000.0,2,0,1.0,3,0,1,0,0,1,1,0,0,0,0,0,0,0,0,0,0,0,0,0,0
75,1,6,1,0,0,0,0,1700000.0,2,1,0.0,3,0,1,0,0,1,0,0,0,0,0,0,0,0,0,0,0,0,0,0,1
110,1,15,0,0,0,0,0,4750000.0,2,1,3.0,2,2,1,0,0,2,0,0,0,0,0,0,0,0,0,0,0,0,0,0,1
100,1,0,1,1,0,1,0,2750000.0,2,1,0.5,2,2,1,0,0,1,0,0,0,0,0,0,0,0,0,0,0,0,1,0,0
150,1,26,1,0,0,0,0,2650000.0,3,1,3.0,3,0,1,0,0,2,0,0,0,0,0,0,0,0,0,0,0,0,0,1,0
100,1,0,0,1,1,0,0,3350000.0,2,1,3.0,3,2,1,0,0,2,1,0,0,0,0,0,0,0,0,0,0,0,0,0,0
240,2,20,1,1,1,0,0,4200000.0,4,1,5.0,3,0,0,0,1,1,0,0,0,0,0,0,0,0,0,0,0,0,0,0,1
125,1,6,1,1,1,1,0,4900000.0,3,1,5.0,3,0,0,1,0,1,0,0,0,0,0,0,0,1,0,0,0,0,0,0,0
135,1,0,1,1,1,0,0,3625000.0,3,1,2.0,3,2,1,0,0,1,1,0,0,0,0,0,0,0,0,0,0,0,0,0,0
90,1,8,1,1,1,1,0,4900000.0,2,1,2.0,3,0,0,0,1,1,0,0,0,0,0,0,0,0,0,0,0,0,0,0,1
148,1,15,0,0,1,0,0,6750000.0,3,1,0.0,1,0,0,0,1,2,0,0,0,0,0,0,0,1,0,0,0,0,0,0,0
150,2,0,0,1,0,1,0,6600000.0,5,1,5.0,3,2,1,0,0,2,1,0,0,0,0,0,0,0,0,0,0,0,0,0,0
65,1,9,1,0,0,1,0,1685000.0,2,1,0.0,2,0,0,1,0,1,0,0,1,0,0,0,0,0,0,0,0,0,0,0,0
110,1,12,1,1,0,0,0,3300000.0,3,1,5.0,3,0,1,0,0,2,0,0,0,0,0,0,0,0,0,0,0,0,0,0,1
110,1,0,0,0,1,0,0,4500000.0,2,1,5.0,3,2,1,0,0,1,0,0,0,0,0,0,0,1,0,0,0,0,0,0,0
135,1,16,0,1,0,1,0,5200000.0,3,1,3.0,3,0,1,0,0,2,0,0,0,0,0,0,0,0,0,0,1,0,0,0,0
48,1,1,1,0,1,0,1,4850000.0,1,1,12.0,2,2,0,1,0,2,0,0,0,0,0,0,0,0,0,0,0,0,0,0,1
105,1,0,0,1,1,0,0,3650000.0,2,1,3.0,3,2,1,0,0,1,1,0,0,0,0,0,0,0,0,0,0,0,0,0,0
200,1,3,0,1,0,1,1,5850000.0,3,1,5.0,3,0,1,0,0,2,0,0,0,0,0,0,0,0,0,0,0,0,0,0,1
50,1,6,0,0,0,0,0,2350000.0,1,1,2.0,3,0,1,0,0,1,0,0,0,0,0,0,0,0,0,0,0,0,0,0,1
155,2,0,1,1,1,0,0,6750000.0,3,1,1.0,3,0,1,0,0,2,0,0,0,0,0,0,0,0,0,0,0,0,0,1,0
85,1,0,1,1,1,1,0,2800000.0,2,1,1.0,3,1,1,0,0,1,0,0,0,0,0,0,0,1,0,0,0,0,0,0,0
145,1,20,1,1,1,0,0,4100000.0,3,1,4.0,3,0,1,0,0,2,0,0,0,0,0,0,0,1,0,0,0,0,0,0,0
90,2,0,1,1,1,0,0,3600000.0,2,1,1.0,3,2,1,0,0,1,1,0,0,0,0,0,0,0,0,0,0,0,0,0,0
240,2,20,1,1,0,1,0,4200000.0,4,1,5.0,3,0,0,0,1,2,0,0,0,0,0,0,0,0,0,0,0,0,0,0,1
165,1,20,0,0,0,0,0,3250000.0,3,1,3.0,1,0,0,0,1,2,0,0,0,0,0,0,0,1,0,0,0,0,0,0,0
110,1,21,0,0,0,1,0,2600000.0,2,1,4.0,3,0,0,1,0,2,0,0,0,0,0,0,0,0,0,0,0,0,0,1,0
83,1,12,0,0,0,0,0,3970000.0,2,1,3.0,3,0,1,0,0,2,0,0,0,0,0,0,0,0,0,0,0,0,0,0,1
115,1,11,0,0,1,0,0,6750000.0,3,1,9.0,3,0,0,0,1,1,0,0,0,0,0,0,0,0,0,0,0,0,0,0,1
115,1,6,0,0,0,0,0,3250000.0,2,1,0.5,3,0,0,0,1,2,0,0,0,0,0,0,0,0,0,0,0,0,0,1,0
140,1,26,0,0,0,0,0,3700000.0,3,1,4.0,3,0,1,0,0,2,0,0,0,0,0,0,0,0,0,0,1,0,0,0,0
135,1,20,1,1,1,1,0,3300000.0,4,1,3.0,3,0,0,0,1,2,0,0,0,0,0,0,0,0,0,0,0,0,0,1,0
50,1,0,0,1,1,0,0,2575000.0,1,1,0.5,3,2,1,0,0,1,0,0,0,0,0,0,0,0,0,0,0,0,0,0,1
75,1,0,0,0,0,1,0,2990000.0,2,1,0.5,3,2,1,0,0,1,0,0,0,0,0,0,0,0,0,0,0,0,0,0,1
75,1,4,0,1,0,0,0,2950000.0,2,1,2.0,3,0,1,0,0,1,0,0,0,0,0,0,0,0,0,0,0,0,0,0,1
85,1,0,1,1,1,1,0,2300000.0,2,1,3.0,3,0,1,0,0,1,0,0,0,0,0,0,0,0,0,0,0,0,0,1,0
145,1,30,1,1,0,0,0,4100000.0,4,1,0.5,3,0,1,0,0,2,0,0,0,0,0,0,0,0,0,0,1,0,0,0,0
130,2,2,0,1,1,0,0,5400000.0,3,1,3.0,2,0,1,0,0,1,0,0,0,0,0,0,0,0,0,0,0,0,0,1,0
120,1,6,1,1,0,1,0,3750000.0,2,1,4.0,3,0,0,0,1,2,0,0,0,0,0,0,0,0,0,0,0,0,0,1,0
75,1,23,1,1,1,0,0,3400000.0,2,1,3.0,3,0,0,0,1,1,0,0,0,0,0,0,0,0,0,0,1,0,0,0,0
120,1,16,1,1,0,0,0,3475000.0,3,1,0.0,3,0,0,0,1,1,0,0,0,0,0,0,0,0,0,0,0,0,0,0,1
159,1,25,0,0,0,1,0,2100000.0,2,1,0.0,3,0,0,0,1,2,0,0,0,0,0,0,0,0,0,0,0,0,0,1,0
157,1,10,1,1,1,0,0,4800000.0,3,1,0.0,1,0,0,0,1,2,0,0,0,0,0,0,0,1,0,0,0,0,0,0,0
160,2,12,1,1,1,0,1,4490000.0,4,1,5.0,3,0,0,1,0,2,0,0,0,0,0,0,0,0,0,0,0,0,0,0,1
105,1,8,0,0,0,0,0,2350000.0,3,1,3.0,3,0,0,1,0,2,0,0,0,0,0,0,0,0,0,0,0,0,0,1,0
125,1,0,1,1,0,1,0,4150000.0,3,1,2.0,3,2,1,0,0,1,1,0,0,0,0,0,0,0,0,0,0,0,0,0,0
145,1,6,1,0,0,0,0,4600000.0,3,1,2.0,3,0,0,1,0,1,0,0,0,0,0,0,0,0,0,0,0,0,0,0,1
115,1,4,1,1,0,1,0,3950000.0,3,1,4.0,3,0,1,0,0,1,0,0,0,0,0,0,0,0,0,0,0,0,0,0,1
100,1,11,1,1,1,0,0,4650000.0,2,1,3.0,3,0,1,0,0,1,0,0,0,0,0,0,0,0,0,0,0,0,0,0,1
145,1,15,1,1,1,0,0,4650000.0,3,1,3.0,3,0,1,0,0,1,0,0,0,0,0,0,0,1,0,0,0,0,0,0,0
125,1,6,0,1,0,1,0,4550000.0,3,1,1.0,3,0,1,0,0,2,0,0,0,0,0,0,0,0,0,0,0,0,0,0,1
155,2,6,1,0,1,0,0,4750000.0,3,1,8.0,3,0,1,0,0,2,0,1,0,0,0,0,0,0,0,0,0,0,0,0,0
125,1,0,1,1,1,1,0,3650000.0,3,1,3.0,3,0,1,0,0,1,0,0,0,0,0,0,0,1,0,0,0,0,0,0,0
145,2,6,1,1,0,0,0,7700000.0,3,1,5.0,3,0,0,0,1,1,0,0,0,0,0,0,0,0,0,0,1,0,0,0,0
110,1,4,0,1,0,1,0,3150000.0,2,1,3.0,2,0,1,0,0,2,0,0,0,0,0,1,0,0,0,0,0,0,0,0,0
145,1,13,1,1,1,0,0,6800000.0,3,1,5.0,3,0,0,1,0,1,0,0,0,0,0,0,0,0,0,0,0,0,0,0,1
90,2,7,0,0,0,1,0,2800000.0,2,1,5.0,2,0,0,0,1,1,0,0,0,0,0,0,0,0,0,0,0,0,0,1,0
120,1,20,0,0,1,0,0,4200000.0,3,1,3.0,3,0,0,0,1,1,0,0,0,0,0,0,0,0,0,0,1,0,0,0,0
120,2,4,1,1,1,1,0,5700000.0,3,1,2.0,3,0,1,0,0,1,0,0,0,0,0,0,0,0,0,0,0,0,0,0,1
85,1,4,0,0,0,1,0,2450000.0,2,1,0.0,3,0,0,1,0,2,0,0,0,0,0,0,0,1,0,0,0,0,0,0,0
140,1,6,0,1,0,1,0,4200000.0,3,1,4.0,3,0,0,0,1,2,0,0,0,0,0,0,0,0,0,0,0,0,0,0,1
86,1,2,0,0,1,1,0,1550000.0,2,1,1.0,2,0,1,0,0,0,0,0,0,0,0,0,0,0,0,0,1,0,0,0,0
145,1,2,1,1,1,1,0,3250000.0,3,1,3.0,3,0,1,0,0,1,0,0,0,0,0,0,0,0,0,0,0,0,0,1,0
103,2,0,0,0,1,0,0,3500000.0,2,1,2.0,3,2,1,0,0,1,1,0,0,0,0,0,0,0,0,0,0,0,0,0,0
45,1,6,1,0,0,0,1,1800000.0,1,1,0.5,1,0,1,0,0,1,0,0,0,0,0,0,0,0,0,0,0,0,0,0,0
80,1,8,0,1,1,1,0,3150000.0,2,1,2.0,3,0,0,1,0,1,0,0,0,0,0,0,0,0,0,0,0,0,0,0,1
90,1,2,0,1,1,0,0,3550000.0,2,1,3.0,3,0,0,1,0,2,0,0,0,0,0,0,0,0,0,0,0,0,0,0,1
135,1,3,0,1,1,0,0,6100000.0,3,1,3.0,3,0,1,0,0,1,0,0,0,0,0,0,0,1,0,0,0,0,0,0,0
145,1,27,1,1,1,0,0,3425000.0,3,1,5.0,3,0,0,0,1,2,0,0,0,0,0,0,0,0,0,0,1,0,0,0,0
95,1,5,1,1,1,1,0,3600000.0,2,1,3.0,3,0,0,0,1,1,0,0,0,0,0,0,0,1,0,0,0,0,0,0,0
90,1,34,0,0,0,0,1,2340000.0,2,1,5.0,1,0,0,1,0,1,0,0,0,0,0,0,0,0,0,0,1,0,0,0,0
204,2,5,0,1,1,1,0,5400000.0,4,1,4.0,3,0,1,0,0,2,0,0,0,0,0,0,0,1,0,0,0,0,0,0,0
202,2,0,0,1,1,1,0,5250000.0,4,1,3.0,3,0,1,0,0,1,1,0,0,0,0,0,0,0,0,0,0,0,0,0,0
170,2,0,0,1,0,1,0,5250000.0,3,1,6.0,3,0,1,0,0,1,0,1,0,0,0,0,0,0,0,0,0,0,0,0,0
100,1,31,1,0,0,0,0,1705000.0,2,1,0.0,1,0,0,1,0,1,1,0,0,0,0,0,0,0,0,0,0,0,0,0,0
110,1,16,0,0,1,1,1,2650000.0,3,1,-3.0,0,0,0,1,0,2,0,0,0,0,0,0,0,1,0,0,0,0,0,0,0
130,1,1,0,0,1,0,0,2890000.0,3,1,0.0,2,2,1,0,0,1,1,0,0,0,0,0,0,0,0,0,0,0,0,0,0
90,2,0,1,1,0,0,0,3800000.0,2,1,1.0,3,0,1,0,0,1,0,0,0,0,0,0,0,0,0,0,0,0,0,1,0
140,1,8,0,0,0,0,0,5500000.0,3,1,5.0,3,0,0,0,1,2,0,0,0,0,0,0,0,0,0,0,0,0,0,0,1
160,2,1,1,0,1,0,0,5900000.0,3,1,1.0,3,2,1,0,0,1,0,0,0,0,0,0,0,0,0,0,0,0,0,1,0
55,1,10,0,0,0,0,0,3250000.0,1,1,0.0,2,0,1,0,0,2,0,0,0,0,0,0,0,0,0,0,0,0,0,0,1
130,1,25,0,1,1,0,0,4750000.0,3,1,2.0,3,0,1,0,0,1,0,0,0,0,0,0,0,1,0,0,0,0,0,0,0
130,1,26,1,0,0,0,0,3950000.0,3,1,1.0,3,0,0,0,1,1,0,0,0,0,0,0,0,0,0,0,1,0,0,0,0
110,2,2,1,1,0,1,0,6300000.0,2,1,5.0,3,0,0,0,1,1,0,0,0,0,0,0,0,0,0,0,0,0,0,1,0
90,1,7,0,1,1,1,0,3500000.0,2,1,1.0,3,0,0,0,1,2,0,0,0,0,0,0,0,1,0,0,0,0,0,0,0
125,1,15,1,1,0,0,0,3380000.0,3,1,2.0,3,0,1,0,0,1,0,0,0,0,0,0,0,0,0,0,1,0,0,0,0
170,2,0,0,1,1,0,0,6500000.0,3,1,4.0,3,1,1,0,0,2,0,0,0,0,0,0,0,0,0,0,0,0,0,1,0
170,2,0,1,1,0,0,0,5250000.0,3,1,6.0,3,0,1,0,0,1,0,1,0,0,0,0,0,0,0,0,0,0,0,0,0
135,1,15,0,0,1,0,0,4050000.0,3,1,2.0,3,0,1,0,0,2,0,0,0,0,0,0,0,0,0,0,0,0,0,0,1
365,1,25,0,0,0,0,0,3000000.0,2,1,3.0,1,0,0,1,0,0,1,0,0,0,0,0,0,0,0,0,0,0,0,0,0
148,1,7,0,0,0,0,0,5000000.0,3,1,3.0,3,0,0,1,0,2,0,0,0,0,0,0,0,0,0,1,0,0,0,0,0
150,1,3,1,0,0,0,0,4250000.0,3,1,3.0,3,0,1,0,0,2,1,0,0,0,0,0,0,0,0,0,0,0,0,0,0
110,1,0,0,1,1,0,0,3850000.0,2,1,2.0,3,2,1,0,0,2,0,0,0,0,0,0,0,0,0,0,0,0,0,1,0
165,2,1,1,1,1,0,0,7000000.0,3,0,1.0,3,2,1,0,0,1,0,0,0,0,0,0,0,0,0,0,0,0,0,1,0
65,1,6,0,1,1,0,0,4650000.0,2,0,3.0,3,0,0,1,0,1,0,0,0,0,0,0,0,0,0,0,0,0,0,0,1
130,1,6,0,0,1,0,0,4450000.0,3,1,3.0,3,0,1,0,0,2,0,0,0,0,0,0,0,0,0,0,0,0,0,0,1
100,1,30,1,1,0,1,0,3975000.0,2,1,1.0,3,0,1,0,0,2,0,0,0,0,0,0,0,0,0,0,1,0,0,0,0
110,1,0,1,1,1,0,0,4000000.0,2,1,2.0,3,0,1,0,0,2,0,0,0,0,0,0,0,0,0,0,0,0,0,1,0
100,1,6,1,1,0,0,0,3950000.0,1,1,6.0,3,0,0,0,1,1,0,0,0,0,0,0,0,0,0,0,1,0,0,0,0
130,1,6,1,1,1,0,0,3650000.0,3,1,2.0,3,0,1,0,0,1,1,0,0,0,0,0,0,0,0,0,0,0,0,0,0
85,1,0,1,1,1,0,0,3300000.0,2,0,3.0,3,2,1,0,0,1,1,0,0,0,0,0,0,0,0,0,0,0,0,0,0
110,1,4,0,0,1,1,0,7150000.0,2,1,2.0,3,0,0,1,0,1,0,0,0,0,0,0,0,0,0,0,0,0,0,0,1
135,1,6,1,0,0,1,0,5670000.0,3,1,3.0,3,0,0,0,1,2,0,0,0,0,0,0,0,1,0,0,0,0,0,0,0
85,1,35,0,1,1,0,0,4300000.0,2,1,1.0,3,0,0,0,1,1,0,0,0,0,0,0,0,0,0,0,1,0,0,0,0
160,1,10,1,0,0,0,0,3800000.0,3,1,4.0,3,0,1,0,0,2,0,0,0,0,0,0,0,1,0,0,0,0,0,0,0
120,1,31,1,0,0,0,0,3695000.0,2,1,5.0,3,0,1,0,0,1,0,0,0,0,0,0,0,0,0,0,0,0,0,0,1
90,1,40,0,0,0,1,0,600000.0,2,1,3.0,1,0,1,0,0,0,0,0,1,0,0,0,0,0,0,0,0,0,0,0,0
300,3,0,0,1,0,0,0,6700000.0,5,1,4.0,3,0,1,0,0,2,1,0,0,0,0,0,0,0,0,0,0,0,0,0,0
172,2,5,1,1,1,0,0,5250000.0,3,1,4.0,2,0,0,1,0,2,0,0,0,0,0,0,0,0,0,0,0,0,0,1,0
130,2,6,1,1,0,1,0,4450000.0,3,1,3.0,3,0,0,1,0,2,0,0,0,0,0,0,0,0,0,0,0,0,0,0,1
115,1,28,1,1,0,1,0,3800000.0,3,1,2.0,3,0,1,0,0,1,0,0,0,0,0,0,0,0,0,0,0,0,0,0,1
125,1,40,0,1,0,0,0,4299000.0,3,1,2.0,2,0,1,0,0,1,0,0,0,0,0,0,0,0,0,0,1,0,0,0,0
125,1,7,1,0,0,0,0,3650000.0,3,1,5.0,3,0,1,0,0,1,0,0,0,0,0,0,0,0,0,0,0,0,0,1,0
125,1,5,1,1,1,0,0,3850000.0,3,1,4.0,3,0,0,1,0,1,1,0,0,0,0,0,0,0,0,0,0,0,0,0,0
115,1,0,1,1,1,0,0,3600000.0,2,1,2.0,3,2,1,0,0,1,1,0,0,0,0,0,0,0,0,0,0,0,0,0,0
95,1,5,0,0,1,0,0,3350000.0,2,1,4.0,3,0,1,0,0,1,0,0,0,0,0,0,0,0,0,0,0,0,0,0,1
125,1,21,1,0,0,0,0,3975000.0,2,1,2.0,3,0,1,0,0,1,0,0,0,0,0,0,0,0,0,0,1,0,0,0,0
115,1,21,1,0,0,0,0,2550000.0,2,1,4.0,1,0,0,1,0,2,0,0,0,0,0,0,0,0,0,0,0,0,0,1,0
220,3,0,0,0,1,0,0,6500000.0,4,1,3.0,3,2,1,0,0,1,1,0,0,0,0,0,0,0,0,0,0,0,0,0,0
120,1,25,1,0,0,0,0,3075000.0,3,1,5.0,3,0,0,1,0,1,0,0,0,0,0,0,0,0,0,0,1,0,0,0,0
138,1,31,1,0,0,0,0,3450000.0,3,1,0.5,3,0,1,0,0,2,0,0,0,0,0,0,0,0,0,0,0,0,0,0,1
120,1,25,1,1,0,0,0,14000.0,3,1,5.0,3,0,1,0,0,2,0,0,0,0,0,0,0,0,0,0,1,0,0,0,0
260,2,11,0,0,0,0,0,3550000.0,5,1,0.0,3,0,0,1,0,2,1,0,0,0,0,0,0,0,0,0,0,0,0,0,0
55,1,0,0,1,1,1,0,3550000.0,1,1,2.0,3,2,1,0,0,2,0,0,0,0,0,0,0,0,0,0,0,0,0,0,1
400,1,11,0,1,0,1,1,3725000.0,2,1,3.0,1,0,1,0,0,0,0,0,0,0,0,0,0,0,0,1,0,0,0,0,0
115,1,7,1,1,0,1,0,2550000.0,3,1,2.0,2,0,1,0,0,2,0,0,0,0,0,0,0,0,0,0,0,0,1,0,0
110,1,14,1,0,1,0,0,3450000.0,3,1,0.5,3,0,1,0,0,1,0,0,0,0,0,0,0,0,0,0,0,0,0,0,1
135,1,16,0,1,0,1,0,4500000.0,3,1,5.0,3,0,1,0,0,2,0,0,0,0,0,0,0,0,0,0,1,0,0,0,0
280,2,6,0,0,1,0,0,6500000.0,6,1,5.0,3,0,0,0,1,1,0,0,0,0,0,0,0,0,0,0,0,0,0,0,1
120,1,4,0,1,1,1,0,4650000.0,3,1,3.0,3,0,1,0,0,1,0,0,0,0,0,0,0,0,0,0,0,0,0,1,0
95,1,2,1,1,1,0,0,3650000.0,2,1,5.0,3,0,0,1,0,1,0,0,0,0,0,0,0,1,0,0,0,0,0,0,0
145,1,5,1,0,1,0,0,5500000.0,3,1,5.0,3,0,1,0,0,2,0,0,0,0,0,0,0,0,0,0,0,0,0,1,0
165,1,19,1,1,1,0,0,6500000.0,3,1,3.0,3,0,0,1,0,2,0,0,0,0,0,0,0,0,0,0,0,0,0,0,1
280,2,4,0,0,1,0,0,4500000.0,3,1,2.0,2,0,1,0,0,2,0,0,0,0,0,0,0,0,0,0,0,0,0,1,0
125,2,0,1,1,1,0,0,4500000.0,3,1,2.0,3,2,1,0,0,1,1,0,0,0,0,0,0,0,0,0,0,0,0,0,0
185,2,16,1,1,1,1,0,4625000.0,3,1,1.0,3,0,0,0,1,1,0,0,0,0,0,0,0,0,0,0,0,0,0,0,1
150,1,15,1,1,0,0,0,5500000.0,3,1,3.0,3,0,1,0,0,1,0,0,0,0,0,0,0,0,0,0,0,0,0,0,1
115,2,1,0,1,1,0,0,3950000.0,2,1,10.0,2,0,0,1,0,1,0,0,0,0,0,0,0,0,0,0,0,0,0,1,0
382,2,5,1,1,0,1,1,6000000.0,4,1,0.0,1,0,1,0,0,0,0,0,0,0,0,0,0,0,0,0,0,0,0,0,1
140,1,5,1,1,1,0,0,6850000.0,3,1,0.5,3,0,0,1,0,2,0,0,0,0,0,0,0,0,0,0,0,0,0,0,1
148,1,9,0,0,1,0,0,3500000.0,3,1,0.0,1,0,0,1,0,1,0,0,0,0,0,0,0,1,0,0,0,0,0,0,0
100,1,0,1,0,0,1,0,2435000.0,1,1,0.5,3,2,1,0,0,1,1,0,0,0,0,0,0,0,0,0,0,0,0,0,0
120,1,26,0,0,1,1,0,3800000.0,3,1,5.0,3,0,1,0,0,1,0,0,0,0,0,0,0,0,0,0,0,0,0,0,1
45,1,0,0,0,0,0,0,3375000.0,1,1,3.0,3,0,1,0,0,1,0,0,0,0,0,0,0,0,0,0,1,0,0,0,0
55,1,1,1,1,1,0,1,4100000.0,1,1,0.5,3,0,1,0,0,1,0,0,0,0,0,0,0,0,0,0,0,0,0,0,1
90,1,31,1,0,0,0,0,1400000.0,2,1,2.0,3,0,1,0,0,2,0,0,0,0,1,0,0,0,0,0,0,0,0,0,0
75,1,0,0,0,1,0,0,2450000.0,2,1,2.0,3,0,1,0,0,1,0,0,0,0,0,0,0,0,0,1,0,0,0,0,0
112,1,16,1,1,1,0,0,6500000.0,3,1,2.0,3,0,1,0,0,2,0,0,0,0,0,0,0,0,0,0,0,0,0,0,1
135,1,11,0,1,0,0,0,3200000.0,3,1,4.0,3,0,0,1,0,1,0,0,0,0,0,0,0,0,0,0,0,0,0,1,0
135,1,6,1,1,0,0,0,3650000.0,3,1,1.0,3,0,1,0,0,1,0,0,0,0,0,0,0,0,0,0,0,0,0,0,1
80,1,6,1,0,1,0,0,3150000.0,2,1,0.5,3,0,1,0,0,2,0,0,0,0,0,0,0,1,0,0,0,0,0,0,0
73,2,0,0,0,0,1,0,2950000.0,2,0,1.0,3,0,1,0,0,1,1,0,0,0,0,0,0,0,0,0,0,0,0,0,0
120,1,5,0,0,1,1,0,7200000.0,2,1,5.0,3,0,1,0,0,2,0,0,0,0,0,0,0,0,0,0,1,0,0,0,0
250,2,0,0,0,0,0,0,7490000.0,5,1,0.0,3,0,1,0,0,2,0,0,0,0,0,0,0,1,0,0,0,0,0,0,0
142,2,8,1,1,1,0,0,3590000.0,3,1,5.0,3,0,1,0,0,2,1,0,0,0,0,0,0,0,0,0,0,0,0,0,0
130,2,0,1,1,1,1,0,4650000.0,3,1,3.0,3,0,1,0,0,1,0,0,0,0,0,0,0,0,0,0,0,0,0,1,0
145,1,13,0,0,1,0,0,5250000.0,3,1,4.0,3,0,0,0,1,1,0,0,0,0,0,0,0,1,0,0,0,0,0,0,0
138,1,11,1,0,0,0,0,3600000.0,3,1,2.0,3,0,0,0,1,1,1,0,0,0,0,0,0,0,0,0,0,0,0,0,0
135,1,25,1,0,0,0,0,3750000.0,3,1,3.0,3,0,1,0,0,2,0,0,0,0,0,0,0,0,0,0,0,0,0,1,0
75,1,4,0,1,0,0,0,2950000.0,2,1,2.0,3,0,1,0,0,1,0,0,0,0,0,0,0,0,0,0,0,0,0,0,1
134,1,20,0,0,0,0,0,2450000.0,3,1,1.0,3,0,0,0,1,1,0,0,0,0,1,0,0,0,0,0,0,0,0,0,0
120,2,0,1,1,1,1,0,4150000.0,3,1,3.0,3,2,1,0,0,1,1,0,0,0,0,0,0,0,0,0,0,0,0,0,0
135,1,30,0,0,1,0,0,3600000.0,3,1,0.5,3,0,0,0,1,1,0,0,0,0,0,0,0,1,0,0,0,0,0,0,0
230,2,1,0,1,0,0,0,5700000.0,3,1,5.0,3,0,1,0,0,1,0,0,0,0,0,0,0,0,0,0,0,0,0,0,1
95,1,10,0,1,0,1,0,3150000.0,3,1,0.5,3,0,1,0,0,1,0,0,0,0,0,0,0,0,0,0,0,0,0,0,1
125,1,21,0,1,0,0,0,4450000.0,3,1,4.0,3,0,1,0,0,2,0,0,0,0,0,0,0,0,0,0,0,0,0,0,1
120,1,25,1,0,0,0,0,3200000.0,3,1,4.0,3,0,1,0,0,2,0,0,0,0,0,0,0,0,0,0,0,0,0,0,1
105,1,1,0,1,0,1,0,2995000.0,2,1,3.0,3,0,1,0,0,1,0,0,0,0,0,0,0,0,0,1,0,0,0,0,0
240,2,1,1,0,1,1,0,4670000.0,4,1,4.0,3,0,1,0,0,2,1,0,0,0,0,0,0,0,0,0,0,0,0,0,0
140,1,31,1,1,1,1,0,3375000.0,3,1,5.0,3,0,0,0,1,2,0,0,0,0,0,0,0,0,0,0,1,0,0,0,0
148,1,3,1,1,1,0,1,4200000.0,3,0,5.0,3,0,1,0,0,2,1,0,0,0,0,0,0,0,0,0,0,0,0,0,0
120,2,0,1,0,1,1,0,3550000.0,3,1,3.0,3,0,1,0,0,1,0,0,0,0,1,0,0,0,0,0,0,0,0,0,0
132,1,12,0,0,0,0,0,2500000.0,2,1,1.0,3,0,1,0,0,2,0,0,0,0,0,0,0,0,0,0,0,0,0,1,0
111,1,33,0,1,1,0,0,2490000.0,2,1,0.5,1,0,0,1,0,2,0,0,0,0,0,0,0,0,0,0,0,0,0,0,1
340,2,10,0,1,0,1,0,4550000.0,4,2,0.0,3,0,0,1,0,2,0,0,0,0,0,0,0,0,0,0,1,0,0,0,0
200,2,8,0,1,0,1,0,5300000.0,4,1,5.0,3,0,0,1,0,1,0,0,0,0,0,0,0,0,0,0,0,0,0,0,1
85,1,19,0,0,0,1,1,2900000.0,2,1,1.0,3,0,0,1,0,2,1,0,0,0,0,0,0,0,0,0,0,0,0,0,0
80,1,0,0,1,1,0,0,3000000.0,2,1,1.0,3,2,1,0,0,1,1,0,0,0,0,0,0,0,0,0,0,0,0,0,0
55,1,0,0,0,1,0,1,2650000.0,1,1,2.0,3,0,0,1,0,1,0,0,0,0,0,0,0,0,0,1,0,0,0,0,0
125,1,0,1,1,1,1,0,3650000.0,3,1,3.0,3,2,1,0,0,1,0,0,0,0,0,0,0,1,0,0,0,0,0,0,0
125,1,1,0,0,1,0,0,4800000.0,3,1,1.0,3,2,1,0,0,1,1,0,0,0,0,0,0,0,0,0,0,0,0,0,0
175,1,21,0,0,0,0,0,2100000.0,3,1,0.0,1,0,0,1,0,2,0,0,0,0,0,0,0,0,0,0,0,0,0,1,0
140,1,7,0,1,0,0,0,2900000.0,3,1,5.0,3,0,1,0,0,2,0,0,0,0,0,0,0,0,0,0,0,0,0,1,0
170,3,2,1,0,1,0,0,5500000.0,3,1,4.0,3,0,0,0,1,2,0,0,0,0,0,0,0,0,0,0,0,0,0,1,0
95,1,11,0,1,0,1,0,2700000.0,2,1,1.0,3,0,1,0,0,2,0,0,0,0,0,0,0,0,0,0,0,0,0,1,0
220,2,17,1,1,1,0,1,6200000.0,4,1,5.0,3,0,0,0,1,2,0,0,0,0,0,0,0,0,0,0,0,0,0,0,1
130,1,11,1,1,1,1,0,3500000.0,3,1,1.0,3,0,0,0,1,2,0,0,0,0,0,0,0,0,0,0,0,0,0,1,0
255,3,0,1,1,1,1,0,7500000.0,4,1,4.0,3,0,1,0,0,2,0,0,0,0,0,0,0,0,0,0,0,0,0,1,0
275,1,31,0,0,0,0,0,3250000.0,4,1,0.0,0,0,1,0,0,2,0,0,0,0,0,0,0,1,0,0,0,0,0,0,0
95,1,5,1,1,1,0,0,2980000.0,2,1,3.0,3,0,1,0,0,2,1,0,0,0,0,0,0,0,0,0,0,0,0,0,0
175,2,2,0,1,1,0,0,6250000.0,4,1,4.0,3,0,1,0,0,1,0,0,0,0,0,0,0,1,0,0,0,0,0,0,0
105,1,6,1,1,0,0,0,3650000.0,2,1,4.0,3,0,0,0,1,1,0,0,0,0,0,0,0,0,0,0,0,0,0,0,1
60,1,2,1,0,0,0,0,3250000.0,1,1,0.5,3,0,1,0,0,1,0,0,0,0,0,0,0,0,0,0,0,0,0,0,1
125,1,16,1,1,0,1,0,3750000.0,3,1,1.0,3,0,1,0,0,2,0,0,0,0,0,0,0,0,0,0,1,0,0,0,0
140,1,1,1,1,0,1,0,4350000.0,3,1,2.0,3,0,1,0,0,1,0,0,0,0,0,0,0,0,0,1,0,0,0,0,0
80,1,6,0,0,0,1,1,3050000.0,2,1,3.0,3,0,1,0,0,1,0,0,0,0,0,0,0,0,0,0,0,0,0,0,1
115,1,11,1,0,1,0,0,5750000.0,2,1,0.5,3,0,0,0,1,1,0,0,0,0,0,0,0,0,0,0,0,0,0,0,1
58,1,0,0,0,0,0,0,3000000.0,1,1,2.0,3,0,1,0,0,1,0,0,0,0,0,0,0,0,0,0,0,0,0,0,1
160,2,15,0,1,1,0,0,7500000.0,3,1,10.0,3,0,0,1,0,2,0,0,0,0,0,0,0,0,0,0,0,0,0,0,1
135,2,0,1,1,1,1,0,5800000.0,3,1,3.0,3,2,1,0,0,1,0,0,0,0,0,0,0,0,0,0,0,0,0,1,0
100,1,0,1,1,1,0,0,3750000.0,2,1,3.0,3,2,1,0,0,2,0,0,0,0,0,0,0,0,0,0,0,0,0,1,0
60,1,0,1,1,1,0,0,2750000.0,1,1,3.0,3,0,1,0,0,1,0,0,0,0,0,0,0,0,0,0,0,0,0,0,1
145,2,5,1,0,0,0,0,4300000.0,3,1,1.0,3,0,0,1,0,1,0,0,0,0,0,0,0,0,0,1,0,0,0,0,0
130,1,0,0,1,1,0,0,4250000.0,3,1,1.0,3,2,1,0,0,1,1,0,0,0,0,0,0,0,0,0,0,0,0,0,0
130,1,25,1,1,1,0,0,3800000.0,3,1,3.0,3,0,1,0,0,1,1,0,0,0,0,0,0,0,0,0,0,0,0,0,0
205,2,16,1,1,0,0,0,4500000.0,3,1,2.0,3,0,0,0,1,2,0,0,0,0,0,0,0,0,0,0,0,0,0,1,0
190,2,0,0,0,0,1,0,6500000.0,3,1,1.0,3,0,1,0,0,2,0,0,0,0,0,0,0,0,0,0,0,0,0,1,0
157,2,4,1,1,1,0,0,4800000.0,3,1,3.0,3,0,0,0,1,2,0,0,0,0,0,0,0,0,0,0,0,0,0,1,0
55,1,15,0,1,0,0,0,5500000.0,1,1,3.0,3,0,0,1,0,2,0,0,0,0,0,0,0,0,0,0,0,0,0,0,1
85,1,21,1,0,0,0,1,1750000.0,2,1,3.0,1,0,0,1,0,1,0,0,0,0,0,0,0,0,0,0,0,0,0,1,0
95,1,28,0,0,0,0,0,1350000.0,2,1,5.0,3,0,1,0,0,2,1,0,0,0,0,0,0,0,0,0,0,0,0,0,0
125,1,21,0,1,0,1,0,3650000.0,3,1,5.0,3,0,1,0,0,2,0,0,0,0,0,0,0,0,0,0,0,0,0,0,1
201,2,11,0,1,0,1,0,2950000.0,2,2,4.0,3,0,0,1,0,1,0,0,0,0,0,0,0,0,0,0,0,0,0,1,0
95,1,4,0,0,1,0,0,3250000.0,2,1,4.0,3,0,1,0,0,2,0,0,0,0,0,0,0,1,0,0,0,0,0,0,0
125,1,30,0,0,0,0,0,1875000.0,3,1,4.0,3,0,1,0,0,1,1,0,0,0,0,0,0,0,0,0,0,0,0,0,0
269,1,16,0,1,1,0,0,6950000.0,3,1,0.0,1,0,1,0,0,2,0,0,0,0,0,0,0,1,0,0,0,0,0,0,0
175,1,0,0,1,1,0,0,6800000.0,3,1,4.0,3,0,1,0,0,1,1,0,0,0,0,0,0,0,0,0,0,0,0,0,0
145,1,11,1,1,1,1,0,4499000.0,3,1,0.5,3,0,1,0,0,2,0,0,0,0,0,0,0,0,0,0,0,0,0,1,0
130,1,5,1,1,0,0,0,4950000.0,3,1,3.0,3,0,0,0,1,1,0,0,0,0,0,0,0,0,0,0,0,0,0,0,1
125,2,28,0,1,0,0,0,3750000.0,3,1,5.0,3,2,0,0,1,2,0,0,0,0,0,0,0,0,0,0,1,0,0,0,0
160,1,6,0,1,1,0,0,2250000.0,3,1,0.0,3,0,0,1,0,2,0,0,0,0,0,0,0,0,0,0,0,0,0,1,0
196,1,11,0,1,0,1,0,5000000.0,3,1,3.0,1,0,0,0,1,2,0,0,0,0,0,0,0,0,0,0,0,0,0,0,1
135,2,7,1,0,0,0,0,2975000.0,3,1,2.0,3,0,1,0,0,2,0,0,0,0,0,0,0,0,0,0,0,0,1,0,0
90,2,0,1,0,1,0,0,3400000.0,2,1,2.0,3,0,1,0,0,1,0,0,0,0,0,0,0,0,0,0,0,0,0,0,1
160,2,4,0,0,0,0,0,5500000.0,3,1,1.0,3,0,1,0,0,1,1,0,0,0,0,0,0,0,0,0,0,0,0,0,0
170,2,3,0,1,1,0,0,4100000.0,4,1,3.0,3,2,1,0,0,1,1,0,0,0,0,0,0,0,0,0,0,0,0,0,0
135,1,6,0,0,0,0,0,3550000.0,3,1,3.0,3,0,1,0,0,1,0,0,0,0,0,0,0,0,0,0,0,0,0,0,1
135,2,0,1,1,1,0,0,5650000.0,3,1,3.0,3,0,1,0,0,1,0,0,0,0,0,0,0,0,0,0,0,0,0,1,0
100,1,31,0,0,0,0,0,2500000.0,2,1,2.0,3,0,0,0,1,2,0,0,0,0,0,0,0,0,0,0,0,0,0,1,0
95,1,0,1,1,1,0,0,2850000.0,2,1,3.0,3,2,1,0,0,2,0,0,0,0,0,0,0,1,0,0,0,0,0,0,0
130,1,25,1,1,0,1,0,4500000.0,3,1,3.0,3,0,1,0,0,1,0,0,0,0,0,0,0,0,0,0,1,0,0,0,0
130,1,11,1,1,1,0,0,3650000.0,2,1,4.0,3,0,0,0,1,1,0,0,0,0,0,0,0,0,0,0,0,0,0,1,0
195,3,6,1,0,1,1,0,7650000.0,5,2,1.0,2,0,1,0,0,2,0,0,0,0,0,0,0,0,0,0,1,0,0,0,0
55,1,0,0,0,0,1,0,1995000.0,1,1,0.5,3,0,1,0,0,1,0,0,0,0,0,0,0,0,0,1,0,0,0,0,0
100,1,0,1,1,1,0,0,3750000.0,2,1,1.0,3,0,1,0,0,2,0,0,0,0,0,0,0,0,0,0,0,0,0,1,0
180,1,25,1,1,0,1,0,4990000.0,3,1,3.0,3,0,0,0,1,1,0,0,0,0,0,0,0,0,0,0,1,0,0,0,0
115,1,25,0,1,0,1,0,3975000.0,2,1,3.0,3,0,1,0,0,1,0,0,0,0,0,0,0,0,0,0,1,0,0,0,0
100,1,31,0,1,1,0,0,5300000.0,2,1,2.0,3,0,0,0,1,2,0,0,0,0,0,0,0,0,0,0,1,0,0,0,0
155,2,28,1,1,0,0,0,5650000.0,3,1,3.0,3,0,1,0,0,2,0,0,0,0,0,0,0,0,0,0,1,0,0,0,0
132,2,1,0,1,1,1,0,4425000.0,3,1,3.0,3,0,1,0,0,2,1,0,0,0,0,0,0,0,0,0,0,0,0,0,0
120,1,7,0,1,0,0,0,2900000.0,3,1,2.0,3,0,1,0,0,2,0,0,0,0,0,0,0,0,0,0,0,0,0,1,0
190,2,5,1,1,0,0,0,4500000.0,3,1,4.0,3,0,0,0,1,1,0,1,0,0,0,0,0,0,0,0,0,0,0,0,0
109,1,40,0,0,0,0,0,1150000.0,3,1,3.0,1,0,1,0,0,2,1,0,0,0,0,0,0,0,0,0,0,0,0,0,0
115,1,25,0,1,1,1,0,4450000.0,3,1,2.0,3,0,1,0,0,1,0,0,0,0,0,0,0,0,0,0,0,0,0,0,1
128,2,0,0,1,1,0,0,6750000.0,3,1,1.0,3,0,1,0,0,1,1,0,0,0,0,0,0,0,0,0,0,0,0,0,0
95,1,5,1,0,1,0,0,3600000.0,2,1,2.0,3,0,0,0,1,2,0,0,0,0,0,0,0,0,0,0,0,0,0,0,1
129,1,11,0,1,0,1,0,4300000.0,3,1,4.0,3,0,1,0,0,2,0,0,0,0,0,0,0,0,0,0,0,0,0,1,0
130,1,30,0,0,1,0,0,3000000.0,3,1,0.0,1,0,0,1,0,2,0,0,0,0,0,0,0,1,0,0,0,0,0,0,0
110,1,11,0,1,0,0,0,3500000.0,3,1,4.0,3,0,0,1,0,1,0,0,0,0,0,0,0,0,0,0,0,0,0,1,0
300,2,3,0,1,1,1,0,4850000.0,6,1,3.0,3,0,0,1,0,1,1,0,0,0,0,0,0,0,0,0,0,0,0,0,0
270,3,1,0,0,1,0,0,4800000.0,5,1,3.0,3,2,1,0,0,1,1,0,0,0,0,0,0,0,0,0,0,0,0,0,0
125,1,26,0,1,1,0,0,3850000.0,3,1,2.0,1,0,1,0,0,1,0,0,0,0,0,0,0,1,0,0,0,0,0,0,0
125,1,30,1,1,0,0,0,3450000.0,3,1,0.5,3,0,1,0,0,2,0,0,0,0,0,0,0,0,0,0,1,0,0,0,0
190,2,26,0,0,0,1,0,2990000.0,5,1,0.0,1,0,0,1,0,2,0,0,0,0,0,0,0,0,0,0,0,0,0,1,0
435,1,34,0,1,0,0,0,3400000.0,3,1,0.0,1,0,1,0,0,2,0,0,0,0,0,0,0,0,0,0,0,0,0,0,1
80,1,4,1,1,0,0,0,3350000.0,2,1,0.5,3,0,1,0,0,1,0,0,0,0,0,0,0,0,0,0,0,0,0,0,1
145,1,30,0,0,0,0,0,3550000.0,3,1,1.0,3,0,0,0,1,2,0,0,0,0,0,0,0,1,0,0,0,0,0,0,0
120,1,30,0,0,0,1,0,4800000.0,3,1,2.0,3,0,1,0,0,1,0,0,0,0,0,0,0,0,0,0,1,0,0,0,0
130,1,25,1,1,1,1,0,4800000.0,3,1,3.0,3,0,1,0,0,1,0,0,0,0,0,0,0,0,0,0,0,0,0,0,1
185,1,0,1,1,0,1,0,5549000.0,5,1,5.0,3,0,1,0,0,1,0,0,0,0,0,0,0,0,0,1,0,0,0,0,0
125,2,5,0,1,1,0,0,3950000.0,3,1,0.5,3,0,1,0,0,1,0,0,0,0,0,0,0,0,0,0,0,0,0,1,0
135,2,0,1,0,0,0,0,5500000.0,3,1,5.0,3,2,1,0,0,2,0,0,0,0,0,0,0,0,0,0,0,0,0,1,0
120,1,35,0,0,0,1,0,1950000.0,3,1,4.0,3,0,1,0,0,1,1,0,0,0,0,0,0,0,0,0,0,0,0,0,0
100,1,16,0,0,0,1,0,1900000.0,1,1,4.0,3,0,0,1,0,2,0,0,0,0,0,0,0,0,0,0,0,0,0,1,0
135,1,15,0,1,1,0,0,3300000.0,3,1,4.0,3,0,0,1,0,1,1,0,0,0,0,0,0,0,0,0,0,0,0,0,0
140,1,15,0,0,0,0,1,6500000.0,4,1,3.0,1,0,1,0,0,2,0,0,0,0,0,0,0,0,0,1,0,0,0,0,0
145,1,30,0,0,0,0,0,3000000.0,3,0,0.5,1,0,0,1,0,2,1,0,0,0,0,0,0,0,0,0,0,0,0,0,0
150,1,25,1,1,0,1,0,3150000.0,3,1,-1.0,3,0,0,0,1,2,0,0,0,0,0,0,0,1,0,0,0,0,0,0,0
99,1,2,0,1,1,0,0,3850000.0,2,1,3.0,3,0,1,0,0,2,0,0,0,0,0,0,0,0,0,0,0,0,0,0,1
55,1,5,0,1,0,0,1,2600000.0,1,1,2.0,3,0,1,0,0,2,0,0,0,0,0,0,0,0,0,0,0,0,0,0,1
285,1,40,0,0,0,0,0,40000.0,3,1,3.0,1,0,1,0,0,2,0,0,0,0,0,0,0,1,0,0,0,0,0,0,0
90,1,6,0,1,0,0,0,2600000.0,2,1,3.0,3,0,0,1,0,1,0,0,0,0,0,0,0,0,0,1,0,0,0,0,0
110,1,15,0,0,1,0,1,3200000.0,2,1,2.0,3,0,1,0,0,1,1,0,0,0,0,0,0,0,0,0,0,0,0,0,0
135,1,6,0,0,0,0,0,2350000.0,3,1,3.0,3,0,1,0,0,1,1,0,0,0,0,0,0,0,0,0,0,0,0,0,0
275,2,1,0,1,1,1,0,4000000.0,4,1,3.0,3,0,1,0,0,1,1,0,0,0,0,0,0,0,0,0,0,0,0,0,0
300,1,15,0,0,0,0,0,3050000.0,2,1,3.0,1,0,1,0,0,0,0,0,0,0,0,0,0,0,0,0,1,0,0,0,0
125,1,22,1,1,1,1,0,4750000.0,3,1,3.0,3,0,1,0,0,1,0,0,0,0,0,0,0,0,0,0,0,0,0,0,1
155,1,30,0,0,0,0,0,6300000.0,3,1,3.0,1,0,0,1,0,1,0,0,0,0,0,0,0,0,0,0,0,0,0,1,0
130,1,0,1,1,1,0,0,3900000.0,3,1,2.0,3,0,1,0,0,1,0,0,0,0,0,0,0,0,0,0,0,0,0,1,0
130,1,25,1,1,0,1,0,4500000.0,3,1,3.0,3,0,1,0,0,1,0,0,0,0,0,0,0,0,0,0,1,0,0,0,0
120,1,26,0,0,0,0,0,2250000.0,3,1,2.0,3,0,1,0,0,2,0,0,0,0,0,0,0,0,0,0,0,0,0,1,0
150,1,21,0,0,0,0,0,3860000.0,3,1,2.0,3,0,1,0,0,2,0,0,0,0,0,0,0,0,0,0,0,0,0,1,0
120,1,20,0,0,0,1,0,3350000.0,2,1,3.0,2,0,0,0,1,2,0,0,0,0,0,0,0,1,0,0,0,0,0,0,0
100,1,18,0,0,1,0,0,3750000.0,2,1,0.5,3,0,0,0,1,1,0,0,0,0,0,0,0,0,0,0,0,0,0,0,1
135,1,16,1,0,0,0,0,6450000.0,3,1,5.0,3,0,0,0,1,2,0,0,0,0,0,0,0,0,0,0,0,0,0,0,1
170,2,1,0,1,1,1,0,5500000.0,3,1,1.0,3,0,1,0,0,2,0,0,0,0,0,0,0,0,0,0,0,0,0,1,0
110,1,0,0,1,1,0,0,3750000.0,2,1,4.0,3,0,1,0,0,2,0,0,0,0,0,0,0,0,0,0,0,0,0,1,0
125,1,16,1,1,0,0,0,3900000.0,3,1,2.0,3,0,1,0,0,2,0,0,0,0,0,0,0,0,0,0,0,0,0,0,1
95,1,21,0,0,0,0,0,1620000.0,2,1,5.0,1,0,1,0,0,2,0,0,0,0,0,0,0,0,0,0,0,0,0,1,0
95,1,6,0,1,0,0,0,3100000.0,2,1,3.0,3,0,1,0,0,1,0,0,0,0,0,0,0,0,0,0,0,0,0,0,1
85,1,0,0,1,1,1,0,3250000.0,2,1,3.0,3,2,1,0,0,1,0,0,0,0,0,0,0,0,0,0,0,0,0,0,1
116,1,0,0,1,1,0,0,3900000.0,2,1,4.0,3,2,1,0,0,1,0,0,0,0,0,0,0,0,0,1,0,0,0,0,0
140,1,10,1,1,1,1,0,3650000.0,3,1,2.0,3,0,0,0,1,2,0,0,0,0,0,0,0,1,0,0,0,0,0,0,0
295,3,14,1,1,1,1,0,3750000.0,4,1,4.0,3,0,0,0,1,2,1,0,0,0,0,0,0,0,0,0,0,0,0,0,0
140,2,6,1,1,1,1,0,3850000.0,3,1,6.0,3,0,0,0,1,1,1,0,0,0,0,0,0,0,0,0,0,0,0,0,0
306,1,35,0,0,0,0,1,3500000.0,2,1,3.0,0,0,0,0,1,2,0,0,0,0,0,0,0,0,0,0,0,0,0,0,1
85,1,25,1,0,0,0,0,3950000.0,2,1,2.0,3,0,0,0,1,1,0,0,0,0,0,0,0,0,0,0,1,0,0,0,0
57,1,0,0,0,0,1,0,3750000.0,1,1,2.0,3,0,1,0,0,1,0,0,0,0,0,0,0,0,0,0,0,0,0,0,1
300,2,3,0,1,1,1,0,4850000.0,6,1,3.0,3,0,0,1,0,1,1,0,0,0,0,0,0,0,0,0,0,0,0,0,0
125,1,6,0,1,1,0,0,3350000.0,3,1,4.0,3,0,0,0,1,2,0,0,0,0,0,0,0,0,0,0,0,0,0,1,0
160,2,0,1,1,1,1,0,4750000.0,3,1,2.0,2,0,1,0,0,2,0,0,0,0,0,0,0,0,0,0,0,0,0,1,0
115,1,38,1,1,1,1,0,3590000.0,3,1,5.0,3,0,1,0,0,1,0,0,0,0,0,0,0,0,0,0,1,0,0,0,0
99,1,23,1,1,0,0,0,2575000.0,2,1,2.0,3,0,1,0,0,2,0,0,0,0,0,0,0,1,0,0,0,0,0,0,0
125,1,21,1,1,1,1,0,4275000.0,3,1,1.0,3,0,1,0,0,1,0,0,0,0,0,0,0,0,0,0,0,0,0,0,1
91,1,5,1,0,1,1,0,3750000.0,2,1,2.0,3,0,1,0,0,1,0,0,0,0,0,0,0,0,0,0,0,0,0,0,1
80,1,2,1,1,1,1,0,5800000.0,2,1,0.5,3,0,0,1,0,1,0,0,0,0,0,0,0,0,0,0,0,0,0,0,1
220,2,11,0,1,1,0,0,4250000.0,4,1,2.0,3,0,0,0,1,2,0,0,0,0,0,0,0,1,0,0,0,0,0,0,0
135,2,0,0,1,1,0,0,3150000.0,2,1,2.0,3,0,1,0,0,1,1,0,0,0,0,0,0,0,0,0,0,0,0,0,0
125,2,0,1,0,1,0,0,6550000.0,3,1,0.5,3,0,1,0,0,2,0,0,0,0,0,0,0,0,0,0,0,0,0,0,1
90,1,16,0,0,0,0,0,3200000.0,2,1,0.5,3,0,0,0,1,1,0,0,0,0,0,0,0,0,0,0,0,0,0,0,1
86,1,0,1,0,1,1,0,3800000.0,2,1,1.0,3,2,1,0,0,1,0,0,0,0,0,0,0,0,0,0,0,0,0,1,0
90,1,11,0,0,0,0,0,3180000.0,2,1,2.0,3,0,1,0,0,2,0,0,0,0,0,0,0,0,0,0,0,0,0,0,1
120,1,4,1,0,0,0,0,3800000.0,2,1,10.0,2,0,0,1,0,1,0,0,0,0,0,0,0,0,0,0,0,0,0,1,0
350,3,14,0,0,0,1,0,6500000.0,7,0,0.0,1,0,1,0,0,2,0,0,0,0,0,0,0,0,0,0,0,0,0,0,0
90,1,23,1,1,0,1,0,3740000.0,2,1,3.0,3,0,0,0,1,1,0,0,0,0,0,0,0,0,0,0,0,0,0,0,1
126,2,0,0,0,0,0,0,4500000.0,3,1,0.5,3,0,1,0,0,1,0,1,0,0,0,0,0,0,0,0,0,0,0,0,0
137,1,25,0,0,0,0,0,1800000.0,3,1,5.0,3,0,1,0,0,1,1,0,0,0,0,0,0,0,0,0,0,0,0,0,0
78,1,0,0,0,0,1,0,3449000.0,1,1,1.0,3,0,1,0,0,2,0,0,0,0,0,0,0,0,0,0,0,0,0,1,0
160,2,13,1,1,0,0,0,4990000.0,4,1,5.0,3,0,1,0,0,2,0,0,0,0,0,0,0,0,0,0,1,0,0,0,0
60,1,0,0,0,0,0,0,2250000.0,2,1,0.5,3,0,1,0,0,1,0,0,0,0,0,0,0,0,0,1,0,0,0,0,0
90,1,6,0,0,0,1,0,1950000.0,2,1,0.0,0,0,1,0,0,1,0,0,0,0,0,0,0,0,0,0,0,0,0,1,0
140,1,35,0,1,0,0,0,2800000.0,3,1,5.0,1,0,1,0,0,2,0,0,0,0,0,0,0,1,0,0,0,0,0,0,0
85,1,6,0,1,0,0,0,1440000.0,2,1,4.0,3,0,1,0,0,1,0,0,0,0,0,0,0,0,0,0,0,0,0,1,0
116,1,0,1,1,0,0,0,4750000.0,3,1,4.0,3,0,1,0,0,2,0,0,0,0,0,0,0,0,0,0,0,0,0,1,0
145,1,12,1,1,1,1,0,6300000.0,3,1,6.0,3,0,1,0,0,1,0,0,0,0,0,0,0,0,0,0,1,0,0,0,0
140,1,5,0,1,1,0,0,5200000.0,3,1,3.0,3,0,1,0,0,2,0,0,0,0,0,0,0,1,0,0,0,0,0,0,0
120,2,16,0,1,0,0,0,2700000.0,2,1,0.5,3,0,1,0,0,0,1,0,0,0,0,0,0,0,0,0,0,0,0,0,0
110,1,25,0,1,0,0,0,3500000.0,3,1,2.0,3,0,0,1,0,1,0,0,0,0,0,0,0,0,0,0,1,0,0,0,0
85,1,25,1,1,0,0,0,2849000.0,2,1,2.0,3,0,0,0,1,2,0,0,0,0,0,0,0,0,0,0,1,0,0,0,0
50,1,0,1,1,1,0,0,2750000.0,1,1,2.0,3,2,1,0,0,1,0,0,0,0,0,0,0,0,0,0,0,0,0,0,1
40,1,0,1,1,0,1,0,3350000.0,1,1,4.0,3,0,1,0,0,2,0,0,0,0,0,0,0,0,0,0,1,0,0,0,0
140,1,4,0,1,1,1,0,3450000.0,3,1,2.0,3,0,0,1,0,1,1,0,0,0,0,0,0,0,0,0,0,0,0,0,0
140,1,26,0,0,0,0,0,2350000.0,3,1,4.0,3,0,0,0,1,1,1,0,0,0,0,0,0,0,0,0,0,0,0,0,0
135,1,16,1,0,0,0,0,4000000.0,3,1,4.0,3,0,0,1,0,2,0,0,0,0,0,0,0,0,0,0,0,0,0,1,0
110,1,21,1,1,0,0,0,3150000.0,2,1,0.0,3,0,1,0,0,1,0,0,0,0,0,0,0,0,0,0,0,0,0,0,1
220,2,1,0,1,1,0,0,4500000.0,4,1,5.0,3,0,0,0,1,2,0,0,0,0,0,0,0,0,0,0,0,0,0,0,1
170,2,0,1,1,1,0,0,4600000.0,3,1,3.0,2,0,1,0,0,1,0,0,0,0,0,0,0,0,0,0,0,0,0,1,0
116,1,30,0,0,1,0,0,1375000.0,2,1,3.0,1,0,1,0,0,2,0,0,0,0,0,0,0,0,0,0,0,0,1,0,0
155,2,0,1,1,1,1,0,6000000.0,3,1,6.0,3,0,1,0,0,1,0,0,0,0,0,0,0,0,0,0,0,0,0,1,0
120,1,16,1,1,0,0,0,4250000.0,3,1,5.0,3,0,0,0,1,1,0,0,0,0,0,0,0,0,0,0,1,0,0,0,0
132,1,11,0,0,0,0,0,2475000.0,2,1,1.0,3,0,1,0,0,2,0,0,0,0,0,0,0,0,0,0,0,0,0,1,0
135,1,21,0,0,0,1,0,2395000.0,3,1,1.0,0,0,1,0,0,2,0,0,0,0,0,0,0,0,0,0,0,0,0,1,0
112,1,21,1,0,0,1,0,1750000.0,3,1,5.0,1,0,1,0,0,2,0,0,0,0,0,0,0,0,0,0,0,0,0,1,0
95,1,6,1,1,1,0,0,6650000.0,3,1,2.0,3,0,1,0,0,2,0,0,0,0,0,0,0,0,0,0,0,0,0,0,1
125,1,0,0,1,1,0,0,3850000.0,3,1,4.0,3,0,1,0,0,2,0,0,0,0,0,0,0,0,0,0,0,0,0,1,0
135,2,0,0,1,1,0,0,6500000.0,3,1,2.0,3,0,1,0,0,2,0,0,0,0,0,0,0,0,0,0,0,0,0,1,0
200,1,35,0,1,1,1,0,5500000.0,3,1,2.0,3,0,0,0,1,1,0,0,0,0,0,0,0,0,0,0,1,0,0,0,0
240,2,25,1,0,0,0,0,2500000.0,5,1,1.0,0,0,1,0,0,2,0,0,0,0,0,0,0,1,0,0,0,0,0,0,0
55,1,1,1,0,1,0,1,3600000.0,1,1,2.0,3,0,1,0,0,1,0,0,0,0,0,0,0,0,0,0,0,0,0,0,1
140,1,15,1,1,1,0,0,4300000.0,3,1,3.0,3,0,0,1,0,2,0,0,0,0,0,0,0,0,0,0,1,0,0,0,0
115,1,31,0,0,0,0,0,4600000.0,2,1,0.5,3,0,0,1,0,2,0,0,0,0,0,0,0,0,0,0,0,0,0,0,1
100,1,30,0,1,0,1,0,2550000.0,2,1,5.0,3,0,1,0,0,1,0,0,0,0,0,0,0,0,0,0,1,0,0,0,0
94,2,4,0,1,0,0,0,6200000.0,2,1,2.0,3,0,0,0,1,1,0,0,0,0,0,0,0,0,0,0,0,0,0,0,1
130,1,6,1,0,0,1,0,3500000.0,2,1,4.0,3,0,1,0,0,2,0,0,0,0,0,0,0,0,0,0,0,0,0,1,0
170,1,11,0,0,1,1,0,3900000.0,3,1,0.0,3,0,0,0,1,2,0,0,0,0,0,0,0,0,0,0,1,0,0,0,0
85,1,6,0,1,0,0,0,2400000.0,2,1,4.0,3,0,1,0,0,2,0,0,0,0,0,0,0,1,0,0,0,0,0,0,0
105,1,31,1,1,0,0,0,3200000.0,3,1,4.0,3,0,1,0,0,1,0,0,0,0,0,0,0,0,0,0,1,0,0,0,0
165,2,11,0,1,0,1,0,5000000.0,4,1,2.0,3,0,0,0,1,1,1,0,0,0,0,0,0,0,0,0,0,0,0,0,0
175,1,13,0,0,0,0,0,4920000.0,3,1,2.0,3,0,1,0,0,2,0,0,0,0,0,0,0,0,0,0,0,0,0,1,0
130,1,15,1,1,0,1,0,3550000.0,3,1,5.0,3,0,1,0,0,2,0,0,0,0,0,0,0,0,0,0,1,0,0,0,0
140,1,21,0,0,0,1,0,2450000.0,3,1,3.0,0,0,1,0,0,2,0,0,0,0,0,0,0,0,0,0,0,0,0,1,0
115,1,4,0,1,1,0,0,3250000.0,2,1,5.0,3,0,1,0,0,1,1,0,0,0,0,0,0,0,0,0,0,0,0,0,0
140,1,0,0,1,1,0,0,4350000.0,3,1,3.0,3,0,1,0,0,2,0,0,0,0,0,0,0,0,0,0,0,0,0,1,0
125,1,0,0,1,0,0,0,5600000.0,3,1,2.0,3,0,1,0,0,2,0,0,0,0,0,0,0,0,0,0,0,0,0,1,0
105,1,25,0,0,0,0,0,4500000.0,2,1,3.0,1,0,1,0,0,0,0,0,0,0,0,0,0,1,0,0,0,0,0,0,0
258,2,35,0,0,0,1,0,1750000.0,4,1,3.0,1,0,1,0,0,2,1,0,0,0,0,0,0,0,0,0,0,0,0,0,0
80,1,25,0,0,1,1,0,3675000.0,2,1,0.5,3,0,1,0,0,1,0,0,0,0,0,0,0,0,0,0,0,0,0,0,1
190,2,0,0,0,0,0,0,5600000.0,3,1,4.0,3,0,1,0,0,1,1,0,0,0,0,0,0,0,0,0,0,0,0,0,0
50,1,0,0,1,0,0,0,3200000.0,1,1,2.0,3,0,1,0,0,1,0,0,0,0,0,0,0,0,0,0,0,0,0,0,1
95,1,11,0,1,0,1,0,2650000.0,2,1,1.0,3,0,1,0,0,2,0,0,0,0,0,0,0,0,0,0,0,0,0,1,0
95,2,2,1,1,0,0,0,3700000.0,2,1,2.0,3,0,0,0,1,2,0,0,0,0,0,0,0,0,0,0,0,0,0,1,0
130,1,31,1,0,1,0,0,3100000.0,3,1,5.0,3,0,0,0,1,1,0,0,0,0,0,0,0,0,0,0,0,0,0,1,0
160,1,13,0,0,0,0,0,3100000.0,3,1,2.0,3,0,0,1,0,2,0,0,0,0,0,0,0,0,0,0,0,0,0,1,0
250,2,6,1,0,0,0,0,5450000.0,5,1,5.0,3,0,1,0,0,1,0,0,0,0,0,0,0,0,0,0,0,0,0,0,1
130,1,21,1,1,1,0,0,4200000.0,3,1,3.0,3,0,1,0,0,1,0,0,0,0,0,0,0,0,0,0,0,0,0,0,1
100,1,0,1,0,1,1,0,2750000.0,2,1,0.0,3,0,1,0,0,1,0,0,0,0,0,0,0,0,0,0,0,0,0,1,0
240,2,6,0,1,0,1,0,4250000.0,4,1,3.0,3,0,1,0,0,2,0,0,0,0,0,0,0,0,0,0,0,0,0,0,1
65,1,10,1,1,1,0,0,3725000.0,1,1,2.0,3,0,1,0,0,1,0,0,0,0,0,0,0,0,0,0,0,0,0,0,1
280,3,0,0,1,1,1,0,7500000.0,5,1,3.0,3,0,1,0,0,2,1,0,0,0,0,0,0,0,0,0,0,0,0,0,0
105,1,26,0,1,0,1,0,3790000.0,2,1,6.0,3,0,1,0,0,2,0,0,0,0,0,0,0,0,0,0,0,0,0,0,1
135,1,6,0,0,0,0,0,4125000.0,3,1,3.0,3,0,1,0,0,1,0,0,0,0,0,0,0,0,0,0,0,0,0,0,1
325,3,20,1,0,0,1,0,5350000.0,4,1,3.0,2,0,0,0,1,2,0,0,0,0,0,0,0,1,0,0,0,0,0,0,0
150,1,27,0,0,0,1,0,3700000.0,3,1,4.0,3,0,1,0,0,1,0,0,0,0,0,0,0,0,0,0,0,0,0,1,0
145,2,0,0,1,1,0,0,4150000.0,3,1,7.0,3,0,1,0,0,1,1,0,0,0,0,0,0,0,0,0,0,0,0,0,0
84,1,4,0,0,1,0,0,3100000.0,2,1,2.0,3,0,1,0,0,2,0,0,0,0,0,0,0,0,0,0,0,0,0,0,1
115,1,6,0,1,0,0,0,3100000.0,2,1,3.0,3,0,1,0,0,1,0,0,0,0,0,0,0,0,0,1,0,0,0,0,0
90,1,30,0,0,0,1,0,1275000.0,2,0,3.0,1,0,1,0,0,2,0,0,0,0,0,0,0,0,0,0,1,0,0,0,0
160,1,26,0,1,0,0,0,4000000.0,3,1,2.0,3,0,0,1,0,2,0,0,0,0,0,0,0,0,0,0,1,0,0,0,0
88,1,7,0,0,1,0,0,3200000.0,2,1,0.0,1,0,0,0,1,1,0,0,0,0,0,0,0,1,0,0,0,0,0,0,0
135,2,0,0,1,1,0,0,5750000.0,3,1,1.0,3,0,1,0,0,1,1,0,0,0,0,0,0,0,0,0,0,0,0,0,0
95,1,8,1,1,0,0,0,3350000.0,2,1,5.0,3,0,1,0,0,2,0,0,0,0,0,0,0,0,0,0,0,0,0,0,1
140,1,25,1,0,0,0,0,3550000.0,3,1,0.5,3,0,1,0,0,2,0,0,0,0,0,0,0,0,0,0,1,0,0,0,0
135,1,6,0,0,0,0,0,4550000.0,3,1,3.0,3,0,1,0,0,1,0,0,0,0,0,0,0,0,0,0,0,0,0,0,1
125,1,3,0,1,1,0,0,4700000.0,3,1,4.0,3,0,1,0,0,2,0,0,0,0,0,0,0,0,0,0,0,0,0,1,0
100,1,27,0,1,0,1,0,5200000.0,2,1,6.0,3,0,1,0,0,1,0,0,0,0,0,0,0,0,0,0,0,0,0,0,1
220,2,5,1,1,1,0,0,4950000.0,2,2,4.0,3,0,0,0,1,1,1,0,0,0,0,0,0,0,0,0,0,0,0,0,0
60,1,3,1,1,1,1,0,3300000.0,1,1,0.5,3,0,1,0,0,2,0,0,0,0,0,0,0,0,0,0,0,0,0,0,1
250,1,31,0,0,0,0,0,2950000.0,3,1,0.0,1,0,1,0,0,2,0,0,0,0,0,0,0,0,0,0,0,0,0,0,0
150,1,13,1,1,1,0,0,5950000.0,3,1,5.0,3,0,1,0,0,2,0,0,0,0,0,0,0,0,0,0,0,0,0,1,0
130,1,0,0,0,0,1,0,4200000.0,3,1,2.0,3,0,1,0,0,2,1,0,0,0,0,0,0,0,0,0,0,0,0,0,0
165,2,2,1,0,1,1,0,7650000.0,3,1,5.0,3,0,1,0,0,1,0,0,0,0,0,0,0,0,0,0,0,0,0,1,0
130,1,0,0,0,0,1,0,4999999.0,3,1,2.0,3,0,1,0,0,1,0,0,0,0,0,0,0,0,0,0,0,0,0,0,1
130,1,0,1,0,0,0,0,3870000.0,3,1,1.0,3,0,1,0,0,2,1,0,0,0,0,0,0,0,0,0,0,0,0,0,0
250,2,21,0,0,0,1,0,5500000.0,5,2,5.0,3,0,0,0,1,2,0,0,0,0,0,0,0,0,0,0,1,0,0,0,0
145,2,11,0,0,1,0,0,4000000.0,3,1,1.0,3,0,0,0,1,2,1,0,0,0,0,0,0,0,0,0,0,0,0,0,0
145,1,25,0,1,0,0,0,2700000.0,3,1,2.0,3,0,1,0,0,1,0,0,0,0,0,0,0,1,0,0,0,0,0,0,0
80,1,1,0,0,0,1,0,350000.0,2,1,3.0,0,0,1,0,0,2,0,0,1,0,0,0,0,0,0,0,0,0,0,0,0
260,2,11,0,1,0,0,0,6400000.0,5,2,4.0,3,0,0,0,1,1,0,0,0,0,0,0,0,0,0,0,0,0,0,0,1
145,1,6,0,1,1,0,0,4400000.0,3,1,4.0,3,0,0,1,0,1,0,0,0,0,0,0,0,0,0,0,0,0,0,0,1
110,1,0,0,1,1,1,0,3250000.0,2,1,2.0,3,0,1,0,0,1,0,0,0,0,0,0,0,0,0,1,0,0,0,0,0
200,2,5,0,0,1,0,0,6300000.0,4,1,4.0,1,0,0,0,1,2,0,0,0,0,0,0,0,0,0,0,0,0,0,0,1
136,2,4,1,1,0,1,0,5650000.0,3,1,1.0,3,0,0,1,0,1,0,0,0,0,0,0,0,0,0,0,0,0,0,0,1
110,2,11,1,1,1,0,0,5750000.0,2,1,3.0,3,0,0,1,0,2,0,0,0,0,0,0,0,0,0,0,0,0,0,0,1
265,1,20,0,1,1,0,0,4150000.0,3,1,0.5,3,0,0,0,1,1,0,0,0,0,0,0,0,0,0,0,0,0,0,1,0
54,1,2,0,1,0,0,1,2350000.0,1,1,-3.0,1,0,1,0,0,1,0,0,0,0,0,0,0,1,0,0,0,0,0,0,0
120,1,20,0,0,0,0,1,3200000.0,2,1,5.0,3,0,1,0,0,1,0,0,0,0,0,0,0,0,0,0,0,0,0,1,0
160,1,26,1,1,0,0,0,6350000.0,3,1,2.0,3,0,1,0,0,1,0,0,0,0,0,0,0,0,0,0,0,0,0,0,1
50,1,2,0,0,0,0,0,2500000.0,1,1,0.5,3,0,1,0,0,2,0,0,0,0,0,0,0,0,0,0,0,0,0,0,1
120,1,16,1,1,1,0,0,3400000.0,3,1,3.0,3,0,1,0,0,2,0,0,0,0,0,0,0,0,0,0,0,0,0,0,1
140,1,12,1,1,0,0,0,6970000.0,3,1,3.0,3,0,1,0,0,2,0,0,0,0,0,0,0,0,0,0,0,0,0,0,1
70,1,8,0,1,0,0,1,2500000.0,2,1,2.0,3,0,1,0,0,1,0,0,0,0,0,0,0,0,0,0,0,0,0,1,0
80,1,6,0,0,0,0,0,1625000.0,2,1,3.0,3,0,0,0,1,2,0,0,0,0,0,0,0,0,0,0,0,0,0,1,0
130,2,28,1,1,0,1,0,4950000.0,3,1,3.0,3,0,1,0,0,1,0,0,0,0,0,0,0,0,0,0,1,0,0,0,0
170,2,7,0,1,1,0,1,5400000.0,3,1,5.0,3,0,0,0,1,2,0,0,0,0,0,0,0,1,0,0,0,0,0,0,0
130,2,0,0,1,1,0,0,4000000.0,3,1,2.0,3,2,1,0,0,1,1,0,0,0,0,0,0,0,0,0,0,0,0,0,0
80,1,8,0,0,0,1,0,1650000.0,2,1,3.0,3,0,0,0,1,2,0,0,0,0,0,0,0,0,0,0,0,0,0,1,0
200,2,8,1,0,0,0,0,5250000.0,4,1,4.0,3,0,0,0,1,1,0,0,0,0,0,0,0,0,0,1,0,0,0,0,0
165,2,0,0,0,0,1,0,4100000.0,3,1,7.0,3,0,1,0,0,1,1,0,0,0,0,0,0,0,0,0,0,0,0,0,0
60,1,0,0,1,1,1,0,3250000.0,1,1,5.0,3,0,1,0,0,1,0,0,0,0,0,0,0,0,0,0,0,0,0,0,1
130,1,16,1,1,0,1,0,3550000.0,3,1,0.5,3,0,1,0,0,1,0,0,0,0,0,0,0,0,0,0,0,0,0,0,1
95,1,0,0,0,0,1,0,3450000.0,2,1,2.0,3,0,1,0,0,1,0,0,0,0,0,0,0,0,0,0,0,0,0,0,1
95,1,5,0,1,1,0,0,3495000.0,2,1,5.0,3,0,0,1,0,2,0,0,0,0,0,0,0,1,0,0,0,0,0,0,0
75,1,5,0,0,0,0,0,2850000.0,2,1,0.5,3,0,0,0,1,1,0,0,0,0,0,0,0,0,0,0,0,0,0,0,1
95,1,0,0,0,0,1,0,3250000.0,2,1,3.0,3,0,1,0,0,1,0,0,0,0,0,0,0,0,0,1,0,0,0,0,0
210,2,5,0,0,0,0,0,7650000.0,5,2,6.0,3,0,0,0,1,1,0,0,0,0,0,0,0,0,0,0,0,0,0,0,1
100,1,11,0,0,0,1,0,3900000.0,3,1,0.5,3,0,0,0,1,1,0,0,0,0,0,0,0,0,0,0,0,0,0,0,1
96,1,0,1,1,0,1,0,3800000.0,2,1,2.0,3,0,1,0,0,1,0,0,0,0,0,0,0,0,0,0,0,0,0,0,1
115,1,26,0,0,0,0,0,1675000.0,3,1,4.0,3,0,1,0,0,1,1,0,0,0,0,0,0,0,0,0,0,0,0,0,0
95,1,1,0,1,1,0,0,3900000.0,2,1,0.5,2,0,1,0,0,2,0,0,0,0,0,0,0,0,0,0,0,0,0,0,1
110,1,0,0,1,0,1,0,3600000.0,3,1,0.5,3,2,1,0,0,1,0,0,0,0,0,0,0,0,0,0,0,0,0,0,1
95,1,0,0,0,0,0,0,3650000.0,2,1,1.0,3,1,1,0,0,2,1,0,0,0,0,0,0,0,0,0,0,0,0,0,0
45,1,28,0,0,0,0,0,2900000.0,1,0,0.0,1,0,1,0,0,2,0,0,0,0,0,0,0,0,0,0,0,0,0,1,0
175,2,5,1,1,1,0,0,5100000.0,1,1,5.0,1,0,0,0,1,1,0,0,0,0,0,0,0,1,0,0,0,0,0,0,0
450,1,10,0,0,0,0,0,5300000.0,4,1,3.0,1,2,1,0,0,1,0,1,0,0,0,0,0,0,0,0,0,0,0,0,0
160,2,5,0,0,1,0,0,4200000.0,3,1,0.5,3,0,1,0,0,1,0,0,0,0,0,0,0,0,0,0,0,0,0,0,1
70,1,0,0,1,1,0,0,3795000.0,1,1,6.0,3,2,1,0,0,1,0,0,0,0,0,0,0,0,0,0,0,0,0,0,1
110,1,31,0,0,0,1,0,2090000.0,2,1,4.0,1,0,1,0,0,2,0,1,0,0,0,0,0,0,0,0,0,0,0,0,0
125,1,16,0,1,1,0,0,4750000.0,3,1,2.0,3,0,1,0,0,1,0,0,0,0,0,0,0,0,0,0,0,0,0,0,1
120,1,1,0,0,0,0,0,3100000.0,3,1,0.0,3,0,1,0,0,2,0,0,0,0,0,0,0,0,0,0,0,0,0,1,0
100,1,0,0,0,0,0,0,3100000.0,2,1,3.0,3,0,1,0,0,1,0,0,0,0,0,0,0,0,0,1,0,0,0,0,0
200,2,21,0,0,1,1,0,5500000.0,3,1,1.0,3,0,0,0,1,1,0,0,0,0,0,0,0,0,0,0,1,0,0,0,0
200,1,16,0,0,1,0,0,3750000.0,2,1,0.0,1,0,1,0,0,2,0,0,0,0,0,0,0,0,0,0,0,0,0,0,1
140,1,11,1,0,0,0,0,3900000.0,3,1,2.0,3,0,1,0,0,1,1,0,0,0,0,0,0,0,0,0,0,0,0,0,0
50,1,4,0,0,0,1,1,2270000.0,1,1,0.5,3,0,0,1,0,1,0,0,0,0,0,0,0,0,0,0,0,0,0,0,1
165,1,26,0,1,0,1,0,3725000.0,3,1,5.0,3,0,0,1,0,2,0,0,0,0,0,0,0,0,0,0,1,0,0,0,0
110,1,16,0,0,0,0,0,2450000.0,3,0,4.0,3,0,0,0,1,1,0,0,0,0,0,0,0,0,0,0,0,0,0,1,0
135,1,6,0,0,0,0,0,2250000.0,3,1,3.0,3,0,1,0,0,1,0,0,0,0,0,0,0,0,0,1,0,0,0,0,0
125,1,15,1,0,0,1,0,3300000.0,3,1,5.0,3,0,0,0,1,1,0,0,0,0,0,0,0,0,0,0,0,0,0,1,0
135,1,26,0,1,1,1,0,4000000.0,3,1,4.0,3,0,0,0,1,1,0,0,0,0,0,0,0,0,0,0,0,0,0,0,1
110,1,25,0,1,1,1,0,3650000.0,2,1,5.0,3,0,1,0,0,2,0,0,0,0,0,0,0,0,0,0,0,0,0,0,1
120,1,35,1,1,0,0,0,4950000.0,3,1,1.0,3,0,1,0,0,1,0,0,0,0,0,0,0,0,0,0,1,0,0,0,0
136,1,0,0,0,1,1,0,3350000.0,3,1,7.0,3,0,1,0,0,1,0,0,0,0,0,0,0,0,0,0,0,0,0,0,0
135,1,25,0,1,0,0,0,3800000.0,3,1,3.0,3,0,1,0,0,1,0,0,0,0,0,0,0,0,0,0,1,0,0,0,0
350,3,6,0,0,1,0,0,7550000.0,5,1,0.0,3,0,1,0,0,2,1,0,0,0,0,0,0,0,0,0,0,0,0,0,0
140,1,5,0,1,1,0,0,2375000.0,2,1,2.0,3,0,1,0,0,2,1,0,0,0,0,0,0,0,0,0,0,0,0,0,0
120,1,16,1,1,1,0,0,3000000.0,3,1,5.0,3,0,1,0,0,2,0,0,0,0,0,0,0,0,0,0,0,0,0,0,1
100,1,4,0,1,0,1,0,4450000.0,2,1,0.0,3,0,0,1,0,1,0,0,0,0,0,0,0,0,0,0,0,0,0,0,1
95,2,0,0,1,0,0,0,4000000.0,2,1,1.0,3,2,1,0,0,1,1,0,0,0,0,0,0,0,0,0,0,0,0,0,0
170,2,2,1,0,0,0,0,3950000.0,4,1,3.0,3,0,0,0,1,1,1,0,0,0,0,0,0,0,0,0,0,0,0,0,0
105,1,11,0,0,0,0,0,3000000.0,2,1,0.0,3,0,0,0,1,1,1,0,0,0,0,0,0,0,0,0,0,0,0,0,0
125,1,0,1,1,0,0,0,3799000.0,3,1,-1.0,3,0,1,0,0,2,0,0,0,0,0,0,0,0,0,0,0,0,0,0,1
50,1,6,0,1,0,0,0,2350000.0,1,1,2.0,3,0,1,0,0,1,0,0,0,0,0,0,0,0,0,0,0,0,0,0,1
145,2,2,0,0,0,0,0,5650000.0,4,1,4.0,3,0,1,0,0,1,0,0,0,0,0,0,0,0,0,0,0,0,0,0,1
205,1,0,0,1,0,0,0,5750000.0,5,1,5.0,3,0,1,0,0,1,0,0,0,0,0,0,0,0,0,1,0,0,0,0,0
165,2,4,0,0,0,0,0,4800000.0,4,1,3.0,3,0,1,0,0,1,0,0,0,0,0,0,0,0,0,0,0,0,0,0,1
115,1,16,0,1,0,0,0,4250000.0,2,1,2.0,3,0,0,0,1,2,0,0,0,0,0,0,0,0,0,0,0,0,0,0,1
85,1,0,1,1,1,0,0,3250000.0,2,1,3.0,3,0,1,0,0,1,0,0,0,0,0,0,0,0,0,0,0,0,0,0,1
130,2,0,1,1,1,0,0,6300000.0,3,1,3.0,3,2,1,0,0,2,0,0,0,0,0,0,0,0,0,0,0,0,0,1,0
130,2,8,0,1,0,1,0,4250000.0,3,1,4.0,3,0,0,0,1,1,0,0,0,0,0,0,0,0,0,0,0,0,0,0,1
145,1,30,0,0,0,1,1,3050000.0,3,1,2.0,3,0,1,0,0,2,1,0,0,0,0,0,0,0,0,0,0,0,0,0,0
180,2,16,0,0,0,0,0,7500000.0,4,2,2.0,3,0,1,0,0,1,0,0,0,0,0,0,0,0,0,0,0,0,0,0,1
115,2,1,0,1,0,1,0,4750000.0,2,1,1.0,3,0,1,0,0,1,0,0,0,0,0,0,0,0,0,0,0,0,0,0,1
120,1,26,0,1,0,0,0,2250000.0,2,1,3.0,1,0,1,0,0,2,0,0,0,0,0,0,0,0,0,0,0,0,0,1,0
320,2,15,0,0,0,1,0,5500000.0,5,2,3.0,1,0,0,0,1,0,0,0,0,0,0,0,0,0,0,0,1,0,0,0,0
90,1,0,0,1,1,0,0,4150000.0,2,1,3.0,3,2,1,0,0,1,0,0,0,0,0,0,0,1,0,0,0,0,0,0,0
340,1,15,0,0,0,1,1,5750000.0,3,0,3.0,1,0,0,0,1,2,0,0,0,0,0,0,0,1,0,0,0,0,0,0,0
145,2,1,0,0,0,1,0,5250000.0,4,1,4.0,3,0,0,0,1,2,0,0,0,0,0,0,0,0,0,0,0,0,0,1,0
260,2,11,0,0,1,0,0,5450000.0,5,1,5.0,3,0,1,0,0,1,0,0,0,0,0,0,0,0,0,0,0,0,0,0,1
120,1,21,1,0,0,0,0,2950000.0,2,1,1.0,3,0,0,0,1,2,0,0,0,0,0,0,0,0,0,0,0,0,0,1,0
90,2,0,0,0,0,0,0,4600000.0,2,1,0.5,3,0,1,0,0,1,0,0,0,0,0,0,0,0,0,0,0,0,0,0,1
95,1,0,0,0,0,1,0,2949000.0,2,1,3.0,3,0,1,0,0,1,0,0,0,0,0,0,0,0,0,1,0,0,0,0,0
100,1,31,0,0,0,0,0,2750000.0,2,1,1.0,3,0,0,0,1,1,1,0,0,0,0,0,0,0,0,0,0,0,0,0,0
175,2,1,1,1,1,1,0,4650000.0,4,1,1.0,3,0,0,1,0,1,0,0,0,0,0,0,0,0,0,0,0,0,0,0,1
140,1,6,1,1,1,0,0,5650000.0,3,1,3.0,3,0,1,0,0,1,0,0,0,0,0,0,0,1,0,0,0,0,0,0,0
120,1,26,1,0,1,0,0,4400000.0,3,1,2.0,3,0,0,1,0,1,0,0,0,0,0,0,0,0,0,0,1,0,0,0,0
125,1,40,1,1,0,0,0,3500000.0,3,1,3.0,1,0,0,1,0,1,0,0,0,0,0,0,0,0,0,0,1,0,0,0,0
185,1,34,0,0,0,1,0,1150000.0,1,1,3.0,1,0,1,0,0,2,0,0,0,0,0,0,0,0,0,0,1,0,0,0,0
140,1,25,0,0,1,0,1,3200000.0,3,1,-2.0,3,0,1,0,0,2,0,0,0,0,0,0,0,1,0,0,0,0,0,0,0
130,1,26,0,1,0,0,0,1975000.0,2,1,2.0,3,0,1,0,0,1,1,0,0,0,0,0,0,0,0,0,0,0,0,0,0
145,1,10,0,0,1,0,0,3300000.0,3,1,5.0,3,0,1,0,0,2,0,0,0,0,0,0,0,1,0,0,0,0,0,0,0
165,1,6,1,1,1,1,0,3350000.0,4,1,4.0,3,0,0,0,1,1,0,0,0,0,0,0,0,0,0,0,0,0,0,1,0
125,1,34,0,1,0,0,0,2550000.0,3,1,6.0,3,0,0,1,0,1,0,0,0,0,0,0,0,0,0,0,1,0,0,0,0
125,1,31,0,0,0,0,0,4250000.0,3,1,2.0,3,0,0,0,1,2,0,0,0,0,0,0,0,0,0,0,1,0,0,0,0
90,1,21,0,0,0,0,0,2950000.0,2,1,0.0,0,0,1,0,0,2,0,0,0,0,0,0,0,0,0,0,0,0,0,0,1
135,2,7,0,0,0,0,0,3000000.0,3,1,5.0,3,0,1,0,0,2,0,0,0,0,0,0,0,0,0,0,0,0,0,1,0
100,1,30,0,0,0,1,0,2450000.0,2,1,5.0,1,0,0,1,0,2,0,0,0,0,0,0,0,0,0,0,1,0,0,0,0
135,1,6,0,0,0,0,0,4000000.0,3,1,3.0,3,0,1,0,0,1,0,0,0,0,0,0,0,0,0,0,0,0,0,0,1
85,1,8,1,0,0,0,0,2400000.0,2,0,0.5,3,0,1,0,0,1,0,0,0,0,0,0,0,0,0,1,0,0,0,0,0
180,3,1,0,0,1,0,0,3250000.0,4,1,3.0,3,0,1,0,0,1,1,0,0,0,0,0,0,0,0,0,0,0,0,0,0
95,1,30,0,1,1,1,0,3050000.0,2,1,3.0,3,0,1,0,0,2,0,0,0,0,0,0,0,0,0,0,1,0,0,0,0
130,1,21,0,0,0,0,0,2250000.0,3,1,3.0,3,0,0,0,1,1,1,0,0,0,0,0,0,0,0,0,0,0,0,0,0
65,1,11,1,1,1,0,0,2900000.0,1,1,5.0,3,0,0,1,0,2,0,0,0,0,0,0,0,0,0,0,0,0,0,1,0
80,1,5,0,1,1,0,1,2750000.0,2,1,4.0,3,0,0,1,0,1,0,0,0,0,0,0,0,0,0,0,0,0,0,0,1
145,1,4,0,1,0,0,0,3850000.0,3,1,3.0,3,0,0,0,1,2,0,0,0,0,0,0,0,0,0,1,0,0,0,0,0
170,2,6,0,0,0,0,0,5250000.0,3,1,4.0,3,0,1,0,0,1,0,0,0,0,0,0,0,0,0,0,0,0,0,0,1
110,1,10,1,1,0,0,0,3450000.0,3,1,2.0,3,0,0,0,1,1,0,0,0,0,0,0,0,0,0,0,0,0,0,0,1
170,2,0,1,1,0,1,0,5250000.0,3,1,4.0,3,0,1,0,0,1,0,1,0,0,0,0,0,0,0,0,0,0,0,0,0
240,2,4,1,1,1,0,0,5600000.0,4,2,5.0,3,0,1,0,0,1,0,0,0,0,0,0,0,0,0,0,0,0,0,0,1
85,1,0,1,1,1,0,0,3250000.0,2,1,3.0,3,2,1,0,0,1,0,0,0,0,0,0,0,0,0,0,0,0,0,0,1
80,1,0,0,1,1,1,0,3500000.0,2,1,2.0,3,0,1,0,0,1,0,0,0,0,0,0,0,0,0,0,0,0,0,1,0
150,2,1,1,0,1,0,0,6500000.0,3,1,2.0,3,0,1,0,0,1,0,0,0,0,0,0,0,0,0,0,0,0,0,1,0
105,1,5,1,0,1,0,0,3550000.0,2,1,2.0,3,0,1,0,0,1,0,0,0,0,0,0,0,0,0,0,0,0,0,0,1
140,1,0,1,0,0,1,0,4300000.0,3,1,2.0,3,0,1,0,0,1,0,0,0,0,0,0,0,0,0,1,0,0,0,0,0
150,2,1,0,1,1,0,0,4500000.0,4,1,3.0,3,0,1,0,0,1,1,0,0,0,0,0,0,0,0,0,0,0,0,0,0
150,1,11,0,0,0,0,0,3550000.0,3,1,1.0,3,0,0,1,0,1,1,0,0,0,0,0,0,0,0,0,0,0,0,0,0
135,2,1,0,1,0,1,0,4500000.0,3,0,2.0,3,2,1,0,0,1,1,0,0,0,0,0,0,0,0,0,0,0,0,0,0
130,1,0,0,0,0,0,0,6000000.0,3,1,2.0,3,0,1,0,0,1,0,0,0,0,0,0,0,0,0,0,0,0,0,1,0
115,2,1,0,1,0,0,0,2920000.0,2,1,4.0,3,0,0,0,1,2,1,0,0,0,0,0,0,0,0,0,0,0,0,0,0
75,1,11,0,0,0,0,1,2350000.0,2,1,0.0,3,0,0,1,0,1,0,0,0,0,0,0,0,0,0,0,0,0,0,0,1
95,1,0,0,1,1,1,0,2650000.0,2,1,2.0,2,2,1,0,0,1,0,0,0,0,0,0,0,0,0,0,0,0,1,0,0
95,1,5,1,1,0,0,0,3650000.0,2,1,3.0,3,0,1,0,0,2,0,0,0,0,0,0,0,0,0,0,0,0,0,0,1
145,1,20,0,0,1,0,0,3000000.0,3,1,3.0,3,0,0,1,0,2,1,0,0,0,0,0,0,0,0,0,0,0,0,0,0
115,1,4,0,1,0,0,0,3480000.0,3,1,3.0,3,0,0,1,0,2,0,0,0,0,0,0,0,0,0,0,0,0,0,0,1
120,1,16,1,1,1,1,0,3700000.0,3,1,2.0,3,0,0,0,1,1,0,0,0,0,0,0,0,0,0,0,0,0,0,0,1
125,1,36,1,1,0,1,0,3750000.0,3,1,4.0,3,0,1,0,0,1,0,0,0,0,0,0,0,0,0,0,1,0,0,0,0
89,1,50,1,1,0,0,0,3250000.0,2,1,4.0,3,0,0,1,0,2,0,0,0,0,0,0,0,0,0,0,1,0,0,0,0
140,2,6,1,1,1,0,0,4450000.0,3,1,3.0,3,0,0,0,1,2,0,0,0,0,0,0,0,0,0,0,0,0,0,1,0
130,1,2,0,0,1,0,0,3450000.0,3,1,3.0,3,0,1,0,0,1,1,0,0,0,0,0,0,0,0,0,0,0,0,0,0
140,2,0,0,1,1,0,0,5400000.0,3,1,1.0,3,0,1,0,0,2,0,0,0,0,0,0,0,0,0,0,0,0,0,1,0
85,1,4,0,1,0,0,0,2950000.0,2,1,3.0,3,0,1,0,0,1,0,0,0,0,0,0,0,0,0,0,0,0,0,0,1
120,1,16,0,1,0,0,0,4950000.0,3,1,2.0,3,0,1,0,0,2,0,0,0,0,0,0,0,0,0,0,1,0,0,0,0
150,2,4,0,1,1,1,0,4160000.0,3,1,3.0,3,0,1,0,0,2,1,0,0,0,0,0,0,0,0,0,0,0,0,0,0
135,1,10,1,1,0,0,0,4350000.0,3,1,3.0,3,0,1,0,0,2,0,0,0,0,0,0,0,0,0,0,0,0,0,1,0
70,1,5,1,0,0,0,1,2600000.0,1,1,2.0,3,0,1,0,0,1,0,0,0,0,0,0,0,0,0,0,0,0,0,0,1
130,2,5,1,0,1,0,0,4950000.0,3,1,4.0,3,0,1,0,0,1,0,0,0,0,0,0,0,0,0,0,0,0,0,1,0
85,1,6,1,0,1,0,1,4150000.0,1,1,2.0,3,0,0,1,0,2,0,0,0,0,0,0,0,0,0,0,0,0,0,0,1
130,2,0,0,1,1,0,0,3950000.0,3,1,3.0,3,2,1,0,0,1,1,0,0,0,0,0,0,0,0,0,0,0,0,0,0
60,1,1,1,1,0,1,0,4600000.0,1,1,3.0,3,0,1,0,0,1,0,0,0,0,0,0,0,0,0,0,0,0,0,0,1
80,1,5,1,1,1,0,0,4000000.0,2,1,3.0,3,0,0,0,1,1,0,0,0,0,0,0,0,0,0,0,0,0,0,0,1
75,1,0,1,0,1,0,0,2300000.0,2,1,3.0,3,0,1,0,0,2,0,0,0,0,0,0,0,0,0,1,0,0,0,0,0
90,1,0,0,1,1,0,0,2850000.0,2,1,1.0,3,0,1,0,0,1,0,0,0,0,0,0,0,0,0,0,0,0,0,1,0
160,2,3,0,0,0,1,1,6700000.0,4,1,0.0,1,0,0,0,1,2,0,0,0,0,0,0,0,0,0,0,1,0,0,0,0
126,2,6,1,1,1,1,0,3500000.0,3,1,2.0,3,0,0,0,1,2,1,0,0,0,0,0,0,0,0,0,0,0,0,0,0
185,2,4,1,1,0,0,0,4600000.0,4,1,3.0,3,0,1,0,0,2,0,0,0,0,0,0,0,0,0,0,0,0,0,0,1
100,1,0,0,1,0,0,1,7500000.0,1,1,0.0,1,0,1,0,0,0,0,0,0,0,0,0,0,1,0,0,0,0,0,0,0
170,2,0,1,1,1,1,0,6250000.0,3,1,3.0,2,0,0,0,1,1,0,0,0,0,0,0,0,0,0,0,0,0,0,1,0
120,1,0,0,1,0,1,0,5150000.0,3,1,2.0,3,2,1,0,0,2,0,0,0,0,0,0,0,0,0,0,0,0,0,0,1
120,1,20,0,0,1,0,0,1350000.0,2,1,3.0,1,0,1,0,0,2,0,0,0,0,0,0,0,0,0,0,0,0,1,0,0
143,1,25,0,1,0,0,0,4000000.0,2,1,3.0,1,0,0,0,1,1,0,0,0,0,0,0,0,1,0,0,0,0,0,0,0
267,3,0,1,1,1,0,0,5500000.0,4,2,3.0,3,2,1,0,0,1,1,0,0,0,0,0,0,0,0,0,0,0,0,0,0
125,1,1,0,1,0,1,0,3750000.0,3,1,5.0,3,0,0,1,0,1,0,0,0,0,0,0,0,0,0,1,0,0,0,0,0
80,1,21,0,0,0,0,0,2300000.0,1,1,0.5,0,0,1,0,0,2,0,0,0,0,0,0,0,0,0,0,0,0,0,0,1
150,1,21,0,0,1,1,0,3895000.0,3,1,0.5,3,0,1,0,0,1,0,0,0,0,0,0,0,0,0,0,1,0,0,0,0
95,1,5,1,1,1,0,0,3250000.0,2,1,-1.0,1,0,1,0,0,2,0,0,0,0,0,0,0,1,0,0,0,0,0,0,0
135,2,0,0,1,1,0,0,4000000.0,3,1,1.0,3,0,1,0,0,1,1,0,0,0,0,0,0,0,0,0,0,0,0,0,0
140,1,11,1,1,1,0,0,4200000.0,3,1,3.0,3,0,0,0,1,2,0,0,0,0,0,0,0,0,0,0,0,0,0,1,0
157,2,4,1,1,0,0,0,4750000.0,3,1,3.0,3,0,0,0,1,2,0,0,0,0,0,0,0,0,0,0,0,0,0,1,0
75,1,5,0,0,0,0,0,2790000.0,2,1,0.5,3,0,1,0,0,1,0,0,0,0,0,0,0,0,0,0,0,0,0,0,1
135,1,6,0,1,1,1,0,6495000.0,2,0,0.0,1,0,1,0,0,2,0,0,0,0,0,0,0,0,0,0,0,0,0,0,1
60,1,0,1,1,1,1,0,3350000.0,1,1,5.0,3,0,1,0,0,1,0,0,0,0,0,0,0,0,0,0,0,0,0,0,1
130,1,20,1,1,1,1,0,4250000.0,3,1,1.0,3,0,1,0,0,1,0,0,0,0,0,0,0,0,0,0,1,0,0,0,0
150,1,18,1,0,0,0,0,2500000.0,3,1,4.0,3,1,1,0,0,2,0,0,0,0,0,0,0,0,0,0,0,0,0,1,0
103,1,0,1,1,1,0,0,5250000.0,2,1,1.0,3,2,1,0,0,1,0,0,0,0,0,0,0,0,0,0,0,0,0,0,1
140,1,40,0,1,0,1,0,1200000.0,2,0,4.0,1,0,1,0,0,2,1,0,0,0,0,0,0,0,0,0,0,0,0,0,0
140,2,16,1,1,1,0,0,3750000.0,3,1,2.0,3,0,0,0,1,1,1,0,0,0,0,0,0,0,0,0,0,0,0,0,0
200,1,6,1,1,1,0,0,4200000.0,3,1,0.5,3,0,0,1,0,1,0,0,0,0,0,0,0,0,0,0,0,0,0,0,1
100,1,0,0,1,1,1,0,3250000.0,2,0,3.0,3,2,1,0,0,1,1,0,0,0,0,0,0,0,0,0,0,0,0,0,0
105,1,0,1,0,0,0,0,3100000.0,2,1,2.0,3,0,1,0,0,1,0,0,0,0,0,0,0,0,0,1,0,0,0,0,0
115,2,6,0,1,0,1,0,7000000.0,3,1,2.0,3,0,0,1,0,1,0,0,0,0,0,0,0,0,0,0,0,0,0,0,1
145,2,4,1,1,1,0,0,5750000.0,3,1,1.0,3,0,0,0,1,2,0,0,0,0,0,0,0,0,0,0,0,0,0,1,0
140,2,1,1,1,1,0,0,3500000.0,3,1,1.0,3,0,0,0,1,2,1,0,0,0,0,0,0,0,0,0,0,0,0,0,0
60,1,0,0,0,1,1,0,3575000.0,1,1,0.0,2,0,1,0,0,1,0,0,0,0,0,0,0,0,0,0,0,0,0,1,0
110,1,0,1,1,1,0,0,6850000.0,2,1,0.5,3,2,1,0,0,1,0,0,0,0,0,0,0,0,0,0,0,0,0,0,1
105,1,21,1,1,1,1,0,3950000.0,2,1,4.0,3,0,1,0,0,2,0,0,0,0,0,0,0,0,0,0,0,0,0,0,1
100,1,20,0,0,0,1,0,2045000.0,2,1,3.0,1,0,0,0,1,0,0,0,0,0,0,0,0,1,0,0,0,0,0,0,0
110,1,28,1,1,0,0,0,3200000.0,3,1,5.0,3,0,1,0,0,2,0,0,0,0,0,0,0,0,0,0,1,0,0,0,0
65,1,5,0,0,1,0,1,4575000.0,1,1,1.0,3,0,0,1,0,1,0,0,0,0,0,0,0,0,0,0,0,0,0,0,1
95,1,5,0,1,1,0,0,3870000.0,2,1,3.0,3,0,0,0,1,2,0,0,0,0,0,0,0,0,0,0,0,0,0,0,1
105,1,1,0,1,0,1,0,3650000.0,2,1,3.0,3,0,0,1,0,1,0,0,0,0,0,0,0,0,0,0,0,0,0,0,1
125,1,28,1,1,0,1,0,2475000.0,3,1,3.0,3,0,1,0,0,1,1,0,0,0,0,0,0,0,0,0,0,0,0,0,0
76,1,0,1,0,1,0,0,2700000.0,2,1,0.5,3,0,1,0,0,2,0,0,0,0,0,0,0,0,0,0,0,0,0,0,1
132,1,0,1,1,0,0,0,3200000.0,3,1,5.0,3,2,1,0,0,1,0,0,0,0,0,0,0,0,0,1,0,0,0,0,0
85,1,0,0,0,0,0,0,2900000.0,2,1,3.0,3,2,1,0,0,2,0,0,0,0,0,0,0,0,0,1,0,0,0,0,0
155,1,16,0,1,1,1,0,5000000.0,3,1,0.0,3,0,0,0,1,1,0,0,0,0,0,0,0,0,0,0,0,0,0,0,1
180,1,6,1,1,1,0,0,5150000.0,3,1,1.0,3,0,0,0,1,2,0,0,0,0,0,0,0,0,0,0,0,0,0,1,0
145,1,20,0,0,0,0,0,3900000.0,3,1,4.0,3,0,1,0,0,2,0,0,0,0,0,0,0,1,0,0,0,0,0,0,0
130,1,11,0,0,0,0,0,3150000.0,3,1,4.0,3,0,0,0,1,1,1,0,0,0,0,0,0,0,0,0,0,0,0,0,0
85,1,0,0,0,1,0,0,2780000.0,2,1,0.5,3,0,1,0,0,1,0,0,0,0,0,0,0,0,0,0,0,0,0,0,1
130,1,0,0,1,1,0,0,4150000.0,3,1,3.0,3,0,1,0,0,2,0,0,0,0,0,0,0,0,0,0,0,0,0,1,0
95,1,5,0,0,0,0,0,2925000.0,2,1,0.5,3,0,1,0,0,1,0,0,0,0,0,0,0,0,0,0,0,0,0,0,1
102,1,0,0,1,1,0,0,3800000.0,2,1,1.0,3,2,1,0,0,2,0,0,0,0,0,0,0,0,0,0,0,0,0,1,0
140,1,21,1,0,0,1,0,4500000.0,3,1,3.0,3,0,1,0,0,2,0,0,0,0,0,0,0,0,0,0,0,0,0,1,0
567,1,1,0,0,0,0,0,6000000.0,2,1,3.0,1,0,0,0,1,2,0,0,0,0,0,0,0,1,0,0,0,0,0,0,0
105,2,17,1,0,0,1,0,4750000.0,2,1,3.0,2,0,0,0,1,0,0,0,0,0,0,0,0,0,0,0,0,0,1,0,0
60,1,1,1,0,1,1,0,3400000.0,1,1,1.0,3,0,1,0,0,1,0,0,0,0,0,0,0,0,0,0,0,0,0,0,1
95,2,0,0,0,0,1,0,5500000.0,2,1,2.0,3,0,1,0,0,1,0,0,0,0,0,0,0,0,0,0,0,0,0,1,0
150,2,6,1,1,1,0,0,4600000.0,3,1,1.0,3,0,1,0,0,1,1,0,0,0,0,0,0,0,0,0,0,0,0,0,0
140,1,31,1,1,0,0,0,3575000.0,3,1,1.0,3,0,1,0,0,2,0,0,0,0,0,0,0,0,0,0,1,0,0,0,0
134,1,25,0,0,1,1,0,3499000.0,3,1,3.0,3,0,1,0,0,1,0,0,0,0,0,0,0,0,0,0,0,0,0,1,0
130,2,0,1,1,1,0,0,3950000.0,3,1,3.0,3,2,1,0,0,1,1,0,0,0,0,0,0,0,0,0,0,0,0,0,0
145,2,1,0,0,1,0,0,5175000.0,3,1,3.0,3,0,1,0,0,2,0,0,0,0,0,0,0,1,0,0,0,0,0,0,0
135,2,0,1,1,1,0,0,6500000.0,3,1,2.0,3,0,1,0,0,2,0,0,0,0,0,0,0,0,0,0,0,0,0,1,0
300,3,0,1,1,1,1,0,7000000.0,5,1,3.0,3,0,1,0,0,2,1,0,0,0,0,0,0,0,0,0,0,0,0,0,0
155,2,1,1,1,1,0,0,6050000.0,3,1,5.0,3,0,1,0,0,1,0,0,0,0,0,0,0,0,0,0,0,0,0,1,0
120,1,5,1,1,0,0,0,3050000.0,3,1,4.0,3,0,1,0,0,2,0,0,0,0,0,0,0,0,0,0,0,0,0,1,0
125,1,5,0,0,0,0,0,3600000.0,3,1,4.0,3,0,1,0,0,1,0,0,0,0,1,0,0,0,0,0,0,0,0,0,0
400,1,11,0,1,0,0,1,3725000.0,2,1,0.0,1,0,1,0,0,0,0,0,0,0,0,0,0,0,0,1,0,0,0,0,0
70,1,0,0,1,1,1,0,2950000.0,1,1,0.5,3,2,1,0,0,1,0,0,0,0,0,0,0,0,0,0,0,0,0,0,1
100,1,0,0,1,1,0,0,4000000.0,2,1,1.0,3,2,1,0,0,1,0,0,0,0,0,0,0,0,0,0,0,0,0,0,1
90,1,6,0,1,0,1,0,3100000.0,2,1,2.0,3,0,1,0,0,1,0,0,0,0,0,0,0,0,0,0,0,0,0,0,1
120,2,11,1,1,1,0,0,3090000.0,3,1,3.0,3,0,0,0,1,2,0,0,0,0,0,0,0,0,0,0,0,0,0,1,0
125,1,0,1,1,1,0,0,3900000.0,3,1,-2.0,3,0,1,0,0,2,0,0,0,0,0,0,0,1,0,0,0,0,0,0,0
230,2,5,0,0,1,0,0,6250000.0,6,2,4.0,3,0,0,0,1,1,0,0,0,0,0,0,0,0,0,0,0,0,0,0,1
95,1,4,0,0,1,1,0,2910000.0,2,1,0.5,3,0,0,1,0,1,0,0,0,0,0,0,0,0,0,0,0,0,0,0,1
120,1,25,0,1,0,1,0,2800000.0,3,1,4.0,3,0,1,0,0,2,0,0,0,0,0,0,0,0,0,0,0,0,0,1,0
100,1,4,1,0,0,0,0,2650000.0,2,1,0.5,3,0,1,0,0,2,0,0,0,0,0,0,0,0,0,1,0,0,0,0,0
130,1,3,0,1,1,0,0,4200000.0,3,1,1.0,3,0,1,0,0,1,1,0,0,0,0,0,0,0,0,0,0,0,0,0,0
155,1,6,0,1,0,1,0,3800000.0,3,1,3.0,3,0,1,0,0,2,0,0,0,0,0,0,0,0,0,0,0,0,0,1,0
250,2,6,1,0,0,1,0,4100000.0,5,1,4.0,3,0,0,1,0,2,0,0,0,0,0,0,0,0,0,0,0,0,0,1,0
125,1,25,0,1,0,0,0,2750000.0,2,1,3.0,1,0,1,0,0,1,0,0,0,0,0,0,0,0,0,1,0,0,0,0,0
153,1,8,1,0,0,0,0,3900000.0,3,1,2.0,3,0,0,1,0,1,0,0,0,0,0,0,0,0,0,1,0,0,0,0,0
90,1,0,0,1,1,1,0,3200000.0,2,1,2.0,3,0,1,0,0,1,0,0,0,0,0,0,0,0,0,0,0,0,0,1,0
115,1,11,0,1,0,0,0,3900000.0,3,1,3.0,3,0,1,0,0,1,0,0,0,0,0,0,0,0,0,0,0,0,0,0,1
110,1,1,1,1,1,1,0,3675000.0,2,1,1.0,3,0,1,0,0,2,0,0,0,0,0,0,0,1,0,0,0,0,0,0,0
185,2,2,1,1,1,0,0,5500000.0,4,1,4.0,3,0,1,0,0,2,0,0,0,0,0,0,0,0,0,0,0,0,0,1,0
110,1,21,1,0,0,0,0,1850000.0,2,1,4.0,0,0,0,1,0,1,0,0,0,0,0,0,0,0,0,0,0,0,0,1,0
150,2,40,0,0,1,0,0,4400000.0,4,2,3.0,3,0,0,1,0,2,0,0,0,0,0,0,0,0,0,0,1,0,0,0,0
90,2,1,0,0,1,1,0,3500000.0,2,1,1.0,3,2,1,0,0,1,1,0,0,0,0,0,0,0,0,0,0,0,0,0,0
96,1,30,1,1,0,0,0,2100000.0,2,1,5.0,3,0,1,0,0,1,0,0,0,0,0,0,0,0,0,0,1,0,0,0,0
50,1,0,0,0,0,1,0,2670000.0,1,1,3.0,3,0,1,0,0,1,0,0,0,0,0,0,0,0,0,0,0,0,0,0,1
100,1,0,0,1,1,0,0,3200000.0,2,1,2.0,3,2,1,0,0,1,1,0,0,0,0,0,0,0,0,0,0,0,0,0,0
85,1,7,0,1,1,0,0,2750000.0,2,1,4.0,3,0,0,0,1,1,0,0,0,0,0,0,0,0,0,0,0,0,0,0,1
175,2,0,1,1,1,0,0,7000000.0,3,1,4.0,3,0,1,0,0,2,0,0,0,0,0,0,0,0,0,0,0,0,0,1,0
145,1,5,0,0,1,0,0,5250000.0,3,1,3.0,3,0,0,0,1,1,0,0,0,0,0,0,0,0,0,0,0,0,0,0,1
70,1,1,0,1,0,0,0,3300000.0,2,1,2.0,3,0,1,0,0,1,0,0,0,0,0,0,0,0,0,0,0,0,0,0,1
90,1,6,0,0,1,1,0,3500000.0,2,1,2.0,3,0,0,1,0,1,0,0,0,0,0,0,0,0,0,0,0,0,0,0,1
150,1,16,1,1,1,1,0,2600000.0,3,1,4.0,3,0,1,0,0,1,0,0,0,0,0,0,0,1,0,0,0,0,0,0,0
135,2,0,1,1,1,1,0,4250000.0,3,1,1.0,3,0,1,0,0,2,1,0,0,0,0,0,0,0,0,0,0,0,0,0,0
105,1,5,1,0,0,0,0,2950000.0,2,1,0.5,3,0,1,0,0,1,0,0,0,0,0,0,0,0,0,1,0,0,0,0,0
135,1,6,0,0,0,0,0,3300000.0,3,1,3.0,3,0,1,0,0,1,0,0,0,0,0,0,0,1,0,0,0,0,0,0,0
110,1,4,0,0,0,1,0,2850000.0,2,1,3.0,3,0,1,0,0,1,0,0,0,0,0,0,0,0,0,0,0,0,0,1,0
215,1,26,1,1,0,0,0,6200000.0,2,1,1.0,3,0,0,0,1,1,0,0,0,0,0,0,0,0,0,0,1,0,0,0,0
70,1,0,1,1,0,1,0,3600000.0,2,1,3.0,3,0,1,0,0,2,0,0,0,0,0,0,0,0,0,0,1,0,0,0,0
180,2,11,0,0,0,1,0,3750000.0,4,1,3.0,3,0,0,0,1,2,0,0,0,0,0,0,0,0,0,0,0,0,1,0,0
105,1,0,0,1,1,1,0,3075000.0,2,1,1.0,3,0,1,0,0,2,1,0,0,0,0,0,0,0,0,0,0,0,0,0,0
92,1,1,1,0,1,0,0,4000000.0,2,1,5.0,1,0,1,0,0,2,0,0,0,0,0,0,0,1,0,0,0,0,0,0,0
110,1,0,0,1,1,0,0,3500000.0,2,1,3.0,3,2,1,0,0,2,0,0,0,0,0,0,0,0,0,0,0,0,0,1,0
155,1,26,1,0,0,0,0,2675000.0,3,1,4.0,1,0,1,0,0,2,0,0,0,0,0,0,0,1,0,0,0,0,0,0,0
125,1,31,0,1,1,0,0,3350000.0,3,1,4.0,3,0,0,0,1,2,0,0,0,0,0,0,0,0,0,0,0,0,0,1,0
85,1,0,1,0,0,0,0,3400000.0,2,1,2.0,3,0,1,0,0,1,0,0,0,0,0,0,0,0,0,0,0,0,0,0,1
170,2,5,1,1,1,1,0,6500000.0,3,1,3.0,2,0,0,0,1,1,0,0,0,0,0,0,0,0,0,0,0,0,0,1,0
180,1,21,0,1,1,0,0,3750000.0,4,1,3.0,3,0,1,0,0,1,1,0,0,0,0,0,0,0,0,0,0,0,0,0,0
165,1,25,0,1,0,1,0,5195000.0,3,1,3.0,3,0,1,0,0,1,0,0,0,0,0,0,0,0,0,0,0,0,0,0,1
110,1,30,1,0,0,1,0,3975000.0,3,1,3.0,3,0,1,0,0,1,0,0,0,0,0,0,0,0,0,0,1,0,0,0,0
90,1,0,1,1,1,0,0,2950000.0,2,1,1.0,3,2,1,0,0,1,1,0,0,0,0,0,0,0,0,0,0,0,0,0,0
125,1,21,1,0,0,0,0,4100000.0,3,1,5.0,3,0,0,1,0,2,0,0,0,0,0,0,0,0,0,0,0,0,0,0,1
90,1,3,0,1,0,0,0,4900000.0,2,1,3.0,3,0,1,0,0,1,0,0,0,0,0,0,0,0,0,0,0,0,0,0,1
140,2,0,0,1,1,1,0,6250000.0,3,1,3.0,3,0,1,0,0,2,0,0,0,0,0,0,0,0,0,0,0,0,0,1,0
115,1,23,0,1,1,0,0,4150000.0,3,1,3.0,3,0,1,0,0,1,0,0,0,0,0,0,0,0,0,0,0,0,0,0,1
165,2,0,1,1,1,0,0,7000000.0,3,1,4.0,3,0,1,0,0,2,0,0,0,0,0,0,0,0,0,0,0,0,0,1,0
115,1,0,1,1,1,1,0,4600000.0,3,1,1.0,3,0,1,0,0,1,0,0,0,0,0,0,0,0,0,0,0,0,0,0,1
60,1,1,0,0,0,0,1,2499999.0,1,1,5.0,3,0,0,1,0,1,0,0,0,0,0,0,0,0,0,0,0,0,0,0,1
140,1,1,1,1,1,0,0,5650000.0,3,1,2.0,3,0,1,0,0,1,0,0,0,0,0,0,0,1,0,0,0,0,0,0,0
135,1,0,0,1,0,0,0,4750000.0,3,1,3.0,3,2,1,0,0,1,0,0,0,0,0,0,0,0,0,1,0,0,0,0,0
120,1,6,0,1,0,0,0,3750000.0,2,1,5.0,3,0,0,0,1,1,0,0,0,0,0,0,0,0,0,0,0,0,0,1,0
140,2,0,1,1,1,0,0,4200000.0,3,1,1.0,3,0,1,0,0,2,1,0,0,0,0,0,0,0,0,0,0,0,0,0,0
135,1,20,0,0,0,0,0,3375000.0,3,1,0.0,3,0,1,0,0,1,0,0,0,0,0,0,0,0,0,0,1,0,0,0,0
178,2,1,1,1,0,0,0,6625000.0,3,1,1.0,3,0,0,0,1,2,0,0,0,0,0,0,0,1,0,0,0,0,0,0,0
160,2,0,0,1,1,0,0,4450000.0,3,1,3.0,2,0,1,0,0,1,0,0,0,0,0,0,0,0,0,0,0,0,0,1,0
100,1,13,0,1,0,1,0,3150000.0,3,1,-0.5,3,0,0,0,1,1,0,0,0,0,0,0,0,0,0,0,1,0,0,0,0
105,1,0,0,1,0,1,0,3650000.0,2,1,3.0,3,0,1,0,0,1,0,0,0,0,0,0,0,0,0,1,0,0,0,0,0
180,1,18,0,0,0,0,0,3250000.0,2,1,3.0,1,0,0,0,1,2,0,0,0,0,0,0,0,0,0,0,1,0,0,0,0
100,1,0,1,1,1,0,0,3450000.0,2,1,1.0,3,2,1,0,0,1,1,0,0,0,0,0,0,0,0,0,0,0,0,0,0
130,1,5,0,0,0,0,0,3000000.0,3,1,3.0,1,2,0,0,1,2,0,0,0,0,0,0,0,0,0,0,0,1,0,0,0
110,1,0,0,1,1,0,0,4200000.0,2,1,4.0,3,2,1,0,0,1,0,0,0,0,0,0,0,0,0,0,0,0,0,0,1
145,1,0,0,0,0,1,0,5500000.0,3,1,4.0,3,0,1,0,0,2,0,0,0,0,0,0,0,0,0,0,0,0,0,1,0
135,1,26,1,1,1,0,0,4000000.0,3,1,3.0,3,0,1,0,0,1,0,0,0,0,0,0,0,0,0,0,0,0,0,1,0
115,1,0,0,1,1,1,0,4500000.0,2,1,2.0,3,0,1,0,0,1,0,0,0,0,0,0,0,0,0,0,0,0,0,0,1
220,2,8,0,1,0,1,0,4900000.0,5,1,5.0,3,0,1,0,0,1,0,0,0,0,0,0,0,0,0,0,0,0,0,0,1
90,1,31,1,1,1,1,0,3750000.0,2,1,4.0,1,0,0,1,0,2,0,0,0,0,0,0,0,0,0,0,1,0,0,0,0
110,1,0,0,1,1,0,0,3300000.0,2,1,4.0,3,0,1,0,0,2,0,0,0,0,0,0,0,0,0,0,0,0,0,1,0
120,1,6,1,1,1,1,0,4980000.0,2,1,4.0,3,0,0,0,1,1,0,0,0,0,0,0,0,0,0,0,0,0,0,1,0
110,1,4,0,1,1,0,0,3250000.0,2,1,1.0,3,0,1,0,0,1,1,0,0,0,0,0,0,0,0,0,0,0,0,0,0
95,1,30,1,1,0,0,0,3050000.0,2,1,3.0,3,0,0,1,0,2,0,0,0,0,0,0,0,0,0,0,1,0,0,0,0
100,1,0,0,0,0,1,0,4800000.0,2,1,0.5,3,0,1,0,0,1,0,0,0,0,0,0,0,0,0,0,0,0,0,0,1
108,1,1,1,1,1,1,0,3850000.0,2,1,4.0,3,0,0,1,0,2,0,0,0,0,0,0,0,1,0,0,0,0,0,0,0
152,2,1,0,0,1,0,0,4800000.0,3,1,1.0,3,0,1,0,0,1,1,0,0,0,0,0,0,0,0,0,0,0,0,0,0
140,2,0,1,1,1,0,0,4000000.0,2,1,12.0,2,0,1,0,0,1,0,0,0,0,0,0,0,0,0,0,0,0,0,1,0
175,2,3,0,1,1,1,0,3950000.0,3,1,5.0,3,0,1,0,0,1,1,0,0,0,0,0,0,0,0,0,0,0,0,0,0
300,2,10,1,1,1,0,0,3950000.0,4,1,5.0,3,0,0,0,1,1,0,0,0,0,0,0,0,0,0,0,0,0,0,0,1
321,1,31,0,1,1,0,0,6000000.0,2,1,0.0,1,0,1,0,0,2,1,0,0,0,0,0,0,0,0,0,0,0,0,0,0
198,2,15,1,1,1,1,0,4950000.0,4,1,4.0,3,0,0,0,1,2,0,0,0,0,0,0,0,0,0,0,0,0,0,1,0
250,1,30,0,0,0,0,0,2600000.0,2,1,3.0,1,0,1,0,0,2,0,0,0,0,0,0,0,0,0,0,0,0,1,0,0
150,1,21,0,0,0,1,0,3000000.0,3,1,5.0,0,0,1,0,0,1,0,0,0,0,0,0,0,1,0,0,0,0,0,0,0
200,2,16,0,1,0,1,0,6950000.0,3,1,5.0,3,0,0,0,1,1,0,0,0,0,0,0,0,0,0,0,1,0,0,0,0
130,1,1,1,1,0,0,0,3375000.0,3,1,5.0,3,2,1,0,0,2,0,0,0,0,0,0,0,0,0,1,0,0,0,0,0
140,1,27,1,1,1,0,0,3850000.0,3,1,4.0,3,0,0,0,1,1,0,0,0,0,0,0,0,0,0,0,1,0,0,0,0
58,1,0,0,0,0,0,0,2100000.0,1,1,3.0,3,0,1,0,0,2,0,1,0,0,0,0,0,0,0,0,0,0,0,0,0
145,1,25,1,0,0,0,0,5750000.0,3,1,3.0,1,2,1,0,0,2,0,0,0,0,0,0,0,1,0,0,0,0,0,0,0
140,1,4,0,1,1,1,0,3350000.0,3,1,2.0,3,0,0,1,0,1,1,0,0,0,0,0,0,0,0,0,0,0,0,0,0
250,2,11,1,0,0,1,0,6500000.0,4,1,5.0,3,0,0,0,1,2,0,0,0,0,0,0,0,0,0,0,0,0,0,0,1
104,1,0,0,1,1,0,0,3750000.0,2,1,3.0,3,2,1,0,0,2,0,0,0,0,0,0,0,0,0,0,0,0,0,1,0
250,2,10,0,0,0,0,0,7700000.0,6,1,3.0,1,0,0,0,1,2,0,0,0,0,0,0,0,0,0,0,0,0,0,0,1
90,1,9,0,0,0,0,0,1775000.0,2,1,5.0,2,0,0,1,0,1,0,0,0,0,0,0,0,0,0,0,0,0,1,0,0
135,1,6,0,0,0,0,0,4200000.0,3,1,3.0,3,0,1,0,0,1,0,0,0,0,0,0,0,0,0,0,0,0,0,0,1
170,1,16,1,1,1,1,0,5800000.0,3,2,1.0,3,0,0,1,0,1,0,0,0,0,0,0,0,0,0,0,0,0,0,0,1
95,1,0,0,1,0,0,0,4200000.0,2,1,2.0,3,1,1,0,0,1,0,0,0,0,0,0,0,0,0,0,0,0,0,0,1
142,1,3,0,1,1,1,0,6300000.0,3,1,4.0,3,0,1,0,0,2,0,0,0,0,0,0,0,0,0,0,0,0,0,1,0
55,1,0,0,0,1,0,0,2600000.0,1,1,0.0,3,0,1,0,0,1,0,0,0,0,0,0,0,0,0,0,0,0,0,0,1
120,1,0,0,1,1,0,0,4500000.0,3,1,2.0,3,0,1,0,0,2,0,0,0,0,0,0,0,0,0,0,0,0,0,1,0
95,1,1,0,0,1,0,0,3180000.0,2,1,3.0,3,0,1,0,0,1,0,0,0,0,0,0,0,0,0,0,0,0,0,0,1
185,2,14,0,0,0,0,0,4500000.0,3,1,3.0,1,0,0,0,1,1,0,0,0,0,0,0,0,1,0,0,0,0,0,0,0
220,1,35,0,0,0,0,0,2750000.0,3,1,3.0,1,0,1,0,0,2,0,0,0,0,0,0,0,0,0,0,1,0,0,0,0
135,1,6,0,0,0,0,0,3150000.0,3,1,3.0,3,0,1,0,0,1,0,0,0,0,0,0,0,0,0,0,0,0,0,0,1
140,2,0,1,1,1,0,0,4200000.0,3,1,1.0,3,2,1,0,0,1,1,0,0,0,0,0,0,0,0,0,0,0,0,0,0
150,1,30,0,0,0,1,1,2700000.0,4,2,3.0,1,0,1,0,0,2,0,0,0,0,0,1,0,0,0,0,0,0,0,0,0
362,1,12,0,1,1,1,0,2500000.0,3,1,1.0,1,2,0,0,1,1,1,0,0,0,0,0,0,0,0,0,0,0,0,0,0
120,1,0,0,1,0,0,0,3800000.0,3,1,3.0,0,2,1,0,0,2,0,0,0,0,0,0,0,0,0,0,0,0,0,1,0
120,1,30,0,1,1,1,0,3100000.0,3,1,5.0,3,0,1,0,0,1,0,0,0,0,0,0,0,0,0,0,0,0,0,0,1
230,1,21,0,0,0,0,0,4000000.0,5,1,4.0,3,0,1,0,0,1,1,0,0,0,0,0,0,0,0,0,0,0,0,0,0
160,2,0,1,0,1,0,0,6250000.0,3,1,3.0,3,0,1,0,0,1,0,0,0,0,0,0,0,0,0,0,0,0,0,1,0
130,1,10,1,1,1,0,0,2950000.0,3,1,5.0,3,0,1,0,0,2,1,0,0,0,0,0,0,0,0,0,0,0,0,0,0
150,1,26,1,0,0,1,0,3100000.0,3,1,4.0,3,0,0,0,1,1,0,0,0,0,0,0,0,0,0,0,0,0,0,1,0
130,1,26,0,1,0,1,0,4950000.0,3,1,2.0,3,0,1,0,0,1,0,0,0,0,0,0,0,0,0,0,1,0,0,0,0
240,2,3,0,0,1,1,0,5250000.0,5,1,3.0,3,0,1,0,0,1,0,0,0,0,0,0,0,0,0,0,0,0,0,0,0
110,1,0,0,0,0,0,0,4400000.0,2,1,3.0,3,0,1,0,0,2,0,1,0,0,0,0,0,0,0,0,0,0,0,0,0
90,1,5,0,0,0,1,0,2980000.0,2,1,3.0,1,0,1,0,0,2,0,0,0,0,0,0,0,0,0,0,1,0,0,0,0
120,2,2,0,0,0,0,0,4000000.0,2,1,5.0,2,0,0,0,1,1,0,0,0,0,0,0,0,0,0,0,0,0,0,1,0
380,2,0,0,0,0,0,0,6200000.0,5,1,4.0,3,0,1,0,0,2,1,0,0,0,0,0,0,0,0,0,0,0,0,0,0
114,2,0,1,1,0,0,0,4750000.0,2,1,2.0,3,2,1,0,0,1,0,0,0,0,0,0,0,0,0,0,0,0,0,0,1
75,1,5,1,0,1,0,0,3150000.0,2,1,-2.0,3,0,1,0,0,1,0,0,0,0,0,0,0,0,0,0,0,0,0,0,1
90,1,9,0,1,0,0,0,2870000.0,2,1,-2.0,3,0,1,0,0,1,0,0,0,0,0,0,0,0,0,1,0,0,0,0,0
185,1,20,0,1,1,0,0,4650000.0,3,1,3.0,3,0,1,0,0,2,0,0,0,0,0,0,0,1,0,0,0,0,0,0,0
110,1,0,1,1,1,0,0,3350000.0,2,1,1.0,3,0,1,0,0,2,0,0,0,0,0,0,0,0,0,0,0,0,0,1,0
145,2,11,1,1,1,1,0,6390000.0,3,1,11.0,2,0,1,0,0,1,0,0,0,0,0,0,0,0,0,0,0,0,0,0,1
160,1,11,1,1,1,1,0,6750000.0,3,1,0.5,3,0,0,0,1,1,0,0,0,0,0,0,0,0,0,0,0,0,0,0,1
130,2,0,0,1,1,1,0,5350000.0,3,1,1.0,3,0,1,0,0,1,0,0,0,0,0,0,0,0,0,0,0,0,0,1,0
135,1,6,0,0,0,0,0,4400000.0,3,1,3.0,3,0,1,0,0,1,0,0,0,0,0,0,0,0,0,0,0,0,0,0,1
140,1,16,0,0,0,0,0,3200000.0,3,1,4.0,3,0,1,0,0,1,0,0,0,0,0,0,0,0,0,0,0,0,0,1,0
115,1,21,0,1,1,1,0,3190000.0,3,1,0.0,3,0,1,0,0,1,0,0,0,0,0,0,0,0,0,0,0,0,0,0,1
92,1,1,0,1,0,0,0,2550000.0,2,0,4.0,3,0,0,1,0,2,1,0,0,0,0,0,0,0,0,0,0,0,0,0,0
90,1,20,1,0,0,1,0,2750000.0,2,1,3.0,1,0,0,1,0,1,0,0,0,0,0,0,0,0,0,0,1,0,0,0,0
90,1,11,0,1,1,0,0,3080000.0,2,1,3.0,3,0,1,0,0,1,0,0,0,0,0,0,0,0,0,0,0,0,0,0,1
80,1,25,0,0,0,0,0,3000000.0,1,1,3.0,1,0,1,0,0,2,0,0,0,0,0,0,0,0,0,0,0,0,0,0,1
130,1,15,0,1,0,1,0,3285000.0,3,1,4.0,3,0,0,1,0,1,0,0,0,0,0,0,0,0,0,0,1,0,0,0,0
152,1,31,0,0,0,1,0,350000.0,3,1,0.0,1,0,1,0,0,2,0,0,0,0,0,0,0,0,0,0,0,0,0,1,0
145,1,1,0,1,1,0,0,3300000.0,3,1,1.0,3,0,1,0,0,2,0,0,0,0,0,0,0,0,0,0,0,0,0,1,0
130,1,11,0,0,0,0,0,3000000.0,3,1,0.0,3,0,1,0,0,1,0,0,0,0,0,0,0,0,0,0,0,0,0,1,0
105,2,1,1,1,1,0,0,4200000.0,2,1,1.0,3,0,1,0,0,0,0,0,0,0,0,0,0,0,0,1,0,0,0,0,0
429,1,16,0,0,0,1,0,2500000.0,2,1,0.0,0,0,1,0,0,2,0,0,0,0,0,0,0,0,0,0,0,0,0,1,0
130,1,11,1,0,1,0,0,3150000.0,3,1,3.0,3,0,0,0,1,2,0,0,0,0,0,0,0,0,0,0,0,0,1,0,0
103,1,33,0,0,0,0,0,1275000.0,1,1,3.0,1,0,1,0,0,2,1,0,0,0,0,0,0,0,0,0,0,0,0,0,0
110,1,25,0,1,0,0,0,3000000.0,3,1,0.0,3,0,0,1,0,1,0,0,0,0,0,0,0,1,0,0,0,0,0,0,0
135,1,6,0,0,0,0,0,4200000.0,3,1,3.0,3,0,1,0,0,1,0,0,0,0,0,0,0,0,0,0,1,0,0,0,0
120,1,11,0,0,0,1,0,985000.0,1,1,0.0,1,0,1,0,0,2,0,0,0,0,0,0,0,0,0,0,1,0,0,0,0
155,1,25,0,1,1,0,0,4600000.0,3,1,0.0,3,0,1,0,0,2,0,0,0,0,0,0,0,0,0,0,0,0,0,1,0
90,1,31,0,1,0,0,0,1350000.0,2,1,4.0,3,0,1,0,0,1,1,0,0,0,0,0,0,0,0,0,0,0,0,0,0
140,1,5,0,0,0,0,0,3650000.0,3,1,2.0,3,0,0,0,1,1,0,0,0,0,0,0,0,0,0,0,0,0,0,0,1
260,2,5,1,0,0,1,0,4200000.0,6,2,5.0,3,0,1,0,0,2,0,0,0,0,0,0,0,0,0,1,0,0,0,0,0
130,1,16,0,1,1,0,0,2900000.0,2,1,0.0,1,0,0,0,1,2,0,0,0,0,0,0,0,0,0,0,0,0,0,1,0
96,1,26,1,0,1,0,0,3250000.0,2,1,2.0,1,0,1,0,0,1,0,0,0,0,0,0,0,0,0,0,0,0,0,0,1
140,1,11,1,1,0,1,0,4650000.0,3,1,3.0,3,0,1,0,0,2,0,0,0,0,0,0,0,0,0,0,1,0,0,0,0
90,1,1,0,0,1,1,0,3600000.0,2,1,3.0,3,0,1,0,0,1,0,0,0,0,0,0,0,0,0,0,0,0,0,0,1
85,1,0,0,0,1,1,0,3250000.0,2,1,3.0,3,2,1,0,0,1,0,0,0,0,0,0,0,0,0,0,0,0,0,0,1
150,3,31,0,0,0,0,0,3450000.0,7,2,0.0,0,0,1,0,0,0,0,0,0,0,0,0,0,1,0,0,0,0,0,0,0
105,1,1,0,1,1,0,1,3420000.0,2,1,2.0,3,0,0,0,1,2,0,0,0,0,0,0,0,0,0,0,0,0,0,0,1
95,1,35,0,0,0,0,0,1600000.0,1,1,1.0,3,0,1,0,0,1,1,0,0,0,0,0,0,0,0,0,0,0,0,0,0
55,1,0,0,0,1,1,1,2650000.0,1,1,0.5,3,0,0,1,0,1,0,0,0,0,0,0,0,0,0,1,0,0,0,0,0
100,1,0,1,0,1,1,0,5500000.0,2,1,2.0,3,0,1,0,0,2,0,0,0,0,0,0,0,0,0,0,0,0,0,0,1
85,1,6,0,0,0,0,0,1650000.0,2,1,0.0,3,0,0,0,1,2,0,0,0,0,0,0,0,0,0,0,0,0,0,1,0
95,1,21,0,0,0,0,0,2050000.0,2,1,1.0,3,0,0,0,1,2,0,0,0,0,0,0,0,0,0,0,0,0,0,1,0
60,1,1,0,1,0,0,0,2650000.0,1,1,1.0,3,0,1,0,0,1,0,0,0,0,0,0,0,0,0,0,0,0,0,0,1
85,1,0,0,1,1,0,0,2900000.0,2,1,2.0,3,2,1,0,0,1,1,0,0,0,0,0,0,0,0,0,0,0,0,0,0
85,1,21,0,1,0,0,0,2650000.0,2,1,0.5,3,0,1,0,0,2,0,0,0,0,0,0,0,0,0,0,0,0,0,0,1
100,1,6,0,0,0,0,0,2750000.0,2,1,3.0,3,0,1,0,0,1,1,0,0,0,0,0,0,0,0,0,0,0,0,0,0
90,1,27,0,0,0,1,0,1550000.0,2,1,3.0,3,0,0,0,1,1,0,0,0,0,0,0,0,0,0,0,0,0,1,0,0
54,1,0,0,1,1,1,0,2500000.0,1,0,0.5,3,2,1,0,0,2,0,0,0,0,0,0,0,0,0,0,0,0,0,0,1
120,1,26,0,1,0,1,0,3950000.0,3,1,0.5,3,0,1,0,0,2,0,0,0,0,0,0,0,0,0,0,1,0,0,0,0
115,1,0,1,0,1,0,0,3475000.0,2,1,4.0,3,0,1,0,0,2,0,0,0,0,0,0,0,1,0,0,0,0,0,0,0
125,1,0,1,0,1,0,0,3500000.0,2,1,1.0,3,0,1,0,0,1,0,0,0,0,0,0,0,0,0,0,0,0,0,1,0
145,1,1,1,1,0,1,0,6500000.0,3,1,4.0,3,0,1,0,0,2,0,0,0,0,0,0,0,1,0,0,0,0,0,0,0
115,1,30,0,0,0,1,0,820000.0,2,1,3.0,1,0,1,0,0,0,0,0,0,0,0,0,0,1,0,0,0,0,0,0,0
150,2,0,1,1,1,1,0,3749000.0,3,1,4.0,3,0,1,0,0,2,0,0,0,0,0,0,0,0,0,0,0,0,0,1,0
130,1,1,0,1,1,0,0,2250000.0,3,1,0.0,3,0,0,1,0,2,0,0,0,0,0,0,0,0,0,0,0,0,0,1,0
100,1,21,0,0,0,0,0,550000.0,2,1,0.0,1,0,1,0,0,1,0,0,0,0,0,0,0,0,0,0,0,0,0,1,0
100,1,21,1,0,0,0,0,1550000.0,2,1,3.0,3,0,0,0,1,1,0,0,0,0,0,0,0,1,0,0,0,0,0,0,0
115,1,25,0,1,0,1,0,3485000.0,3,1,3.0,3,0,1,0,0,1,0,0,0,0,0,0,0,0,0,0,1,0,0,0,0
68,1,15,0,0,1,1,0,2250000.0,1,1,3.0,1,0,1,0,0,2,0,0,0,0,0,0,0,0,0,0,0,0,1,0,0
115,2,0,0,1,1,1,0,3400000.0,2,1,3.0,3,0,1,0,0,2,1,0,0,0,0,0,0,0,0,0,0,0,0,0,0
95,1,5,0,1,0,0,0,2600000.0,2,1,4.0,3,0,0,0,1,2,0,0,0,0,0,0,0,0,0,0,0,0,0,1,0
125,1,21,0,1,1,1,0,4275000.0,3,1,4.0,3,0,1,0,0,1,0,0,0,0,0,0,0,0,0,0,0,0,0,0,1
130,1,26,1,0,0,0,0,2225000.0,3,1,4.0,3,0,1,0,0,1,1,0,0,0,0,0,0,0,0,0,0,0,0,0,0
105,1,18,0,0,0,1,0,2350000.0,2,1,0.0,2,0,0,0,1,2,1,0,0,0,0,0,0,0,0,0,0,0,0,0,0
100,1,26,0,1,1,1,0,3150000.0,2,1,0.5,3,0,0,0,1,2,0,0,0,0,0,0,0,0,0,0,0,0,0,0,1
92,1,2,1,1,0,0,0,5000000.0,2,1,4.0,3,0,0,0,1,1,0,0,0,0,0,0,0,0,0,0,0,0,0,0,1
100,1,21,0,1,1,0,0,2850000.0,2,1,0.5,3,0,1,0,0,2,0,0,0,0,0,0,0,0,0,0,0,0,0,0,1
130,1,1,0,1,1,1,0,3200000.0,3,1,3.0,3,0,0,0,1,1,1,0,0,0,0,0,0,0,0,0,0,0,0,0,0
135,1,0,0,1,1,1,0,3150000.0,3,1,3.0,3,0,1,0,0,2,1,0,0,0,0,0,0,0,0,0,0,0,0,0,0
295,1,10,0,1,1,1,0,4600000.0,3,1,3.0,3,0,0,0,1,2,0,0,0,0,0,0,0,0,0,0,0,0,0,1,0
100,1,35,0,0,0,0,0,1200000.0,2,1,3.0,1,0,0,0,1,2,0,1,0,0,0,0,0,0,0,0,0,0,0,0,0
140,2,10,0,1,1,0,0,3800000.0,3,1,5.0,3,0,1,0,0,1,0,0,0,0,1,0,0,0,0,0,0,0,0,0,0
140,1,21,1,1,1,0,0,2750000.0,3,1,4.0,3,0,1,0,0,1,1,0,0,0,0,0,0,0,0,0,0,0,0,0,0
181,1,26,0,0,0,0,0,1900000.0,2,1,0.0,1,0,1,0,0,2,1,0,0,0,0,0,0,0,0,0,0,0,0,0,0
110,1,21,0,1,1,0,0,3250000.0,2,1,3.0,3,0,1,0,0,1,0,0,0,0,0,0,0,0,0,0,1,0,0,0,0
120,1,26,0,1,1,0,0,4200000.0,3,1,6.0,3,0,0,0,1,1,0,0,0,0,0,0,0,0,0,0,1,0,0,0,0
130,1,22,0,0,0,0,0,3100000.0,3,1,5.0,3,0,1,0,0,2,0,0,0,0,0,0,0,0,0,0,0,0,0,1,0
140,1,1,1,0,0,1,0,2990000.0,3,1,3.0,3,0,0,0,1,2,0,0,0,0,0,0,0,0,0,0,0,0,0,1,0
105,1,0,1,1,1,1,0,2750000.0,2,1,2.0,2,0,1,0,0,1,0,0,0,0,0,0,0,0,0,0,0,0,1,0,0
530,1,25,0,0,0,0,0,2350000.0,2,1,3.0,1,0,1,0,0,2,0,0,0,0,0,0,0,1,0,0,0,0,0,0,0
150,2,0,1,1,1,0,0,5200000.0,3,1,3.0,3,0,1,0,0,1,1,0,0,0,0,0,0,0,0,0,0,0,0,0,0
135,1,0,0,1,1,0,0,3650000.0,3,1,1.0,3,0,1,0,0,1,0,0,0,0,0,0,0,0,0,0,0,0,0,1,0
130,1,11,1,1,1,0,0,6250000.0,3,1,2.0,3,0,0,0,1,1,0,0,0,0,0,0,0,1,0,0,0,0,0,0,0
110,1,0,0,1,1,1,0,4100000.0,2,1,4.0,3,0,1,0,0,1,0,0,0,0,0,0,0,0,0,0,0,0,0,0,1
130,1,11,1,1,0,1,0,4750000.0,3,1,2.0,1,0,0,0,1,1,0,0,0,0,0,0,0,0,0,0,1,0,0,0,0
130,1,26,1,1,0,0,0,3125000.0,3,1,5.0,3,0,0,0,1,2,0,0,0,0,0,0,0,0,0,0,1,0,0,0,0
170,1,0,0,0,1,0,0,4100000.0,3,1,3.0,3,2,1,0,0,1,1,0,0,0,0,0,0,0,0,0,0,0,0,0,0
135,1,6,1,0,0,0,0,4100000.0,3,1,3.0,3,0,1,0,0,1,0,0,0,0,0,0,0,0,0,0,0,0,0,0,1
95,1,0,0,0,0,1,0,3900000.0,2,1,2.0,3,0,1,0,0,1,0,0,0,0,0,0,0,0,0,0,0,0,0,0,1
200,1,0,0,0,0,0,0,5300000.0,3,1,3.0,2,2,1,0,0,2,0,0,0,0,0,0,0,1,0,0,0,0,0,0,0
105,1,4,0,0,0,1,0,3250000.0,2,1,5.0,3,0,1,0,0,1,0,0,0,0,0,0,0,0,0,0,0,0,0,0,1
120,1,0,0,1,0,0,0,5250000.0,3,1,3.0,3,0,1,0,0,1,0,0,0,0,0,0,0,0,0,0,0,0,0,0,1
160,1,5,0,1,0,0,0,4250000.0,3,1,0.5,3,0,1,0,0,1,0,0,0,0,0,0,0,0,0,0,0,0,0,0,1
130,1,21,0,1,0,0,0,4100000.0,3,1,3.0,3,0,1,0,0,2,0,0,0,0,0,0,0,0,0,0,0,0,0,0,1
240,2,11,0,1,0,1,0,6850000.0,5,1,3.0,3,0,0,0,1,1,0,0,0,0,0,0,0,0,0,0,0,0,0,0,1
125,1,31,0,0,0,0,0,5300000.0,3,1,3.0,1,0,0,0,1,1,0,0,0,0,0,0,0,0,0,0,1,0,0,0,0
120,1,6,0,1,1,1,0,3850000.0,3,1,2.0,3,0,0,0,1,1,1,0,0,0,0,0,0,0,0,0,0,0,0,0,0
130,1,16,0,1,1,1,0,3150000.0,3,1,2.0,3,0,0,0,1,2,0,0,0,0,0,0,0,0,0,0,0,0,0,1,0
180,2,1,0,1,1,1,1,3150000.0,3,1,3.0,3,0,1,0,0,1,1,0,0,0,0,0,0,0,0,0,0,0,0,0,0
140,1,0,0,0,0,1,0,5250.0,3,1,3.0,3,0,1,0,0,1,0,0,0,0,0,0,0,0,0,0,0,0,0,1,0
105,1,0,0,1,1,0,0,2850000.0,2,1,2.0,3,2,1,0,0,1,1,0,0,0,0,0,0,0,0,0,0,0,0,0,0
141,1,23,1,0,0,0,0,4900000.0,3,1,3.0,0,0,1,0,0,2,0,0,0,0,0,0,0,1,0,0,0,0,0,0,0
135,1,20,0,0,0,0,0,1850000.0,2,1,5.0,3,0,1,0,0,2,1,0,0,0,0,0,0,0,0,0,0,0,0,0,0
125,1,30,0,0,0,0,0,2500000.0,3,1,0.0,1,0,0,1,0,1,1,0,0,0,0,0,0,0,0,0,0,0,0,0,0
189,1,45,0,0,0,0,0,1650000.0,2,1,3.0,1,0,1,0,0,0,0,0,0,0,0,0,0,0,0,0,0,0,0,0,1
55,1,0,0,1,1,1,0,2390000.0,1,1,1.0,3,0,1,0,0,1,1,0,0,0,0,0,0,0,0,0,0,0,0,0,0
50,1,2,0,0,0,0,0,3200000.0,1,1,0.5,1,0,1,0,0,0,0,0,0,0,0,0,0,1,0,0,0,0,0,0,0
110,1,21,1,0,0,0,0,2290000.0,3,1,4.0,3,0,0,0,1,2,0,0,0,0,0,0,0,0,0,0,0,0,0,1,0
100,1,35,0,0,0,0,0,1650000.0,2,1,3.0,1,0,1,0,0,2,0,0,0,0,0,0,0,0,0,1,0,0,0,0,0
80,1,0,1,1,1,1,0,4250000.0,2,1,3.0,3,2,1,0,0,1,0,0,0,0,0,0,0,0,0,0,0,0,0,0,1
130,1,7,0,1,1,0,0,3180000.0,3,1,3.0,3,0,1,0,0,1,1,0,0,0,0,0,0,0,0,0,0,0,0,0,0
55,1,0,0,0,1,0,0,3125000.0,1,1,5.0,2,0,1,0,0,1,0,0,0,0,0,0,0,0,0,0,0,0,0,1,0
120,1,16,1,0,0,0,0,1950000.0,3,1,1.0,0,0,1,0,0,2,0,0,0,0,0,0,0,0,0,0,0,0,0,1,0
70,1,21,0,0,0,0,0,1500000.0,2,0,0.0,1,0,1,0,0,0,0,0,0,0,0,0,0,0,0,0,0,0,0,1,0
160,1,7,1,1,1,1,0,4500000.0,3,1,0.0,2,0,1,0,0,1,0,0,0,0,0,0,0,1,0,0,0,0,0,0,0
179,2,5,1,1,1,0,0,6500000.0,4,1,8.0,3,0,0,1,0,1,0,0,0,0,0,0,0,0,0,0,0,0,0,1,0
150,2,1,1,0,1,0,0,4350000.0,3,1,2.0,3,0,1,0,0,1,0,0,0,0,0,0,0,0,0,0,0,0,0,0,1
58,1,0,1,0,1,1,0,2900000.0,1,1,3.0,3,0,1,0,0,1,0,0,0,0,0,0,0,0,0,0,0,0,0,0,1
110,2,0,1,0,0,1,0,3950000.0,2,1,9.0,2,0,0,0,1,1,0,0,0,0,0,0,0,0,0,0,0,0,0,1,0
160,1,34,0,1,0,1,0,3875000.0,3,1,0.0,3,0,1,0,0,1,0,0,0,0,0,0,0,0,0,0,1,0,0,0,0
153,1,0,0,1,1,1,0,5250000.0,3,1,3.0,3,2,1,0,0,2,0,0,0,0,0,0,0,0,0,0,0,0,0,1,0
130,2,26,1,1,1,0,0,3500000.0,3,0,2.0,3,0,1,0,0,2,0,0,0,0,0,0,0,0,0,0,1,0,0,0,0
100,1,6,1,0,0,0,0,2685000.0,2,1,0.5,3,0,0,1,0,1,0,0,0,0,0,0,0,0,0,0,0,0,0,0,1
125,1,8,1,1,1,0,0,4100000.0,3,1,2.0,3,0,1,0,0,1,0,0,0,0,0,0,0,0,0,0,0,0,0,0,1
130,1,1,0,1,1,0,0,3450000.0,3,1,5.0,3,0,1,0,0,2,0,0,0,0,0,0,0,0,0,0,0,0,0,1,0
117,1,25,0,1,0,0,0,3300000.0,3,1,1.0,3,0,0,1,0,2,0,0,0,0,0,0,0,1,0,0,0,0,0,0,0
110,1,5,0,1,0,1,0,6575000.0,2,1,2.0,3,0,1,0,0,1,0,0,0,0,0,0,0,0,0,0,0,0,0,0,1
95,1,5,0,1,0,0,0,3400000.0,2,1,4.0,3,0,0,0,1,1,0,0,0,0,0,0,0,0,0,0,0,0,0,0,1
60,1,1,0,0,0,1,0,2500000.0,2,1,3.0,1,0,0,0,1,1,0,0,0,0,0,0,0,0,0,0,0,0,0,0,1
95,1,30,0,0,0,0,0,1950000.0,2,1,4.0,1,0,1,0,0,2,0,0,0,0,0,0,0,0,0,0,0,0,0,1,0
135,1,6,0,0,0,0,0,2550000.0,3,1,3.0,3,0,1,0,0,1,0,0,0,0,0,0,0,0,0,0,0,0,0,1,0
118,1,21,1,0,0,0,0,1875000.0,3,1,4.0,3,0,1,0,0,2,1,0,0,0,0,0,0,0,0,0,0,0,0,0,0
115,1,11,0,0,0,0,0,2380000.0,3,1,0.0,3,0,0,0,1,2,0,0,0,0,0,0,0,0,0,0,0,0,0,1,0
75,1,1,0,0,1,1,0,3050000.0,2,1,3.0,3,0,1,0,0,1,0,0,0,0,0,0,0,0,0,1,0,0,0,0,0
150,1,15,0,0,0,0,0,4250000.0,3,1,4.0,3,0,1,0,0,2,0,0,0,0,0,0,0,1,0,0,0,0,0,0,0
95,1,1,1,1,1,1,0,5475000.0,2,1,2.0,3,0,1,0,0,1,0,0,0,0,0,0,0,0,0,0,0,0,0,0,1
110,1,0,1,1,1,0,0,3800000.0,2,1,2.0,3,0,1,0,0,1,0,0,0,0,0,0,0,0,0,0,0,0,0,1,0
140,2,1,0,1,1,0,0,5350000.0,3,1,1.0,3,0,1,0,0,2,0,0,0,0,0,0,0,0,0,0,0,0,0,1,0
135,1,0,0,1,1,1,0,3100000.0,3,1,3.0,3,2,1,0,0,2,1,0,0,0,0,0,0,0,0,0,0,0,0,0,0
142,1,26,0,0,0,1,0,2250000.0,2,1,1.0,1,0,1,0,0,2,0,0,0,0,0,0,0,0,0,0,0,0,0,1,0
135,1,28,1,0,1,1,0,2850000.0,3,1,3.0,3,0,0,0,1,2,1,0,0,0,0,0,0,0,0,0,0,0,0,0,0
130,1,18,0,0,1,0,0,3950000.0,3,1,0.5,3,0,1,0,0,1,0,0,0,0,0,0,0,0,0,0,1,0,0,0,0
130,1,7,0,0,0,0,0,2200000.0,3,1,5.0,1,0,0,0,1,1,0,0,0,0,0,1,0,0,0,0,0,0,0,0,0
85,2,0,0,1,1,1,0,3100000.0,2,1,1.0,3,2,1,0,0,2,1,0,0,0,0,0,0,0,0,0,0,0,0,0,0
95,1,4,0,1,1,0,0,3425000.0,2,1,3.0,3,0,0,1,0,2,0,0,0,0,0,0,0,1,0,0,0,0,0,0,0
185,2,0,0,1,0,1,0,4390000.0,3,1,4.0,3,0,1,0,0,0,0,0,0,0,0,0,0,0,0,0,0,0,0,1,0
140,1,25,0,1,0,0,0,3400000.0,3,2,2.0,3,0,1,0,0,1,0,0,0,0,0,0,0,1,0,0,0,0,0,0,0
130,1,26,0,0,0,0,0,1750000.0,3,1,0.0,1,0,1,0,0,1,1,0,0,0,0,0,0,0,0,0,0,0,0,0,0
67,1,24,0,0,0,0,0,1550000.0,2,1,3.0,1,0,1,0,0,2,1,0,0,0,0,0,0,0,0,0,0,0,0,0,0
95,2,0,0,1,0,1,0,2950000.0,2,0,0.5,3,2,1,0,0,2,0,0,0,0,0,0,0,0,0,0,0,0,0,0,1
130,1,25,0,0,0,0,0,4800000.0,3,1,-2.0,3,0,1,0,0,1,0,0,0,0,0,0,0,0,0,0,1,0,0,0,0
100,1,5,0,0,0,0,0,2450000.0,2,1,1.0,3,0,1,0,0,2,0,0,0,0,0,0,0,0,0,0,1,0,0,0,0
114,1,6,0,1,0,0,0,3850000.0,3,1,4.0,3,0,1,0,0,2,0,0,0,0,0,0,0,0,0,0,0,0,0,1,0
145,2,1,1,1,1,0,0,4350000.0,3,1,4.0,3,0,1,0,0,2,1,0,0,0,0,0,0,0,0,0,0,0,0,0,0
135,1,6,0,0,0,0,0,2045000.0,3,1,3.0,3,0,1,0,0,1,0,0,0,0,0,0,0,1,0,0,0,0,0,0,0
135,1,6,0,0,0,0,0,4300000.0,3,1,3.0,3,0,1,0,0,1,0,0,0,0,0,0,0,0,0,0,1,0,0,0,0
140,1,1,1,1,0,1,1,3600000.0,3,1,4.0,3,0,1,0,0,2,0,0,0,0,0,0,0,0,0,1,0,0,0,0,0
55,1,25,0,0,0,1,0,2750000.0,1,1,0.0,3,0,0,1,0,1,0,0,0,0,0,0,0,0,0,0,1,0,0,0,0
55,1,1,0,0,0,1,0,2950000.0,1,1,2.0,3,0,1,0,0,1,0,0,0,0,0,0,0,0,0,0,0,0,0,0,1
200,1,5,0,1,1,1,0,5900000.0,3,1,3.0,3,0,0,0,1,2,0,0,0,0,0,0,0,1,0,0,0,0,0,0,0
120,1,26,0,1,1,0,0,5100000.0,3,1,5.0,3,0,0,0,1,1,0,0,0,0,0,0,0,0,0,0,0,0,0,0,1
130,1,20,1,1,1,0,0,3950000.0,3,1,3.0,3,0,1,0,0,1,0,0,0,0,0,0,0,0,0,0,1,0,0,0,0
300,1,26,0,0,0,0,0,340000.0,2,1,3.0,1,0,0,0,1,0,0,0,0,0,0,0,0,0,1,0,0,0,0,0,0
100,1,7,1,0,0,0,0,3500000.0,2,1,4.0,3,0,0,0,1,2,0,0,0,0,0,0,0,0,0,0,0,0,0,1,0
95,1,3,0,0,1,1,0,2850000.0,2,1,0.5,3,0,1,0,0,1,0,0,0,0,0,0,0,0,0,0,0,0,0,0,1
105,1,25,1,1,0,1,0,3590000.0,3,1,3.0,3,0,1,0,0,2,0,0,0,0,0,0,0,0,0,0,1,0,0,0,0
135,1,6,0,0,0,0,0,4500000.0,3,1,3.0,3,0,1,0,0,1,0,0,0,0,0,0,0,0,0,0,0,0,0,0,1
95,1,0,0,1,1,1,0,3150000.0,2,1,4.0,3,0,1,0,0,1,0,0,0,0,0,0,0,0,0,0,0,0,0,1,0
152,2,1,1,1,1,0,0,4650000.0,3,1,4.0,2,0,1,0,0,1,0,0,0,0,0,0,0,0,0,0,0,0,0,1,0
210,2,6,0,0,1,0,0,4400000.0,4,1,4.0,3,0,1,0,0,2,0,0,0,0,0,0,0,1,0,0,0,0,0,0,0
127,1,1,1,1,1,0,0,4500000.0,3,1,4.0,3,0,1,0,0,2,0,0,0,0,0,0,0,0,0,0,0,0,0,1,0
155,2,15,1,1,1,0,0,4500000.0,3,1,5.0,3,0,1,0,0,2,0,0,0,0,0,0,0,0,0,0,0,0,0,1,0
200,2,0,1,1,1,0,0,3850000.0,4,1,5.0,3,2,1,0,0,1,1,0,0,0,0,0,0,0,0,0,0,0,0,0,0
110,1,0,0,0,0,1,0,3500000.0,3,0,0.5,3,2,1,0,0,2,0,0,0,0,0,0,0,0,0,0,0,0,0,0,1
105,1,7,0,0,1,1,0,4750000.0,2,1,3.0,3,0,0,1,0,1,1,0,0,0,0,0,0,0,0,0,0,0,0,0,0
130,1,30,0,1,1,1,0,4450000.0,3,1,0.5,3,0,1,0,0,2,0,0,0,0,0,0,0,0,0,0,1,0,0,0,0
135,1,13,1,1,1,0,0,6875000.0,3,1,5.0,3,0,1,0,0,1,0,0,0,0,0,0,0,0,0,0,0,0,0,0,1
130,1,7,1,1,1,1,0,3950000.0,3,1,1.0,3,0,1,0,0,1,0,0,0,0,0,0,0,0,0,0,0,0,0,0,1
245,1,3,1,1,1,0,0,5250000.0,4,1,3.0,3,0,0,0,1,2,0,0,0,0,0,0,0,0,0,0,0,0,0,0,1
90,1,27,0,0,0,1,0,1685000.0,2,1,5.0,1,0,1,0,0,2,1,0,0,0,0,0,0,0,0,0,0,0,0,0,0
135,1,6,0,0,0,0,0,2900000.0,3,1,3.0,3,0,1,0,0,1,0,0,0,0,0,0,0,0,0,0,0,0,0,1,0
100,1,4,1,1,1,0,0,3300000.0,2,1,1.0,3,0,0,0,1,1,0,0,0,0,0,0,0,0,0,0,0,0,0,0,1
110,1,1,0,1,1,1,0,3500000.0,2,1,1.0,3,0,1,0,0,1,0,0,0,0,0,0,0,0,0,0,0,0,0,1,0
110,1,0,1,1,0,1,0,3800000.0,2,1,2.0,3,0,1,0,0,1,0,0,0,0,0,0,0,1,0,0,0,0,0,0,0
120,1,1,1,1,1,0,0,3425000.0,3,1,3.0,3,0,1,0,0,2,0,0,0,0,0,0,0,1,0,0,0,0,0,0,0
125,1,2,0,1,0,0,0,3850000.0,3,1,3.0,3,2,1,0,0,1,1,0,0,0,0,0,0,0,0,0,0,0,0,0,0
130,1,1,0,1,1,1,0,3500000.0,3,1,1.0,3,0,0,0,1,1,1,0,0,0,0,0,0,0,0,0,0,0,0,0,0
120,1,15,0,1,1,0,0,7000000.0,3,1,3.0,1,0,0,0,1,1,0,0,0,0,0,0,0,1,0,0,0,0,0,0,0
135,1,0,1,1,1,0,0,5700000.0,3,1,4.0,0,2,1,0,0,1,0,0,0,0,0,0,0,1,0,0,0,0,0,0,0
140,2,5,0,1,0,1,0,4600000.0,3,1,2.0,3,0,1,0,0,2,0,0,0,0,0,0,0,0,0,0,0,0,0,0,1
58,1,4,1,0,0,0,1,2100000.0,1,1,2.0,1,0,1,0,0,2,0,1,0,0,0,0,0,0,0,0,0,0,0,0,0
135,1,16,0,0,0,0,0,3750000.0,3,1,4.0,3,0,0,1,0,2,0,0,0,0,0,0,0,0,0,0,0,0,0,1,0
140,2,0,0,0,1,1,0,4550000.0,3,1,3.0,3,0,1,0,0,2,1,0,0,0,0,0,0,0,0,0,0,0,0,0,0
132,2,0,0,0,1,0,0,4100000.0,3,1,1.0,3,0,1,0,0,1,1,0,0,0,0,0,0,0,0,0,0,0,0,0,0
150,2,0,1,1,1,1,0,6000000.0,3,1,2.0,3,0,1,0,0,2,0,0,0,0,0,0,0,0,0,0,0,0,0,1,0
95,1,0,0,1,1,0,0,2950000.0,2,1,4.0,3,2,1,0,0,1,1,0,0,0,0,0,0,0,0,0,0,0,0,0,0
100,1,0,1,1,1,1,0,3490000.0,2,1,3.0,3,0,1,0,0,2,0,0,0,0,0,0,0,0,0,0,0,0,0,1,0
130,1,21,0,1,1,1,0,4150000.0,3,1,3.0,3,0,1,0,0,1,0,0,0,0,0,0,0,0,0,0,0,0,0,0,1
180,2,15,1,1,1,0,1,4750000.0,3,1,3.0,3,0,1,0,0,2,0,0,0,0,0,0,0,0,0,0,0,0,0,1,0
115,1,26,0,1,0,1,0,3875000.0,3,1,3.0,3,0,1,0,0,1,0,0,0,0,0,0,0,0,0,0,1,0,0,0,0
200,1,21,1,0,0,0,0,5400000.0,4,1,1.0,3,0,0,0,1,1,0,0,0,0,0,0,0,0,0,0,0,0,0,1,0
127,1,15,1,1,1,1,0,5450000.0,3,1,6.0,3,0,0,0,1,2,0,0,0,0,0,0,0,0,0,0,1,0,0,0,0
135,1,11,1,0,1,1,0,3875000.0,3,1,0.5,3,0,1,0,0,2,0,0,0,0,0,0,0,0,0,0,0,0,1,0,0
85,1,1,0,1,1,0,0,3900000.0,2,1,2.0,3,0,1,0,0,1,0,0,0,0,0,0,0,0,0,0,0,0,0,0,1
125,1,6,1,0,1,1,0,3500000.0,3,1,4.0,3,0,0,1,0,2,0,0,0,0,0,0,0,0,0,0,0,0,0,1,0
80,1,3,0,0,0,0,0,5750000.0,2,1,0.0,3,0,0,0,1,1,0,0,0,0,0,0,0,0,0,0,0,0,0,0,1
135,2,0,0,1,1,0,0,4150000.0,3,1,5.0,3,2,1,0,0,1,0,0,0,0,0,0,0,1,0,0,0,0,0,0,0
105,1,5,0,1,0,0,1,3900000.0,2,1,2.0,3,0,0,1,0,1,1,0,0,0,0,0,0,0,0,0,0,0,0,0,0
135,1,6,0,0,0,1,0,4600000.0,3,1,2.0,3,0,1,0,0,2,0,0,0,0,0,0,0,0,0,0,0,0,0,1,0
115,1,16,1,1,1,0,0,3950000.0,2,1,3.0,3,0,0,0,1,2,0,0,0,0,0,0,0,0,0,0,0,0,0,1,0
102,2,0,0,1,1,1,0,4100000.0,2,1,5.0,3,2,1,0,0,1,0,0,0,0,0,0,0,0,0,0,0,0,0,1,0
175,1,12,0,1,0,0,0,6500000.0,3,1,2.0,3,0,0,0,1,1,0,0,0,0,0,0,0,1,0,0,0,0,0,0,0
95,1,4,1,0,0,1,0,3700000.0,2,1,0.5,3,0,0,0,1,1,0,0,0,0,0,0,0,0,0,0,0,0,0,0,1
160,2,5,0,0,1,1,0,5500000.0,3,1,-2.0,3,0,0,0,1,1,0,0,0,0,0,0,0,1,0,0,0,0,0,0,0
200,2,0,0,0,1,0,0,4440000.0,4,1,4.0,3,0,1,0,0,2,0,0,0,0,0,0,0,0,0,0,0,0,0,1,0
134,2,0,0,1,1,0,0,5600000.0,3,1,3.0,3,0,1,0,0,2,0,0,0,0,0,0,0,0,0,0,0,0,0,1,0
125,1,25,1,1,0,0,0,4700000.0,3,1,3.0,3,0,0,0,1,2,0,0,0,0,0,0,0,0,0,0,1,0,0,0,0
95,1,1,1,1,0,1,0,3500000.0,2,1,2.0,3,0,1,0,0,1,0,0,0,0,0,0,0,0,0,0,0,0,0,0,1
280,3,1,1,1,1,1,0,5250000.0,5,1,5.0,3,0,1,0,0,1,0,0,0,0,0,0,0,0,0,0,0,0,0,0,1
130,1,0,1,1,1,0,0,4750000.0,3,1,2.0,3,0,1,0,0,1,0,0,0,0,0,0,0,0,0,0,0,0,0,1,0
130,1,6,0,0,1,0,0,3490000.0,3,1,4.0,3,0,0,1,0,2,0,0,0,0,0,0,0,0,0,0,0,0,0,1,0
155,2,11,1,1,1,1,0,4500000.0,3,1,4.0,3,0,1,0,0,2,0,0,0,0,0,0,0,0,0,0,0,0,0,1,0
250,3,4,0,0,0,1,0,5000000.0,5,1,4.0,3,0,0,0,1,1,0,0,0,0,0,0,0,0,0,0,0,0,0,0,1
130,1,21,0,1,1,0,0,4500000.0,3,1,3.0,3,0,1,0,0,1,0,0,0,0,0,0,0,0,0,0,0,0,0,0,1
95,1,11,0,1,1,1,0,4250000.0,2,1,0.5,3,0,0,0,1,2,0,0,0,0,0,0,0,0,0,0,0,0,0,0,1
60,1,25,0,0,0,1,0,2550000.0,1,1,0.0,1,0,1,0,0,1,0,0,0,0,0,0,0,0,0,0,1,0,0,0,0
85,1,1,0,1,1,1,0,3050000.0,2,1,0.5,3,0,1,0,0,2,0,0,0,0,0,0,0,0,0,0,0,0,0,0,1
75,1,4,0,0,0,0,1,2500000.0,2,1,0.0,1,0,1,0,0,0,0,0,0,0,0,0,0,0,0,0,0,0,0,1,0
120,1,25,1,1,0,1,0,4350000.0,3,1,3.0,3,0,1,0,0,2,0,0,0,0,0,0,0,0,0,0,0,0,0,0,1
85,1,1,0,1,0,0,0,2900000.0,2,1,0.5,3,0,1,0,0,1,0,0,0,0,0,0,0,0,0,0,0,0,0,0,1
135,1,1,1,1,1,0,0,4250000.0,3,1,3.0,3,0,0,0,1,1,0,0,0,0,0,0,0,0,0,0,0,0,0,0,1
180,2,1,0,1,0,0,0,6700000.0,4,1,2.0,3,0,0,0,1,1,0,0,0,0,0,0,0,0,0,0,0,0,0,0,1
50,1,7,0,0,1,0,1,2650000.0,1,1,2.0,3,0,1,0,0,1,0,0,0,0,0,0,0,0,0,0,0,0,0,0,1
90,1,1,0,0,1,0,0,3900000.0,2,1,2.0,3,0,1,0,0,1,0,0,0,0,0,0,0,0,0,0,0,0,0,0,1
135,1,6,0,0,0,0,0,4650000.0,3,1,3.0,3,0,1,0,0,1,0,0,0,0,0,0,0,0,0,0,0,0,0,0,1
280,2,22,1,1,1,1,0,6000000.0,4,1,4.0,3,0,0,0,1,1,0,0,0,0,0,0,0,0,0,0,0,0,0,0,1
92,1,1,0,1,0,0,0,2550000.0,2,0,4.0,3,0,0,1,0,2,1,0,0,0,0,0,0,0,0,0,0,0,0,0,0
80,1,21,0,1,1,1,0,2950000.0,2,1,2.0,3,0,1,0,0,1,0,0,0,0,0,0,0,0,0,0,1,0,0,0,0
90,2,1,0,1,1,1,0,3600000.0,2,1,2.0,3,0,1,0,0,2,1,0,0,0,0,0,0,0,0,0,0,0,0,0,0
130,2,0,1,1,0,1,0,4500000.0,3,1,3.0,3,0,1,0,0,1,0,0,0,0,0,0,0,0,0,0,0,0,0,1,0
145,1,20,0,1,1,0,0,4600000.0,3,1,3.0,3,0,1,0,0,2,0,0,0,0,0,0,0,1,0,0,0,0,0,0,0
130,1,1,1,1,0,0,0,4250000.0,3,1,3.0,3,0,1,0,0,1,0,0,0,0,0,0,0,0,0,0,0,0,0,1,0
160,1,21,1,1,1,0,0,3500000.0,3,1,6.0,3,0,0,0,1,2,0,0,0,0,0,0,0,1,0,0,0,0,0,0,0
310,3,0,0,1,1,1,0,5500000.0,5,1,5.0,3,0,1,0,0,2,0,0,0,0,0,0,0,0,0,0,0,0,0,1,0
250,2,1,1,1,1,0,0,4740000.0,4,2,4.0,3,0,1,0,0,1,0,0,0,0,0,0,0,0,0,0,0,0,0,0,1
120,1,25,1,1,0,1,0,4800000.0,3,1,3.0,3,0,1,0,0,1,0,0,0,0,0,0,0,0,0,0,1,0,0,0,0
100,1,21,0,1,0,1,0,3650000.0,3,1,5.0,3,0,1,0,0,1,0,0,0,0,0,0,0,0,0,0,0,0,0,0,1
130,1,16,1,1,1,1,0,3600000.0,3,1,3.0,3,0,1,0,0,1,0,0,0,0,0,0,0,0,0,0,0,0,0,1,0
115,2,1,0,0,1,1,0,3500000.0,3,1,0.5,3,0,1,0,0,1,0,0,0,0,0,0,0,0,0,0,0,0,0,0,1
125,1,26,1,1,1,1,0,4150000.0,3,1,3.0,3,0,1,0,0,1,0,0,0,0,0,0,0,0,0,0,0,0,0,0,1
95,1,1,0,1,0,0,0,3450000.0,2,1,1.0,3,0,1,0,0,1,0,0,0,0,0,0,0,0,0,0,0,0,0,0,1
141,1,11,0,1,0,0,0,2500000.0,3,1,3.0,3,0,0,1,0,1,0,0,0,0,0,0,0,0,0,0,0,0,0,1,0
125,1,4,0,0,1,1,0,4250000.0,3,1,2.0,3,0,1,0,0,1,0,0,0,0,0,0,0,0,0,0,0,0,0,0,1
125,1,5,0,1,1,1,0,4500000.0,3,1,2.0,3,0,0,0,1,2,0,0,0,0,0,0,0,0,0,0,0,0,0,0,1
230,2,1,0,1,1,1,0,4600000.0,5,1,3.0,3,0,1,0,0,1,1,0,0,0,0,0,0,0,0,0,0,0,0,0,0
116,1,5,0,1,1,0,0,7200000.0,2,1,3.0,1,0,0,1,0,1,0,0,0,0,0,0,0,1,0,0,0,0,0,0,0
231,1,10,0,1,0,0,0,3600000.0,3,1,5.0,3,2,1,0,0,1,0,0,0,0,0,0,0,1,0,0,0,0,0,0,0
135,2,0,1,0,1,1,0,6200000.0,3,1,3.0,3,2,1,0,0,1,0,0,0,0,0,0,0,1,0,0,0,0,0,0,0
100,1,1,0,0,1,0,0,4200000.0,2,1,2.0,3,0,1,0,0,2,0,0,0,0,0,0,0,0,0,0,0,0,0,1,0
110,1,1,0,0,1,1,0,4100000.0,2,1,4.0,3,0,1,0,0,1,0,0,0,0,0,0,0,0,0,0,0,0,0,0,1
85,1,0,0,0,0,0,0,3600000.0,2,1,4.0,3,0,1,0,0,1,0,0,0,0,0,0,0,0,0,0,0,0,0,0,1
100,1,1,0,0,1,0,0,3400000.0,2,1,0.5,3,0,1,0,0,1,0,0,0,0,0,0,0,0,0,0,0,0,0,0,1
125,2,1,1,1,0,0,0,3950000.0,3,1,3.0,3,0,1,0,0,2,0,0,0,0,0,0,0,0,0,0,0,0,0,1,0
105,1,0,0,0,0,0,0,4000000.0,2,1,2.0,3,2,1,0,0,2,0,0,0,0,0,0,0,0,0,0,0,0,0,1,0
140,2,1,0,0,1,1,0,4100000.0,3,1,0.5,3,0,1,0,0,1,0,0,0,0,0,0,0,0,0,0,0,0,0,0,1
140,1,25,1,1,0,0,0,3900000.0,3,1,1.0,3,0,1,0,0,1,0,0,0,0,0,0,0,0,0,0,1,0,0,0,0
75,1,11,0,0,0,0,0,1600000.0,2,1,2.0,3,0,1,0,0,2,0,0,0,0,0,0,0,0,0,0,0,0,0,1,0
135,1,0,0,1,1,1,0,3250000.0,3,1,1.0,3,0,1,0,0,2,1,0,0,0,0,0,0,0,0,0,0,0,0,0,0
195,1,0,1,1,0,0,0,5200000.0,5,1,3.0,3,2,1,0,0,2,0,0,0,0,0,0,0,0,0,0,1,0,0,0,0
140,1,6,0,1,1,0,0,4300000.0,3,1,2.0,3,0,0,1,0,1,0,0,0,0,0,0,0,0,0,0,0,0,0,0,1
105,1,5,0,0,1,0,0,3650000.0,2,1,4.0,3,0,0,0,1,1,0,0,0,0,0,0,0,0,0,0,0,0,0,0,1
90,1,7,0,0,0,0,0,2690000.0,2,1,3.0,3,0,0,1,0,1,0,0,0,0,0,0,0,0,0,0,0,0,0,1,0
100,1,25,0,1,0,0,0,3300000.0,2,1,2.0,3,0,0,1,0,2,0,0,0,0,0,0,0,1,0,0,0,0,0,0,0
120,1,5,0,1,1,0,0,3750000.0,3,1,2.0,3,0,1,0,0,2,0,0,0,0,0,0,0,0,0,0,0,0,0,1,0
120,1,1,0,1,0,0,0,3695000.0,3,1,3.0,3,0,1,0,0,1,0,0,0,0,0,0,0,0,0,1,0,0,0,0,0
158,1,30,1,1,0,1,0,6600000.0,3,1,2.0,3,0,0,0,1,1,0,0,0,0,0,0,0,0,0,0,0,0,0,0,1
140,1,6,0,0,0,0,1,2750000.0,3,1,0.0,1,0,0,0,1,2,0,0,0,0,0,0,0,0,0,1,0,0,0,0,0
160,1,25,0,1,1,0,0,3950000.0,3,1,0.5,3,0,1,0,0,1,0,0,0,0,0,0,0,0,0,0,0,0,0,0,1
140,2,0,0,0,0,0,0,3850000.0,3,1,2.0,3,0,1,0,0,1,1,0,0,0,0,0,0,0,0,0,0,0,0,0,0
96,1,0,1,1,1,0,1,3550000.0,2,1,2.0,3,2,1,0,0,1,1,0,0,0,0,0,0,0,0,0,0,0,0,0,0
210,2,3,1,0,1,1,0,6500000.0,4,1,3.0,3,0,0,0,1,1,1,0,0,0,0,0,0,0,0,0,0,0,0,0,0
95,1,0,0,1,1,1,0,3850000.0,2,1,0.5,3,0,1,0,0,1,0,0,0,0,0,0,0,0,0,0,0,0,0,0,1
145,1,3,0,0,1,1,0,4500000.0,3,1,3.0,3,0,1,0,0,1,0,0,0,0,0,0,0,0,0,0,0,0,0,0,1
83,1,0,0,1,0,0,1,3400000.0,2,1,4.0,3,2,1,0,0,1,0,0,0,0,0,0,0,0,0,0,0,0,0,0,1
250,2,5,0,1,1,1,0,5250000.0,5,1,4.0,3,0,0,0,1,1,1,0,0,0,0,0,0,0,0,0,0,0,0,0,0
145,1,0,1,1,1,1,0,5000000.0,3,1,3.0,3,2,1,0,0,1,0,0,0,0,0,0,0,0,0,0,0,0,0,0,1
130,1,4,0,1,1,1,0,4350000.0,3,1,4.0,3,0,1,0,0,1,0,0,0,0,0,0,0,0,0,0,0,0,0,0,1
105,1,21,0,1,1,1,0,3890000.0,2,1,4.0,3,0,1,0,0,2,0,0,0,0,0,0,0,0,0,0,0,0,0,0,1
95,1,1,0,1,0,1,0,3200000.0,2,1,4.0,3,0,0,1,0,1,0,0,0,0,0,0,0,0,0,0,0,0,0,0,1
80,1,0,0,0,0,0,0,3500000.0,2,1,2.0,3,0,1,0,0,1,0,0,0,0,0,0,0,0,0,0,0,0,0,0,1
188,1,20,0,0,0,0,0,870000.0,2,2,3.0,3,0,1,0,0,2,0,0,0,0,0,1,0,0,0,0,0,0,0,0,0
180,2,4,1,1,0,0,0,4400000.0,4,1,5.0,3,0,1,0,0,1,0,0,0,0,0,0,0,0,0,0,0,0,0,0,1
135,1,21,0,0,0,0,0,2500000.0,3,1,3.0,3,0,0,1,0,1,0,0,0,0,0,0,0,0,0,0,0,0,0,1,0
150,2,4,1,1,0,1,0,5750000.0,3,1,2.0,3,0,0,1,0,1,0,0,0,0,0,0,0,0,0,0,0,0,0,0,1
60,1,1,0,1,1,0,0,3500000.0,1,1,3.0,3,0,1,0,0,1,0,0,0,0,0,0,0,0,0,0,0,0,0,0,1
130,1,0,1,1,1,0,0,4250000.0,3,1,4.0,3,0,1,0,0,2,0,0,0,0,0,0,0,0,0,0,0,0,0,1,0
140,1,1,0,1,0,0,0,4100000.0,3,1,2.0,3,0,1,0,0,1,1,0,0,0,0,0,0,0,0,0,0,0,0,0,0
100,2,0,0,1,0,0,0,3950000.0,2,1,2.0,3,0,1,0,0,1,0,0,0,0,0,0,0,0,0,0,0,0,0,0,1
85,1,0,0,1,0,0,0,3650000.0,2,1,0.5,3,0,1,0,0,1,0,0,0,0,0,0,0,0,0,0,0,0,0,0,1
90,1,0,0,0,0,1,0,3500000.0,2,1,3.0,3,0,1,0,0,1,0,0,0,0,0,0,0,0,0,0,0,0,0,0,1
105,1,0,0,0,0,1,0,4000000.0,2,1,2.0,3,0,1,0,0,2,0,0,0,0,0,0,0,0,0,0,0,0,0,1,0
65,1,0,0,0,0,0,0,2800000.0,1,1,2.0,3,0,1,0,0,1,0,0,0,0,0,0,0,0,0,0,0,0,0,0,1
140,2,0,0,0,1,0,0,6800000.0,3,1,2.0,3,0,1,0,0,1,0,0,0,0,0,0,0,0,0,0,0,0,0,1,0
130,1,11,1,1,1,0,0,2350000.0,3,1,4.0,3,0,0,1,0,2,0,0,0,0,0,0,0,0,0,0,0,0,0,1,0
155,1,5,1,0,0,0,0,5500000.0,3,1,1.0,3,0,0,0,1,0,0,0,0,0,0,0,0,0,0,0,0,0,0,1,0
115,1,25,0,0,0,0,0,2000000.0,2,1,5.0,1,0,0,1,0,1,0,0,0,0,0,0,0,0,0,0,0,0,0,1,0
140,2,26,1,1,1,0,0,5700000.0,3,1,4.0,3,0,1,0,0,1,0,0,0,0,0,0,0,0,0,0,1,0,0,0,0
100,1,1,1,1,1,1,0,3850000.0,3,1,1.0,3,0,1,0,0,1,0,0,0,0,0,0,0,0,0,0,0,0,0,0,1
150,1,6,1,1,0,0,0,5150000.0,3,1,4.0,3,0,1,0,0,1,0,0,0,0,0,0,0,0,0,0,0,0,0,0,1
125,1,0,1,1,1,0,0,4000000.0,3,1,1.0,3,2,1,0,0,1,1,0,0,0,0,0,0,0,0,0,0,0,0,0,0
115,1,25,1,1,1,1,0,3800000.0,3,1,2.0,3,0,1,0,0,2,0,0,0,0,0,0,0,0,0,0,0,0,0,0,1
130,1,25,0,1,1,1,0,4275000.0,3,1,4.0,3,0,1,0,0,1,0,0,0,0,0,0,0,0,0,0,0,0,0,0,1
90,1,6,0,0,0,1,0,3350000.0,2,1,4.0,3,0,0,1,0,1,0,0,0,0,0,0,0,0,0,0,0,0,0,0,1
120,1,1,1,1,1,0,0,4150000.0,3,1,3.0,3,0,1,0,0,1,0,0,0,0,0,0,0,0,0,0,0,0,0,0,1
95,1,0,0,0,1,1,0,3450000.0,2,1,0.5,3,0,1,0,0,1,0,0,0,0,0,0,0,0,0,0,0,0,0,0,1
140,1,4,0,1,1,0,0,6000000.0,3,1,3.0,3,0,0,1,0,1,0,0,0,0,0,0,0,1,0,0,0,0,0,0,0
85,1,0,0,1,0,0,0,3850000.0,2,1,3.0,3,0,1,0,0,1,0,0,0,0,0,0,0,0,0,0,0,0,0,0,1
150,2,0,0,1,1,0,0,5250000.0,3,1,3.0,3,0,1,0,0,2,0,0,0,0,0,0,0,0,0,0,0,0,0,1,0
157,1,6,0,0,1,0,0,4300000.0,3,1,2.0,3,0,0,0,1,2,0,0,0,0,0,0,0,0,0,0,0,0,0,1,0
130,1,0,0,1,1,0,0,4000000.0,3,1,4.0,3,0,1,0,0,2,0,0,0,0,0,0,0,0,0,0,0,0,0,1,0
85,1,0,0,1,1,1,0,3650000.0,2,1,2.0,3,0,1,0,0,1,0,0,0,0,0,0,0,0,0,0,0,0,0,0,1
135,1,12,1,1,0,1,0,3750000.0,3,1,5.0,3,0,1,0,0,2,0,0,0,0,0,0,0,0,0,0,0,0,0,1,0
120,1,0,1,1,1,0,0,3750000.0,3,1,2.0,3,0,1,0,0,1,0,0,0,0,0,0,0,0,0,0,0,0,0,1,0
95,1,11,0,0,0,1,0,2495000.0,2,1,0.5,1,0,0,1,0,1,0,0,0,0,0,0,0,0,0,0,0,0,0,1,0
80,1,0,0,1,0,1,0,3400000.0,2,1,3.0,3,2,1,0,0,2,0,0,0,0,0,0,0,0,0,0,0,0,0,0,1
110,1,21,1,0,0,1,0,3050000.0,2,1,5.0,3,0,0,0,1,2,0,0,0,0,0,0,0,0,0,0,1,0,0,0,0
105,1,1,0,0,1,0,0,4100000.0,2,1,3.0,3,0,1,0,0,1,0,0,0,0,0,0,0,0,0,0,0,0,0,0,1
135,1,21,1,1,1,0,0,4295000.0,3,1,4.0,3,0,0,0,1,1,0,0,0,0,0,0,0,0,0,0,0,0,0,0,1
130,1,1,1,1,0,0,0,4250000.0,3,1,3.0,3,0,1,0,0,1,0,0,0,0,0,0,0,0,0,0,0,0,0,1,0
110,1,0,0,0,1,0,0,4000000.0,2,1,1.0,3,2,1,0,0,1,1,0,0,0,0,0,0,0,0,0,0,0,0,0,0
140,1,1,0,0,1,1,0,5000000.0,3,1,2.0,3,0,1,0,0,1,0,0,0,0,0,0,0,0,0,0,0,0,0,0,1
125,1,0,0,0,1,1,0,4950000.0,3,1,2.0,3,0,1,0,0,1,0,0,0,0,0,0,0,0,0,0,0,0,0,0,1
125,1,16,0,0,1,0,0,2625000.0,2,1,2.0,1,0,0,1,0,2,0,0,0,0,0,0,0,1,0,0,0,0,0,0,0
130,2,21,1,1,1,0,0,3850000.0,3,1,6.0,3,0,0,0,1,1,0,0,0,0,0,0,0,0,0,0,1,0,0,0,0
125,1,4,1,1,0,0,0,3995000.0,3,1,0.5,3,0,0,0,1,2,0,0,0,0,0,0,0,0,0,0,0,0,0,0,1
100,1,21,0,0,0,0,1,2550000.0,2,1,0.0,3,0,0,0,1,2,0,0,0,0,0,0,0,0,0,0,0,0,0,1,0
95,1,1,0,0,0,0,0,3125000.0,2,1,4.0,3,0,1,0,0,1,0,0,0,0,0,0,0,0,0,0,0,0,0,0,1
80,1,21,0,0,0,0,0,1480000.0,2,1,4.0,1,0,1,0,0,2,0,0,0,0,0,0,0,0,0,0,0,0,0,1,0
130,1,26,0,1,0,1,0,2700000.0,3,1,3.0,3,0,0,0,1,1,1,0,0,0,0,0,0,0,0,0,0,0,0,0,0
95,1,23,1,0,0,0,0,1350000.0,2,1,4.0,3,0,0,1,0,2,0,0,0,0,1,0,0,0,0,0,0,0,0,0,0
95,2,0,0,1,1,0,0,4000000.0,2,1,1.0,3,2,1,0,0,1,1,0,0,0,0,0,0,0,0,0,0,0,0,0,0
143,2,3,0,1,1,0,0,6500000.0,3,0,4.0,3,2,1,0,0,1,0,0,0,0,0,0,0,1,0,0,0,0,0,0,0
150,2,9,0,0,1,0,0,6350000.0,3,1,3.0,2,0,0,1,0,2,0,0,0,0,0,0,0,0,0,0,0,0,0,1,0
160,1,1,1,1,1,1,0,5250000.0,3,1,5.0,2,0,1,0,0,1,0,0,0,0,0,0,0,0,0,0,0,0,0,1,0
150,2,0,0,1,1,1,0,5250000.0,3,1,1.0,3,0,1,0,0,2,0,0,0,0,0,0,0,0,0,0,0,0,0,1,0
120,1,0,0,1,0,0,0,4750000.0,2,1,4.0,3,0,1,0,0,2,0,0,0,0,0,0,0,0,0,0,0,0,0,1,0
135,1,4,1,1,0,0,0,5175000.0,3,1,3.0,3,0,0,0,1,1,0,0,0,0,0,0,0,0,0,0,0,0,0,0,1
178,2,6,1,1,0,1,0,4550000.0,3,1,2.0,3,0,0,0,1,2,0,0,0,0,0,0,0,0,0,0,0,0,0,1,0
130,2,0,1,1,1,1,0,5250000.0,2,1,1.0,3,0,1,0,0,1,0,0,0,0,0,0,0,0,0,0,0,0,0,1,0
110,1,5,0,0,0,1,0,6500000.0,2,0,0.0,1,0,1,0,0,2,0,0,0,0,0,0,0,0,0,0,0,0,0,1,0
100,1,1,0,1,1,0,0,3800000.0,3,0,3.0,3,2,1,0,0,1,0,0,0,0,0,0,0,0,0,0,0,0,0,1,0
115,1,0,0,1,1,0,0,3750000.0,3,1,1.0,3,0,1,0,0,1,1,0,0,0,0,0,0,0,0,0,0,0,0,0,0
125,1,0,0,0,1,1,0,4750000.0,3,1,3.0,3,0,1,0,0,1,0,0,0,0,0,0,0,0,0,0,0,0,0,0,1
90,1,11,1,0,0,0,0,2950000.0,2,1,0.0,3,0,0,0,1,2,0,0,0,0,0,0,0,0,0,0,0,0,0,1,0
155,2,4,1,1,1,0,0,5450000.0,3,1,5.0,3,0,0,0,1,1,0,0,0,0,0,0,0,0,0,0,0,0,0,1,0
170,1,0,1,1,1,1,0,6500000.0,4,1,3.0,3,2,1,0,0,2,0,0,0,0,0,0,0,0,0,0,0,0,0,1,0
115,1,0,0,1,1,0,0,3650000.0,2,1,2.0,3,0,1,0,0,2,0,0,0,0,0,0,0,0,0,0,0,0,0,1,0
95,1,0,0,0,1,0,0,3400000.0,2,1,3.0,3,0,1,0,0,1,0,0,0,0,0,0,0,0,0,0,0,0,0,0,1
130,1,0,0,1,1,1,0,5490000.0,3,1,3.0,3,0,1,0,0,1,0,0,0,0,0,0,0,0,0,0,0,0,0,1,0
140,2,1,0,1,1,1,0,4475000.0,3,1,11.0,2,0,1,0,0,2,0,0,0,0,0,0,0,0,0,0,0,0,0,1,0
140,1,16,0,1,1,0,0,4350000.0,3,1,3.0,3,0,1,0,0,1,0,0,0,0,0,0,0,0,0,0,0,0,0,0,1
85,1,1,1,0,1,0,0,3495000.0,2,1,5.0,3,0,1,0,0,1,0,0,0,0,0,0,0,0,0,0,0,0,0,0,1
120,1,21,0,0,0,0,0,1900000.0,3,1,5.0,1,0,1,0,0,1,0,0,0,0,0,0,0,0,0,0,0,0,0,1,0
115,1,0,0,1,1,1,0,3650000.0,2,1,2.0,3,0,1,0,0,1,0,0,0,0,0,0,0,0,0,0,0,0,0,1,0
120,1,5,0,1,1,0,0,4975000.0,3,1,3.0,3,0,1,0,0,1,0,0,0,0,0,0,0,0,0,0,0,0,0,0,1
140,1,8,1,1,0,1,0,5450000.0,3,1,5.0,3,0,0,0,1,1,0,0,0,0,0,0,0,0,0,0,0,0,0,0,1
145,1,6,1,0,1,0,0,3850000.0,3,1,1.0,3,0,0,0,1,2,0,0,0,0,0,0,0,0,0,0,0,0,0,1,0
140,1,21,0,1,0,0,0,4500000.0,3,1,0.0,3,0,1,0,0,1,0,0,0,0,0,0,0,0,0,0,0,0,0,1,0
125,1,34,1,1,0,1,0,4350000.0,3,1,3.0,3,0,1,0,0,1,0,0,0,0,0,0,0,0,0,0,1,0,0,0,0
100,2,0,1,1,1,0,0,4500000.0,2,1,0.5,3,2,1,0,0,1,0,0,0,0,0,0,0,0,0,0,0,0,0,0,1
75,1,0,0,0,0,0,0,4250000.0,2,1,2.0,3,0,1,0,0,1,0,0,0,0,0,0,0,0,0,0,0,0,0,0,1
160,1,5,0,1,1,0,0,4100000.0,3,1,0.5,3,0,1,0,0,1,0,0,0,0,0,0,0,0,0,0,0,0,0,0,1
150,2,0,0,1,1,0,0,5250000.0,3,1,3.0,3,0,1,0,0,2,0,0,0,0,0,0,0,0,0,0,0,0,0,1,0
120,1,21,1,1,1,0,0,6800000.0,3,1,2.0,3,0,1,0,0,1,0,0,0,0,0,0,0,0,0,0,0,0,0,0,1
275,2,1,0,1,1,1,0,4000000.0,4,1,3.0,3,0,1,0,0,1,1,0,0,0,0,0,0,0,0,0,0,0,0,0,0
125,1,1,0,0,1,1,0,3550000.0,3,1,0.5,3,0,0,1,0,1,0,0,0,0,0,0,0,0,0,0,0,0,0,0,1
120,2,0,1,1,1,1,0,5250000.0,3,1,3.0,3,0,1,0,0,2,0,0,0,0,0,0,0,0,0,0,0,0,0,0,1
125,1,1,0,1,1,1,0,4700000.0,3,1,2.0,3,0,1,0,0,1,0,0,0,0,0,0,0,0,0,0,0,0,0,0,1
130,1,11,0,0,1,0,0,6500000.0,3,1,2.0,1,0,1,0,0,2,0,0,0,0,0,0,0,0,0,0,0,0,0,1,0
135,1,1,0,1,1,1,0,4500000.0,3,1,5.0,3,0,1,0,0,1,0,0,0,0,0,0,0,0,0,0,0,0,0,0,1
145,1,6,1,0,1,0,0,4100000.0,3,1,4.0,3,0,1,0,0,1,0,0,0,0,0,0,0,0,0,0,0,0,0,0,1
100,1,0,1,1,1,0,1,4100000.0,2,1,4.0,3,0,1,0,0,1,0,0,0,0,0,0,0,0,0,0,0,0,0,0,1
92,1,1,0,1,0,1,0,4500000.0,2,1,1.0,3,0,1,0,0,1,0,0,0,0,0,0,0,0,0,0,0,0,0,0,1
135,1,1,0,1,0,1,0,5300000.0,3,1,2.0,3,0,1,0,0,2,0,0,0,0,0,0,0,0,0,0,0,0,0,0,1
100,1,0,0,1,1,1,0,4100000.0,2,1,2.0,3,0,1,0,0,1,0,0,0,0,0,0,0,0,0,0,0,0,0,1,0
150,1,0,0,1,1,0,0,5000000.0,3,1,3.0,3,0,1,0,0,2,0,0,0,0,0,0,0,0,0,0,0,0,0,1,0
180,2,1,1,1,1,0,0,4250000.0,4,1,4.0,3,0,1,0,0,1,0,0,0,0,0,0,0,0,0,0,0,0,0,1,0
136,1,21,0,1,0,1,0,4950000.0,3,1,4.0,3,0,1,0,0,1,0,0,0,0,0,0,0,0,0,0,1,0,0,0,0
125,2,0,1,1,1,0,0,4150000.0,3,1,3.0,3,0,1,0,0,2,0,0,0,0,0,0,0,0,0,0,0,0,0,1,0
100,1,0,0,0,1,1,0,5495000.0,2,1,2.0,3,0,1,0,0,1,0,0,0,0,0,0,0,0,0,0,0,0,0,0,1
125,1,21,0,1,1,0,0,3500000.0,3,1,4.0,3,0,1,0,0,1,0,0,0,0,0,0,0,0,0,0,0,0,0,0,1
200,1,0,0,0,0,0,0,6250000.0,5,1,5.0,3,0,1,0,0,1,0,0,0,0,0,0,0,0,0,0,0,0,0,0,1
150,2,0,0,1,1,1,0,3900000.0,3,1,2.0,3,0,1,0,0,2,0,0,0,0,0,0,0,0,0,0,0,0,0,1,0
130,1,21,1,1,0,0,0,4575000.0,3,1,4.0,3,0,0,0,1,2,0,0,0,0,0,0,0,0,0,0,0,0,0,0,1
105,1,0,0,1,1,0,0,3350000.0,2,1,2.0,3,0,1,0,0,2,0,0,0,0,0,0,0,0,0,0,0,0,0,1,0
65,1,1,0,0,0,0,0,2100000.0,1,1,1.0,3,0,1,0,0,2,0,0,0,0,0,0,0,0,0,1,0,0,0,0,0
145,2,0,0,0,0,0,0,5000000.0,3,1,3.0,3,0,1,0,0,0,0,0,0,0,0,0,0,0,0,0,0,0,0,1,0
357,1,25,0,1,1,0,0,7500000.0,3,1,3.0,1,0,0,1,0,0,0,0,0,0,0,0,0,1,0,0,0,0,0,0,0
200,2,1,1,1,1,0,0,4500000.0,4,1,4.0,3,0,0,0,1,1,1,0,0,0,0,0,0,0,0,0,0,0,0,0,0
140,1,11,0,1,1,0,1,3599000.0,3,1,4.0,3,0,1,0,0,2,0,0,0,0,0,0,0,0,0,0,0,0,0,1,0
140,1,1,0,1,1,0,0,3300000.0,3,1,1.0,3,0,1,0,0,2,0,0,0,0,0,0,0,0,0,0,0,0,0,1,0
160,2,0,0,1,1,0,0,6750000.0,3,1,1.0,3,0,1,0,0,2,0,0,0,0,0,0,0,0,0,0,0,0,0,1,0
90,1,5,1,1,0,1,0,3350000.0,2,1,0.5,3,0,1,0,0,2,0,0,0,0,0,0,0,0,0,0,0,0,0,0,1
125,1,25,0,0,0,0,0,3680000.0,3,1,4.0,3,0,1,0,0,1,0,0,0,0,0,0,0,0,0,0,1,0,0,0,0
140,1,16,0,1,1,1,0,4350000.0,3,1,5.0,3,0,0,0,1,2,0,0,0,0,0,0,0,0,0,0,1,0,0,0,0
130,2,0,0,0,1,1,0,4250000.0,2,1,3.0,3,0,1,0,0,1,0,0,0,0,0,0,0,0,0,0,0,0,0,1,0
125,1,26,0,1,1,0,0,2350000.0,3,1,3.0,0,0,1,0,0,1,0,0,0,0,0,0,0,0,0,0,0,0,0,1,0
125,1,34,1,1,0,0,0,3350000.0,3,1,4.0,3,0,1,0,0,1,0,0,0,0,0,0,0,0,0,0,1,0,0,0,0
480,1,30,0,0,0,0,0,2550000.0,2,1,3.0,1,0,1,0,0,2,0,0,0,0,0,0,0,0,0,1,0,0,0,0,0
135,1,21,1,1,1,1,0,2950000.0,3,1,6.0,3,0,0,0,1,2,0,0,0,0,0,0,0,0,0,0,0,0,0,1,0
60,1,0,0,0,0,0,0,2650000.0,1,1,2.0,2,0,1,0,0,1,0,0,0,0,0,0,0,0,0,0,0,0,0,0,1
145,1,31,0,0,0,0,0,2950000.0,3,1,3.0,3,0,1,0,0,2,1,0,0,0,0,0,0,0,0,0,0,0,0,0,0
89,2,0,0,0,0,1,0,3470000.0,3,1,0.5,3,0,1,0,0,1,0,0,0,0,0,0,0,0,0,0,0,0,0,0,1
105,1,0,0,1,1,0,0,4150000.0,2,1,2.0,3,0,1,0,0,2,0,0,0,0,0,0,0,0,0,0,0,0,0,1,0
105,1,0,1,1,1,0,0,3650000.0,2,1,1.0,3,0,1,0,0,2,0,0,0,0,0,0,0,0,0,0,0,0,0,1,0
95,1,25,1,0,0,0,0,2550000.0,2,1,3.0,3,0,0,0,1,1,0,0,0,0,0,0,0,0,0,0,0,0,0,1,0
316,1,35,0,0,0,0,0,1500000.0,2,1,3.0,1,0,1,0,0,0,0,0,0,0,0,0,0,0,0,0,0,0,1,0,0
135,1,6,0,0,0,0,0,4650000.0,3,1,3.0,3,0,1,0,0,1,0,0,0,0,0,0,0,0,0,0,0,0,0,0,1
135,1,4,0,0,1,1,0,4950000.0,3,1,2.0,3,0,0,0,1,1,0,0,0,0,0,0,0,0,0,0,1,0,0,0,0
100,1,31,0,0,0,0,0,2700000.0,2,1,0.0,3,0,1,0,0,1,0,0,0,0,0,0,0,0,0,0,0,0,0,1,0
110,1,0,0,1,1,0,0,4750000.0,2,1,4.0,3,0,1,0,0,2,0,0,0,0,0,0,0,0,0,0,0,0,0,1,0
360,1,31,0,0,0,0,0,650000.0,2,0,1.0,0,0,1,0,0,0,0,0,0,0,0,0,1,0,0,0,0,0,0,0,0
90,1,0,0,0,1,1,0,3650000.0,2,1,0.5,3,0,1,0,0,1,0,0,0,0,0,0,0,0,0,0,0,0,0,0,1
150,1,16,0,1,1,1,0,3225000.0,3,1,4.0,3,0,0,0,1,1,0,0,0,0,0,0,0,0,0,0,0,0,0,1,0
85,1,4,0,0,1,1,0,3450000.0,2,1,2.0,3,0,1,0,0,1,0,0,0,0,0,0,0,0,0,0,0,0,0,0,1
135,1,1,1,1,0,0,0,3800000.0,3,1,2.0,3,0,1,0,0,1,0,0,0,0,0,0,0,0,0,1,0,0,0,0,0
150,1,11,1,0,0,0,0,3000000.0,3,1,2.0,3,0,0,0,1,2,1,0,0,0,0,0,0,0,0,0,0,0,0,0,0
140,2,0,0,0,1,1,0,7500000.0,3,1,3.0,3,0,1,0,0,1,0,0,0,0,0,0,0,0,0,0,0,0,0,0,1
100,1,5,0,0,0,0,0,2500000.0,2,1,3.0,3,0,0,0,1,1,0,0,0,0,0,0,0,0,0,0,0,0,0,1,0
140,1,16,0,1,1,0,0,3850000.0,3,1,0.5,3,0,1,0,0,1,0,0,0,0,0,0,0,0,0,0,1,0,0,0,0
135,1,1,1,1,0,0,0,3950000.0,3,1,4.0,3,0,1,0,0,1,0,0,0,0,0,0,0,0,0,1,0,0,0,0,0
130,1,21,0,1,0,0,0,3950000.0,2,1,2.0,3,0,1,0,0,2,0,0,0,0,0,0,0,0,0,0,1,0,0,0,0
95,1,1,1,1,1,0,0,3100000.0,2,1,1.0,3,0,1,0,0,2,0,0,0,0,0,0,0,0,0,0,0,0,0,1,0
125,1,26,1,1,0,1,0,4220000.0,3,1,2.0,3,0,0,0,1,1,0,0,0,0,0,0,0,0,0,0,1,0,0,0,0
102,1,0,0,1,1,0,0,3800000.0,2,1,2.0,3,0,1,0,0,2,0,0,0,0,0,0,0,0,0,0,0,0,0,1,0
115,1,26,1,1,0,0,0,2450000.0,3,1,2.0,3,0,0,0,1,1,1,0,0,0,0,0,0,0,0,0,0,0,0,0,0
110,1,23,0,1,0,0,0,4650000.0,3,1,2.0,3,0,0,1,0,1,0,0,0,0,0,0,0,0,0,0,0,0,0,0,1
130,1,20,0,1,0,1,0,3750000.0,3,1,2.0,3,0,1,0,0,1,0,0,0,0,0,0,0,0,0,0,1,0,0,0,0
130,1,26,0,1,1,0,0,2400000.0,2,1,4.0,3,0,1,0,0,2,0,0,0,0,0,0,0,0,0,0,0,0,0,1,0
100,1,21,0,1,1,0,0,2950000.0,2,1,5.0,3,0,1,0,0,2,0,0,0,0,0,0,0,0,0,0,1,0,0,0,0
120,1,25,1,1,0,1,0,3750000.0,3,1,1.0,3,0,1,0,0,2,0,0,0,0,0,0,0,0,0,0,0,0,0,0,1
135,1,21,1,0,0,0,0,3500000.0,3,1,3.0,3,0,1,0,0,1,0,0,0,0,0,0,0,0,0,0,0,0,0,1,0
140,1,6,0,1,0,1,0,3975000.0,3,1,1.0,3,0,1,0,0,1,0,0,0,0,0,0,0,0,0,0,0,0,0,0,1
150,2,0,1,1,1,1,0,5500000.0,3,1,2.0,3,0,1,0,0,2,0,0,0,0,0,0,0,0,0,0,0,0,0,1,0
200,1,25,0,0,0,0,1,1950000.0,2,1,3.0,1,0,1,0,0,0,0,0,0,0,0,0,1,0,0,0,0,0,0,0,0
200,2,0,0,0,1,0,0,6000000.0,4,1,3.0,3,0,1,0,0,2,0,0,0,0,0,0,0,0,0,0,0,0,0,1,0
200,2,0,0,1,1,1,0,6149000.0,3,1,4.0,3,0,1,0,0,2,0,0,0,0,0,0,0,0,0,0,0,0,0,1,0
103,1,26,0,0,0,0,0,2700000.0,2,1,2.0,3,0,0,1,0,1,1,0,0,0,0,0,0,0,0,0,0,0,0,0,0
104,2,0,1,0,1,0,0,3500000.0,2,1,3.0,3,0,1,0,0,1,0,0,0,0,0,0,0,0,0,0,0,0,0,1,0
58,1,1,1,0,1,1,0,2900000.0,1,1,3.0,3,0,1,0,0,1,0,0,0,0,0,0,0,0,0,0,0,0,0,0,1
65,1,4,1,0,1,1,0,4450000.0,1,1,0.5,3,0,1,0,0,1,0,0,0,0,0,0,0,0,0,0,0,0,0,0,1
160,2,5,1,1,0,0,0,4900000.0,3,1,2.0,3,0,0,0,1,2,0,0,0,0,0,0,0,0,0,0,0,0,0,1,0
135,1,25,0,0,0,0,0,2500000.0,3,1,3.0,1,0,1,0,0,2,0,0,0,0,0,0,0,0,0,0,0,0,0,1,0
165,2,4,0,1,0,1,1,7650000.0,3,1,2.0,3,0,1,0,0,1,0,0,0,0,0,0,0,0,0,0,0,0,0,1,0
125,2,24,1,1,1,0,0,4150000.0,3,1,3.0,3,0,0,0,1,2,0,0,0,0,0,0,0,0,0,0,0,0,0,0,1
90,1,0,1,1,1,1,0,3400000.0,2,1,3.0,3,0,1,0,0,1,0,0,0,0,0,0,0,1,0,0,0,0,0,0,0
120,1,0,0,1,1,0,0,3500000.0,2,1,3.0,3,0,1,0,0,1,0,0,0,0,0,0,0,0,0,0,0,0,0,1,0
110,1,1,1,1,1,0,0,3630000.0,2,1,2.0,3,0,0,0,1,1,0,0,0,0,0,0,0,0,0,0,0,0,0,1,0
190,2,0,1,1,1,1,0,4650000.0,4,1,5.0,2,0,1,0,0,1,0,0,0,0,0,0,0,0,0,0,0,0,0,0,1
230,1,27,0,0,0,0,0,5450000.0,3,1,3.0,1,0,1,0,0,1,1,0,0,0,0,0,0,0,0,0,0,0,0,0,0
140,1,11,0,0,0,0,1,2980000.0,2,1,0.5,3,0,0,1,0,1,0,0,0,0,0,0,0,0,0,0,0,0,0,0,1
130,2,21,0,1,1,0,0,3850000.0,3,1,0.0,3,0,1,0,0,1,0,0,0,0,0,0,0,0,0,0,1,0,0,0,0
130,2,0,0,0,1,0,0,5950000.0,3,1,3.0,3,0,1,0,0,2,0,0,0,0,0,0,0,0,0,0,0,0,0,1,0
120,2,5,0,1,1,1,0,6500000.0,4,1,0.0,1,0,0,0,1,0,0,0,0,0,0,0,0,0,0,0,1,0,0,0,0
95,1,1,0,0,0,0,0,3200000.0,2,1,2.0,3,0,1,0,0,1,1,0,0,0,0,0,0,0,0,0,0,0,0,0,0
140,1,26,0,0,0,0,0,2300000.0,3,1,1.0,1,0,1,0,0,1,1,0,0,0,0,0,0,0,0,0,0,0,0,0,0
130,1,1,1,1,0,0,0,3375000.0,3,1,4.0,3,0,1,0,0,2,0,0,0,0,0,0,0,0,0,1,0,0,0,0,0
140,1,6,1,0,0,0,0,4450000.0,3,1,4.0,3,0,0,1,0,1,0,0,0,0,0,0,0,0,0,0,0,0,0,0,1
116,2,26,1,1,1,1,0,4500000.0,3,1,5.0,3,0,0,0,1,1,0,0,0,0,0,0,0,0,0,0,1,0,0,0,0
130,1,20,0,1,0,0,0,4450000.0,3,1,3.0,3,0,1,0,0,1,0,0,0,0,0,0,0,1,0,0,0,0,0,0,0
100,1,11,1,1,0,0,0,2199000.0,2,1,4.0,3,0,0,0,1,2,0,0,0,0,0,0,0,0,0,0,0,0,0,1,0
130,1,7,0,1,0,0,0,3150000.0,3,1,0.0,3,0,1,0,0,1,0,0,0,0,0,0,0,0,0,0,0,0,0,1,0
120,1,6,0,1,0,0,0,3600000.0,3,1,4.0,3,0,1,0,0,2,0,0,0,0,0,0,0,0,0,1,0,0,0,0,0
230,2,5,0,1,0,1,0,5980000.0,3,1,2.0,3,0,0,0,1,2,0,0,0,0,0,0,0,0,0,0,0,0,0,1,0
200,1,15,0,1,1,0,0,5500000.0,4,1,5.0,3,0,1,0,0,1,0,0,0,0,0,0,0,0,0,0,0,0,0,0,1
130,1,0,0,1,1,0,0,4700000.0,3,1,4.0,3,0,1,0,0,2,0,0,0,0,0,0,0,0,0,0,0,0,0,1,0
90,1,1,0,1,1,1,0,2550000.0,2,1,1.0,3,0,1,0,0,1,1,0,0,0,0,0,0,0,0,0,0,0,0,0,0
145,2,15,1,1,0,0,0,4500000.0,3,1,5.0,3,0,1,0,0,2,0,0,0,0,0,0,0,0,0,0,0,0,0,1,0
130,1,0,0,0,0,0,0,6000000.0,3,1,2.0,3,0,1,0,0,1,0,0,0,0,0,0,0,0,0,0,0,0,0,1,0
170,1,16,0,1,0,0,0,3140000.0,3,1,3.0,3,0,0,0,1,2,0,0,0,0,0,0,0,0,0,0,0,0,0,1,0
160,1,16,1,1,1,1,0,3100000.0,3,1,4.0,3,0,0,0,1,2,0,0,0,0,0,0,0,0,0,0,0,0,0,1,0
100,1,4,0,0,0,0,0,4950000.0,2,1,0.5,3,0,1,0,0,1,0,0,0,0,0,0,0,0,0,0,0,0,0,0,1
120,1,1,0,1,0,0,0,4250000.0,3,0,1.0,3,0,0,0,1,2,0,0,0,0,0,0,0,0,0,0,0,0,0,0,1
115,1,0,0,1,0,0,0,3600000.0,2,1,3.0,3,2,1,0,0,2,0,0,0,0,0,0,0,0,0,0,0,0,0,1,0
120,1,21,0,1,0,0,0,3850000.0,3,1,0.5,3,0,1,0,0,1,0,0,0,0,0,0,0,0,0,0,1,0,0,0,0
80,1,0,0,0,0,0,0,3150000.0,2,1,-3.0,3,0,1,0,0,1,0,0,0,0,0,0,0,0,0,0,0,0,0,0,1
130,1,20,1,1,0,1,0,4800000.0,3,1,4.0,3,0,1,0,0,2,0,0,0,0,0,0,0,0,0,0,1,0,0,0,0
100,1,6,0,1,1,0,0,2500000.0,2,1,4.0,0,0,0,1,0,2,0,0,0,0,0,0,0,0,0,0,0,0,0,1,0
140,1,1,0,1,1,1,0,5950000.0,3,1,2.0,3,0,1,0,0,1,0,0,0,0,0,0,0,0,0,0,0,0,0,0,1
105,1,0,1,1,1,1,0,4250000.0,2,1,1.0,3,0,1,0,0,1,0,0,0,0,0,0,0,0,0,0,0,0,0,1,0
