Ilce,M2,Banyo,Kat,Bina_Yasi,Isinma,Balkon,Asansor,Garaj,Yapı Durumu,Kullanım Durumu,Tapu Durumu,Takas,Eşya Durumu,Fiyat,oda_sayisi,salon_sayisi
Alasehir,120,1,3. Kat,7 Yaşında,Merkezi,Var,Var,Yok,İkinci El,Boş,Kat İrtifakı,-,Eşyalı Değil,3500000.0,3,1
Turgutlu,85,1,4. Kat,31 Yaşında,Isıtma Yok,Yok,Yok,Yok,-,Boş,Kat Mülkiyeti,Hayır,Eşyalı Değil,2150000.0,2,1
Akhisar,165,1,1. Kat,21 Yaşında,Kombi,Yok,Yok,Yok,-,Boş,Kat Mülkiyeti,Hayır,Eşyalı Değil,3850000.0,3,1
Akhisar,150,1,3. Kat,6 Yaşında,Kombi,Yok,Var,Yok,-,Boş,Kat İrtifakı,Hayır,Eşyalı Değil,3500000.0,3,1
Yunusemre,110,1,Yüksek Giriş,5 Yaşında,Kombi,Var,Var,Yok,-,Boş,Kat Mülkiyeti,Evet,Eşyalı Değil,3500000.0,2,1
Turgutlu,145,1,3. Kat,17 Yaşında,Kombi,Yok,Var,Var,İkinci El,Boş,Kat İrtifakı,Hayır,-,3550000.0,3,1
Turgutlu,130,1,2. Kat,6 Yaşında,Kombi,Var,Var,Yok,-,Boş,Kat İrtifakı,Hayır,Eşyalı Değil,4600000.0,3,1
Alasehir,47,1,2. Kat,Sıfır Bina,Kombi,Yok,Yok,Yok,-,Boş,Kat İrtifakı,Hayır,Eşyalı Değil,1700000.0,1,1
Turgutlu,107,1,2. Kat,Sıfır Bina,Kombi,Yok,Var,Var,-,Boş,Kat İrtifakı,Evet,Eşyalı Değil,3100000.0,2,1
Yunusemre,270,3,-,25 Yaşında,Kombi,Yok,Yok,Var,İkinci El,Kiracılı,Kat İrtifakı,Hayır,Eşyalı Değil,15500000.0,4,1
Yunusemre,130,1,Bahçe Katı,4 Yaşında,Soba,Yok,Yok,Var,-,Mülk Sahibi,Müstakil Tapulu,Evet,Eşyalı Değil,4200000.0,4,1
Akhisar,120,1,1. Kat,15 Yaşında,Kombi,Yok,Yok,Yok,İkinci El,Mülk Sahibi,Kat İrtifakı,Hayır,Eşyalı Değil,2400000.0,2,1
Sehzadeler,130,1,2. Kat,16 Yaşında,Kombi,Var,Var,Yok,-,Boş,Kat Mülkiyeti,Evet,Eşyalı Değil,4750000.0,3,1
Sehzadeler,135,1,2. Kat,21 Yaşında,Kombi,Yok,Yok,Yok,-,Boş,Kat İrtifakı,Evet,Eşyalı Değil,3295000.0,3,1
Sehzadeler,110,1,4. Kat,16 Yaşında,Kombi,Var,Var,Var,-,Boş,Müstakil Tapulu,Hayır,Eşyalı Değil,3375000.0,2,1
Alasehir,145,2,3. Kat,Sıfır Bina,Kombi,Yok,Yok,Yok,-,Boş,Müstakil Tapulu,Hayır,Eşyalı Değil,3200000.0,3,1
Kirkagac,115,1,Ara Kat,28 Yaşında,Kombi,Yok,Yok,Var,-,-,Müstakil Tapulu,-,-,2075000.0,3,1
Sehzadeler,105,1,1. Kat,11 Yaşında,Kombi,Yok,Yok,Yok,-,Boş,Kat İrtifakı,Evet,Eşyalı,3490000.0,2,1
Yunusemre,90,1,Ara Kat,5 Yaşında,Kombi,Var,Var,Var,Sıfır,Mülk Sahibi,Kat Mülkiyeti,Hayır,Eşyalı Değil,3695000.0,2,1
Yunusemre,130,1,4. Kat,30 Yaşında,Kombi,Yok,Yok,Var,İkinci El,-,Kat İrtifakı,Evet,Eşyalı Değil,3700000.0,3,1
Sehzadeler,300,1,Villa Katı,1 Yaşında,Yerden Isıtma,Yok,Var,Yok,-,Mülk Sahibi,Kat İrtifakı,Evet,Eşyalı Değil,4650000.0,2,1
Kirkagac,115,1,4. Kat,21 Yaşında,Kombi,Yok,Yok,Yok,-,Boş,Kat Mülkiyeti,Evet,Eşyalı Değil,1190000.0,2,1
Sehzadeler,115,1,3. Kat,26 Yaşında,Kombi,Yok,Var,Var,-,Boş,Müstakil Tapulu,Hayır,Eşyalı Değil,3875000.0,3,1
Kirkagac,100,1,-,50 Yaşında,Soba,Yok,Yok,Yok,İkinci El,Mülk Sahibi,Müstakil Tapulu,Hayır,Eşyalı,3500000.0,2,1
Turgutlu,370,3,Bahçe Katı,6 Yaşında,Yerden Isıtma,Yok,Yok,Yok,-,Mülk Sahibi,Müstakil Tapulu,Hayır,Eşyalı,24990000.0,6,1
Turgutlu,85,1,3. Kat,5 Yaşında,Kombi,Var,Var,Var,-,Kiracılı,Kat İrtifakı,Hayır,Eşyalı Değil,2750000.0,2,1
Yunusemre,80,1,2. Kat,4 Yaşında,Kombi,Var,Var,Yok,-,Kiracılı,Kat Mülkiyeti,Evet,Eşyalı Değil,3100000.0,2,1
Ahmetli,80,1,2. Kat,5 Yaşında,Kombi,Yok,Yok,Yok,-,Boş,Kat Mülkiyeti,Hayır,Eşyalı Değil,1150000.0,1,1
Sehzadeler,120,1,3. Kat,25 Yaşında,Kombi,Var,Var,Yok,İkinci El,-,Kat İrtifakı,Hayır,Eşyalı Değil,3550000.0,3,1
Sehzadeler,120,1,Bahçe Katı,21 Yaşında,Kombi,Yok,Var,Yok,İkinci El,Boş,Kat Mülkiyeti,Evet,-,3975000.0,3,1
Turgutlu,120,1,2. Kat,26 Yaşında,Isıtma Yok,Yok,Yok,Yok,-,Boş,Kat Mülkiyeti,Evet,Eşyalı Değil,1595000.0,3,1
Sehzadeler,120,1,Ara Kat,25 Yaşında,Kombi,Var,Var,Var,İkinci El,Boş,Kat Mülkiyeti,Hayır,Eşyalı Değil,3950000.0,3,1
Sehzadeler,130,1,4. Kat,21 Yaşında,Kombi,Yok,Var,Var,-,Boş,Kat İrtifakı,Evet,Eşyalı Değil,3495000.0,3,1
Akhisar,73,-,Bahçe Katı,31 Yaşında,Isıtma Yok,Yok,Yok,Yok,-,Boş,Müstakil Tapulu,Hayır,Eşyalı Değil,565000.0,1,1
Akhisar,91,1,-,40 Yaşında,Soba,Yok,Yok,Yok,İkinci El,Kiracılı,Müstakil Tapulu,Hayır,Eşyalı Değil,1725000.0,3,1
Turgutlu,115,1,3. Kat,1 Yaşında,Kombi,Yok,Yok,Yok,-,Mülk Sahibi,Kat Mülkiyeti,Hayır,Eşyalı Değil,2680000.0,3,1
Yunusemre,160,2,Çatı Katı,16 Yaşında,Kombi,Var,Var,Var,-,Kiracılı,Kat İrtifakı,Evet,Eşyalı Değil,7100000.0,4,1
Salihli,125,1,Yüksek Giriş,18 Yaşında,Kombi,Yok,Yok,Yok,-,Boş,Kat Mülkiyeti,-,Eşyalı Değil,3400000.0,3,1
Saruhanli,50,1,Yüksek Giriş,1 Yaşında,Isıtma Yok,Yok,Yok,Yok,-,-,Müstakil Tapulu,-,-,2700000.0,1,1
Akhisar,34,1,-,10 Yaşında,Soba,Yok,Yok,Yok,İkinci El,Boş,Arsa,-,Eşyalı Değil,750000.0,1,1
Yunusemre,125,1,5. Kat,26 Yaşında,Kombi,Yok,Yok,Yok,-,Mülk Sahibi,Kat İrtifakı,Evet,-,2950000.0,3,1
Sehzadeler,135,1,4. Kat,26 Yaşında,Kombi,Var,Var,Yok,İkinci El,Boş,Kat Mülkiyeti,-,Eşyalı Değil,4650000.0,3,1
Turgutlu,90,1,1. Kat,6 Yaşında,Kombi,Yok,Var,Var,-,Boş,Kat İrtifakı,Hayır,Eşyalı Değil,2475000.0,2,1
Yunusemre,130,1,2. Kat,8 Yaşında,Kombi,Yok,Var,Var,İkinci El,Boş,Kat İrtifakı,Hayır,Eşyalı Değil,3950000.0,3,1
Salihli,345,1,-,15 Yaşında,Soba,Yok,Yok,Yok,İkinci El,Mülk Sahibi,Kat Mülkiyeti,-,Eşyalı Değil,2000000.0,2,1
Yunusemre,70,1,3. Kat,Sıfır Bina,Kombi,Yok,Yok,Yok,-,Boş,Kat İrtifakı,Hayır,Eşyalı,2340000.0,1,1
Sehzadeler,130,1,-,Sıfır Bina,Klima,Yok,Yok,Yok,Sıfır,Mülk Sahibi,Müstakil Tapulu,Evet,Eşyalı Değil,3290000.0,2,1
Yunusemre,430,1,-,25 Yaşında,Klima,Yok,Yok,Yok,İkinci El,Boş,Müstakil Tapulu,Hayır,Eşyalı Değil,3500000.0,3,1
Sehzadeler,85,1,Yüksek Giriş,25 Yaşında,Klima,Yok,Yok,Yok,İkinci El,Kiracılı,Kat İrtifakı,Evet,Eşyalı,2950000.0,2,1
Akhisar,140,1,1. Kat,26 Yaşında,Klima,Yok,Var,Yok,İkinci El,Boş,Kat Mülkiyeti,-,Eşyalı Değil,2100000.0,3,1
Sehzadeler,105,1,En Üst Kat,25 Yaşında,Kombi,Var,Yok,Yok,İkinci El,Mülk Sahibi,Kat İrtifakı,Evet,Eşyalı Değil,2950000.0,3,1
Yunusemre,225,2,4. Kat,16 Yaşında,Kombi,Yok,Var,Yok,-,Mülk Sahibi,Kat İrtifakı,Hayır,Eşyalı Değil,8850000.0,4,1
Akhisar,90,1,2. Kat,21 Yaşında,Kombi,Yok,Yok,Yok,-,Kiracılı,Kat İrtifakı,Hayır,Eşyalı Değil,1700000.0,2,1
Salihli,145,2,4. Kat,1 Yaşında,Kombi,Yok,Var,Var,-,Mülk Sahibi,Kat Mülkiyeti,Hayır,Eşyalı Değil,2850000.0,2,1
Turgutlu,115,1,3. Kat,25 Yaşında,Kombi,Var,Yok,Yok,İkinci El,Boş,Kat Mülkiyeti,Hayır,Eşyalı Değil,2950000.0,2,1
Yunusemre,100,1,Çatı Katı,29 Yaşında,Kombi,Var,Var,Var,İkinci El,Boş,Kat İrtifakı,Hayır,Eşyalı Değil,2850000.0,3,1
Akhisar,100,1,3. Kat,Sıfır Bina,Kombi,Yok,Yok,Var,-,Boş,Kat İrtifakı,Hayır,Eşyalı Değil,2500000.0,2,1
Yunusemre,135,1,4. Kat,11 Yaşında,Kombi,Yok,Var,Yok,-,Mülk Sahibi,Kat İrtifakı,Hayır,Eşyalı Değil,4850000.0,3,1
Alasehir,150,1,En Üst Kat,15 Yaşında,Kombi,Yok,Yok,Var,İkinci El,Mülk Sahibi,Kat İrtifakı,Hayır,Eşyalı Değil,3000000.0,3,1
Yunusemre,160,2,Yüksek Giriş,1 Yaşında,Kombi,Var,Var,Var,-,Kiracılı,Kat İrtifakı,Evet,Eşyalı Değil,7950000.0,3,1
Turgutlu,100,1,Ara Kat,25 Yaşında,Kombi,Var,Yok,Yok,-,-,Kat Mülkiyeti,-,Eşyalı Değil,2300000.0,2,1
Saruhanli,101,1,Ara Kat,Sıfır Bina,Kombi,Yok,Yok,Yok,Sıfır,Boş,Kat İrtifakı,Evet,Eşyalı Değil,2300000.0,2,1
Sehzadeler,105,2,Yüksek Giriş,2 Yaşında,Yerden Isıtma,Var,Yok,Var,-,Boş,Kat İrtifakı,Evet,Eşyalı Değil,4150000.0,2,1
Yunusemre,65,1,4. Kat,Sıfır Bina,Kombi,Yok,Yok,Var,-,Boş,Kat İrtifakı,Hayır,Eşyalı Değil,2450000.0,1,1
Yunusemre,140,1,Giriş Katı,30 Yaşında,Kombi,Var,Var,Var,İkinci El,Kiracılı,Müstakil Tapulu,Hayır,Eşyalı Değil,3950000.0,3,1
Soma,95,1,3. Kat,5 Yaşında,Merkezi,Yok,Yok,Var,İkinci El,Mülk Sahibi,Kat İrtifakı,-,-,2650000.0,2,1
Sehzadeler,498,1,-,49 Yaşında,Soba,Yok,Yok,Var,İkinci El,Boş,Arsa,Hayır,Eşyalı Değil,3950000.0,4,1
Akhisar,90,1,1. Kat,31 Yaşında,Kombi,Yok,Var,Yok,-,Mülk Sahibi,Kat İrtifakı,Evet,Eşyalı Değil,2550000.0,2,1
Yunusemre,120,1,6. Kat,21 Yaşında,Kombi,Yok,Var,Var,-,Mülk Sahibi,Kat Mülkiyeti,Hayır,Eşyalı Değil,4250000.0,3,1
Yunusemre,60,1,2. Kat,1 Yaşında,Kombi,Yok,Yok,Var,-,Boş,Kat Mülkiyeti,Hayır,Eşyalı Değil,3150000.0,1,1
Sehzadeler,100,1,4. Kat,26 Yaşında,Kombi,Var,Yok,Yok,-,Boş,Kat Mülkiyeti,Hayır,Eşyalı Değil,2650000.0,2,1
Turgutlu,209,1,Bahçe Katı,11 Yaşında,Doğalgaz Sobası,Yok,Yok,Yok,-,Mülk Sahibi,Müstakil Tapulu,Hayır,Eşyalı Değil,6750000.0,3,1
Sehzadeler,115,1,Ara Kat,35 Yaşında,Kombi,Var,Var,Var,İkinci El,Boş,Kat Mülkiyeti,Hayır,Eşyalı Değil,3200000.0,3,1
Salihli,52,1,5. Kat,6 Yaşında,Klima,Var,Var,Yok,-,Kiracılı,Kat Mülkiyeti,Hayır,Eşyalı Değil,2100000.0,1,1
Akhisar,110,1,En Üst Kat,Sıfır Bina,Kombi,Var,Var,Var,Sıfır,Boş,Kat İrtifakı,Hayır,Eşyalı Değil,3150000.0,2,1
Yunusemre,120,1,Kot 3,15 Yaşında,Kombi,Var,Var,Yok,İkinci El,Boş,Kat İrtifakı,Hayır,Eşyalı,6250000.0,2,1
Turgutlu,130,2,Yüksek Giriş,1 Yaşında,Klima,Yok,Var,Var,-,Boş,Kat Mülkiyeti,Evet,Eşyalı Değil,2550000.0,2,1
Gordes,110,1,Bahçe Katı,30 Yaşında,Soba,Yok,Yok,Yok,-,-,Müstakil Tapulu,Hayır,-,4000000.0,3,0
Turgutlu,342,1,-,27 Yaşında,Kombi,Yok,Yok,Var,İkinci El,Boş,Kat İrtifakı,Hayır,Eşyalı Değil,16000000.0,4,1
Salihli,150,1,8. Kat,25 Yaşında,Klima,Var,Var,Var,İkinci El,Boş,Kat Mülkiyeti,Hayır,Eşyalı Değil,3480000.0,3,1
Turgutlu,110,1,En Üst Kat,20 Yaşında,Kombi,Yok,Yok,Yok,İkinci El,Kiracılı,Kat İrtifakı,Hayır,Eşyalı Değil,2600000.0,2,1
Sehzadeler,90,1,2. Kat,35 Yaşında,Kombi,Yok,Var,Yok,İkinci El,Kiracılı,Kat İrtifakı,Hayır,Eşyalı Değil,3500000.0,2,1
Sehzadeler,70,1,Zemin,30 Yaşında,Kombi,Yok,Yok,Yok,İkinci El,Kiracılı,Kat İrtifakı,Evet,Eşyalı,2650000.0,2,1
Sehzadeler,150,1,Çatı Katı,31 Yaşında,Soba,Yok,Yok,Yok,-,Kiracılı,Kat İrtifakı,Hayır,Eşyalı Değil,2200000.0,3,1
Yunusemre,115,1,3. Kat,3 Yaşında,Kombi,Yok,Var,Var,-,Mülk Sahibi,Kat İrtifakı,Hayır,Eşyalı Değil,3450000.0,2,1
Yunusemre,170,2,4. Kat,11 Yaşında,Kombi,Yok,Var,Var,-,Boş,Kat İrtifakı,Evet,Eşyalı Değil,5750000.0,3,1
Salihli,110,1,Ara Kat,50 Yaşında,Klima,Yok,Yok,Yok,-,Boş,Kat İrtifakı,-,Eşyalı Değil,2350000.0,3,1
Yunusemre,85,1,Yüksek Giriş,5 Yaşında,Kombi,Yok,Yok,Var,-,Boş,Kat Mülkiyeti,Hayır,Eşyalı Değil,3350000.0,2,1
Salihli,120,1,3. Kat,21 Yaşında,Klima,Yok,Yok,Var,-,Kiracılı,Kat Mülkiyeti,Hayır,Eşyalı,2725000.0,3,1
Yunusemre,100,1,En Üst Kat,4 Yaşında,Kombi,Yok,Var,Var,İkinci El,Kiracılı,Kat İrtifakı,Hayır,Eşyalı Değil,5750000.0,2,1
Yunusemre,130,1,3. Kat,15 Yaşında,Kombi,Var,Var,Yok,İkinci El,Mülk Sahibi,Kat Mülkiyeti,Evet,Eşyalı Değil,4700000.0,3,1
Akhisar,108,1,2. Kat,1 Yaşında,Kombi,Yok,Yok,Yok,-,Boş,Kat Mülkiyeti,Evet,Eşyalı Değil,2780000.0,2,1
Turgutlu,110,1,3. Kat,30 Yaşında,Soba,Yok,Yok,Yok,-,Boş,Kat Mülkiyeti,-,Eşyalı Değil,1750000.0,2,1
Turgutlu,102,1,3. Kat,4 Yaşında,Kombi,Yok,Yok,Yok,-,Boş,Kat İrtifakı,Evet,Eşyalı,2850000.0,2,1
Soma,110,1,1. Kat,4 Yaşında,Merkezi,Yok,Yok,Var,-,Boş,Kat İrtifakı,Evet,Eşyalı Değil,2900000.0,3,1
Turgutlu,135,1,Giriş Katı,15 Yaşında,Kombi,Var,Var,Var,-,Kiracılı,Kat Mülkiyeti,Hayır,Eşyalı Değil,2500000.0,3,1
Salihli,87,1,En Üst Kat,5 Yaşında,Kombi,Var,Var,Var,İkinci El,Mülk Sahibi,Kat İrtifakı,Hayır,Eşyalı Değil,3400000.0,2,1
Yunusemre,120,3,-,Sıfır Bina,Klima,Var,Yok,Var,Sıfır,Boş,Kat Mülkiyeti,Hayır,Eşyalı Değil,5700000.0,3,1
Yunusemre,150,2,Yüksek Giriş,4 Yaşında,Güneş Enerjisi,Yok,Var,Yok,İkinci El,Mülk Sahibi,Kat Mülkiyeti,Hayır,-,10400000.0,3,1
Turgutlu,105,1,Zemin,11 Yaşında,Kombi,Yok,Var,Var,İkinci El,Boş,Kat Mülkiyeti,Hayır,Eşyalı Değil,2900000.0,2,1
Akhisar,130,1,1. Kat,26 Yaşında,Kombi,Var,Yok,Yok,-,Kiracılı,Kat İrtifakı,Hayır,Eşyalı Değil,2100000.0,3,1
Akhisar,140,2,4. Kat,26 Yaşında,Kombi,Var,Var,Yok,-,Boş,Tapu Yok,Hayır,Eşyalı Değil,2450000.0,3,1
Akhisar,130,1,Zemin,26 Yaşında,Soba,Yok,Yok,Yok,-,Boş,Kat İrtifakı,Hayır,Eşyalı Değil,1750000.0,3,1
Sehzadeler,119,1,Bahçe Katı,31 Yaşında,Soba,Yok,Yok,Yok,-,Boş,Müstakil Tapulu,Evet,Eşyalı Değil,2100000.0,2,1
Akhisar,226,1,-,32 Yaşında,Soba,Yok,Yok,Yok,İkinci El,Kiracılı,Müstakil Tapulu,Hayır,Eşyalı Değil,810000.0,3,1
Akhisar,130,1,3. Kat,26 Yaşında,Soba,Yok,Yok,Yok,-,Kiracılı,Kat İrtifakı,Hayır,-,1975000.0,3,1
Saruhanli,354,1,Yüksek Giriş,32 Yaşında,Klima,Yok,Yok,Yok,İkinci El,Mülk Sahibi,Kat Mülkiyeti,Evet,Eşyalı,1780000.0,2,1
Salihli,160,1,5. Kat,21 Yaşında,Kombi,Var,Var,Var,-,Kiracılı,Kat Mülkiyeti,Hayır,Eşyalı Değil,2750000.0,3,1
Salihli,174,2,-,3 Yaşında,Belirtilmemiş,Yok,Yok,Yok,İkinci El,Mülk Sahibi,Arsa,Evet,Eşyalı Değil,7300000.0,2,1
Turgutlu,100,1,4. Kat,20 Yaşında,Kombi,Yok,Yok,Yok,İkinci El,Kiracılı,Kat İrtifakı,Hayır,Eşyalı Değil,2099000.0,2,1
Akhisar,130,1,Giriş Katı,21 Yaşında,Kombi,Yok,Yok,Yok,-,Mülk Sahibi,Kat Mülkiyeti,Hayır,Eşyalı,1980000.0,3,1
Ahmetli,145,1,Yüksek Giriş,5 Yaşında,Kombi,Yok,Var,Yok,-,-,Kat İrtifakı,-,-,2900000.0,3,1
Akhisar,220,2,2. Kat,11 Yaşında,Kombi,Yok,Var,Var,-,Mülk Sahibi,Kat İrtifakı,Hayır,Eşyalı Değil,3500000.0,5,1
Sehzadeler,120,1,Zemin,26 Yaşında,Kombi,Var,Yok,Yok,-,Boş,Müstakil Tapulu,Evet,Eşyalı Değil,3450000.0,1,1
Turgutlu,110,1,3. Kat,7 Yaşında,Kombi,Var,Yok,Yok,İkinci El,Kiracılı,Kat Mülkiyeti,Hayır,Eşyalı Değil,2650000.0,2,1
Salihli,60,1,3. Kat,10 Yaşında,Klima,Yok,Yok,Yok,İkinci El,Boş,Kat İrtifakı,Hayır,Eşyalı,1900000.0,1,1
Yunusemre,220,2,3. Kat,2 Yaşında,Kombi,Yok,Var,Var,-,Boş,Kat Mülkiyeti,Hayır,Eşyalı Değil,13500000.0,4,1
Turgutlu,280,3,6. Kat,Sıfır Bina,Yerden Isıtma,Yok,Var,Yok,-,Boş,Kat İrtifakı,Evet,Eşyalı Değil,8500000.0,5,1
Akhisar,140,1,3. Kat,6 Yaşında,Kombi,Yok,Var,Var,-,Mülk Sahibi,Kat Mülkiyeti,Hayır,Eşyalı Değil,3075000.0,3,1
Salihli,90,1,En Üst Kat,Sıfır Bina,Kombi,Var,Var,Var,Sıfır,Boş,Kat İrtifakı,Evet,Eşyalı Değil,3675000.0,2,1
Kirkagac,120,2,2. Kat,Sıfır Bina,Kombi,Yok,Var,Var,Sıfır,Boş,Kat İrtifakı,Hayır,Eşyalı Değil,3400000.0,3,1
Akhisar,140,1,2. Kat,7 Yaşında,Kombi,Yok,Yok,Var,İkinci El,Boş,Kat İrtifakı,-,Eşyalı Değil,3500000.0,3,1
Saruhanli,90,1,3. Kat,1 Yaşında,Kombi,Yok,Var,Yok,-,Boş,Müstakil Tapulu,Evet,Eşyalı Değil,2750000.0,2,1
Yunusemre,110,1,Yüksek Giriş,4 Yaşında,Kombi,Var,Var,Yok,İkinci El,Boş,Kat İrtifakı,Hayır,Eşyalı Değil,4000000.0,2,1
Yunusemre,60,1,Bahçe Katı,3 Yaşında,Kombi,Yok,Yok,Yok,İkinci El,Boş,Kat İrtifakı,Hayır,Eşyalı Değil,3600000.0,1,1
Akhisar,130,2,1. Kat,Sıfır Bina,Kombi,Yok,Yok,Var,-,Boş,Kat Mülkiyeti,Hayır,Eşyalı Değil,3550000.0,2,1
Akhisar,115,1,3. Kat,Sıfır Bina,Kombi,Yok,Var,Var,Sıfır,Boş,Kat İrtifakı,Evet,Eşyalı Değil,2585000.0,2,1
Akhisar,290,1,-,25 Yaşında,Soba,Yok,Yok,Yok,İkinci El,Kiracılı,Müstakil Tapulu,-,Eşyalı Değil,1580000.0,2,1
Sehzadeler,120,1,En Üst Kat,50 Yaşında,Merkezi,Var,Var,Yok,İkinci El,-,Kat Mülkiyeti,Hayır,Eşyalı Değil,3250000.0,3,1
Soma,460,1,-,25 Yaşında,Soba,Yok,Yok,Var,İkinci El,Boş,Müstakil Tapulu,Hayır,Eşyalı Değil,1850000.0,2,1
Sehzadeler,231,1,-,37 Yaşında,Soba,Yok,Yok,Var,İkinci El,Mülk Sahibi,Müstakil Tapulu,Hayır,Eşyalı Değil,4200000.0,3,1
Akhisar,280,3,-,5 Yaşında,Kombi,Yok,Yok,Var,Sıfır,Boş,Kat Mülkiyeti,Evet,Eşyalı,11000000.0,4,2
Soma,300,1,Bahçe Katı,21 Yaşında,Soba,Yok,Var,Var,-,Kiracılı,Hisseli Tapu,Hayır,-,3500000.0,2,1
Salihli,210,3,4. Kat,2 Yaşında,Kombi,Var,Yok,Var,-,Boş,Kat Mülkiyeti,Evet,Eşyalı Değil,5295000.0,3,1
Salihli,50,1,Ara Kat,8 Yaşında,Klima,Yok,Var,Yok,-,-,Kat Mülkiyeti,-,-,1925000.0,1,1
Yunusemre,85,1,Yüksek Giriş,4 Yaşında,Kombi,Yok,Var,Var,İkinci El,Kiracılı,Kat İrtifakı,Evet,Eşyalı Değil,3175000.0,2,1
Salihli,55,1,5. Kat,10 Yaşında,Klima,Yok,Yok,Yok,-,Boş,Kat Mülkiyeti,-,Eşyalı,1650000.0,1,1
Yunusemre,180,2,-,20 Yaşında,Soba,Yok,Yok,Yok,İkinci El,Boş,Kat Mülkiyeti,Evet,Eşyalı Değil,2700000.0,2,1
Akhisar,130,2,2. Kat,35 Yaşında,Kombi,Yok,Yok,Yok,İkinci El,Kiracılı,Kat İrtifakı,Hayır,Eşyalı Değil,2150000.0,3,1
Salihli,105,-,Ara Kat,20 Yaşında,Klima,Var,Yok,Yok,İkinci El,Kiracılı,Kat İrtifakı,-,Eşyalı Değil,2600000.0,2,1
Sehzadeler,200,2,4. Kat,6 Yaşında,Kombi,Var,Yok,Var,-,Boş,Kat Mülkiyeti,Evet,Eşyalı Değil,9650000.0,3,1
Yunusemre,185,2,5. Kat,1 Yaşında,Kombi,Yok,Yok,Yok,-,Boş,Kat İrtifakı,Evet,Eşyalı Değil,9750000.0,3,1
Turgutlu,160,2,4. Kat,6 Yaşında,Kombi,Yok,Var,Var,-,Boş,Kat İrtifakı,Hayır,Eşyalı Değil,4200000.0,4,1
Yunusemre,46,1,2. Kat,Sıfır Bina,Kombi,Yok,Var,Var,-,Boş,Kat İrtifakı,Evet,Eşyalı Değil,2900000.0,1,1
Soma,180,1,1. Kat,35 Yaşında,Jeotermal Isıtm...,Var,Yok,Yok,İkinci El,Boş,Hisseli Tapu,Hayır,Eşyalı Değil,3420000.0,3,1
Saruhanli,147,2,4. Kat,1 Yaşında,Kombi,Yok,Var,Var,-,Boş,Kat İrtifakı,Hayır,Eşyalı Değil,3100000.0,2,1
Yunusemre,85,1,5. Kat,32 Yaşında,Kombi,Yok,Var,Var,İkinci El,Boş,Kat İrtifakı,Hayır,Eşyalı Değil,3100000.0,2,1
Koprubasi,180,1,-,40 Yaşında,Soba,Yok,Yok,Yok,İkinci El,Boş,Kat Mülkiyeti,Hayır,Eşyalı Değil,1350000.0,3,1
Turgutlu,141,1,-,30 Yaşında,Kat Kaloriferi,Var,Yok,Var,İkinci El,Boş,Müstakil Tapulu,Hayır,Eşyalı Değil,6500000.0,3,1
Salihli,85,1,-,24 Yaşında,Klima,Yok,Yok,Yok,İkinci El,Mülk Sahibi,Müstakil Tapulu,Hayır,Eşyalı Değil,4600000.0,2,1
Yunusemre,70,1,4. Kat,6 Yaşında,Kombi,Var,Var,Yok,-,Boş,Kat İrtifakı,Hayır,Eşyalı Değil,2849000.0,2,1
Turgutlu,120,1,4. Kat,6 Yaşında,Kombi,Yok,Var,Var,-,Boş,Kat Mülkiyeti,Hayır,Eşyalı Değil,2999000.0,3,1
Yunusemre,85,1,3. Kat,4 Yaşında,Kombi,Yok,Var,Var,Sıfır,Boş,Kat İrtifakı,Hayır,Eşyalı Değil,3175000.0,2,1
Akhisar,90,3,2. Kat,Sıfır Bina,Kombi,Yok,Var,Yok,-,Boş,Kat İrtifakı,Hayır,Eşyalı Değil,3050000.0,2,1
Akhisar,145,1,Yüksek Giriş,8 Yaşında,Kombi,Var,Var,Var,-,-,Müstakil Tapulu,Evet,-,2950000.0,3,1
Akhisar,70,1,1. Kat,Sıfır Bina,Kombi,Var,Var,Yok,-,Boş,Kat İrtifakı,Evet,Eşyalı Değil,2590000.0,2,0
Yunusemre,75,1,Zemin,6 Yaşında,Kombi,Var,Yok,Yok,-,Boş,Kat İrtifakı,Hayır,Eşyalı Değil,1700000.0,2,1
Yunusemre,110,1,-,15 Yaşında,Kat Kaloriferi,Yok,Yok,Yok,Sıfır,Boş,Kat Mülkiyeti,Hayır,Eşyalı Değil,4750000.0,2,1
Soma,100,1,Yüksek Giriş,Sıfır Bina,Merkezi,Var,Var,Yok,Sıfır,Boş,Kat İrtifakı,Evet,Eşyalı Değil,2750000.0,2,1
Saruhanli,285,2,4. Kat,5 Yaşında,Kombi,Yok,Yok,Yok,-,Mülk Sahibi,Müstakil Tapulu,Evet,Eşyalı Değil,8650000.0,6,1
Turgutlu,150,1,3. Kat,26 Yaşında,Kombi,Var,Yok,Yok,-,Boş,Kat Mülkiyeti,Hayır,Eşyalı Değil,2650000.0,3,1
Akhisar,100,1,Ara Kat,Sıfır Bina,Kombi,Yok,Var,Var,Sıfır,Boş,Kat Mülkiyeti,Hayır,Eşyalı Değil,3350000.0,2,1
Yunusemre,240,2,5. Kat,20 Yaşında,Kombi,Var,Var,Var,İkinci El,Mülk Sahibi,Kat İrtifakı,Hayır,Eşyalı Değil,4200000.0,4,1
Salihli,125,1,5. Kat,6 Yaşında,Kombi,Var,Var,Var,İkinci El,Kiracılı,Kat İrtifakı,Evet,Eşyalı Değil,4900000.0,3,1
Akhisar,135,1,2. Kat,Sıfır Bina,Kombi,Var,Var,Var,Sıfır,Boş,Kat İrtifakı,-,Eşyalı Değil,3625000.0,3,1
Yunusemre,90,1,2. Kat,8 Yaşında,Kombi,Var,Var,Var,İkinci El,Mülk Sahibi,Kat İrtifakı,Evet,Eşyalı Değil,4900000.0,2,1
Salihli,148,1,Bahçe Katı,15 Yaşında,Soba,Yok,Yok,Var,İkinci El,Mülk Sahibi,Kat Mülkiyeti,Hayır,Eşyalı Değil,6750000.0,3,1
Akhisar,150,2,En Üst Kat,Sıfır Bina,Kombi,Yok,Var,Yok,Sıfır,Boş,Kat Mülkiyeti,Evet,Eşyalı Değil,6600000.0,5,1
Demirci,65,1,Giriş Katı,9 Yaşında,Kat Kaloriferi,Var,Yok,Yok,İkinci El,Kiracılı,Kat İrtifakı,Evet,-,1685000.0,2,1
Yunusemre,110,1,En Üst Kat,12 Yaşında,Kombi,Var,Var,Yok,İkinci El,Boş,Kat Mülkiyeti,Hayır,-,3300000.0,3,1
Salihli,110,1,En Üst Kat,Sıfır Bina,Kombi,Yok,Yok,Var,Sıfır,Boş,Kat İrtifakı,-,-,4500000.0,2,1
Sehzadeler,135,1,Ara Kat,16 Yaşında,Kombi,Yok,Var,Yok,İkinci El,Boş,Kat Mülkiyeti,Evet,Eşyalı Değil,5200000.0,3,1
Yunusemre,48,1,12. Kat,1 Yaşında,Merkezi (Pay Öl...,Var,Yok,Var,Sıfır,Kiracılı,Kat Mülkiyeti,Hayır,Eşyalı,4850000.0,1,1
Akhisar,105,1,3. Kat,Sıfır Bina,Kombi,Yok,Var,Var,Sıfır,Boş,Kat İrtifakı,Hayır,Eşyalı Değil,3650000.0,2,1
Yunusemre,200,1,Çatı Katı,3 Yaşında,Kombi,Yok,Var,Yok,İkinci El,Boş,Kat Mülkiyeti,Evet,Eşyalı,5850000.0,3,1
Yunusemre,174,2,Ara Kat,11 Yaşında,Kombi,Var,Var,Var,İkinci El,Boş,Kat İrtifakı,Evet,Eşyalı Değil,11750000.0,4,1
Yunusemre,50,1,2. Kat,6 Yaşında,Kombi,Yok,Yok,Yok,-,Boş,Kat İrtifakı,Hayır,Eşyalı Değil,2350000.0,1,1
Turgutlu,155,2,1. Kat,Sıfır Bina,Yerden Isıtma,Var,Var,Var,-,Boş,Kat Mülkiyeti,Hayır,Eşyalı Değil,6750000.0,3,1
Salihli,85,1,1. Kat,Sıfır Bina,Kombi,Var,Var,Var,Yapım Aşamasınd...,Boş,Kat İrtifakı,Evet,-,2800000.0,2,1
Salihli,145,1,4. Kat,20 Yaşında,Jeotermal Isıtm...,Var,Var,Var,İkinci El,Boş,Kat Mülkiyeti,-,Eşyalı Değil,4100000.0,3,1
Akhisar,90,2,1. Kat,Sıfır Bina,Yerden Isıtma,Var,Var,Var,Sıfır,Boş,Kat İrtifakı,-,Eşyalı Değil,3600000.0,2,1
Yunusemre,240,2,5. Kat,20 Yaşında,Kombi,Var,Var,Yok,İkinci El,Mülk Sahibi,Kat Mülkiyeti,Evet,Eşyalı Değil,4200000.0,4,1
Yunusemre,257,3,Bahçe Katı,26 Yaşında,Kombi,Yok,Yok,Yok,-,Mülk Sahibi,Kat İrtifakı,Evet,Eşyalı Değil,16500000.0,4,1
Salihli,165,1,-,20 Yaşında,Soba,Yok,Yok,Yok,İkinci El,Mülk Sahibi,Kat Mülkiyeti,Hayır,Eşyalı Değil,3250000.0,3,1
Turgutlu,110,1,4. Kat,21 Yaşında,Kombi,Yok,Yok,Yok,-,Kiracılı,Kat Mülkiyeti,Evet,Eşyalı Değil,2600000.0,2,1
Salihli,200,1,-,12 Yaşında,Klima,Yok,Yok,Yok,İkinci El,Mülk Sahibi,Hisseli Tapu,Evet,Eşyalı Değil,12000000.0,3,1
Yunusemre,83,-,3. Kat,12 Yaşında,Kombi,Yok,Yok,Yok,-,Belirtilmemiş,Kat Mülkiyeti,-,Eşyalı Değil,3970000.0,2,1
Yunusemre,115,-,9. Kat,11 Yaşında,Kombi,Yok,Yok,Var,-,Mülk Sahibi,Kat İrtifakı,Hayır,Eşyalı Değil,6750000.0,3,1
Turgutlu,115,1,Yüksek Giriş,6 Yaşında,Kombi,Yok,Yok,Yok,-,Mülk Sahibi,Kat Mülkiyeti,Hayır,Eşyalı Değil,3250000.0,2,1
Sehzadeler,140,1,4. Kat,26 Yaşında,Kombi,Yok,Yok,Yok,-,Boş,Kat Mülkiyeti,Hayır,Eşyalı Değil,3700000.0,3,1
Turgutlu,160,2,Bahçe Katı,5 Yaşında,Kombi,Yok,Yok,Yok,-,-,Arsa,Hayır,-,9900000.0,1,0
Turgutlu,135,1,3. Kat,20 Yaşında,Kombi,Var,Var,Var,-,Mülk Sahibi,Kat Mülkiyeti,Evet,-,3300000.0,4,1
Yunusemre,50,1,Yüksek Giriş,Sıfır Bina,Kombi,Yok,Var,Var,Sıfır,Boş,Kat İrtifakı,-,Eşyalı Değil,2575000.0,1,1
Salihli,300,3,-,1 Yaşında,Kat Kaloriferi,Var,Yok,Var,-,Boş,Müstakil Tapulu,Evet,Eşyalı Değil,35000000.0,7,1
Yunusemre,75,1,Yüksek Giriş,Sıfır Bina,Yerden Isıtma,Yok,Yok,Yok,Sıfır,Boş,Kat İrtifakı,Evet,Eşyalı Değil,2990000.0,2,1
Yunusemre,75,1,2. Kat,4 Yaşında,Kombi,Yok,Var,Yok,-,Boş,Kat İrtifakı,Hayır,Eşyalı Değil,2950000.0,2,1
Turgutlu,85,1,3. Kat,Sıfır Bina,Kombi,Var,Var,Var,-,Boş,Kat İrtifakı,Evet,Eşyalı Değil,2300000.0,2,1
Yunusemre,250,2,4. Kat,1 Yaşında,Kombi,Yok,Var,Yok,Sıfır,Boş,Müstakil Tapulu,-,Eşyalı Değil,7900000.0,5,1
Sehzadeler,145,1,Yüksek Giriş,30 Yaşında,Kombi,Var,Var,Yok,İkinci El,Boş,Kat Mülkiyeti,Hayır,Eşyalı Değil,4100000.0,4,1
Turgutlu,130,2,Ara Kat,2 Yaşında,Merkezi (Pay Öl...,Yok,Var,Var,İkinci El,Boş,Kat İrtifakı,Hayır,Eşyalı Değil,5400000.0,3,1
Yunusemre,275,2,Yüksek Giriş,14 Yaşında,Kombi,Var,Var,Yok,İkinci El,Mülk Sahibi,Kat Mülkiyeti,Hayır,-,8980000.0,6,2
Turgutlu,120,1,4. Kat,6 Yaşında,Kombi,Var,Var,Yok,İkinci El,Mülk Sahibi,Kat Mülkiyeti,Evet,Eşyalı Değil,3750000.0,2,1
Sehzadeler,75,1,Ara Kat,23 Yaşında,Kombi,Var,Var,Var,İkinci El,Mülk Sahibi,Kat İrtifakı,Hayır,Eşyalı Değil,3400000.0,2,1
Yunusemre,120,1,Zemin,16 Yaşında,Kombi,Var,Var,Yok,-,Mülk Sahibi,Kat İrtifakı,Hayır,Eşyalı Değil,3475000.0,3,1
Turgutlu,159,1,Zemin,25 Yaşında,Kombi,Yok,Yok,Yok,İkinci El,Mülk Sahibi,Kat Mülkiyeti,Evet,Eşyalı Değil,2100000.0,2,1
Salihli,157,1,Bahçe Katı,10 Yaşında,Soba,Var,Var,Var,İkinci El,Mülk Sahibi,Müstakil Tapulu,Hayır,Eşyalı Değil,4800000.0,3,1
Yunusemre,160,2,En Üst Kat,12 Yaşında,Kombi,Var,Var,Var,İkinci El,Kiracılı,Kat Mülkiyeti,Hayır,Eşyalı,4490000.0,4,1
Turgutlu,105,1,Ara Kat,8 Yaşında,Kombi,Yok,Yok,Yok,İkinci El,Kiracılı,Kat Mülkiyeti,Hayır,-,2350000.0,3,1
Akhisar,125,1,2. Kat,Sıfır Bina,Yerden Isıtma,Var,Var,Yok,Sıfır,Boş,Kat İrtifakı,Evet,Eşyalı Değil,4150000.0,3,1
Yunusemre,145,1,2. Kat,6 Yaşında,Kombi,Var,Yok,Yok,-,Kiracılı,Kat İrtifakı,Hayır,Eşyalı Değil,4600000.0,3,1
Yunusemre,115,1,4. Kat,4 Yaşında,Kombi,Var,Var,Yok,İkinci El,Boş,Kat İrtifakı,Evet,Eşyalı Değil,3950000.0,3,1
Yunusemre,100,1,3. Kat,11 Yaşında,Kombi,Var,Var,Var,-,Boş,Kat İrtifakı,Hayır,Eşyalı Değil,4650000.0,2,1
Salihli,145,1,Ara Kat,15 Yaşında,Kombi,Var,Var,Var,İkinci El,-,Kat İrtifakı,Hayır,-,4650000.0,3,1
Yunusemre,125,1,1. Kat,6 Yaşında,Kombi,Yok,Var,Yok,-,Boş,Kat Mülkiyeti,Evet,Eşyalı Değil,4550000.0,3,1
Turgutlu,280,3,5. Kat,Sıfır Bina,Yerden Isıtma,Var,Var,Yok,-,Boş,Kat Mülkiyeti,Hayır,Eşyalı Değil,8500000.0,5,1
Alasehir,155,2,8. Kat,6 Yaşında,Kombi,Var,Yok,Var,-,Boş,Kat Mülkiyeti,Hayır,Eşyalı Değil,4750000.0,3,1
Salihli,125,1,3. Kat,Sıfır Bina,Kombi,Var,Var,Var,-,Boş,Kat İrtifakı,Evet,Eşyalı Değil,3650000.0,3,1
Sehzadeler,145,2,5. Kat,6 Yaşında,Kombi,Var,Var,Yok,-,Mülk Sahibi,Kat İrtifakı,Hayır,Eşyalı Değil,7700000.0,3,1
Koprubasi,110,1,3. Kat,4 Yaşında,Kat Kaloriferi,Yok,Var,Yok,-,-,Kat Mülkiyeti,Evet,-,3150000.0,2,1
Yunusemre,145,1,5. Kat,13 Yaşında,Kombi,Var,Var,Var,İkinci El,Kiracılı,Kat İrtifakı,Hayır,Eşyalı Değil,6800000.0,3,1
Turgutlu,90,2,En Üst Kat,7 Yaşında,Merkezi (Pay Öl...,Yok,Yok,Yok,İkinci El,Mülk Sahibi,Kat İrtifakı,Evet,Eşyalı Değil,2800000.0,2,1
Sehzadeler,120,1,Ara Kat,20 Yaşında,Kombi,Yok,Yok,Var,İkinci El,Mülk Sahibi,Kat İrtifakı,Hayır,Eşyalı Değil,4200000.0,3,1
Yunusemre,120,2,2. Kat,4 Yaşında,Kombi,Var,Var,Var,-,Boş,Kat İrtifakı,Evet,Eşyalı Değil,5700000.0,3,1
Salihli,85,1,Giriş Katı,4 Yaşında,Kombi,Yok,Yok,Yok,İkinci El,Kiracılı,Kat Mülkiyeti,Evet,Eşyalı Değil,2450000.0,2,1
Yunusemre,140,1,4. Kat,6 Yaşında,Kombi,Yok,Var,Yok,-,Mülk Sahibi,Kat Mülkiyeti,Evet,Eşyalı Değil,4200000.0,3,1
Sehzadeler,86,1,1. Kat,2 Yaşında,Merkezi,Yok,Yok,Var,-,Boş,Tapu Yok,Evet,Eşyalı Değil,1550000.0,2,1
Turgutlu,145,1,Ara Kat,2 Yaşında,Kombi,Var,Var,Var,-,Boş,Kat İrtifakı,Evet,Eşyalı Değil,3250000.0,3,1
Akhisar,103,2,2. Kat,Sıfır Bina,Kombi,Yok,Yok,Var,Sıfır,Boş,Kat İrtifakı,Hayır,Eşyalı Değil,3500000.0,2,1
Ahmetli,45,1,Yüksek Giriş,6 Yaşında,Klima,Var,Yok,Yok,İkinci El,-,Kat İrtifakı,-,Eşyalı,1800000.0,1,1
Yunusemre,80,1,2. Kat,8 Yaşında,Kombi,Yok,Var,Var,İkinci El,Kiracılı,Kat İrtifakı,Evet,Eşyalı Değil,3150000.0,2,1
Yunusemre,90,1,Ara Kat,2 Yaşında,Kombi,Yok,Var,Var,İkinci El,Kiracılı,Kat Mülkiyeti,Hayır,Eşyalı Değil,3550000.0,2,1
Salihli,135,1,3. Kat,3 Yaşında,Kombi,Yok,Var,Var,İkinci El,-,Kat İrtifakı,Hayır,Eşyalı Değil,6100000.0,3,1
Sehzadeler,145,1,5. Kat,27 Yaşında,Kombi,Var,Var,Var,İkinci El,Mülk Sahibi,Kat Mülkiyeti,Hayır,Eşyalı Değil,3425000.0,3,1
Salihli,95,1,3. Kat,5 Yaşında,Kombi,Var,Var,Var,-,Mülk Sahibi,Kat İrtifakı,Evet,Eşyalı Değil,3600000.0,2,1
Sehzadeler,90,1,En Üst Kat,34 Yaşında,Klima,Yok,Yok,Yok,-,Kiracılı,Kat İrtifakı,Hayır,Eşyalı,2340000.0,2,1
Salihli,204,2,4. Kat,5 Yaşında,Kombi,Yok,Var,Var,-,Boş,Kat Mülkiyeti,Evet,Eşyalı Değil,5400000.0,4,1
Akhisar,202,2,3. Kat,Sıfır Bina,Kombi,Yok,Var,Var,-,Boş,Kat İrtifakı,Evet,Eşyalı Değil,5250000.0,4,1
Alasehir,170,2,6. Kat,Sıfır Bina,Kombi,Yok,Var,Yok,-,Boş,Kat İrtifakı,Evet,Eşyalı Değil,5250000.0,3,1
Akhisar,100,1,Zemin,31 Yaşında,Soba,Var,Yok,Yok,-,Kiracılı,Kat İrtifakı,Hayır,Eşyalı Değil,1705000.0,2,1
Salihli,110,1,Kot 3,16 Yaşında,Isıtma Yok,Yok,Yok,Var,İkinci El,Kiracılı,Kat Mülkiyeti,Evet,Eşyalı,2650000.0,3,1
Akhisar,130,1,Giriş Katı,1 Yaşında,Merkezi,Yok,Yok,Var,Sıfır,Boş,Kat İrtifakı,Hayır,Eşyalı Değil,2890000.0,3,1
Turgutlu,90,2,1. Kat,Sıfır Bina,Yerden Isıtma,Var,Var,Yok,-,Boş,Kat İrtifakı,Hayır,Eşyalı Değil,3800000.0,2,1
Yunusemre,140,1,En Üst Kat,8 Yaşında,Kombi,Yok,Yok,Yok,İkinci El,Mülk Sahibi,Kat Mülkiyeti,Hayır,Eşyalı Değil,5500000.0,3,1
Turgutlu,160,2,1. Kat,1 Yaşında,Yerden Isıtma,Var,Yok,Var,Sıfır,Boş,Kat İrtifakı,-,Eşyalı Değil,5900000.0,3,1
Yunusemre,55,1,Zemin,10 Yaşında,Kat Kaloriferi,Yok,Yok,Yok,İkinci El,Boş,Müstakil Tapulu,Hayır,Eşyalı Değil,3250000.0,1,1
Salihli,130,1,2. Kat,25 Yaşında,Jeotermal Isıtm...,Yok,Var,Var,İkinci El,Boş,Kat İrtifakı,-,Eşyalı Değil,4750000.0,3,1
Sehzadeler,130,1,1. Kat,26 Yaşında,Kombi,Var,Yok,Yok,İkinci El,Mülk Sahibi,Kat İrtifakı,Hayır,Eşyalı Değil,3950000.0,3,1
Turgutlu,110,2,En Üst Kat,2 Yaşında,Yerden Isıtma,Var,Var,Yok,İkinci El,Mülk Sahibi,Kat İrtifakı,Evet,Eşyalı Değil,6300000.0,2,1
Akhisar,600,1,-,15 Yaşında,Soba,Yok,Var,Yok,İkinci El,Mülk Sahibi,Müstakil Tapulu,-,Eşyalı Değil,10250000.0,2,0
Salihli,90,1,1. Kat,7 Yaşında,Kombi,Yok,Var,Var,-,Mülk Sahibi,Kat Mülkiyeti,Evet,Eşyalı Değil,3500000.0,2,1
Sehzadeler,125,1,2. Kat,15 Yaşında,Kombi,Var,Var,Yok,İkinci El,Boş,Kat İrtifakı,Hayır,Eşyalı Değil,3380000.0,3,1
Turgutlu,170,2,4. Kat,Sıfır Bina,Kombi,Yok,Var,Var,Yapım Aşamasınd...,Boş,Kat Mülkiyeti,Hayır,Eşyalı Değil,6500000.0,3,1
Alasehir,170,2,6. Kat,Sıfır Bina,Kombi,Var,Var,Yok,-,Boş,Kat İrtifakı,Hayır,Eşyalı Değil,5250000.0,3,1
Yunusemre,135,1,2. Kat,15 Yaşında,Kombi,Yok,Yok,Var,İkinci El,Boş,Kat Mülkiyeti,Hayır,Eşyalı Değil,4050000.0,3,1
Akhisar,365,1,-,25 Yaşında,Soba,Yok,Yok,Yok,İkinci El,Kiracılı,Arsa,Hayır,Eşyalı Değil,3000000.0,2,1
Saruhanli,148,1,Ara Kat,7 Yaşında,Kombi,Yok,Yok,Yok,İkinci El,Kiracılı,Kat Mülkiyeti,Hayır,Eşyalı Değil,5000000.0,3,1
Akhisar,150,1,3. Kat,3 Yaşında,Kombi,Var,Yok,Yok,-,Boş,Kat Mülkiyeti,Hayır,Eşyalı Değil,4250000.0,3,1
Turgutlu,110,1,2. Kat,Sıfır Bina,Kombi,Yok,Var,Var,Sıfır,Boş,Kat Mülkiyeti,Hayır,Eşyalı Değil,3850000.0,2,1
Turgutlu,165,2,1. Kat,1 Yaşında,Yerden Isıtma,Var,Var,Var,Sıfır,Boş,Kat İrtifakı,Hayır,Eşyalı Değil,7000000.0,3,0
Yunusemre,65,1,3. Kat,6 Yaşında,Kombi,Yok,Var,Var,-,Kiracılı,Kat İrtifakı,Hayır,Eşyalı Değil,4650000.0,2,0
Yunusemre,130,1,3. Kat,6 Yaşında,Kombi,Yok,Yok,Var,-,Boş,Kat Mülkiyeti,Hayır,Eşyalı Değil,4450000.0,3,1
Sehzadeler,100,1,1. Kat,30 Yaşında,Kombi,Var,Var,Yok,İkinci El,Boş,Müstakil Tapulu,Evet,Eşyalı Değil,3975000.0,2,1
Turgutlu,110,1,2. Kat,Sıfır Bina,Yerden Isıtma,Var,Var,Var,-,Boş,Kat Mülkiyeti,Hayır,Eşyalı Değil,4000000.0,2,1
Sehzadeler,100,1,6. Kat,6 Yaşında,Kombi,Var,Var,Yok,İkinci El,Mülk Sahibi,Kat İrtifakı,Hayır,Eşyalı Değil,3950000.0,1,1
Akhisar,130,1,2. Kat,6 Yaşında,Kombi,Var,Var,Var,İkinci El,Boş,Kat İrtifakı,Hayır,Eşyalı Değil,3650000.0,3,1
Akhisar,85,1,3. Kat,Sıfır Bina,Kombi,Var,Var,Var,Sıfır,Boş,Kat İrtifakı,-,Eşyalı Değil,3300000.0,2,0
Yunusemre,110,1,2. Kat,4 Yaşında,Kombi,Yok,Yok,Var,-,Kiracılı,Kat İrtifakı,Evet,Eşyalı Değil,7150000.0,2,1
Salihli,135,1,3. Kat,6 Yaşında,Kombi,Var,Yok,Yok,-,Mülk Sahibi,Kat Mülkiyeti,Evet,Eşyalı Değil,5670000.0,3,1
Sehzadeler,85,1,1. Kat,35 Yaşında,Kombi,Yok,Var,Var,İkinci El,Mülk Sahibi,Kat İrtifakı,Hayır,Eşyalı Değil,4300000.0,2,1
Salihli,160,-,4. Kat,10 Yaşında,Jeotermal Isıtm...,Var,Yok,Yok,İkinci El,-,Müstakil Tapulu,-,Eşyalı Değil,3800000.0,3,1
Yunusemre,120,1,5. Kat,31 Yaşında,Kombi,Var,Yok,Yok,İkinci El,Boş,Kat İrtifakı,Hayır,Eşyalı Değil,3695000.0,2,1
Demirci,90,1,-,40 Yaşında,Soba,Yok,Yok,Yok,İkinci El,Boş,Arsa,Evet,Eşyalı Değil,600000.0,2,1
Akhisar,300,3,4. Kat,Sıfır Bina,Kombi,Yok,Var,Yok,-,Boş,Müstakil Tapulu,Hayır,Eşyalı Değil,6700000.0,5,1
Turgutlu,172,2,4. Kat,5 Yaşında,Merkezi (Pay Öl...,Var,Var,Var,-,Kiracılı,Kat Mülkiyeti,Hayır,Eşyalı Değil,5250000.0,3,1
Yunusemre,130,2,Ara Kat,6 Yaşında,Kombi,Var,Var,Yok,İkinci El,Kiracılı,Müstakil Tapulu,Evet,Eşyalı Değil,4450000.0,3,1
Yunusemre,115,1,2. Kat,28 Yaşında,Kombi,Var,Var,Yok,İkinci El,Boş,Kat İrtifakı,Evet,Eşyalı Değil,3800000.0,3,1
Sehzadeler,125,1,2. Kat,40 Yaşında,Merkezi,Yok,Var,Yok,İkinci El,Boş,Kat İrtifakı,Hayır,Eşyalı Değil,4299000.0,3,1
Turgutlu,125,1,En Üst Kat,7 Yaşında,Kombi,Var,Yok,Yok,İkinci El,-,Kat İrtifakı,Hayır,Eşyalı Değil,3650000.0,3,1
Akhisar,125,1,4. Kat,5 Yaşında,Kombi,Var,Var,Var,İkinci El,Kiracılı,Kat İrtifakı,Hayır,Eşyalı Değil,3850000.0,3,1
Akhisar,105,1,-,5 Yaşında,Klima,Yok,Yok,Yok,İkinci El,Boş,Müstakil Tapulu,Hayır,Eşyalı,8250000.0,2,0
Akhisar,115,1,2. Kat,Sıfır Bina,Kombi,Var,Var,Var,Sıfır,Boş,Kat İrtifakı,Hayır,Eşyalı Değil,3600000.0,2,1
Yunusemre,95,1,4. Kat,5 Yaşında,Kombi,Yok,Yok,Var,-,Boş,Kat İrtifakı,Hayır,Eşyalı Değil,3350000.0,2,1
Sehzadeler,125,1,2. Kat,21 Yaşında,Kombi,Var,Yok,Yok,-,Boş,Kat İrtifakı,Hayır,Eşyalı Değil,3975000.0,2,1
Turgutlu,115,1,4. Kat,21 Yaşında,Klima,Var,Yok,Yok,-,Kiracılı,Kat Mülkiyeti,Hayır,Eşyalı Değil,2550000.0,2,1
Akhisar,220,3,3. Kat,Sıfır Bina,Kombi,Yok,Yok,Var,Sıfır,Boş,Kat İrtifakı,-,Eşyalı Değil,6500000.0,4,1
Sehzadeler,120,1,En Üst Kat,25 Yaşında,Kombi,Var,Yok,Yok,İkinci El,Kiracılı,Kat İrtifakı,Hayır,Eşyalı Değil,3075000.0,3,1
Sehzadeler,90,1,1. Kat,31 Yaşında,Klima,Yok,Var,Yok,-,Boş,Kat İrtifakı,Hayır,Eşyalı Değil,7750000.0,2,1
Yunusemre,138,1,Yüksek Giriş,31 Yaşında,Kombi,Var,Yok,Yok,-,Boş,Kat Mülkiyeti,Hayır,Eşyalı Değil,3450000.0,3,1
Yunusemre,135,31,Ara Kat,16 Yaşında,Kombi,Yok,Var,Var,İkinci El,Mülk Sahibi,Kat Mülkiyeti,Hayır,Eşyalı Değil,8500000.0,3,1
Yunusemre,220,4,-,Sıfır Bina,Yerden Isıtma,Yok,Yok,Var,Sıfır,Boş,Müstakil Tapulu,Evet,Eşyalı Değil,17949000.0,5,1
Yunusemre,200,2,5. Kat,15 Yaşında,Yerden Isıtma,Yok,Var,Var,İkinci El,Mülk Sahibi,Kat İrtifakı,Evet,Eşyalı Değil,8150000.0,5,1
Sehzadeler,120,1,En Üst Kat,25 Yaşında,Kombi,Var,Var,Yok,İkinci El,Boş,Kat Mülkiyeti,Hayır,Eşyalı Değil,14000.0,3,1
Akhisar,260,2,Zemin,11 Yaşında,Kombi,Yok,Yok,Yok,-,Kiracılı,Kat Mülkiyeti,Hayır,Eşyalı Değil,3550000.0,5,1
Yunusemre,55,1,2. Kat,Sıfır Bina,Yerden Isıtma,Yok,Var,Var,Sıfır,Boş,Kat Mülkiyeti,Evet,Eşyalı Değil,3550000.0,1,1
Saruhanli,400,1,-,11 Yaşında,Soba,Yok,Var,Yok,-,Boş,Arsa,Evet,Eşyalı,3725000.0,2,1
Soma,115,1,2. Kat,7 Yaşında,Merkezi,Var,Var,Yok,-,Boş,Kat Mülkiyeti,Evet,Eşyalı Değil,2550000.0,3,1
Yunusemre,110,1,Yüksek Giriş,14 Yaşında,Kombi,Var,Yok,Var,İkinci El,Boş,Kat İrtifakı,-,Eşyalı Değil,3450000.0,3,1
Sehzadeler,135,1,En Üst Kat,16 Yaşında,Kombi,Yok,Var,Yok,İkinci El,Boş,Kat Mülkiyeti,Evet,Eşyalı Değil,4500000.0,3,1
Yunusemre,280,2,5. Kat,6 Yaşında,Kombi,Yok,Yok,Var,-,Mülk Sahibi,Kat İrtifakı,Hayır,Eşyalı Değil,6500000.0,6,1
Turgutlu,120,1,3. Kat,4 Yaşında,Kombi,Yok,Var,Var,-,Boş,Kat İrtifakı,Evet,Eşyalı Değil,4650000.0,3,1
Salihli,95,1,5. Kat,2 Yaşında,Kombi,Var,Var,Var,-,Kiracılı,Kat İrtifakı,Hayır,Eşyalı Değil,3650000.0,2,1
Turgutlu,145,1,5. Kat,5 Yaşında,Kombi,Var,Yok,Var,-,Boş,Kat Mülkiyeti,Hayır,Eşyalı Değil,5500000.0,3,1
Yunusemre,165,1,3. Kat,19 Yaşında,Kombi,Var,Var,Var,İkinci El,Kiracılı,Kat Mülkiyeti,Hayır,Eşyalı Değil,6500000.0,3,1
Turgutlu,280,2,2. Kat,4 Yaşında,Merkezi (Pay Öl...,Yok,Yok,Var,-,Boş,Kat Mülkiyeti,Hayır,Eşyalı Değil,4500000.0,3,1
Akhisar,125,2,2. Kat,Sıfır Bina,Kombi,Var,Var,Var,Sıfır,Boş,Kat İrtifakı,-,Eşyalı Değil,4500000.0,3,1
Yunusemre,185,2,1. Kat,16 Yaşında,Kombi,Var,Var,Var,-,Mülk Sahibi,Kat İrtifakı,Evet,Eşyalı Değil,4625000.0,3,1
Yunusemre,150,1,Ara Kat,15 Yaşında,Kombi,Var,Var,Yok,İkinci El,Boş,Kat İrtifakı,Hayır,Eşyalı Değil,5500000.0,3,1
Turgutlu,115,2,10. Kat,1 Yaşında,Merkezi (Pay Öl...,Yok,Var,Var,-,Kiracılı,Kat İrtifakı,Hayır,Eşyalı Değil,3950000.0,2,1
Yunusemre,382,2,Bahçe Katı,5 Yaşında,Soba,Var,Var,Yok,-,Boş,Kooperatiften H...,Evet,Eşyalı,6000000.0,4,1
Yunusemre,140,1,Yüksek Giriş,5 Yaşında,Kombi,Var,Var,Var,İkinci El,Kiracılı,Kat Mülkiyeti,Hayır,Eşyalı Değil,6850000.0,3,1
Salihli,148,1,Zemin,9 Yaşında,Soba,Yok,Yok,Var,İkinci El,Kiracılı,Kat İrtifakı,Hayır,Eşyalı Değil,3500000.0,3,1
Salihli,300,2,En Üst Kat,3 Yaşında,Kombi,Var,Yok,Var,-,Mülk Sahibi,Kat Mülkiyeti,Evet,Eşyalı Değil,9750000.0,4,2
Akhisar,100,1,Yüksek Giriş,Sıfır Bina,Kombi,Var,Yok,Yok,Sıfır,Boş,Kat İrtifakı,Evet,Eşyalı Değil,2435000.0,1,1
Yunusemre,120,1,5. Kat,26 Yaşında,Kombi,Yok,Yok,Var,-,Boş,Kat İrtifakı,Evet,Eşyalı Değil,3800000.0,3,1
Sehzadeler,45,1,3. Kat,Sıfır Bina,Kombi,Yok,Yok,Yok,-,Boş,Kat İrtifakı,Hayır,Eşyalı Değil,3375000.0,1,1
Yunusemre,55,1,Yüksek Giriş,1 Yaşında,Kombi,Var,Var,Var,-,Boş,Kat İrtifakı,Hayır,Eşyalı,4100000.0,1,1
Kirkagac,90,1,2. Kat,31 Yaşında,Kombi,Var,Yok,Yok,-,-,Kat Mülkiyeti,-,Eşyalı Değil,1400000.0,2,1
Saruhanli,75,1,2. Kat,Sıfır Bina,Kombi,Yok,Yok,Var,-,Boş,Kat İrtifakı,Hayır,Eşyalı Değil,2450000.0,2,1
Yunusemre,112,1,2. Kat,16 Yaşında,Kombi,Var,Var,Var,İkinci El,Boş,Kat Mülkiyeti,Hayır,Eşyalı Değil,6500000.0,3,1
Akhisar,170,2,En Üst Kat,Sıfır Bina,Kombi,Yok,Yok,Var,Sıfır,Boş,Kat Mülkiyeti,-,Eşyalı Değil,8250000.0,4,1
Turgutlu,135,1,4. Kat,11 Yaşında,Kombi,Yok,Var,Yok,-,Kiracılı,Kat İrtifakı,Hayır,Eşyalı Değil,3200000.0,3,1
Yunusemre,135,1,1. Kat,6 Yaşında,Kombi,Var,Var,Yok,-,Boş,Kat İrtifakı,Hayır,Eşyalı Değil,3650000.0,3,1
Salihli,80,1,Yüksek Giriş,6 Yaşında,Kombi,Var,Yok,Var,-,Boş,Kat Mülkiyeti,Hayır,Eşyalı Değil,3150000.0,2,1
Akhisar,73,2,1. Kat,Sıfır Bina,Kombi,Yok,Yok,Yok,-,Boş,Kat İrtifakı,Evet,Eşyalı Değil,2950000.0,2,0
Sehzadeler,120,1,5. Kat,5 Yaşında,Kombi,Yok,Yok,Var,-,Boş,Kat Mülkiyeti,Evet,Eşyalı Değil,7200000.0,2,1
Salihli,250,2,Bahçe Katı,Sıfır Bina,Kombi,Yok,Yok,Yok,-,Boş,Kat Mülkiyeti,Hayır,Eşyalı Değil,7490000.0,5,1
Akhisar,142,2,En Üst Kat,8 Yaşında,Kombi,Var,Var,Var,-,-,Müstakil Tapulu,-,-,3590000.0,3,1
Turgutlu,130,2,3. Kat,Sıfır Bina,Kombi,Var,Var,Var,-,Boş,Kat İrtifakı,Evet,Eşyalı Değil,4650000.0,3,1
Salihli,145,1,4. Kat,13 Yaşında,Kombi,Yok,Yok,Var,İkinci El,Mülk Sahibi,Kat İrtifakı,-,Eşyalı Değil,5250000.0,3,1
Akhisar,138,1,2. Kat,11 Yaşında,Kombi,Var,Yok,Yok,-,Mülk Sahibi,Kat İrtifakı,Hayır,Eşyalı Değil,3600000.0,3,1
Turgutlu,135,1,Ara Kat,25 Yaşında,Kombi,Var,Yok,Yok,-,-,Kat Mülkiyeti,-,-,3750000.0,3,1
Yunusemre,75,1,2. Kat,4 Yaşında,Kombi,Yok,Var,Yok,-,Boş,Kat İrtifakı,Hayır,Eşyalı Değil,2950000.0,2,1
Kirkagac,134,1,1. Kat,20 Yaşında,Kombi,Yok,Yok,Yok,İkinci El,Mülk Sahibi,Kat İrtifakı,Hayır,Eşyalı Değil,2450000.0,3,1
Akhisar,120,2,3. Kat,Sıfır Bina,Yerden Isıtma,Var,Var,Var,Sıfır,Boş,Kat İrtifakı,Evet,Eşyalı Değil,4150000.0,3,1
Salihli,135,1,Yüksek Giriş,30 Yaşında,Kombi,Yok,Yok,Var,İkinci El,Mülk Sahibi,Kat İrtifakı,Hayır,Eşyalı Değil,3600000.0,3,1
Sehzadeler,400,3,5. Kat,21 Yaşında,Kombi,Yok,Yok,Yok,-,Boş,Kat Mülkiyeti,Hayır,Eşyalı,10500000.0,4,1
Yunusemre,230,2,Çatı Katı,1 Yaşında,Kombi,Yok,Var,Yok,-,Boş,Kat İrtifakı,Hayır,Eşyalı Değil,5700000.0,3,1
Yunusemre,95,1,Yüksek Giriş,10 Yaşında,Kombi,Yok,Var,Yok,İkinci El,Boş,Kat İrtifakı,Evet,Eşyalı Değil,3150000.0,3,1
Yunusemre,125,1,4. Kat,21 Yaşında,Kombi,Yok,Var,Yok,-,Boş,Kat Mülkiyeti,Hayır,Eşyalı Değil,4450000.0,3,1
Yunusemre,120,1,4. Kat,25 Yaşında,Kombi,Var,Yok,Yok,-,-,Kat Mülkiyeti,-,-,3200000.0,3,1
Saruhanli,105,1,3. Kat,1 Yaşında,Kombi,Yok,Var,Yok,-,Boş,Kat İrtifakı,Evet,Eşyalı Değil,2995000.0,2,1
Akhisar,240,2,4. Kat,1 Yaşında,Kombi,Var,Yok,Var,-,Boş,Kat Mülkiyeti,Evet,Eşyalı Değil,4670000.0,4,1
Sehzadeler,140,1,5. Kat,31 Yaşında,Kombi,Var,Var,Var,-,Mülk Sahibi,Kat Mülkiyeti,Evet,Eşyalı Değil,3375000.0,3,1
Akhisar,148,1,En Üst Kat,3 Yaşında,Kombi,Var,Var,Var,-,Boş,Kat Mülkiyeti,Hayır,Eşyalı,4200000.0,3,0
Kirkagac,120,2,3. Kat,Sıfır Bina,Kombi,Var,Yok,Var,-,Boş,Kat İrtifakı,Evet,Eşyalı Değil,3550000.0,3,1
Turgutlu,132,1,1. Kat,12 Yaşında,Kombi,Yok,Yok,Yok,İkinci El,Boş,Kat Mülkiyeti,-,Eşyalı Değil,2500000.0,2,1
Yunusemre,111,1,Yüksek Giriş,33 Yaşında,Soba,Yok,Var,Var,İkinci El,Kiracılı,Kat Mülkiyeti,Hayır,-,2490000.0,2,1
Sehzadeler,340,2,Zemin,10 Yaşında,Kombi,Yok,Var,Yok,-,Kiracılı,Kat Mülkiyeti,Evet,Eşyalı Değil,4550000.0,4,2
Yunusemre,200,2,5. Kat,8 Yaşında,Kombi,Yok,Var,Yok,İkinci El,Kiracılı,Kat İrtifakı,Evet,Eşyalı Değil,5300000.0,4,1
Akhisar,85,1,1. Kat,19 Yaşında,Kombi,Yok,Yok,Yok,İkinci El,Kiracılı,Kat Mülkiyeti,Evet,Eşyalı,2900000.0,2,1
Akhisar,80,1,1. Kat,Sıfır Bina,Kombi,Yok,Var,Var,Sıfır,Boş,Kat İrtifakı,Hayır,Eşyalı Değil,3000000.0,2,1
Saruhanli,55,1,2. Kat,Sıfır Bina,Yerden Isıtma,Yok,Yok,Var,-,Kiracılı,Kat İrtifakı,Hayır,Eşyalı,2650000.0,1,1
Salihli,125,1,3. Kat,Sıfır Bina,Kombi,Var,Var,Var,Sıfır,Boş,Kat İrtifakı,Evet,-,3650000.0,3,1
Akhisar,125,1,1. Kat,1 Yaşında,Yerden Isıtma,Yok,Yok,Var,Sıfır,Boş,Kat İrtifakı,Hayır,Eşyalı Değil,4800000.0,3,1
Yunusemre,480,4,-,11 Yaşında,Yerden Isıtma,Yok,Yok,Var,İkinci El,Mülk Sahibi,Kat İrtifakı,-,Eşyalı Değil,58900000.0,5,2
Turgutlu,175,1,Bahçe Katı,21 Yaşında,Soba,Yok,Yok,Yok,-,Kiracılı,Müstakil Tapulu,Hayır,-,2100000.0,3,1
Turgutlu,140,1,5. Kat,7 Yaşında,Kombi,Yok,Var,Yok,İkinci El,Boş,Kat Mülkiyeti,Hayır,Eşyalı Değil,2900000.0,3,1
Turgutlu,170,3,4. Kat,2 Yaşında,Yerden Isıtma,Var,Yok,Var,-,Mülk Sahibi,Kat Mülkiyeti,Hayır,Eşyalı Değil,5500000.0,3,1
Turgutlu,95,1,1. Kat,11 Yaşında,Kombi,Yok,Var,Yok,-,Boş,Kat Mülkiyeti,Evet,Eşyalı Değil,2700000.0,2,1
Yunusemre,220,2,5. Kat,17 Yaşında,Kombi,Var,Var,Var,İkinci El,Mülk Sahibi,Müstakil Tapulu,-,Eşyalı,6200000.0,4,1
Turgutlu,130,1,1. Kat,11 Yaşında,Kombi,Var,Var,Var,-,Mülk Sahibi,Kat Mülkiyeti,Evet,-,3500000.0,3,1
Turgutlu,255,3,4. Kat,Sıfır Bina,Kombi,Var,Var,Var,-,Boş,Kat Mülkiyeti,Evet,-,7500000.0,4,1
Salihli,275,1,Bahçe Katı,31 Yaşında,Isıtma Yok,Yok,Yok,Yok,-,Boş,Müstakil Tapulu,Hayır,Eşyalı Değil,3250000.0,4,1
Akhisar,95,1,3. Kat,5 Yaşında,Kombi,Var,Var,Var,-,-,Müstakil Tapulu,-,-,2980000.0,2,1
Salihli,175,2,4. Kat,2 Yaşında,Kombi,Yok,Var,Var,-,-,Kat İrtifakı,-,Eşyalı Değil,6250000.0,4,1
Yunusemre,105,1,4. Kat,6 Yaşında,Kombi,Var,Var,Yok,-,Mülk Sahibi,Kat İrtifakı,Hayır,Eşyalı Değil,3650000.0,2,1
Yunusemre,60,1,Yüksek Giriş,2 Yaşında,Kombi,Var,Yok,Yok,-,Boş,Kat İrtifakı,Hayır,Eşyalı Değil,3250000.0,1,1
Sehzadeler,125,1,1. Kat,16 Yaşında,Kombi,Var,Var,Yok,-,Boş,Kat Mülkiyeti,Evet,Eşyalı Değil,3750000.0,3,1
Saruhanli,140,1,2. Kat,1 Yaşında,Kombi,Var,Var,Yok,-,Boş,Kat İrtifakı,Evet,Eşyalı Değil,4350000.0,3,1
Yunusemre,80,1,3. Kat,6 Yaşında,Kombi,Yok,Yok,Yok,-,Boş,Kat İrtifakı,Evet,Eşyalı,3050000.0,2,1
Yunusemre,115,1,Yüksek Giriş,11 Yaşında,Kombi,Var,Yok,Var,-,Mülk Sahibi,Kat İrtifakı,Hayır,Eşyalı Değil,5750000.0,2,1
Yunusemre,58,1,2. Kat,Sıfır Bina,Kombi,Yok,Yok,Yok,-,Boş,Kat İrtifakı,Hayır,Eşyalı Değil,3000000.0,1,1
Yunusemre,160,2,10. Kat,15 Yaşında,Kombi,Yok,Var,Var,İkinci El,Kiracılı,Müstakil Tapulu,Hayır,Eşyalı Değil,7500000.0,3,1
Turgutlu,135,2,Ara Kat,Sıfır Bina,Yerden Isıtma,Var,Var,Var,Sıfır,Boş,Kat İrtifakı,Evet,Eşyalı Değil,5800000.0,3,1
Turgutlu,100,1,Ara Kat,Sıfır Bina,Yerden Isıtma,Var,Var,Var,Sıfır,Boş,Kat Mülkiyeti,Hayır,Eşyalı Değil,3750000.0,2,1
Yunusemre,60,1,3. Kat,Sıfır Bina,Kombi,Var,Var,Var,-,Boş,Kat İrtifakı,Hayır,Eşyalı Değil,2750000.0,1,1
Saruhanli,145,2,1. Kat,5 Yaşında,Kombi,Var,Yok,Yok,İkinci El,Kiracılı,Kat İrtifakı,-,Eşyalı Değil,4300000.0,3,1
Akhisar,130,1,1. Kat,Sıfır Bina,Kombi,Yok,Var,Var,Sıfır,Boş,Kat İrtifakı,Hayır,Eşyalı Değil,4250000.0,3,1
Akhisar,130,1,3. Kat,25 Yaşında,Kombi,Var,Var,Var,İkinci El,Boş,Kat İrtifakı,-,Eşyalı Değil,3800000.0,3,1
Turgutlu,205,2,2. Kat,16 Yaşında,Kombi,Var,Var,Yok,-,Mülk Sahibi,Kat Mülkiyeti,Hayır,Eşyalı Değil,4500000.0,3,1
Turgutlu,190,2,1. Kat,Sıfır Bina,Yerden Isıtma,Yok,Yok,Yok,-,Boş,Kat Mülkiyeti,Evet,Eşyalı Değil,6500000.0,3,1
Turgutlu,157,2,3. Kat,4 Yaşında,Kombi,Var,Var,Var,-,Mülk Sahibi,Kat Mülkiyeti,Hayır,Eşyalı Değil,4800000.0,3,1
Yunusemre,55,1,3. Kat,15 Yaşında,Kombi,Yok,Var,Yok,İkinci El,Kiracılı,Müstakil Tapulu,-,Eşyalı Değil,5500000.0,1,1
Turgutlu,85,1,3. Kat,21 Yaşında,Klima,Var,Yok,Yok,-,Kiracılı,Kat İrtifakı,Hayır,Eşyalı,1750000.0,2,1
Yunusemre,170,2,Bahçe Katı,Sıfır Bina,Kombi,Yok,Yok,Var,-,Boş,Kat İrtifakı,Evet,Eşyalı Değil,18500000.0,4,1
Akhisar,95,1,En Üst Kat,28 Yaşında,Kombi,Yok,Yok,Yok,-,-,Müstakil Tapulu,-,-,1350000.0,2,1
Yunusemre,125,1,5. Kat,21 Yaşında,Kombi,Yok,Var,Yok,-,Boş,Kat Mülkiyeti,Evet,Eşyalı Değil,3650000.0,3,1
Turgutlu,201,2,4. Kat,11 Yaşında,Kombi,Yok,Var,Yok,-,Kiracılı,Kat İrtifakı,Evet,-,2950000.0,2,2
Salihli,95,1,4. Kat,4 Yaşında,Jeotermal Isıtm...,Yok,Yok,Var,İkinci El,Boş,Kat Mülkiyeti,Hayır,-,3250000.0,2,1
Akhisar,125,1,4. Kat,30 Yaşında,Kombi,Yok,Yok,Yok,İkinci El,Boş,Kat İrtifakı,Hayır,Eşyalı Değil,1875000.0,3,1
Salihli,269,1,Bahçe Katı,16 Yaşında,Doğalgaz Sobası,Yok,Var,Var,-,Boş,Müstakil Tapulu,Hayır,Eşyalı Değil,6950000.0,3,1
Akhisar,175,1,4. Kat,Sıfır Bina,Kombi,Yok,Var,Var,-,Boş,Kat İrtifakı,Hayır,Eşyalı Değil,6800000.0,3,1
Turgutlu,145,1,Yüksek Giriş,11 Yaşında,Kombi,Var,Var,Var,-,Boş,Kat Mülkiyeti,Evet,Eşyalı Değil,4499000.0,3,1
Akhisar,135,1,-,9 Yaşında,Kombi,Yok,Var,Yok,İkinci El,Belirtilmemiş,Kat İrtifakı,Hayır,-,9000000.0,4,2
Yunusemre,130,1,3. Kat,5 Yaşında,Kombi,Var,Var,Yok,-,Mülk Sahibi,Kat İrtifakı,Hayır,Eşyalı Değil,4950000.0,3,1
Sehzadeler,125,2,En Üst Kat,28 Yaşında,Kombi,Yok,Var,Yok,Sıfır,Mülk Sahibi,Kat Mülkiyeti,Hayır,Eşyalı Değil,3750000.0,3,1
Turgutlu,160,1,Zemin,6 Yaşında,Kombi,Yok,Var,Var,İkinci El,Kiracılı,Kat Mülkiyeti,Hayır,Eşyalı Değil,2250000.0,3,1
Yunusemre,196,1,3. Kat,11 Yaşında,Klima,Yok,Var,Yok,-,Mülk Sahibi,Kat Mülkiyeti,Evet,Eşyalı Değil,5000000.0,3,1
Soma,135,2,2. Kat,7 Yaşında,Kombi,Var,Yok,Yok,İkinci El,Boş,Kat Mülkiyeti,Hayır,Eşyalı Değil,2975000.0,3,1
Yunusemre,90,2,2. Kat,Sıfır Bina,Yerden Isıtma,Var,Yok,Var,-,Boş,Kat İrtifakı,Hayır,Eşyalı Değil,3400000.0,2,1
Akhisar,160,2,1. Kat,4 Yaşında,Kombi,Yok,Yok,Yok,-,Boş,Kat İrtifakı,Hayır,Eşyalı Değil,5500000.0,3,1
Akhisar,170,2,3. Kat,3 Yaşında,Kombi,Yok,Var,Var,Sıfır,Boş,Kat İrtifakı,-,Eşyalı Değil,4100000.0,4,1
Yunusemre,135,-,-,-,-,Yok,Yok,Yok,-,-,-,-,-,3550000.0,3,1
Turgutlu,135,2,3. Kat,Sıfır Bina,Yerden Isıtma,Var,Var,Var,-,Boş,Kat İrtifakı,Hayır,Eşyalı Değil,5650000.0,3,1
Turgutlu,100,1,2. Kat,31 Yaşında,Kombi,Yok,Yok,Yok,-,Mülk Sahibi,Kat Mülkiyeti,Hayır,Eşyalı Değil,2500000.0,2,1
Salihli,95,1,3. Kat,Sıfır Bina,Kombi,Var,Var,Var,Sıfır,-,Kat Mülkiyeti,Hayır,-,2850000.0,2,1
Sehzadeler,130,1,Ara Kat,25 Yaşında,Kombi,Var,Var,Yok,İkinci El,Boş,Kat İrtifakı,Evet,Eşyalı Değil,4500000.0,3,1
Turgutlu,130,1,4. Kat,11 Yaşında,Kombi,Var,Var,Var,-,Mülk Sahibi,Kat İrtifakı,Hayır,Eşyalı Değil,3650000.0,2,1
Sehzadeler,195,3,Villa Katı,6 Yaşında,Kat Kaloriferi,Var,Yok,Var,-,Boş,Müstakil Tapulu,Evet,Eşyalı Değil,7650000.0,5,2
Saruhanli,55,1,Yüksek Giriş,Sıfır Bina,Kombi,Yok,Yok,Yok,-,Boş,Kat İrtifakı,Evet,Eşyalı Değil,1995000.0,1,1
Turgutlu,100,1,1. Kat,Sıfır Bina,Yerden Isıtma,Var,Var,Var,-,Boş,Kat Mülkiyeti,Hayır,Eşyalı Değil,3750000.0,2,1
Sehzadeler,180,1,Ara Kat,25 Yaşında,Kombi,Var,Var,Yok,İkinci El,Mülk Sahibi,Kat İrtifakı,Evet,Eşyalı Değil,4990000.0,3,1
Sehzadeler,115,1,Ara Kat,25 Yaşında,Kombi,Yok,Var,Yok,İkinci El,Boş,Kat İrtifakı,Evet,Eşyalı Değil,3975000.0,2,1
Sehzadeler,100,1,2. Kat,31 Yaşında,Kombi,Yok,Var,Var,-,Mülk Sahibi,Kat Mülkiyeti,Hayır,Eşyalı Değil,5300000.0,2,1
Sehzadeler,155,2,Ara Kat,28 Yaşında,Kombi,Var,Var,Yok,-,-,Kat Mülkiyeti,-,-,5650000.0,3,1
Akhisar,132,2,3. Kat,1 Yaşında,Kombi,Yok,Var,Var,-,Boş,Müstakil Tapulu,Evet,Eşyalı Değil,4425000.0,3,1
Turgutlu,120,1,2. Kat,7 Yaşında,Kombi,Yok,Var,Yok,-,-,Kat Mülkiyeti,Hayır,Eşyalı Değil,2900000.0,3,1
Alasehir,190,2,4. Kat,5 Yaşında,Kombi,Var,Var,Yok,-,Mülk Sahibi,Kat İrtifakı,Hayır,Eşyalı Değil,4500000.0,3,1
Akhisar,109,1,-,40 Yaşında,Soba,Yok,Yok,Yok,İkinci El,Boş,Kat Mülkiyeti,Hayır,Eşyalı Değil,1150000.0,3,1
Yunusemre,115,1,2. Kat,25 Yaşında,Kombi,Yok,Var,Var,İkinci El,Boş,Kat İrtifakı,Evet,Eşyalı Değil,4450000.0,3,1
Akhisar,128,2,1. Kat,Sıfır Bina,Kombi,Yok,Var,Var,-,Boş,Kat İrtifakı,Hayır,Eşyalı Değil,6750000.0,3,1
Yunusemre,95,1,2. Kat,5 Yaşında,Kombi,Var,Yok,Var,İkinci El,Mülk Sahibi,Kat Mülkiyeti,Hayır,Eşyalı Değil,3600000.0,2,1
Turgutlu,129,1,4. Kat,11 Yaşında,Kombi,Yok,Var,Yok,-,Boş,Kat Mülkiyeti,Evet,Eşyalı Değil,4300000.0,3,1
Yunusemre,170,1,1. Kat,15 Yaşında,Kombi,Yok,Yok,Var,İkinci El,Mülk Sahibi,Kat Mülkiyeti,Hayır,-,8200000.0,3,1
Salihli,130,1,Zemin,30 Yaşında,Doğalgaz Sobası,Yok,Yok,Var,İkinci El,Kiracılı,Kat Mülkiyeti,Hayır,Eşyalı Değil,3000000.0,3,1
Turgutlu,110,1,4. Kat,11 Yaşında,Kombi,Yok,Var,Yok,-,Kiracılı,Kat İrtifakı,Hayır,Eşyalı Değil,3500000.0,3,1
Akhisar,300,2,3. Kat,3 Yaşında,Kombi,Yok,Var,Var,-,Kiracılı,Kat İrtifakı,Evet,Eşyalı Değil,4850000.0,6,1
Akhisar,270,3,3. Kat,1 Yaşında,Kombi,Yok,Yok,Var,Sıfır,Boş,Kat İrtifakı,-,Eşyalı Değil,4800000.0,5,1
Salihli,125,1,2. Kat,26 Yaşında,Soba,Yok,Var,Var,İkinci El,Boş,Kat İrtifakı,-,Eşyalı Değil,3850000.0,3,1
Sehzadeler,125,1,Yüksek Giriş,30 Yaşında,Kombi,Var,Var,Yok,İkinci El,Boş,Kat Mülkiyeti,Hayır,Eşyalı Değil,3450000.0,3,1
Turgutlu,190,2,Bahçe Katı,26 Yaşında,Doğalgaz Sobası,Yok,Yok,Yok,-,Kiracılı,Müstakil Tapulu,Evet,Eşyalı Değil,2990000.0,5,1
Yunusemre,435,1,Bahçe Katı,34 Yaşında,Soba,Yok,Var,Yok,İkinci El,Boş,Müstakil Tapulu,Hayır,Eşyalı Değil,3400000.0,3,1
Turgutlu,300,3,4. Kat,5 Yaşında,Kombi,Var,Var,Var,-,Mülk Sahibi,Kat Mülkiyeti,Evet,Eşyalı Değil,9500000.0,5,1
Yunusemre,80,1,Yüksek Giriş,4 Yaşında,Kombi,Var,Var,Yok,İkinci El,Boş,Kat İrtifakı,-,Eşyalı Değil,3350000.0,2,1
Salihli,145,1,1. Kat,30 Yaşında,Kombi,Yok,Yok,Yok,-,Mülk Sahibi,Kat Mülkiyeti,Hayır,-,3550000.0,3,1
Sehzadeler,120,1,2. Kat,30 Yaşında,Kombi,Yok,Yok,Yok,İkinci El,Boş,Kat İrtifakı,Evet,Eşyalı Değil,4800000.0,3,1
Yunusemre,130,1,3. Kat,25 Yaşında,Kombi,Var,Var,Var,İkinci El,Boş,Kat İrtifakı,Evet,Eşyalı Değil,4800000.0,3,1
Yunusemre,380,2,3. Kat,11 Yaşında,Kombi,Yok,Yok,Yok,-,Mülk Sahibi,Kat Mülkiyeti,Evet,Eşyalı Değil,15000000.0,5,1
Saruhanli,185,1,5. Kat,Sıfır Bina,Kombi,Var,Var,Yok,-,Boş,Kat İrtifakı,Evet,Eşyalı Değil,5549000.0,5,1
Turgutlu,125,2,Yüksek Giriş,5 Yaşında,Kombi,Yok,Var,Var,İkinci El,Boş,Kat İrtifakı,Hayır,-,3950000.0,3,1
Turgutlu,135,2,Teras Katı,Sıfır Bina,Kombi,Var,Yok,Yok,Sıfır,Boş,Kat Mülkiyeti,-,Eşyalı Değil,5500000.0,3,1
Akhisar,120,-,4. Kat,35 Yaşında,Kombi,Yok,Yok,Yok,İkinci El,Boş,Kat İrtifakı,Evet,Eşyalı Değil,1950000.0,3,1
Akhisar,282,3,Bahçe Katı,Sıfır Bina,Kombi,Yok,Var,Var,-,Boş,Kat İrtifakı,Evet,Eşyalı Değil,16250000.0,6,1
Turgutlu,100,1,4. Kat,16 Yaşında,Kombi,Yok,Yok,Yok,-,Kiracılı,Kat Mülkiyeti,Evet,-,1900000.0,1,1
Akhisar,135,1,4. Kat,15 Yaşında,Kombi,Yok,Var,Var,-,Kiracılı,Kat İrtifakı,Hayır,Eşyalı Değil,3300000.0,3,1
Saruhanli,140,1,-,15 Yaşında,Soba,Yok,Yok,Yok,İkinci El,Boş,Müstakil Tapulu,Hayır,Eşyalı,6500000.0,4,1
Akhisar,145,1,Yüksek Giriş,30 Yaşında,Klima,Yok,Yok,Yok,İkinci El,Kiracılı,Kat Mülkiyeti,Hayır,Eşyalı Değil,3000000.0,3,0
Salihli,150,1,Bodrum,25 Yaşında,Kombi,Var,Var,Yok,İkinci El,Mülk Sahibi,Kat Mülkiyeti,Evet,-,3150000.0,3,1
Yunusemre,99,1,3. Kat,2 Yaşında,Kombi,Yok,Var,Var,-,Boş,Kat Mülkiyeti,Hayır,Eşyalı Değil,3850000.0,2,1
Yunusemre,55,1,2. Kat,5 Yaşında,Kombi,Yok,Var,Yok,İkinci El,Boş,Müstakil Tapulu,-,Eşyalı,2600000.0,1,1
Salihli,285,1,-,40 Yaşında,Klima,Yok,Yok,Yok,-,-,Müstakil Tapulu,-,-,40000.0,3,1
Saruhanli,90,1,3. Kat,6 Yaşında,Kombi,Yok,Var,Yok,İkinci El,Kiracılı,Kat İrtifakı,Hayır,Eşyalı Değil,2600000.0,2,1
Akhisar,110,1,2. Kat,15 Yaşında,Kombi,Yok,Yok,Var,İkinci El,Boş,Kat İrtifakı,Hayır,Eşyalı,3200000.0,2,1
Akhisar,135,-,-,-,-,Yok,Yok,Yok,-,-,-,-,-,2350000.0,3,1
Akhisar,275,2,3. Kat,1 Yaşında,Kombi,Yok,Var,Var,-,Boş,Kat İrtifakı,Evet,Eşyalı Değil,4000000.0,4,1
Sehzadeler,300,1,-,15 Yaşında,Klima,Yok,Yok,Yok,İkinci El,Boş,Arsa,Hayır,Eşyalı Değil,3050000.0,2,1
Yunusemre,125,1,3. Kat,22 Yaşında,Kombi,Var,Var,Var,İkinci El,Boş,Kat İrtifakı,Evet,Eşyalı Değil,4750000.0,3,1
Turgutlu,155,1,-,30 Yaşında,Soba,Yok,Yok,Yok,İkinci El,Kiracılı,Kat İrtifakı,Hayır,Eşyalı Değil,6300000.0,3,1
Turgutlu,130,1,2. Kat,Sıfır Bina,Kombi,Var,Var,Var,-,Boş,Kat İrtifakı,Hayır,Eşyalı Değil,3900000.0,3,1
Sehzadeler,130,1,3. Kat,25 Yaşında,Kombi,Var,Var,Yok,İkinci El,Boş,Kat İrtifakı,Evet,Eşyalı Değil,4500000.0,3,1
Turgutlu,120,1,2. Kat,26 Yaşında,Kombi,Yok,Yok,Yok,-,Boş,Kat Mülkiyeti,Hayır,Eşyalı Değil,2250000.0,3,1
Turgutlu,150,1,2. Kat,21 Yaşında,Kombi,Yok,Yok,Yok,-,Boş,Kat Mülkiyeti,Hayır,Eşyalı Değil,3860000.0,3,1
Salihli,120,1,-,20 Yaşında,Kat Kaloriferi,Yok,Yok,Yok,-,Mülk Sahibi,Müstakil Tapulu,Evet,-,3350000.0,2,1
Yunusemre,100,1,Yüksek Giriş,18 Yaşında,Kombi,Yok,Yok,Var,-,Mülk Sahibi,Kat İrtifakı,-,Eşyalı Değil,3750000.0,2,1
Yunusemre,135,1,5. Kat,16 Yaşında,Kombi,Var,Yok,Yok,-,Mülk Sahibi,Kat Mülkiyeti,Hayır,Eşyalı Değil,6450000.0,3,1
Turgutlu,170,2,1. Kat,1 Yaşında,Kombi,Yok,Var,Var,-,Boş,Kat Mülkiyeti,Evet,Eşyalı Değil,5500000.0,3,1
Turgutlu,110,1,4. Kat,Sıfır Bina,Kombi,Yok,Var,Var,-,Boş,Kat Mülkiyeti,Hayır,Eşyalı Değil,3750000.0,2,1
Yunusemre,125,1,2. Kat,16 Yaşında,Kombi,Var,Var,Yok,-,Boş,Kat Mülkiyeti,Hayır,Eşyalı Değil,3900000.0,3,1
Turgutlu,95,1,5. Kat,21 Yaşında,Soba,Yok,Yok,Yok,-,Boş,Kat Mülkiyeti,Hayır,Eşyalı Değil,1620000.0,2,1
Sehzadeler,300,3,5. Kat,5 Yaşında,Kombi,Yok,Yok,Yok,-,Mülk Sahibi,Kat İrtifakı,Hayır,Eşyalı Değil,9000000.0,5,1
Yunusemre,130,3,Bahçe Katı,Sıfır Bina,Isı Pompası,Yok,Yok,Var,-,Boş,Kat İrtifakı,Evet,Eşyalı Değil,14000000.0,3,1
Yunusemre,95,1,3. Kat,6 Yaşında,Kombi,Yok,Var,Yok,İkinci El,Boş,Kat İrtifakı,Hayır,Eşyalı Değil,3100000.0,2,1
Yunusemre,85,1,3. Kat,Sıfır Bina,Kombi,Yok,Var,Var,Sıfır,Boş,Kat İrtifakı,Evet,Eşyalı Değil,3250000.0,2,1
Saruhanli,116,1,4. Kat,Sıfır Bina,Kombi,Yok,Var,Var,Sıfır,Boş,Kat İrtifakı,Hayır,Eşyalı Değil,3900000.0,2,1
Salihli,140,1,2. Kat,10 Yaşında,Kombi,Var,Var,Var,İkinci El,Mülk Sahibi,Kat Mülkiyeti,Evet,Eşyalı Değil,3650000.0,3,1
Akhisar,295,3,4. Kat,14 Yaşında,Kombi,Var,Var,Var,İkinci El,Mülk Sahibi,Kat Mülkiyeti,Evet,Eşyalı Değil,3750000.0,4,1
Akhisar,140,2,6. Kat,6 Yaşında,Kombi,Var,Var,Var,-,Mülk Sahibi,Kat İrtifakı,Evet,Eşyalı Değil,3850000.0,3,1
Yunusemre,306,1,-,35 Yaşında,Isıtma Yok,Yok,Yok,Yok,İkinci El,Mülk Sahibi,Müstakil Tapulu,Hayır,Eşyalı,3500000.0,2,1
Sehzadeler,85,1,2. Kat,25 Yaşında,Kombi,Var,Yok,Yok,-,Mülk Sahibi,Kat İrtifakı,Hayır,Eşyalı Değil,3950000.0,2,1
Yunusemre,57,1,2. Kat,Sıfır Bina,Kombi,Yok,Yok,Yok,-,Boş,Kat İrtifakı,Evet,Eşyalı Değil,3750000.0,1,1
Akhisar,300,2,3. Kat,3 Yaşında,Kombi,Yok,Var,Var,-,Kiracılı,Kat İrtifakı,Evet,Eşyalı Değil,4850000.0,6,1
Turgutlu,125,1,4. Kat,6 Yaşında,Kombi,Yok,Var,Var,-,Mülk Sahibi,Kat Mülkiyeti,Hayır,Eşyalı Değil,3350000.0,3,1
Turgutlu,160,2,2. Kat,Sıfır Bina,Merkezi,Var,Var,Var,-,Boş,Kat Mülkiyeti,Evet,Eşyalı Değil,4750000.0,3,1
Sehzadeler,115,1,5. Kat,38 Yaşında,Kombi,Var,Var,Var,İkinci El,Boş,Kat İrtifakı,Evet,Eşyalı Değil,3590000.0,3,1
Salihli,99,1,2. Kat,23 Yaşında,Kombi,Var,Var,Yok,-,-,Kat Mülkiyeti,Hayır,-,2575000.0,2,1
Yunusemre,125,1,1. Kat,21 Yaşında,Kombi,Var,Var,Var,-,Boş,Kat İrtifakı,Evet,Eşyalı Değil,4275000.0,3,1
Yunusemre,91,1,2. Kat,5 Yaşında,Kombi,Var,Yok,Var,-,Boş,Kat İrtifakı,Evet,Eşyalı Değil,3750000.0,2,1
Yunusemre,80,1,Yüksek Giriş,2 Yaşında,Kombi,Var,Var,Var,İkinci El,Kiracılı,Kat İrtifakı,Evet,Eşyalı Değil,5800000.0,2,1
Salihli,220,2,2. Kat,11 Yaşında,Jeotermal Isıtm...,Yok,Var,Var,-,Mülk Sahibi,Kat Mülkiyeti,Hayır,Eşyalı Değil,4250000.0,4,1
Akhisar,135,2,2. Kat,Sıfır Bina,Kombi,Yok,Var,Var,-,Boş,Kat İrtifakı,Hayır,Eşyalı Değil,3150000.0,2,1
Yunusemre,125,2,Yüksek Giriş,Sıfır Bina,Yerden Isıtma,Var,Yok,Var,-,Boş,Kat Mülkiyeti,Hayır,Eşyalı Değil,6550000.0,3,1
Yunusemre,90,1,Yüksek Giriş,16 Yaşında,Kombi,Yok,Yok,Yok,-,Mülk Sahibi,Kat İrtifakı,Hayır,Eşyalı Değil,3200000.0,2,1
Turgutlu,86,1,1. Kat,Sıfır Bina,Kombi,Var,Yok,Var,Sıfır,Boş,Kat İrtifakı,Evet,-,3800000.0,2,1
Yunusemre,90,1,2. Kat,11 Yaşında,Kombi,Yok,Yok,Yok,-,Boş,Kat Mülkiyeti,Hayır,Eşyalı Değil,3180000.0,2,1
Turgutlu,120,1,10. Kat,4 Yaşında,Merkezi (Pay Öl...,Var,Yok,Yok,-,Kiracılı,Kat İrtifakı,Hayır,Eşyalı Değil,3800000.0,2,1
Ahmetli,350,3,Bahçe Katı,14 Yaşında,Soba,Yok,Yok,Yok,-,-,Müstakil Tapulu,Evet,-,6500000.0,7,0
Yunusemre,90,1,3. Kat,23 Yaşında,Kombi,Var,Var,Yok,-,Mülk Sahibi,Kat İrtifakı,Evet,Eşyalı Değil,3740000.0,2,1
Alasehir,126,2,Yüksek Giriş,Sıfır Bina,Kombi,Yok,Yok,Yok,-,Boş,Kat İrtifakı,Hayır,Eşyalı Değil,4500000.0,3,1
Yunusemre,480,3,-,16 Yaşında,Kombi,Yok,Yok,Yok,-,Boş,Müstakil Tapulu,Evet,Eşyalı Değil,35000000.0,7,1
Akhisar,137,1,En Üst Kat,25 Yaşında,Kombi,Yok,Yok,Yok,İkinci El,Boş,Kat İrtifakı,Hayır,Eşyalı Değil,1800000.0,3,1
Turgutlu,78,1,1. Kat,Sıfır Bina,Kombi,Yok,Yok,Yok,-,Boş,Kat Mülkiyeti,Evet,Eşyalı Değil,3449000.0,1,1
Sehzadeler,160,2,En Üst Kat,13 Yaşında,Kombi,Var,Var,Yok,İkinci El,Belirtilmemiş,Kat Mülkiyeti,Hayır,-,4990000.0,4,1
Saruhanli,60,1,Yüksek Giriş,Sıfır Bina,Kombi,Yok,Yok,Yok,-,Boş,Kat İrtifakı,Hayır,Eşyalı Değil,2250000.0,2,1
Turgutlu,90,1,Zemin,6 Yaşında,Isıtma Yok,Yok,Yok,Yok,-,Boş,Kat İrtifakı,Evet,Eşyalı Değil,1950000.0,2,1
Salihli,140,1,5. Kat,35 Yaşında,Klima,Yok,Var,Yok,İkinci El,-,Kat Mülkiyeti,Hayır,Eşyalı Değil,2800000.0,3,1
Turgutlu,85,1,4. Kat,6 Yaşında,Kombi,Yok,Var,Yok,-,Boş,Kat İrtifakı,Hayır,Eşyalı Değil,1440000.0,2,1
Turgutlu,116,1,4. Kat,Sıfır Bina,Yerden Isıtma,Var,Var,Yok,-,Boş,Kat Mülkiyeti,Hayır,Eşyalı Değil,4750000.0,3,1
Sehzadeler,145,1,6. Kat,12 Yaşında,Kombi,Var,Var,Var,İkinci El,Boş,Kat İrtifakı,Evet,Eşyalı Değil,6300000.0,3,1
Salihli,140,1,3. Kat,5 Yaşında,Kombi,Yok,Var,Var,-,-,Kat Mülkiyeti,-,Eşyalı Değil,5200000.0,3,1
Akhisar,120,2,Yüksek Giriş,16 Yaşında,Kombi,Yok,Var,Yok,-,Boş,Hisseli Tapu,Hayır,Eşyalı Değil,2700000.0,2,1
Sehzadeler,110,1,2. Kat,25 Yaşında,Kombi,Yok,Var,Yok,İkinci El,Kiracılı,Kat İrtifakı,Hayır,Eşyalı Değil,3500000.0,3,1
Sehzadeler,85,1,2. Kat,25 Yaşında,Kombi,Var,Var,Yok,İkinci El,Mülk Sahibi,Kat Mülkiyeti,Hayır,Eşyalı Değil,2849000.0,2,1
Yunusemre,50,1,2. Kat,Sıfır Bina,Kombi,Var,Var,Var,Sıfır,Boş,Kat İrtifakı,-,Eşyalı Değil,2750000.0,1,1
Sehzadeler,40,1,4. Kat,Sıfır Bina,Kombi,Var,Var,Yok,İkinci El,Boş,Kat Mülkiyeti,Evet,Eşyalı Değil,3350000.0,1,1
Akhisar,140,1,2. Kat,4 Yaşında,Kombi,Yok,Var,Var,-,Kiracılı,Kat İrtifakı,Evet,Eşyalı Değil,3450000.0,3,1
Akhisar,140,1,4. Kat,26 Yaşında,Kombi,Yok,Yok,Yok,-,Mülk Sahibi,Kat İrtifakı,Hayır,Eşyalı Değil,2350000.0,3,1
Turgutlu,135,1,4. Kat,16 Yaşında,Kombi,Var,Yok,Yok,-,Kiracılı,Kat Mülkiyeti,Hayır,Eşyalı Değil,4000000.0,3,1
Yunusemre,110,1,Zemin,21 Yaşında,Kombi,Var,Var,Yok,-,Boş,Kat İrtifakı,Hayır,Eşyalı Değil,3150000.0,2,1
Yunusemre,220,2,5. Kat,1 Yaşında,Kombi,Yok,Var,Var,-,Mülk Sahibi,Kat Mülkiyeti,Hayır,Eşyalı Değil,4500000.0,4,1
Turgutlu,170,2,3. Kat,Sıfır Bina,Merkezi (Pay Öl...,Var,Var,Var,-,Boş,Kat İrtifakı,Hayır,Eşyalı Değil,4600000.0,3,1
Soma,116,1,-,30 Yaşında,Soba,Yok,Yok,Var,-,Boş,Müstakil Tapulu,-,Eşyalı Değil,1375000.0,2,1
Turgutlu,155,2,6. Kat,Sıfır Bina,Yerden Isıtma,Var,Var,Var,-,Boş,Kat İrtifakı,Evet,Eşyalı Değil,6000000.0,3,1
Sehzadeler,120,1,5. Kat,16 Yaşında,Kombi,Var,Var,Yok,-,Mülk Sahibi,Kat İrtifakı,Hayır,Eşyalı Değil,4250000.0,3,1
Turgutlu,132,1,1. Kat,11 Yaşında,Kombi,Yok,Yok,Yok,-,Boş,Kat Mülkiyeti,Hayır,Eşyalı Değil,2475000.0,2,1
Turgutlu,135,1,1. Kat,21 Yaşında,Isıtma Yok,Yok,Yok,Yok,-,Boş,Kat Mülkiyeti,Evet,Eşyalı Değil,2395000.0,3,1
Turgutlu,112,1,5. Kat,21 Yaşında,Soba,Var,Yok,Yok,-,Boş,Kat Mülkiyeti,Evet,-,1750000.0,3,1
Yunusemre,95,1,2. Kat,6 Yaşında,Kombi,Var,Var,Var,İkinci El,Boş,Kat Mülkiyeti,Hayır,Eşyalı Değil,6650000.0,3,1
Turgutlu,125,1,4. Kat,Sıfır Bina,Kombi,Yok,Var,Var,-,Boş,Kat Mülkiyeti,Hayır,Eşyalı Değil,3850000.0,3,1
Turgutlu,135,2,2. Kat,Sıfır Bina,Yerden Isıtma,Yok,Var,Var,-,Boş,Kat Mülkiyeti,Hayır,Eşyalı Değil,6500000.0,3,1
Sehzadeler,200,1,2. Kat,35 Yaşında,Kombi,Yok,Var,Var,İkinci El,Mülk Sahibi,Kat İrtifakı,Evet,-,5500000.0,3,1
Salihli,240,2,1. Kat,25 Yaşında,Isıtma Yok,Var,Yok,Yok,-,-,Kat Mülkiyeti,düşünülmemektedir.,-,2500000.0,5,1
Akhisar,176,3,Bahçe Katı,Sıfır Bina,Yerden Isıtma,Var,Var,Yok,-,Boş,Kat İrtifakı,Hayır,Eşyalı Değil,10500000.0,4,1
Yunusemre,55,1,2. Kat,1 Yaşında,Kombi,Var,Yok,Var,-,Boş,Kat İrtifakı,Hayır,Eşyalı,3600000.0,1,1
Sehzadeler,140,1,Ara Kat,15 Yaşında,Kombi,Var,Var,Var,İkinci El,Kiracılı,Kat Mülkiyeti,Hayır,Eşyalı Değil,4300000.0,3,1
Yunusemre,115,1,Yüksek Giriş,31 Yaşında,Kombi,Yok,Yok,Yok,-,Kiracılı,Kat Mülkiyeti,Hayır,Eşyalı Değil,4600000.0,2,1
Sehzadeler,100,1,En Üst Kat,30 Yaşında,Kombi,Yok,Var,Yok,İkinci El,Boş,Kat İrtifakı,Evet,Eşyalı Değil,2550000.0,2,1
Yunusemre,94,2,2. Kat,4 Yaşında,Kombi,Yok,Var,Yok,-,Mülk Sahibi,Kat İrtifakı,Hayır,Eşyalı Değil,6200000.0,2,1
Turgutlu,130,1,4. Kat,6 Yaşında,Kombi,Var,Yok,Yok,-,Boş,Kat Mülkiyeti,Evet,Eşyalı Değil,3500000.0,2,1
Sehzadeler,170,1,Giriş Katı,11 Yaşında,Kombi,Yok,Yok,Var,-,Mülk Sahibi,Kat Mülkiyeti,Evet,Eşyalı Değil,3900000.0,3,1
Salihli,85,1,4. Kat,6 Yaşında,Kombi,Yok,Var,Yok,İkinci El,Boş,Kat Mülkiyeti,Hayır,-,2400000.0,2,1
Sehzadeler,105,1,4. Kat,31 Yaşında,Kombi,Var,Var,Yok,-,Boş,Kat İrtifakı,Hayır,Eşyalı Değil,3200000.0,3,1
Akhisar,165,2,2. Kat,11 Yaşında,Kombi,Yok,Var,Yok,-,Mülk Sahibi,Kat İrtifakı,Evet,-,5000000.0,4,1
Turgutlu,175,1,2. Kat,13 Yaşında,Kombi,Yok,Yok,Yok,İkinci El,-,Kat Mülkiyeti,Hayır,-,4920000.0,3,1
Sehzadeler,130,1,5. Kat,15 Yaşında,Kombi,Var,Var,Yok,İkinci El,Boş,Kat Mülkiyeti,Evet,Eşyalı Değil,3550000.0,3,1
Turgutlu,280,3,6. Kat,Sıfır Bina,Yerden Isıtma,Var,Var,Var,-,Boş,Kat İrtifakı,Evet,Eşyalı Değil,11450000.0,5,2
Turgutlu,140,1,3. Kat,21 Yaşında,Isıtma Yok,Yok,Yok,Yok,-,Boş,Kat Mülkiyeti,Evet,Eşyalı Değil,2450000.0,3,1
Akhisar,115,1,5. Kat,4 Yaşında,Kombi,Yok,Var,Var,İkinci El,Boş,Kat İrtifakı,Hayır,Eşyalı Değil,3250000.0,2,1
Turgutlu,140,1,3. Kat,Sıfır Bina,Kombi,Yok,Var,Var,-,Boş,Kat Mülkiyeti,Hayır,Eşyalı Değil,4350000.0,3,1
Turgutlu,125,1,2. Kat,Sıfır Bina,Kombi,Yok,Var,Yok,-,Boş,Kat Mülkiyeti,Hayır,Eşyalı Değil,5600000.0,3,1
Sehzadeler,170,1,Ara Kat,25 Yaşında,Kombi,Yok,Var,Yok,İkinci El,Boş,Kat İrtifakı,Evet,Eşyalı Değil,8500000.0,3,1
Salihli,105,1,-,25 Yaşında,Soba,Yok,Yok,Yok,İkinci El,Boş,Arsa,-,Eşyalı Değil,4500000.0,2,1
Akhisar,258,2,-,35 Yaşında,Soba,Yok,Yok,Yok,İkinci El,Boş,Müstakil Tapulu,Evet,Eşyalı Değil,1750000.0,4,1
Yunusemre,80,1,Yüksek Giriş,25 Yaşında,Kombi,Yok,Yok,Var,İkinci El,Boş,Kat İrtifakı,Evet,Eşyalı Değil,3675000.0,2,1
Akhisar,190,2,4. Kat,Sıfır Bina,Yerden Isıtma,Yok,Yok,Yok,-,-,Kat İrtifakı,Hayır,Eşyalı Değil,5600000.0,3,1
Yunusemre,50,1,2. Kat,Sıfır Bina,Kombi,Yok,Var,Yok,-,Boş,Kat İrtifakı,Hayır,Eşyalı Değil,3200000.0,1,1
Turgutlu,95,1,1. Kat,11 Yaşında,Kombi,Yok,Var,Yok,-,Boş,Kat Mülkiyeti,Evet,Eşyalı Değil,2650000.0,2,1
Turgutlu,95,2,2. Kat,2 Yaşında,Yerden Isıtma,Var,Var,Yok,İkinci El,Mülk Sahibi,Kat Mülkiyeti,Hayır,Eşyalı Değil,3700000.0,2,1
Sehzadeler,310,2,4. Kat,6 Yaşında,Kombi,Var,Yok,Yok,-,Boş,Kat Mülkiyeti,Evet,Eşyalı Değil,11500000.0,6,1
Turgutlu,130,1,5. Kat,31 Yaşında,Kombi,Var,Yok,Var,-,Mülk Sahibi,Kat İrtifakı,Hayır,Eşyalı Değil,3100000.0,3,1
Turgutlu,160,1,2. Kat,13 Yaşında,Kombi,Yok,Yok,Yok,İkinci El,Kiracılı,Kat Mülkiyeti,Hayır,Eşyalı Değil,3100000.0,3,1
Yunusemre,250,2,5. Kat,6 Yaşında,Kombi,Var,Yok,Yok,-,Boş,Kat İrtifakı,Hayır,Eşyalı Değil,5450000.0,5,1
Yunusemre,130,1,3. Kat,21 Yaşında,Kombi,Var,Var,Var,-,Boş,Kat İrtifakı,Hayır,Eşyalı Değil,4200000.0,3,1
Turgutlu,100,1,Zemin,Sıfır Bina,Kombi,Var,Yok,Var,-,Boş — hemen taşınılabilir!,Kat İrtifakı,Evet,Eşyalı Değil,2750000.0,2,1
Yunusemre,240,2,3. Kat,6 Yaşında,Kombi,Yok,Var,Yok,-,Boş,Kat Mülkiyeti,Evet,Eşyalı Değil,4250000.0,4,1
Yunusemre,65,1,2. Kat,10 Yaşında,Kombi,Var,Var,Var,İkinci El,Boş,Kat İrtifakı,Hayır,Eşyalı Değil,3725000.0,1,1
Akhisar,280,3,3. Kat,Sıfır Bina,Kombi,Yok,Var,Var,-,Boş,Kat Mülkiyeti,Evet,Eşyalı Değil,7500000.0,5,1
Yunusemre,105,1,6. Kat,26 Yaşında,Kombi,Yok,Var,Yok,-,Boş,Müstakil Tapulu,Evet,Eşyalı Değil,3790000.0,2,1
Yunusemre,135,-,-,-,-,Yok,Yok,Yok,-,-,-,-,-,4125000.0,3,1
Salihli,325,3,-,20 Yaşında,Kat Kaloriferi,Var,Yok,Yok,İkinci El,Mülk Sahibi,Kat Mülkiyeti,Evet,-,5350000.0,4,1
Turgutlu,150,1,4. Kat,27 Yaşında,Kombi,Yok,Yok,Yok,İkinci El,Boş,Kat İrtifakı,Evet,Eşyalı Değil,3700000.0,3,1
Akhisar,145,2,7. Kat,Sıfır Bina,Kombi,Yok,Var,Var,-,Boş,Kat İrtifakı,Hayır,Eşyalı Değil,4150000.0,3,1
Yunusemre,84,1,2. Kat,4 Yaşında,Kombi,Yok,Yok,Var,-,Boş,Kat Mülkiyeti,Hayır,Eşyalı Değil,3100000.0,2,1
Saruhanli,115,1,3. Kat,6 Yaşında,Kombi,Yok,Var,Yok,-,Boş,Kat İrtifakı,Hayır,-,3100000.0,2,1
Turgutlu,280,2,4. Kat,Sıfır Bina,Kombi,Yok,Var,Var,-,Boş,Kat Mülkiyeti,Evet,Eşyalı Değil,10250000.0,5,2
Yunusemre,235,3,Villa Katı,16 Yaşında,Kombi,Yok,Yok,Var,-,Boş,Kat Mülkiyeti,Evet,Eşyalı Değil,13500000.0,5,1
Sehzadeler,90,-,-,30 Yaşında,Soba,Yok,Yok,Yok,İkinci El,Boş,Müstakil Tapulu,Evet,Eşyalı Değil,1275000.0,2,0
Sehzadeler,160,1,2. Kat,26 Yaşında,Kombi,Yok,Var,Yok,-,Kiracılı,Kat Mülkiyeti,Hayır,Eşyalı Değil,4000000.0,3,1
Salihli,88,1,Zemin,7 Yaşında,Doğalgaz Sobası,Yok,Yok,Var,İkinci El,Mülk Sahibi,Kat İrtifakı,-,Eşyalı Değil,3200000.0,2,1
Akhisar,135,2,1. Kat,Sıfır Bina,Kombi,Yok,Var,Var,-,Boş,Kat İrtifakı,Hayır,Eşyalı Değil,5750000.0,3,1
Yunusemre,95,-,En Üst Kat,8 Yaşında,Kombi,Var,Var,Yok,İkinci El,Boş,Kat Mülkiyeti,Hayır,-,3350000.0,2,1
Sehzadeler,140,1,Yüksek Giriş,25 Yaşında,Kombi,Var,Yok,Yok,İkinci El,Boş,Kat Mülkiyeti,-,Eşyalı Değil,3550000.0,3,1
Yunusemre,135,-,-,-,-,Yok,Yok,Yok,-,-,-,-,-,4550000.0,3,1
Turgutlu,125,1,4. Kat,3 Yaşında,Kombi,Yok,Var,Var,-,Boş,Kat Mülkiyeti,Hayır,Eşyalı Değil,4700000.0,3,1
Yunusemre,100,1,6. Kat,27 Yaşında,Kombi,Yok,Var,Yok,İkinci El,Boş,Kat İrtifakı,Evet,Eşyalı Değil,5200000.0,2,1
Akhisar,220,2,4. Kat,5 Yaşında,Kombi,Var,Var,Var,İkinci El,Mülk Sahibi,Kat İrtifakı,Hayır,Eşyalı Değil,4950000.0,2,2
Yunusemre,60,1,Yüksek Giriş,3 Yaşında,Kombi,Var,Var,Var,İkinci El,Boş,Kat Mülkiyeti,Evet,Eşyalı Değil,3300000.0,1,1
Ahmetli,250,1,Bahçe Katı,31 Yaşında,Soba,Yok,Yok,Yok,-,Boş,Müstakil Tapulu,Hayır,Eşyalı Değil,2950000.0,3,1
Turgutlu,150,1,En Üst Kat,13 Yaşında,Kombi,Var,Var,Var,-,-,Kat Mülkiyeti,-,-,5950000.0,3,1
Akhisar,130,1,2. Kat,Sıfır Bina,Yerden Isıtma,Yok,Yok,Yok,-,-,Kat Mülkiyeti,Evet,Eşyalı Değil,4200000.0,3,1
Turgutlu,165,2,5. Kat,2 Yaşında,Yerden Isıtma,Var,Yok,Var,İkinci El,Boş,Kat İrtifakı,Evet,Eşyalı Değil,7650000.0,3,1
Yunusemre,220,2,Villa Katı,Sıfır Bina,Yerden Isıtma,Yok,Yok,Var,-,Boş,Kat Mülkiyeti,Evet,Eşyalı Değil,15000000.0,3,1
Yunusemre,130,1,2. Kat,Sıfır Bina,Kombi,Yok,Yok,Yok,-,Boş,Kat İrtifakı,Evet,Eşyalı Değil,4999999.0,3,1
Akhisar,130,1,1. Kat,Sıfır Bina,Yerden Isıtma,Var,Yok,Yok,-,Boş,Kat Mülkiyeti,Hayır,Eşyalı Değil,3870000.0,3,1
Sehzadeler,250,2,5. Kat,21 Yaşında,Kombi,Yok,Yok,Yok,-,Mülk Sahibi,Kat Mülkiyeti,Evet,Eşyalı Değil,5500000.0,5,2
Akhisar,145,2,1. Kat,11 Yaşında,Kombi,Yok,Yok,Var,-,Mülk Sahibi,Kat Mülkiyeti,Hayır,-,4000000.0,3,1
Salihli,145,1,2. Kat,25 Yaşında,Kombi,Yok,Var,Yok,İkinci El,Boş,Kat İrtifakı,Hayır,Eşyalı Değil,2700000.0,3,1
Yunusemre,160,5,-,4 Yaşında,Kombi,Yok,Yok,Yok,-,Mülk Sahibi,Kat Mülkiyeti,Evet,Eşyalı Değil,7950000.0,4,1
Demirci,80,1,-,1 Yaşında,Isıtma Yok,Yok,Yok,Yok,-,-,Kat Mülkiyeti,Evet,-,350000.0,2,1
Yunusemre,260,2,4. Kat,11 Yaşında,Kombi,Yok,Var,Yok,-,Mülk Sahibi,Kat İrtifakı,Hayır,Eşyalı Değil,6400000.0,5,2
Yunusemre,145,1,4. Kat,6 Yaşında,Kombi,Yok,Var,Var,-,Kiracılı,Kat İrtifakı,Hayır,Eşyalı Değil,4400000.0,3,1
Yunusemre,165,2,1. Kat,3 Yaşında,Kombi,Var,Var,Yok,-,Boş,Kat İrtifakı,Hayır,Eşyalı Değil,8750000.0,3,1
Saruhanli,110,1,2. Kat,Sıfır Bina,Kombi,Yok,Var,Var,-,Boş,Kat İrtifakı,Evet,Eşyalı Değil,3250000.0,2,1
Turgutlu,180,2,2. Kat,1 Yaşında,Kombi,Yok,Var,Var,-,Boş,Kat Mülkiyeti,Hayır,Eşyalı Değil,7750000.0,3,1
Yunusemre,200,2,4. Kat,5 Yaşında,Doğalgaz Sobası,Yok,Yok,Var,-,Mülk Sahibi,Kat Mülkiyeti,Hayır,Eşyalı Değil,6300000.0,4,1
Yunusemre,136,2,1. Kat,4 Yaşında,Kombi,Var,Var,Yok,İkinci El,Kiracılı,Kat İrtifakı,Evet,Eşyalı Değil,5650000.0,3,1
Yunusemre,110,2,3. Kat,11 Yaşında,Kombi,Var,Var,Var,-,Kiracılı,Kat Mülkiyeti,Hayır,Eşyalı Değil,5750000.0,2,1
Turgutlu,265,1,Yüksek Giriş,20 Yaşında,Kombi,Yok,Var,Var,İkinci El,Mülk Sahibi,Kat İrtifakı,Hayır,Eşyalı Değil,4150000.0,3,1
Salihli,54,1,Kot 3,2 Yaşında,Klima,Yok,Var,Yok,İkinci El,Belirtilmemiş,Kat İrtifakı,Hayır,Eşyalı,2350000.0,1,1
Turgutlu,120,1,En Üst Kat,20 Yaşında,Kombi,Yok,Yok,Yok,İkinci El,Boş,-,Hayır,Eşyalı,3200000.0,2,1
Yunusemre,160,1,2. Kat,26 Yaşında,Kombi,Var,Var,Yok,-,Boş,Kat İrtifakı,Hayır,Eşyalı Değil,6350000.0,3,1
Yunusemre,50,1,Yüksek Giriş,2 Yaşında,Kombi,Yok,Yok,Yok,İkinci El,Boş,Kat Mülkiyeti,Hayır,Eşyalı Değil,2500000.0,1,1
Yunusemre,120,1,3. Kat,16 Yaşında,Kombi,Var,Var,Var,-,Boş,Müstakil Tapulu,Hayır,Eşyalı Değil,3400000.0,3,1
Yunusemre,140,1,Ara Kat,12 Yaşında,Kombi,Var,Var,Yok,İkinci El,Boş,Kat Mülkiyeti,Hayır,-,6970000.0,3,1
Turgutlu,70,1,2. Kat,8 Yaşında,Kombi,Yok,Var,Yok,İkinci El,Boş,Kat İrtifakı,Hayır,Eşyalı,2500000.0,2,1
Turgutlu,80,1,3. Kat,6 Yaşında,Kombi,Yok,Yok,Yok,-,Mülk Sahibi,Kat Mülkiyeti,Hayır,Eşyalı Değil,1625000.0,2,1
Sehzadeler,130,2,3. Kat,28 Yaşında,Kombi,Var,Var,Yok,İkinci El,Boş,Kat İrtifakı,Evet,Eşyalı Değil,4950000.0,3,1
Salihli,170,2,Teras Katı,7 Yaşında,Kombi,Yok,Var,Var,İkinci El,Mülk Sahibi,Kat Mülkiyeti,Hayır,Eşyalı,5400000.0,3,1
Akhisar,130,2,2. Kat,Sıfır Bina,Kombi,Yok,Var,Var,Sıfır,Boş,Kat İrtifakı,Hayır,-,4000000.0,3,1
Turgutlu,80,1,3. Kat,8 Yaşında,Kombi,Yok,Yok,Yok,İkinci El,Mülk Sahibi,Kat Mülkiyeti,Evet,Eşyalı Değil,1650000.0,2,1
Saruhanli,200,2,4. Kat,8 Yaşında,Kombi,Var,Yok,Yok,İkinci El,Mülk Sahibi,Kat İrtifakı,Hayır,Eşyalı Değil,5250000.0,4,1
Akhisar,165,2,7. Kat,Sıfır Bina,Kombi,Yok,Yok,Yok,-,Boş,Kat İrtifakı,Evet,Eşyalı Değil,4100000.0,3,1
Yunusemre,60,1,5. Kat,Sıfır Bina,Kombi,Yok,Var,Var,-,Boş,Kat İrtifakı,Evet,Eşyalı Değil,3250000.0,1,1
Yunusemre,130,1,Yüksek Giriş,16 Yaşında,Kombi,Var,Var,Yok,-,Boş,Kat İrtifakı,Evet,Eşyalı Değil,3550000.0,3,1
Yunusemre,95,1,2. Kat,Sıfır Bina,Kombi,Yok,Yok,Yok,-,Boş,Kat İrtifakı,Evet,Eşyalı Değil,3450000.0,2,1
Salihli,95,1,5. Kat,5 Yaşında,Kombi,Yok,Var,Var,-,Kiracılı,Kat Mülkiyeti,Hayır,Eşyalı Değil,3495000.0,2,1
Yunusemre,75,1,Yüksek Giriş,5 Yaşında,Kombi,Yok,Yok,Yok,-,Mülk Sahibi,Kat İrtifakı,Hayır,Eşyalı Değil,2850000.0,2,1
Saruhanli,95,1,3. Kat,Sıfır Bina,Kombi,Yok,Yok,Yok,-,Boş,Kat İrtifakı,Evet,Eşyalı Değil,3250000.0,2,1
Yunusemre,210,2,6. Kat,5 Yaşında,Kombi,Yok,Yok,Yok,-,Mülk Sahibi,Kat İrtifakı,Hayır,Eşyalı Değil,7650000.0,5,2
Yunusemre,100,1,Yüksek Giriş,11 Yaşında,Kombi,Yok,Yok,Yok,-,Mülk Sahibi,Kat İrtifakı,Evet,Eşyalı Değil,3900000.0,3,1
Yunusemre,96,1,2. Kat,Sıfır Bina,Kombi,Var,Var,Yok,-,Boş,Kat İrtifakı,Evet,Eşyalı Değil,3800000.0,2,1
Akhisar,115,1,4. Kat,26 Yaşında,Kombi,Yok,Yok,Yok,-,Boş,Kat İrtifakı,Hayır,Eşyalı Değil,1675000.0,3,1
Yunusemre,95,1,Yüksek Giriş,1 Yaşında,Merkezi (Pay Öl...,Yok,Var,Var,-,Boş,Kat Mülkiyeti,Hayır,Eşyalı Değil,3900000.0,2,1
Yunusemre,110,1,Yüksek Giriş,Sıfır Bina,Kombi,Yok,Var,Yok,Sıfır,Boş,Kat İrtifakı,Evet,Eşyalı Değil,3600000.0,3,1
Akhisar,95,1,1. Kat,Sıfır Bina,Kombi,Yok,Yok,Yok,Yapım Aşamasınd...,Boş,Kat Mülkiyeti,-,-,3650000.0,2,1
Turgutlu,45,1,Zemin,28 Yaşında,Klima,Yok,Yok,Yok,-,-,Müstakil Tapulu,-,-,2900000.0,1,0
Salihli,175,2,5. Kat,5 Yaşında,Klima,Var,Var,Var,İkinci El,Mülk Sahibi,Kat İrtifakı,Hayır,Eşyalı Değil,5100000.0,1,1
Alasehir,450,-,-,10 Yaşında,Soba,Yok,Yok,Yok,Sıfır,Boş,Kat İrtifakı,Hayır,Eşyalı Değil,5300000.0,4,1
Yunusemre,160,2,Yüksek Giriş,5 Yaşında,Kombi,Yok,Yok,Var,-,Boş,Kat İrtifakı,-,-,4200000.0,3,1
Yunusemre,70,-,6. Kat,Sıfır Bina,Kombi,Yok,Var,Var,Sıfır,Boş,Kat İrtifakı,Hayır,Eşyalı Değil,3795000.0,1,1
Alasehir,110,1,4. Kat,31 Yaşında,Soba,Yok,Yok,Yok,-,Boş,Müstakil Tapulu,Evet,Eşyalı Değil,2090000.0,2,1
Turgutlu,255,2,Villa Katı,11 Yaşında,Kombi,Var,Yok,Yok,-,Mülk Sahibi,Kat Mülkiyeti,Evet,Eşyalı Değil,16500000.0,4,1
Yunusemre,125,1,2. Kat,16 Yaşında,Kombi,Yok,Var,Var,-,Boş,Kat İrtifakı,Hayır,Eşyalı Değil,4750000.0,3,1
Turgutlu,120,1,Zemin,1 Yaşında,Kombi,Yok,Yok,Yok,-,Boş,Kat Mülkiyeti,Hayır,Eşyalı Değil,3100000.0,3,1
Saruhanli,100,1,3. Kat,Sıfır Bina,Kombi,Yok,Yok,Yok,-,Boş,Kat İrtifakı,Hayır,Eşyalı Değil,3100000.0,2,1
Sehzadeler,200,2,1. Kat,21 Yaşında,Kombi,Yok,Yok,Var,-,Mülk Sahibi,Kat İrtifakı,Evet,Eşyalı Değil,5500000.0,3,1
Yunusemre,200,1,Bahçe Katı,16 Yaşında,Soba,Yok,Yok,Var,-,Boş,Müstakil Tapulu,Hayır,Eşyalı Değil,3750000.0,2,1
Akhisar,140,1,2. Kat,11 Yaşında,Kombi,Var,Yok,Yok,-,Boş,Kat İrtifakı,Hayır,Eşyalı Değil,3900000.0,3,1
Salihli,280,3,Çatı Katı,3 Yaşında,Kombi,Var,Var,Var,İkinci El,Mülk Sahibi,Kat İrtifakı,Evet,Eşyalı Değil,11000000.0,5,1
Yunusemre,50,1,Yüksek Giriş,4 Yaşında,Kombi,Yok,Yok,Yok,İkinci El,Kiracılı,Kat İrtifakı,Evet,Eşyalı,2270000.0,1,1
Sehzadeler,165,1,5. Kat,26 Yaşında,Kombi,Yok,Var,Yok,-,Kiracılı,Kat Mülkiyeti,Evet,Eşyalı Değil,3725000.0,3,1
Turgutlu,110,1,4. Kat,16 Yaşında,Kombi,Yok,Yok,Yok,İkinci El,Mülk Sahibi,Kat İrtifakı,Hayır,Eşyalı Değil,2450000.0,3,0
Saruhanli,135,-,-,-,-,Yok,Yok,Yok,-,-,-,-,-,2250000.0,3,1
Turgutlu,125,1,En Üst Kat,15 Yaşında,Kombi,Var,Yok,Yok,İkinci El,Mülk Sahibi,Kat İrtifakı,Evet,Eşyalı Değil,3300000.0,3,1
Yunusemre,135,1,4. Kat,26 Yaşında,Kombi,Yok,Var,Var,-,Mülk Sahibi,Kat İrtifakı,Evet,Eşyalı Değil,4000000.0,3,1
Yunusemre,110,1,En Üst Kat,25 Yaşında,Kombi,Yok,Var,Var,İkinci El,Boş,Kat Mülkiyeti,Evet,Eşyalı Değil,3650000.0,2,1
Sehzadeler,120,1,1. Kat,35 Yaşında,Kombi,Var,Var,Yok,İkinci El,Boş,Kat İrtifakı,Hayır,Eşyalı Değil,4950000.0,3,1
Ahmetli,136,1,7. Kat,Sıfır Bina,Kombi,Yok,Yok,Var,-,Boş,Kat İrtifakı,Evet,Eşyalı Değil,3350000.0,3,1
Sehzadeler,135,1,3. Kat,25 Yaşında,Kombi,Yok,Var,Yok,İkinci El,Boş,Kat İrtifakı,Hayır,Eşyalı Değil,3800000.0,3,1
Akhisar,350,3,Bahçe Katı,6 Yaşında,Kombi,Yok,Yok,Var,-,Boş,Müstakil Tapulu,Hayır,Eşyalı Değil,7550000.0,5,1
Akhisar,140,1,2. Kat,5 Yaşında,Kombi,Yok,Var,Var,-,Boş,Kat Mülkiyeti,Hayır,Eşyalı Değil,2375000.0,2,1
Yunusemre,120,1,5. Kat,16 Yaşında,Kombi,Var,Var,Var,-,Boş,Müstakil Tapulu,Hayır,Eşyalı Değil,3000000.0,3,1
Yunusemre,100,1,Zemin,4 Yaşında,Kombi,Yok,Var,Yok,İkinci El,Kiracılı,Kat İrtifakı,Evet,Eşyalı Değil,4450000.0,2,1
Akhisar,95,2,1. Kat,Sıfır Bina,Kombi,Yok,Var,Yok,Sıfır,Boş,Kat İrtifakı,Hayır,Eşyalı Değil,4000000.0,2,1
Akhisar,170,2,3. Kat,2 Yaşında,Kombi,Var,Yok,Yok,-,Mülk Sahibi,Kat İrtifakı,Hayır,Eşyalı Değil,3950000.0,4,1
Akhisar,105,1,Zemin,11 Yaşında,Kombi,Yok,Yok,Yok,-,Mülk Sahibi,Kat İrtifakı,Hayır,Eşyalı Değil,3000000.0,2,1
Yunusemre,125,1,Kot 1,Sıfır Bina,Kombi,Var,Var,Yok,-,Boş,Kat Mülkiyeti,Hayır,Eşyalı Değil,3799000.0,3,1
Yunusemre,50,1,2. Kat,6 Yaşında,Kombi,Yok,Var,Yok,-,Boş,Kat İrtifakı,Hayır,Eşyalı Değil,2350000.0,1,1
Yunusemre,145,2,4. Kat,2 Yaşında,Kombi,Yok,Yok,Yok,İkinci El,Boş,Kat İrtifakı,Hayır,Eşyalı Değil,5650000.0,4,1
Saruhanli,205,1,5. Kat,Sıfır Bina,Kombi,Yok,Var,Yok,-,Boş,Kat İrtifakı,Hayır,Eşyalı Değil,5750000.0,5,1
Yunusemre,165,2,3. Kat,4 Yaşında,Kombi,Yok,Yok,Yok,-,Boş,Kat İrtifakı,Hayır,Eşyalı Değil,4800000.0,4,1
Yunusemre,115,1,2. Kat,16 Yaşında,Kombi,Yok,Var,Yok,-,Mülk Sahibi,Kat Mülkiyeti,Hayır,Eşyalı Değil,4250000.0,2,1
Yunusemre,85,1,3. Kat,Sıfır Bina,Yerden Isıtma,Var,Var,Var,-,Boş,Kat İrtifakı,Hayır,Eşyalı Değil,3250000.0,2,1
Turgutlu,130,2,Ara Kat,Sıfır Bina,Yerden Isıtma,Var,Var,Var,Sıfır,Boş,Kat Mülkiyeti,Hayır,-,6300000.0,3,1
Yunusemre,130,2,4. Kat,8 Yaşında,Kombi,Yok,Var,Yok,İkinci El,Mülk Sahibi,Kat İrtifakı,Evet,Eşyalı Değil,4250000.0,3,1
Akhisar,145,1,2. Kat,30 Yaşında,Kombi,Yok,Yok,Yok,-,-,Kat Mülkiyeti,Evet,Eşyalı,3050000.0,3,1
Yunusemre,180,2,2. Kat,16 Yaşında,Kombi,Yok,Yok,Yok,-,Boş,Kat İrtifakı,Hayır,Eşyalı Değil,7500000.0,4,2
Yunusemre,115,2,1. Kat,1 Yaşında,Yerden Isıtma,Yok,Var,Yok,-,Boş,Kat İrtifakı,Evet,Eşyalı Değil,4750000.0,2,1
Turgutlu,120,1,3. Kat,26 Yaşında,Klima,Yok,Var,Yok,-,Boş,Kat Mülkiyeti,Hayır,Eşyalı Değil,2250000.0,2,1
Sehzadeler,320,2,-,15 Yaşında,Soba,Yok,Yok,Yok,İkinci El,Mülk Sahibi,Arsa,Evet,Eşyalı Değil,5500000.0,5,2
Salihli,90,1,3. Kat,Sıfır Bina,Kombi,Yok,Var,Var,Sıfır,Boş,Kat İrtifakı,Hayır,Eşyalı Değil,4150000.0,2,1
Salihli,340,-,-,15 Yaşında,Soba,Yok,Yok,Yok,İkinci El,Mülk Sahibi,Müstakil Tapulu,Evet,Eşyalı,5750000.0,3,0
Turgutlu,145,2,4. Kat,1 Yaşında,Yerden Isıtma,Yok,Yok,Yok,-,Mülk Sahibi,Kat Mülkiyeti,Evet,Eşyalı Değil,5250000.0,4,1
Yunusemre,260,2,5. Kat,11 Yaşında,Kombi,Yok,Yok,Var,-,Boş,Kat İrtifakı,Hayır,Eşyalı Değil,5450000.0,5,1
Turgutlu,120,1,1. Kat,21 Yaşında,Kombi,Var,Yok,Yok,-,Mülk Sahibi,Kat Mülkiyeti,Hayır,Eşyalı Değil,2950000.0,2,1
Yunusemre,90,2,Yüksek Giriş,Sıfır Bina,Kombi,Yok,Yok,Yok,-,Boş,Kat İrtifakı,Hayır,Eşyalı Değil,4600000.0,2,1
Kirkagac,210,1,-,20 Yaşında,Merkezi,Var,Yok,Yok,İkinci El,Mülk Sahibi,Kat Mülkiyeti,-,Eşyalı Değil,19800000.0,6,2
Saruhanli,95,1,3. Kat,Sıfır Bina,Kombi,Yok,Yok,Yok,-,Boş,Kat İrtifakı,Evet,Eşyalı Değil,2949000.0,2,1
Yunusemre,140,1,2. Kat,16 Yaşında,Kombi,Var,Var,Var,-,Boş,Kat Mülkiyeti,Hayır,Eşyalı Değil,8200000.0,3,1
Akhisar,100,1,1. Kat,31 Yaşında,Kombi,Yok,Yok,Yok,-,Mülk Sahibi,Kat İrtifakı,Hayır,Eşyalı Değil,2750000.0,2,1
Yunusemre,175,2,1. Kat,1 Yaşında,Kombi,Var,Var,Var,-,Kiracılı,Kat İrtifakı,Evet,Eşyalı Değil,4650000.0,4,1
Salihli,140,1,Ara Kat,6 Yaşında,Kombi,Var,Var,Var,İkinci El,Boş,Kat İrtifakı,Hayır,Eşyalı Değil,5650000.0,3,1
Sehzadeler,120,1,2. Kat,26 Yaşında,Kombi,Var,Yok,Var,-,Kiracılı,Kat İrtifakı,Hayır,Eşyalı Değil,4400000.0,3,1
Sehzadeler,125,1,Ara Kat,40 Yaşında,Doğalgaz Sobası,Var,Var,Yok,İkinci El,Kiracılı,Kat İrtifakı,-,Eşyalı Değil,3500000.0,3,1
Sehzadeler,185,1,-,34 Yaşında,Soba,Yok,Yok,Yok,İkinci El,Boş,Müstakil Tapulu,Evet,Eşyalı Değil,1150000.0,1,1
Salihli,140,1,Kot 2,25 Yaşında,Belirtilmemiş,Yok,Yok,Var,İkinci El,Belirtilmemiş,Kat Mülkiyeti,Hayır,Eşyalı,3200000.0,3,1
Akhisar,130,1,2. Kat,26 Yaşında,Kombi,Yok,Var,Yok,-,Boş,Kat İrtifakı,Hayır,Eşyalı Değil,1975000.0,2,1
Salihli,145,1,En Üst Kat,10 Yaşında,Kombi,Yok,Yok,Var,-,Boş,Kat Mülkiyeti,Hayır,Eşyalı Değil,3300000.0,3,1
Turgutlu,165,1,4. Kat,6 Yaşında,Kombi,Var,Var,Var,-,Mülk Sahibi,Kat İrtifakı,Evet,Eşyalı Değil,3350000.0,4,1
Sehzadeler,125,1,6. Kat,34 Yaşında,Kombi,Yok,Var,Yok,İkinci El,Kiracılı,Kat İrtifakı,Hayır,Eşyalı Değil,2550000.0,3,1
Sehzadeler,125,1,2. Kat,31 Yaşında,Kombi,Yok,Yok,Yok,-,Mülk Sahibi,Kat Mülkiyeti,Hayır,Eşyalı Değil,4250000.0,3,1
Yunusemre,90,1,Bahçe Katı,21 Yaşında,Isıtma Yok,Yok,Yok,Yok,İkinci El,-,Kat Mülkiyeti,-,Eşyalı Değil,2950000.0,2,1
Turgutlu,135,2,En Üst Kat,7 Yaşında,Kombi,Yok,Yok,Yok,-,-,Kat Mülkiyeti,-,-,3000000.0,3,1
Yunusemre,250,2,5. Kat,16 Yaşında,Kombi,Var,Var,Var,-,Mülk Sahibi,Kat İrtifakı,Evet,Eşyalı Değil,8500000.0,4,1
Sehzadeler,100,1,En Üst Kat,30 Yaşında,Klima,Yok,Yok,Yok,İkinci El,Kiracılı,Kat Mülkiyeti,Evet,Eşyalı Değil,2450000.0,2,1
Yunusemre,135,-,-,-,-,Yok,Yok,Yok,-,-,-,-,-,4000000.0,3,1
Saruhanli,85,1,Yüksek Giriş,8 Yaşında,Kombi,Var,Yok,Yok,İkinci El,Boş,Kat İrtifakı,Hayır,Eşyalı Değil,2400000.0,2,0
Akhisar,180,3,3. Kat,1 Yaşında,Kombi,Yok,Yok,Var,-,Boş,Kat İrtifakı,Hayır,Eşyalı Değil,3250000.0,4,1
Sehzadeler,95,1,Ara Kat,30 Yaşında,Kombi,Yok,Var,Var,-,-,Müstakil Tapulu,Evet,Eşyalı Değil,3050000.0,2,1
Akhisar,130,1,3. Kat,21 Yaşında,Kombi,Yok,Yok,Yok,-,Mülk Sahibi,Kat İrtifakı,Hayır,-,2250000.0,3,1
Turgutlu,65,1,5. Kat,11 Yaşında,Kombi,Var,Var,Var,-,Kiracılı,Kat Mülkiyeti,Hayır,Eşyalı Değil,2900000.0,1,1
Yunusemre,80,1,4. Kat,5 Yaşında,Kombi,Yok,Var,Var,-,Kiracılı,Kat İrtifakı,Hayır,Eşyalı,2750000.0,2,1
Saruhanli,145,1,3. Kat,4 Yaşında,Kombi,Yok,Var,Yok,-,Mülk Sahibi,Kat Mülkiyeti,Hayır,Eşyalı Değil,3850000.0,3,1
Yunusemre,200,2,10. Kat,11 Yaşında,Kombi,Yok,Yok,Yok,-,Mülk Sahibi,Kat Mülkiyeti,Hayır,Eşyalı Değil,9300000.0,5,1
Yunusemre,170,2,4. Kat,6 Yaşında,Kombi,Yok,Yok,Yok,-,Boş,Kat İrtifakı,Hayır,Eşyalı Değil,5250000.0,3,1
Yunusemre,95,1,6. Kat,Sıfır Bina,Yerden Isıtma,Yok,Yok,Var,-,Boş,Kat İrtifakı,Hayır,Eşyalı Değil,8000000.0,2,1
Yunusemre,110,1,2. Kat,10 Yaşında,Kombi,Var,Var,Yok,İkinci El,Mülk Sahibi,Kat İrtifakı,-,Eşyalı Değil,3450000.0,3,1
Alasehir,170,2,4. Kat,Sıfır Bina,Kombi,Var,Var,Yok,-,Boş,Kat İrtifakı,Evet,Eşyalı Değil,5250000.0,3,1
Yunusemre,240,2,Çatı Katı,4 Yaşında,Kombi,Var,Var,Var,-,Boş,Kat İrtifakı,Hayır,Eşyalı Değil,5600000.0,4,2
Yunusemre,85,1,3. Kat,Sıfır Bina,Kombi,Var,Var,Var,Sıfır,Boş,Kat İrtifakı,Hayır,Eşyalı Değil,3250000.0,2,1
Turgutlu,80,1,2. Kat,Sıfır Bina,Kombi,Yok,Var,Var,-,Boş,Kat İrtifakı,Evet,Eşyalı Değil,3500000.0,2,1
Turgutlu,150,2,2. Kat,1 Yaşında,Yerden Isıtma,Var,Yok,Var,-,Boş,Kat İrtifakı,Hayır,Eşyalı Değil,6500000.0,3,1
Yunusemre,105,1,2. Kat,5 Yaşında,Kombi,Var,Yok,Var,-,Boş,Kat İrtifakı,Hayır,Eşyalı Değil,3550000.0,2,1
Saruhanli,140,1,2. Kat,Sıfır Bina,Kombi,Var,Yok,Yok,-,Boş,Kat İrtifakı,Evet,Eşyalı Değil,4300000.0,3,1
Akhisar,150,2,3. Kat,1 Yaşında,Kombi,Yok,Var,Var,-,Boş,Kat İrtifakı,Hayır,Eşyalı Değil,4500000.0,4,1
Akhisar,150,1,1. Kat,11 Yaşında,Kombi,Yok,Yok,Yok,-,Kiracılı,Kat İrtifakı,Hayır,Eşyalı Değil,3550000.0,3,1
Akhisar,135,2,2. Kat,1 Yaşında,Yerden Isıtma,Yok,Var,Yok,Sıfır,Boş,Kat İrtifakı,Evet,Eşyalı Değil,4500000.0,3,0
Yunusemre,145,1,6. Kat,16 Yaşında,Kombi,Var,Yok,Yok,-,Mülk Sahibi,Kat Mülkiyeti,Hayır,Eşyalı Değil,8150000.0,3,1
Yunusemre,240,2,4. Kat,21 Yaşında,Yerden Isıtma,Var,Var,Yok,-,Mülk Sahibi,Kat İrtifakı,Hayır,Eşyalı Değil,8150000.0,4,1
Turgutlu,130,1,2. Kat,Sıfır Bina,Kombi,Yok,Yok,Yok,-,-,Kat İrtifakı,-,-,6000000.0,3,1
Akhisar,115,2,4. Kat,1 Yaşında,Kombi,Yok,Var,Yok,-,Mülk Sahibi,Kat Mülkiyeti,Hayır,Eşyalı Değil,2920000.0,2,1
Turgutlu,300,3,15. Kat,5 Yaşında,Kombi,Yok,Var,Var,-,Boş,Kat Mülkiyeti,Hayır,Eşyalı Değil,10020000.0,4,2
Yunusemre,75,1,Giriş Katı,11 Yaşında,Kombi,Yok,Yok,Yok,-,Kiracılı,Kat İrtifakı,Hayır,Eşyalı,2350000.0,2,1
Soma,95,1,2. Kat,Sıfır Bina,Merkezi,Yok,Var,Var,Sıfır,Boş,Kat İrtifakı,Evet,Eşyalı Değil,2650000.0,2,1
Yunusemre,553,2,Bahçe Katı,2 Yaşında,Kat Kaloriferi,Yok,Var,Yok,-,Boş,Tapu Yok,Hayır,Eşyalı Değil,8600000.0,3,2
Yunusemre,95,1,Ara Kat,5 Yaşında,Kombi,Var,Var,Yok,İkinci El,Boş,Kat Mülkiyeti,Hayır,Eşyalı Değil,3650000.0,2,1
Akhisar,145,1,3. Kat,20 Yaşında,Kombi,Yok,Yok,Var,İkinci El,Kiracılı,Kat Mülkiyeti,Hayır,Eşyalı Değil,3000000.0,3,1
Yunusemre,115,-,Ara Kat,4 Yaşında,Kombi,Yok,Var,Yok,İkinci El,Kiracılı,Kat Mülkiyeti,Hayır,-,3480000.0,3,1
Yunusemre,120,1,2. Kat,16 Yaşında,Kombi,Var,Var,Var,-,Mülk Sahibi,Kat İrtifakı,Evet,Eşyalı Değil,3700000.0,3,1
Sehzadeler,125,1,4. Kat,36 Yaşında,Kombi,Var,Var,Yok,İkinci El,Boş,Kat İrtifakı,Evet,-,3750000.0,3,1
Sehzadeler,89,1,4. Kat,50 Yaşında,Kombi,Var,Var,Yok,İkinci El,Kiracılı,Kat Mülkiyeti,Hayır,Eşyalı Değil,3250000.0,2,1
Turgutlu,140,2,3. Kat,6 Yaşında,Kombi,Var,Var,Var,-,Mülk Sahibi,Kat Mülkiyeti,Hayır,-,4450000.0,3,1
Akhisar,130,1,3. Kat,2 Yaşında,Kombi,Yok,Yok,Var,-,Boş,Kat İrtifakı,Hayır,Eşyalı Değil,3450000.0,3,1
Turgutlu,140,2,1. Kat,Sıfır Bina,Yerden Isıtma,Yok,Var,Var,-,Boş,Kat Mülkiyeti,Hayır,Eşyalı Değil,5400000.0,3,1
Yunusemre,85,1,3. Kat,4 Yaşında,Kombi,Yok,Var,Yok,-,Boş,Kat İrtifakı,Hayır,Eşyalı Değil,2950000.0,2,1
Sehzadeler,120,1,2. Kat,16 Yaşında,Kombi,Yok,Var,Yok,-,Boş,Kat Mülkiyeti,Hayır,Eşyalı Değil,4950000.0,3,1
Akhisar,150,2,Ara Kat,4 Yaşında,Kombi,Yok,Var,Var,-,-,Müstakil Tapulu,Evet,-,4160000.0,3,1
Yunusemre,95,1,6. Kat,Sıfır Bina,Yerden Isıtma,Yok,Yok,Yok,-,Boş,Kat İrtifakı,Hayır,Eşyalı Değil,8000000.0,2,1
Turgutlu,135,1,3. Kat,10 Yaşında,Kombi,Var,Var,Yok,İkinci El,Boş,Kat Mülkiyeti,Hayır,Eşyalı Değil,4350000.0,3,1
Yunusemre,70,1,2. Kat,5 Yaşında,Kombi,Var,Yok,Yok,-,Boş,Kat İrtifakı,Hayır,Eşyalı,2600000.0,1,1
Akhisar,300,3,3. Kat,2 Yaşında,Kombi,Var,Yok,Yok,-,Mülk Sahibi,Kat İrtifakı,Evet,Eşyalı Değil,8500000.0,5,1
Turgutlu,130,2,4. Kat,5 Yaşında,Yerden Isıtma,Var,Yok,Var,-,Boş,Kat İrtifakı,Hayır,Eşyalı Değil,4950000.0,3,1
Yunusemre,85,1,2. Kat,6 Yaşında,Kombi,Var,Yok,Var,-,Kiracılı,Kat Mülkiyeti,Hayır,Eşyalı,4150000.0,1,1
Akhisar,130,2,3. Kat,Sıfır Bina,Kombi,Yok,Var,Var,Sıfır,Boş,Kat İrtifakı,-,Eşyalı Değil,3950000.0,3,1
Yunusemre,320,2,5. Kat,20 Yaşında,Kombi,Yok,Var,Yok,İkinci El,Boş,Kat İrtifakı,-,Eşyalı Değil,8500000.0,5,1
Yunusemre,60,1,3. Kat,1 Yaşında,Kombi,Var,Var,Yok,-,Boş,Kat İrtifakı,Evet,Eşyalı Değil,4600000.0,1,1
Yunusemre,80,1,3. Kat,5 Yaşında,Kombi,Var,Var,Var,-,Mülk Sahibi,Kat İrtifakı,Hayır,Eşyalı Değil,4000000.0,2,1
Saruhanli,75,1,3. Kat,Sıfır Bina,Kombi,Var,Yok,Var,-,Boş,Kat Mülkiyeti,Hayır,Eşyalı Değil,2300000.0,2,1
Turgutlu,90,1,1. Kat,Sıfır Bina,Kombi,Yok,Var,Var,-,Boş,Kat İrtifakı,Hayır,Eşyalı Değil,2850000.0,2,1
Sehzadeler,160,2,Bahçe Katı,3 Yaşında,Soba,Yok,Yok,Yok,-,Mülk Sahibi,Müstakil Tapulu,Evet,Eşyalı,6700000.0,4,1
Akhisar,126,2,2. Kat,6 Yaşında,Kombi,Var,Var,Var,İkinci El,Mülk Sahibi,Kat Mülkiyeti,Evet,Eşyalı Değil,3500000.0,3,1
Yunusemre,185,2,3. Kat,4 Yaşında,Kombi,Var,Var,Yok,-,Boş,Kat Mülkiyeti,Hayır,Eşyalı Değil,4600000.0,4,1
Salihli,100,1,Bahçe Katı,Sıfır Bina,Soba,Yok,Var,Yok,-,Boş,Arsa,Hayır,Eşyalı,7500000.0,1,1
Yunusemre,145,2,2. Kat,20 Yaşında,Kombi,Var,Var,Yok,-,Mülk Sahibi,Kat Mülkiyeti,Hayır,Eşyalı Değil,7900000.0,3,1
Turgutlu,170,2,3. Kat,Sıfır Bina,Merkezi (Pay Öl...,Var,Var,Var,-,Mülk Sahibi,Kat İrtifakı,Evet,Eşyalı Değil,6250000.0,3,1
Yunusemre,71,1,4. Kat,1 Yaşında,Merkezi (Pay Öl...,Var,Yok,Var,-,Boş,Kat Mülkiyeti,Hayır,Eşyalı Değil,7760000.0,2,1
Yunusemre,200,2,7. Kat,9 Yaşında,Kombi,Var,Yok,Var,İkinci El,Boş,Kat İrtifakı,Hayır,Eşyalı Değil,14750000.0,4,1
Salihli,290,3,4. Kat,11 Yaşında,Kombi,Yok,Var,Var,İkinci El,Mülk Sahibi,Müstakil Tapulu,Evet,Eşyalı Değil,8400000.0,5,1
Yunusemre,120,1,2. Kat,Sıfır Bina,Kombi,Yok,Var,Yok,Sıfır,Boş,Kat Mülkiyeti,Evet,Eşyalı Değil,5150000.0,3,1
Soma,120,1,-,20 Yaşında,Soba,Yok,Yok,Var,İkinci El,Boş,Müstakil Tapulu,Hayır,Eşyalı Değil,1350000.0,2,1
Salihli,143,1,-,25 Yaşında,Soba,Yok,Var,Yok,İkinci El,Mülk Sahibi,Kat İrtifakı,Hayır,Eşyalı Değil,4000000.0,2,1
Akhisar,267,3,3. Kat,Sıfır Bina,Kombi,Var,Var,Var,Sıfır,Boş,Kat İrtifakı,Hayır,Eşyalı Değil,5500000.0,4,2
Saruhanli,125,1,5. Kat,1 Yaşında,Kombi,Yok,Var,Yok,-,Kiracılı,Kat İrtifakı,Evet,Eşyalı Değil,3750000.0,3,1
Yunusemre,80,1,Yüksek Giriş,21 Yaşında,Isıtma Yok,Yok,Yok,Yok,-,Boş,Müstakil Tapulu,Hayır,Eşyalı Değil,2300000.0,1,1
Sehzadeler,150,1,Yüksek Giriş,21 Yaşında,Kombi,Yok,Yok,Var,-,Boş,Kat İrtifakı,Evet,Eşyalı Değil,3895000.0,3,1
Salihli,95,1,Kot 1,5 Yaşında,Doğalgaz Sobası,Var,Var,Var,-,-,Kat Mülkiyeti,-,-,3250000.0,2,1
Akhisar,135,2,1. Kat,Sıfır Bina,Yerden Isıtma,Yok,Var,Var,-,Boş,Kat İrtifakı,Hayır,Eşyalı Değil,4000000.0,3,1
Turgutlu,140,1,3. Kat,11 Yaşında,Kombi,Var,Var,Var,-,Mülk Sahibi,Kat Mülkiyeti,Hayır,-,4200000.0,3,1
Turgutlu,157,2,3. Kat,4 Yaşında,Kombi,Var,Var,Yok,-,Mülk Sahibi,Kat Mülkiyeti,Hayır,Eşyalı Değil,4750000.0,3,1
Yunusemre,75,1,Yüksek Giriş,5 Yaşında,Kombi,Yok,Yok,Yok,-,Boş,Kat İrtifakı,Hayır,Eşyalı Değil,2790000.0,2,1
Yunusemre,135,1,Bahçe Katı,6 Yaşında,Klima,Yok,Var,Var,-,Boş,Müstakil Tapulu,Evet,Eşyalı Değil,6495000.0,2,0
Yunusemre,60,1,5. Kat,Sıfır Bina,Kombi,Var,Var,Var,-,Boş,Kat İrtifakı,Evet,Eşyalı Değil,3350000.0,1,1
Sehzadeler,130,1,1. Kat,20 Yaşında,Kombi,Var,Var,Var,İkinci El,Boş,Kat İrtifakı,Evet,Eşyalı Değil,4250000.0,3,1
Turgutlu,150,1,4. Kat,18 Yaşında,Kombi,Var,Yok,Yok,Yapım Aşamasınd...,Boş,Kat Mülkiyeti,Hayır,Eşyalı Değil,2500000.0,3,1
Yunusemre,103,1,1. Kat,Sıfır Bina,Kombi,Var,Var,Var,Sıfır,Boş,Kat İrtifakı,Hayır,Eşyalı Değil,5250000.0,2,1
Turgutlu,300,2,4. Kat,1 Yaşında,Kombi,Yok,Var,Var,-,Boş,Kat İrtifakı,Evet,Eşyalı Değil,9100000.0,5,1
Akhisar,140,1,4. Kat,40 Yaşında,Klima,Yok,Var,Yok,İkinci El,Boş,Kat Mülkiyeti,Evet,Eşyalı Değil,1200000.0,2,0
Akhisar,140,2,2. Kat,16 Yaşında,Kombi,Var,Var,Var,-,Mülk Sahibi,Kat İrtifakı,Hayır,Eşyalı Değil,3750000.0,3,1
Yunusemre,200,1,Yüksek Giriş,6 Yaşında,Kombi,Var,Var,Var,-,Kiracılı,Kat İrtifakı,Hayır,Eşyalı Değil,4200000.0,3,1
Akhisar,100,1,3. Kat,Sıfır Bina,Kombi,Yok,Var,Var,Sıfır,Boş,Kat İrtifakı,Evet,Eşyalı Değil,3250000.0,2,0
Saruhanli,105,1,2. Kat,Sıfır Bina,Kombi,Var,Yok,Yok,-,Boş,Kat İrtifakı,Hayır,-,3100000.0,2,1
Yunusemre,115,2,2. Kat,6 Yaşında,Kombi,Yok,Var,Yok,-,Kiracılı,Kat İrtifakı,Evet,Eşyalı Değil,7000000.0,3,1
Turgutlu,145,2,1. Kat,4 Yaşında,Kombi,Var,Var,Var,-,Mülk Sahibi,Kat Mülkiyeti,Hayır,Eşyalı Değil,5750000.0,3,1
Akhisar,140,2,1. Kat,1 Yaşında,Kombi,Var,Var,Var,-,Mülk Sahibi,Kat Mülkiyeti,Hayır,Eşyalı Değil,3500000.0,3,1
Turgutlu,60,1,Bahçe Katı,Sıfır Bina,Merkezi (Pay Öl...,Yok,Yok,Var,-,Boş,Kat İrtifakı,Evet,Eşyalı Değil,3575000.0,1,1
Yunusemre,134,2,13. Kat,1 Yaşında,Merkezi (Pay Öl...,Var,Yok,Var,-,Boş,Kat Mülkiyeti,Hayır,Eşyalı Değil,11950000.0,3,1
Yunusemre,110,1,Yüksek Giriş,Sıfır Bina,Yerden Isıtma,Var,Var,Var,Sıfır,Boş,Kat İrtifakı,-,Eşyalı Değil,6850000.0,2,1
Yunusemre,105,1,4. Kat,21 Yaşında,Kombi,Var,Var,Var,İkinci El,Boş,Müstakil Tapulu,Evet,Eşyalı Değil,3950000.0,2,1
Yunusemre,150,2,Yüksek Giriş,5 Yaşında,Kombi,Yok,Yok,Var,İkinci El,Kiracılı,Kat İrtifakı,Evet,Eşyalı Değil,9095000.0,3,1
Salihli,100,-,-,20 Yaşında,Soba,Yok,Yok,Yok,İkinci El,Mülk Sahibi,Arsa,Evet,Eşyalı Değil,2045000.0,2,1
Sehzadeler,110,1,En Üst Kat,28 Yaşında,Kombi,Var,Var,Yok,İkinci El,Boş,Kat Mülkiyeti,Hayır,Eşyalı Değil,3200000.0,3,1
Yunusemre,65,1,1. Kat,5 Yaşında,Yerden Isıtma,Yok,Yok,Var,İkinci El,Kiracılı,Kat İrtifakı,Hayır,Eşyalı,4575000.0,1,1
Yunusemre,95,1,Ara Kat,5 Yaşında,Kombi,Yok,Var,Var,İkinci El,Mülk Sahibi,Kat Mülkiyeti,Hayır,Eşyalı Değil,3870000.0,2,1
Yunusemre,105,1,3. Kat,1 Yaşında,Kombi,Yok,Var,Yok,İkinci El,Kiracılı,Kat İrtifakı,Evet,Eşyalı Değil,3650000.0,2,1
Akhisar,125,1,Ara Kat,28 Yaşında,Kombi,Var,Var,Yok,İkinci El,Boş,Kat İrtifakı,Evet,Eşyalı Değil,2475000.0,3,1
Yunusemre,76,1,Yüksek Giriş,Sıfır Bina,Kombi,Var,Yok,Var,-,Boş,Kat Mülkiyeti,Hayır,Eşyalı Değil,2700000.0,2,1
Saruhanli,132,1,5. Kat,Sıfır Bina,Kombi,Var,Var,Yok,Sıfır,Boş,Kat İrtifakı,Hayır,Eşyalı Değil,3200000.0,3,1
Saruhanli,85,1,3. Kat,Sıfır Bina,Kombi,Yok,Yok,Yok,Sıfır,Boş,Müstakil Tapulu,Hayır,Eşyalı Değil,2900000.0,2,1
Yunusemre,155,1,Zemin,16 Yaşında,Kombi,Yok,Var,Var,-,Mülk Sahibi,Kat İrtifakı,Evet,Eşyalı Değil,5000000.0,3,1
Turgutlu,180,1,1. Kat,6 Yaşında,Kombi,Var,Var,Var,-,Mülk Sahibi,Kat Mülkiyeti,Hayır,Eşyalı Değil,5150000.0,3,1
Salihli,145,1,4. Kat,20 Yaşında,Jeotermal Isıtm...,Yok,Yok,Yok,-,-,Kat Mülkiyeti,-,-,3900000.0,3,1
Akhisar,130,1,4. Kat,11 Yaşında,Kombi,Yok,Yok,Yok,-,Mülk Sahibi,Kat İrtifakı,Hayır,Eşyalı Değil,3150000.0,3,1
Yunusemre,85,1,Yüksek Giriş,Sıfır Bina,Kombi,Yok,Yok,Var,-,Boş,Kat İrtifakı,Hayır,Eşyalı Değil,2780000.0,2,1
Turgutlu,130,1,3. Kat,Sıfır Bina,Kombi,Yok,Var,Var,-,Boş,Kat Mülkiyeti,Hayır,Eşyalı Değil,4150000.0,3,1
Yunusemre,95,1,Yüksek Giriş,5 Yaşında,Kombi,Yok,Yok,Yok,-,Boş,Kat İrtifakı,Hayır,Eşyalı Değil,2925000.0,2,1
Turgutlu,102,1,1. Kat,Sıfır Bina,Kombi,Yok,Var,Var,Sıfır,Boş,Kat Mülkiyeti,Hayır,Eşyalı Değil,3800000.0,2,1
Turgutlu,140,1,3. Kat,21 Yaşında,Kombi,Var,Yok,Yok,-,Boş,Kat Mülkiyeti,Evet,Eşyalı Değil,4500000.0,3,1
Salihli,567,1,-,1 Yaşında,Klima,Yok,Yok,Yok,-,Mülk Sahibi,Müstakil Tapulu,Hayır,Eşyalı Değil,6000000.0,2,1
Soma,105,2,-,17 Yaşında,Merkezi,Var,Yok,Yok,İkinci El,Mülk Sahibi,Arsa,Evet,Eşyalı Değil,4750000.0,2,1
Yunusemre,60,1,1. Kat,1 Yaşında,Yerden Isıtma,Var,Yok,Var,-,Boş,Kat İrtifakı,Evet,Eşyalı Değil,3400000.0,1,1
Turgutlu,95,2,2. Kat,Sıfır Bina,Yerden Isıtma,Yok,Yok,Yok,-,Boş,Kat İrtifakı,Evet,Eşyalı Değil,5500000.0,2,1
Akhisar,150,2,1. Kat,6 Yaşında,Kombi,Var,Var,Var,-,Boş,Kat İrtifakı,Hayır,Eşyalı Değil,4600000.0,3,1
Sehzadeler,140,1,1. Kat,31 Yaşında,Kombi,Var,Var,Yok,-,Boş,Kat Mülkiyeti,Hayır,Eşyalı Değil,3575000.0,3,1
Turgutlu,134,1,Ara Kat,25 Yaşında,Kombi,Yok,Yok,Var,İkinci El,Boş,Kat İrtifakı,Evet,Eşyalı Değil,3499000.0,3,1
Akhisar,130,2,3. Kat,Sıfır Bina,Kombi,Var,Var,Var,Sıfır,Boş,Kat İrtifakı,Hayır,Eşyalı Değil,3950000.0,3,1
Akhisar,200,2,Bahçe Katı,3 Yaşında,Yerden Isıtma,Yok,Yok,Yok,-,Mülk Sahibi,Müstakil Tapulu,Evet,Eşyalı Değil,15750000.0,4,1
Salihli,145,2,3. Kat,1 Yaşında,Kombi,Yok,Yok,Var,-,Boş,Kat Mülkiyeti,Hayır,Eşyalı Değil,5175000.0,3,1
Turgutlu,135,2,2. Kat,Sıfır Bina,Yerden Isıtma,Var,Var,Var,-,Boş,Kat Mülkiyeti,Hayır,Eşyalı Değil,6500000.0,3,1
Akhisar,300,3,3. Kat,Sıfır Bina,Kombi,Var,Var,Var,-,Boş,Kat Mülkiyeti,Evet,Eşyalı Değil,7000000.0,5,1
Turgutlu,155,2,5. Kat,1 Yaşında,Yerden Isıtma,Var,Var,Var,-,Boş,Kat İrtifakı,Hayır,Eşyalı Değil,6050000.0,3,1
Turgutlu,120,1,4. Kat,5 Yaşında,Kombi,Var,Var,Yok,-,Boş,Kat Mülkiyeti,Hayır,Eşyalı Değil,3050000.0,3,1
Kirkagac,125,1,4. Kat,5 Yaşında,Kombi,Yok,Yok,Yok,İkinci El,Boş,Kat İrtifakı,Hayır,Eşyalı Değil,3600000.0,3,1
Saruhanli,400,1,Bahçe Katı,11 Yaşında,Soba,Yok,Var,Yok,-,Boş,Arsa,Hayır,Eşyalı,3725000.0,2,1
Yunusemre,150,2,Yüksek Giriş,Sıfır Bina,Kombi,Yok,Yok,Var,-,Kiracılı,Kat Mülkiyeti,Evet,Eşyalı Değil,9095000.0,3,1
Yunusemre,70,1,Yüksek Giriş,Sıfır Bina,Yerden Isıtma,Yok,Var,Var,Sıfır,Boş,Kat İrtifakı,Evet,Eşyalı Değil,2950000.0,1,1
Yunusemre,100,1,1. Kat,Sıfır Bina,Kombi,Yok,Var,Var,Sıfır,Boş,Kat İrtifakı,-,Eşyalı Değil,4000000.0,2,1
Turgutlu,202,1,3. Kat,Sıfır Bina,Yerden Isıtma,Var,Var,Var,-,Boş,Kat Mülkiyeti,Hayır,-,9750000.0,3,1
Yunusemre,90,1,2. Kat,6 Yaşında,Kombi,Yok,Var,Yok,-,Boş,Kat İrtifakı,Evet,Eşyalı Değil,3100000.0,2,1
Turgutlu,120,2,3. Kat,11 Yaşında,Kombi,Var,Var,Var,-,Mülk Sahibi,Kat Mülkiyeti,Hayır,Eşyalı Değil,3090000.0,3,1
Salihli,125,1,Kot 2,Sıfır Bina,Kombi,Var,Var,Var,-,Boş,Kat Mülkiyeti,Hayır,Eşyalı Değil,3900000.0,3,1
Yunusemre,230,2,4. Kat,5 Yaşında,Kombi,Yok,Yok,Var,-,Mülk Sahibi,Kat İrtifakı,Hayır,Eşyalı Değil,6250000.0,6,2
Yunusemre,230,2,Bahçe Katı,26 Yaşında,Kombi,Yok,Yok,Yok,-,Boş,Kat İrtifakı,Hayır,Eşyalı Değil,11500000.0,5,1
Yunusemre,95,1,Yüksek Giriş,4 Yaşında,Kombi,Yok,Yok,Var,-,Kiracılı,Kat İrtifakı,Evet,Eşyalı Değil,2910000.0,2,1
Turgutlu,120,1,4. Kat,25 Yaşında,Kombi,Yok,Var,Yok,İkinci El,Boş,Kat Mülkiyeti,Evet,Eşyalı Değil,2800000.0,3,1
Saruhanli,100,1,Yüksek Giriş,4 Yaşında,Kombi,Var,Yok,Yok,İkinci El,Boş,Kat Mülkiyeti,Hayır,Eşyalı Değil,2650000.0,2,1
Akhisar,130,1,1. Kat,3 Yaşında,Kombi,Yok,Var,Var,-,Boş,Kat İrtifakı,Hayır,Eşyalı Değil,4200000.0,3,1
Turgutlu,155,1,3. Kat,6 Yaşında,Kombi,Yok,Var,Yok,İkinci El,Boş,Kat Mülkiyeti,Evet,-,3800000.0,3,1
Turgutlu,250,2,4. Kat,6 Yaşında,Kombi,Var,Yok,Yok,-,Kiracılı,Kat Mülkiyeti,Evet,Eşyalı Değil,4100000.0,5,1
Saruhanli,125,1,3. Kat,25 Yaşında,Klima,Yok,Var,Yok,İkinci El,Boş,Kat İrtifakı,Hayır,Eşyalı Değil,2750000.0,2,1
Saruhanli,153,1,2. Kat,8 Yaşında,Kombi,Var,Yok,Yok,İkinci El,Kiracılı,Kat İrtifakı,Hayır,Eşyalı Değil,3900000.0,3,1
Turgutlu,90,1,2. Kat,Sıfır Bina,Kombi,Yok,Var,Var,-,Boş,Kat İrtifakı,Evet,Eşyalı Değil,3200000.0,2,1
Yunusemre,115,1,3. Kat,11 Yaşında,Kombi,Yok,Var,Yok,-,Boş,Kat İrtifakı,Hayır,Eşyalı Değil,3900000.0,3,1
Akhisar,240,3,Bahçe Katı,2 Yaşında,Yerden Isıtma,Yok,Yok,Yok,-,Mülk Sahibi,Kat İrtifakı,Evet,Eşyalı Değil,10000000.0,4,1
Salihli,110,1,1. Kat,1 Yaşında,Kombi,Var,Var,Var,-,Boş,Kat Mülkiyeti,Evet,Eşyalı Değil,3675000.0,2,1
Turgutlu,185,2,4. Kat,2 Yaşında,Yerden Isıtma,Var,Var,Var,-,Boş,Kat Mülkiyeti,Hayır,Eşyalı Değil,5500000.0,4,1
Turgutlu,110,1,4. Kat,21 Yaşında,Isıtma Yok,Var,Yok,Yok,-,Kiracılı,Kat İrtifakı,Hayır,Eşyalı Değil,1850000.0,2,1
Sehzadeler,150,2,-,40 Yaşında,Kombi,Yok,Yok,Var,İkinci El,Kiracılı,Müstakil Tapulu,Hayır,Eşyalı Değil,4400000.0,4,2
Akhisar,90,2,1. Kat,1 Yaşında,Yerden Isıtma,Yok,Yok,Var,Sıfır,Boş,Kat İrtifakı,Evet,Eşyalı Değil,3500000.0,2,1
Sehzadeler,96,1,Çatı Katı,30 Yaşında,Kombi,Var,Var,Yok,İkinci El,-,Kat İrtifakı,-,Eşyalı Değil,2100000.0,2,1
Yunusemre,50,1,3. Kat,Sıfır Bina,Kombi,Yok,Yok,Yok,-,Boş,Kat İrtifakı,Evet,Eşyalı Değil,2670000.0,1,1
Akhisar,100,1,2. Kat,Sıfır Bina,Yerden Isıtma,Yok,Var,Var,Sıfır,Boş,Kat İrtifakı,Hayır,Eşyalı Değil,3200000.0,2,1
Yunusemre,85,1,4. Kat,7 Yaşında,Kombi,Yok,Var,Var,İkinci El,Mülk Sahibi,Kat İrtifakı,-,Eşyalı Değil,2750000.0,2,1
Yunusemre,185,1,1. Kat,11 Yaşında,Kombi,Var,Var,Yok,-,Mülk Sahibi,Kat İrtifakı,Hayır,Eşyalı Değil,8250000.0,3,1
Turgutlu,175,2,4. Kat,Sıfır Bina,Yerden Isıtma,Var,Var,Var,-,Boş,Kat Mülkiyeti,Hayır,Eşyalı Değil,7000000.0,3,1
Yunusemre,145,1,3. Kat,5 Yaşında,Kombi,Yok,Yok,Var,-,Mülk Sahibi,Kat İrtifakı,Hayır,Eşyalı Değil,5250000.0,3,1
Yunusemre,70,1,2. Kat,1 Yaşında,Kombi,Yok,Var,Yok,-,Boş,Kat İrtifakı,Hayır,Eşyalı Değil,3300000.0,2,1
Yunusemre,90,1,2. Kat,6 Yaşında,Kombi,Yok,Yok,Var,-,Kiracılı,Kat İrtifakı,Evet,Eşyalı Değil,3500000.0,2,1
Salihli,150,1,4. Kat,16 Yaşında,Jeotermal Isıtma,Var,Var,Var,-,Boş,Kat İrtifakı,Evet,Eşyalı Değil,2600000.0,3,1
Akhisar,135,2,1. Kat,Sıfır Bina,Kombi,Var,Var,Var,-,Boş,Kat Mülkiyeti,Evet,Eşyalı Değil,4250000.0,3,1
Saruhanli,105,1,Yüksek Giriş,5 Yaşında,Kombi,Var,Yok,Yok,-,-,Kat İrtifakı,-,-,2950000.0,2,1
Salihli,135,-,-,-,-,Yok,Yok,Yok,-,-,-,-,-,3300000.0,3,1
Turgutlu,110,1,Ara Kat,4 Yaşında,Kombi,Yok,Yok,Yok,İkinci El,Boş,Kat İrtifakı,Evet,Eşyalı Değil,2850000.0,2,1
Sehzadeler,215,1,1. Kat,26 Yaşında,Kombi,Var,Var,Yok,İkinci El,Mülk Sahibi,Kat İrtifakı,Hayır,Eşyalı Değil,6200000.0,2,1
Sehzadeler,70,1,Ara Kat,Sıfır Bina,Kombi,Var,Var,Yok,İkinci El,Boş,Kat Mülkiyeti,Evet,Eşyalı Değil,3600000.0,2,1
Soma,180,2,3. Kat,11 Yaşında,Jeotermal Isıtma,Yok,Yok,Yok,-,Mülk Sahibi,Kat Mülkiyeti,Evet,Eşyalı Değil,3750000.0,4,1
Akhisar,105,1,1. Kat,Sıfır Bina,Kombi,Yok,Var,Var,-,Boş,Kat Mülkiyeti,Evet,Eşyalı Değil,3075000.0,2,1
Salihli,92,1,5. Kat,1 Yaşında,Doğalgaz Sobası,Var,Yok,Var,-,-,Kat Mülkiyeti,-,Eşyalı Değil,4000000.0,2,1
Turgutlu,110,1,3. Kat,Sıfır Bina,Yerden Isıtma,Yok,Var,Var,Sıfır,Boş,Kat Mülkiyeti,Hayır,Eşyalı Değil,3500000.0,2,1
Salihli,155,1,4. Kat,26 Yaşında,Klima,Var,Yok,Yok,-,Boş,Kat Mülkiyeti,Hayır,Eşyalı Değil,2675000.0,3,1
Akhisar,225,3,Bahçe Katı,1 Yaşında,Yerden Isıtma,Yok,Yok,Yok,-,Boş,Kat İrtifakı,Hayır,Eşyalı Değil,15000000.0,5,1
Turgutlu,125,1,4. Kat,31 Yaşında,Kombi,Yok,Var,Var,-,Mülk Sahibi,Kat Mülkiyeti,Hayır,Eşyalı Değil,3350000.0,3,1
Yunusemre,85,1,2. Kat,Sıfır Bina,Kombi,Var,Yok,Yok,-,Boş,Kat İrtifakı,Hayır,Eşyalı Değil,3400000.0,2,1
Turgutlu,170,2,3. Kat,5 Yaşında,Merkezi (Pay Ölçer),Var,Var,Var,-,Mülk Sahibi,Kat İrtifakı,Evet,Eşyalı Değil,6500000.0,3,1
Akhisar,180,1,3. Kat,21 Yaşında,Kombi,Yok,Var,Var,-,Boş,Kat İrtifakı,Hayır,Eşyalı Değil,3750000.0,4,1
Yunusemre,165,1,Ara Kat,25 Yaşında,Kombi,Yok,Var,Yok,İkinci El,Boş,Kat İrtifakı,Evet,Eşyalı Değil,5195000.0,3,1
Sehzadeler,110,1,Ara Kat,30 Yaşında,Kombi,Var,Yok,Yok,İkinci El,Boş,Kat İrtifakı,Evet,Eşyalı Değil,3975000.0,3,1
Akhisar,90,1,1. Kat,Sıfır Bina,Kombi,Var,Var,Var,Sıfır,Boş,Kat İrtifakı,Hayır,Eşyalı Değil,2950000.0,2,1
Yunusemre,125,1,5. Kat,21 Yaşında,Kombi,Var,Yok,Yok,-,Kiracılı,Kat Mülkiyeti,Hayır,Eşyalı Değil,4100000.0,3,1
Yunusemre,90,1,3. Kat,3 Yaşında,Kombi,Yok,Var,Yok,İkinci El,Boş,Kat İrtifakı,-,Eşyalı Değil,4900000.0,2,1
Turgutlu,140,2,3. Kat,Sıfır Bina,Yerden Isıtma,Yok,Var,Var,-,Boş,Kat Mülkiyeti,Evet,-,6250000.0,3,1
Yunusemre,115,-,Ara Kat,23 Yaşında,Kombi,Yok,Var,Var,İkinci El,-,Kat İrtifakı,Hayır,Eşyalı Değil,4150000.0,3,1
Turgutlu,165,2,4. Kat,Sıfır Bina,Yerden Isıtma,Var,Var,Var,-,Boş,Kat Mülkiyeti,Hayır,Eşyalı Değil,7000000.0,3,1
Yunusemre,115,1,1. Kat,Sıfır Bina,Kombi,Var,Var,Var,-,Boş,Kat İrtifakı,Evet,Eşyalı Değil,4600000.0,3,1
Yunusemre,60,1,5. Kat,1 Yaşında,Kombi,Yok,Yok,Yok,-,Kiracılı,Kat İrtifakı,Hayır,Eşyalı,2499999.0,1,1
Salihli,140,1,2. Kat,1 Yaşında,Kombi,Var,Var,Var,-,Boş,Kat İrtifakı,Hayır,Eşyalı Değil,5650000.0,3,1
Saruhanli,135,1,Ara Kat,Sıfır Bina,Kombi,Yok,Var,Yok,Sıfır,Boş,Kat İrtifakı,-,Eşyalı Değil,4750000.0,3,1
Turgutlu,120,1,5. Kat,6 Yaşında,Kombi,Yok,Var,Yok,-,Mülk Sahibi,Kat İrtifakı,Hayır,Eşyalı Değil,3750000.0,2,1
Akhisar,140,2,1. Kat,Sıfır Bina,Kombi,Var,Var,Var,-,Boş,Kat Mülkiyeti,Hayır,Eşyalı Değil,4200000.0,3,1
Sehzadeler,135,1,Zemin,20 Yaşında,Kombi,Yok,Yok,Yok,İkinci El,Boş,Kat İrtifakı,Hayır,Eşyalı Değil,3375000.0,3,1
Salihli,178,2,1. Kat,1 Yaşında,Kombi,Var,Var,Yok,-,Mülk Sahibi,Kat Mülkiyeti,Hayır,Eşyalı Değil,6625000.0,3,1
Turgutlu,160,2,3. Kat,Sıfır Bina,Merkezi (Pay Ölçer),Yok,Var,Var,-,Boş,Kat İrtifakı,Hayır,Eşyalı Değil,4450000.0,3,1
Sehzadeler,100,1,Yarı Bodrum,13 Yaşında,Kombi,Yok,Var,Yok,İkinci El,Mülk Sahibi,Kat İrtifakı,Evet,Eşyalı Değil,3150000.0,3,1
Saruhanli,105,1,3. Kat,Sıfır Bina,Kombi,Yok,Var,Yok,-,Boş,Kat İrtifakı,Evet,Eşyalı Değil,3650000.0,2,1
Sehzadeler,180,1,-,18 Yaşında,Soba,Yok,Yok,Yok,İkinci El,Mülk Sahibi,Müstakil Tapulu,Hayır,Eşyalı Değil,3250000.0,2,1
Yunusemre,210,3,-,Sıfır Bina,Isı Pompası,Yok,Var,Yok,-,Boş,Kat İrtifakı,Hayır,Eşyalı Değil,16000000.0,4,1
Akhisar,100,1,1. Kat,Sıfır Bina,Kombi,Var,Var,Var,Sıfır,Boş,Kat İrtifakı,Hayır,Eşyalı Değil,3450000.0,2,1
Selendi,130,1,-,5 Yaşında,Soba,Yok,Yok,Yok,Sıfır,Mülk Sahibi,Müstakil Tapulu,Hayır,Eşyalı Değil,3000000.0,3,1
Yunusemre,110,1,4. Kat,Sıfır Bina,Kombi,Yok,Var,Var,Sıfır,Boş,Kat İrtifakı,-,Eşyalı Değil,4200000.0,2,1
Turgutlu,145,1,4. Kat,Sıfır Bina,Kombi,Yok,Yok,Yok,-,Boş,Kat Mülkiyeti,Evet,Eşyalı Değil,5500000.0,3,1
Turgutlu,135,1,3. Kat,26 Yaşında,Kombi,Var,Var,Var,-,Boş,Kat İrtifakı,Hayır,-,4000000.0,3,1
Yunusemre,115,1,2. Kat,Sıfır Bina,Kombi,Yok,Var,Var,-,Boş,Kat İrtifakı,Evet,Eşyalı Değil,4500000.0,2,1
Yunusemre,220,2,En Üst Kat,8 Yaşında,Kombi,Yok,Var,Yok,-,Boş,Kat İrtifakı,Evet,Eşyalı Değil,4900000.0,5,1
Sehzadeler,90,1,4. Kat,31 Yaşında,Klima,Var,Var,Var,-,Kiracılı,Müstakil Tapulu,Evet,Eşyalı Değil,3750000.0,2,1
Turgutlu,110,1,4. Kat,Sıfır Bina,Kombi,Yok,Var,Var,-,Boş,Kat Mülkiyeti,Hayır,Eşyalı Değil,3300000.0,2,1
Turgutlu,120,1,4. Kat,6 Yaşında,Kombi,Var,Var,Var,-,Mülk Sahibi,Kat İrtifakı,Evet,Eşyalı Değil,4980000.0,2,1
Akhisar,110,-,1. Kat,4 Yaşında,Kombi,Yok,Var,Var,İkinci El,Boş,Kat İrtifakı,Hayır,Eşyalı Değil,3250000.0,2,1
Sehzadeler,95,1,3. Kat,30 Yaşında,Kombi,Var,Var,Yok,İkinci El,Kiracılı,Kat Mülkiyeti,Hayır,Eşyalı Değil,3050000.0,2,1
Yunusemre,100,1,Yüksek Giriş,Sıfır Bina,Kombi,Yok,Yok,Yok,-,Boş,Kat İrtifakı,Evet,Eşyalı Değil,4800000.0,2,1
Salihli,108,1,4. Kat,1 Yaşında,Kombi,Var,Var,Var,-,Kiracılı,Kat Mülkiyeti,Evet,Eşyalı Değil,3850000.0,2,1
Akhisar,152,2,1. Kat,1 Yaşında,Kombi,Yok,Yok,Var,-,Boş,Kat İrtifakı,Hayır,Eşyalı Değil,4800000.0,3,1
Turgutlu,140,2,12. Kat,Sıfır Bina,Merkezi,Var,Var,Var,-,Boş,Kat İrtifakı,Hayır,Eşyalı Değil,4000000.0,2,1
Akhisar,175,2,En Üst Kat,3 Yaşında,Kombi,Yok,Var,Var,İkinci El,Boş,Kat İrtifakı,Evet,Eşyalı Değil,3950000.0,3,1
Yunusemre,300,2,En Üst Kat,10 Yaşında,Kombi,Var,Var,Var,İkinci El,Mülk Sahibi,Kat İrtifakı,Hayır,Eşyalı Değil,3950000.0,4,1
Akhisar,321,1,Bahçe Katı,31 Yaşında,Soba,Yok,Var,Var,-,Boş,Müstakil Tapulu,Hayır,Eşyalı Değil,6000000.0,2,1
Turgutlu,198,2,4. Kat,15 Yaşında,Kombi,Var,Var,Var,-,Mülk Sahibi,Kat Mülkiyeti,Evet,-,4950000.0,4,1
Soma,250,1,-,30 Yaşında,Soba,Yok,Yok,Yok,-,-,Müstakil Tapulu,-,Eşyalı Değil,2600000.0,2,1
Salihli,150,1,5. Kat,21 Yaşında,Isıtma Yok,Yok,Yok,Yok,-,Boş,Kat İrtifakı,Evet,Eşyalı Değil,3000000.0,3,1
Sehzadeler,200,2,5. Kat,16 Yaşında,Kombi,Yok,Var,Yok,-,Mülk Sahibi,Kat İrtifakı,Evet,Eşyalı Değil,6950000.0,3,1
Saruhanli,130,1,En Üst Kat,1 Yaşında,Kombi,Var,Var,Yok,Sıfır,Boş,Kat Mülkiyeti,Hayır,Eşyalı Değil,3375000.0,3,1
Yunusemre,180,1,Bahçe Katı,21 Yaşında,Soba,Yok,Yok,Yok,-,Mülk Sahibi,Tapu Yok,Hayır,Eşyalı,22500000.0,3,1
Sehzadeler,140,1,4. Kat,27 Yaşında,Kombi,Var,Var,Var,İkinci El,Mülk Sahibi,Kat İrtifakı,Hayır,Eşyalı Değil,3850000.0,3,1
Alasehir,58,1,3. Kat,Sıfır Bina,Kombi,Yok,Yok,Yok,-,Boş,Kat Mülkiyeti,Hayır,Eşyalı Değil,2100000.0,1,1
Salihli,145,1,-,25 Yaşında,Soba,Var,Yok,Yok,Sıfır,Belirtilmemiş,Kat Mülkiyeti,Hayır,Eşyalı Değil,5750000.0,3,1
Akhisar,140,1,2. Kat,4 Yaşında,Kombi,Yok,Var,Var,-,Kiracılı,Kat İrtifakı,Evet,Eşyalı Değil,3350000.0,3,1
Yunusemre,250,2,5. Kat,11 Yaşında,Kombi,Var,Yok,Yok,-,Mülk Sahibi,Kat Mülkiyeti,Evet,Eşyalı Değil,6500000.0,4,1
Turgutlu,104,1,3. Kat,Sıfır Bina,Kombi,Yok,Var,Var,Sıfır,Boş,Kat Mülkiyeti,Hayır,Eşyalı Değil,3750000.0,2,1
Yunusemre,250,2,-,10 Yaşında,Soba,Yok,Yok,Yok,İkinci El,Mülk Sahibi,Kat Mülkiyeti,-,Eşyalı Değil,7700000.0,6,1
Soma,90,1,5. Kat,9 Yaşında,Merkezi,Yok,Yok,Yok,-,Kiracılı,Kat İrtifakı,-,Eşyalı Değil,1775000.0,2,1
Yunusemre,135,-,-,-,-,Yok,Yok,Yok,-,-,-,-,-,4200000.0,3,1
Yunusemre,170,1,1. Kat,16 Yaşında,Kombi,Var,Var,Var,-,Kiracılı,Kat İrtifakı,Evet,Eşyalı Değil,5800000.0,3,2
Yunusemre,135,1,3. Kat,Sıfır Bina,Kombi,Yok,Yok,Yok,-,Boş,Kat Mülkiyeti,Hayır,Eşyalı Değil,11450000.0,3,1
Yunusemre,95,1,2. Kat,Sıfır Bina,Kombi,Yok,Var,Yok,Yapım Aşamasınd...,Boş,Kat İrtifakı,-,Eşyalı Değil,4200000.0,2,1
Turgutlu,142,1,4. Kat,3 Yaşında,Kombi,Yok,Var,Var,-,Boş,Kat Mülkiyeti,Evet,-,6300000.0,3,1
Sehzadeler,300,2,6. Kat,16 Yaşında,Kombi,Yok,Yok,Yok,-,Mülk Sahibi,Kat Mülkiyeti,Hayır,Eşyalı Değil,9500000.0,6,1
Yunusemre,585,1,Zemin,6 Yaşında,Klima,Yok,Var,Yok,İkinci El,Mülk Sahibi,Müstakil Tapulu,-,Eşyalı,10700000.0,2,1
Yunusemre,55,1,Zemin,Sıfır Bina,Yerden Isıtma,Yok,Yok,Var,-,Boş,Kat İrtifakı,Hayır,Eşyalı Değil,2600000.0,1,1
Turgutlu,120,1,2. Kat,Sıfır Bina,Kombi,Yok,Var,Var,-,Boş,Kat Mülkiyeti,Hayır,Eşyalı Değil,4500000.0,3,1
Yunusemre,95,1,3. Kat,1 Yaşında,Kombi,Yok,Yok,Var,-,Boş,Kat İrtifakı,Hayır,-,3180000.0,2,1
Yunusemre,250,2,5. Kat,1 Yaşında,Kombi,Yok,Var,Var,-,Mülk Sahibi,Kat İrtifakı,Hayır,Eşyalı Değil,11850000.0,4,1
Salihli,185,2,-,14 Yaşında,Soba,Yok,Yok,Yok,İkinci El,Mülk Sahibi,Kat İrtifakı,Hayır,Eşyalı Değil,4500000.0,3,1
Sehzadeler,220,1,-,35 Yaşında,Soba,Yok,Yok,Yok,-,-,Müstakil Tapulu,-,-,2750000.0,3,1
Yunusemre,135,-,-,-,-,Yok,Yok,Yok,-,-,-,-,-,3150000.0,3,1
Akhisar,140,2,1. Kat,Sıfır Bina,Kombi,Var,Var,Var,Sıfır,Boş,Kat İrtifakı,Hayır,Eşyalı Değil,4200000.0,3,1
Koprubasi,150,-,-,30 Yaşında,Soba,Yok,Yok,Yok,İkinci El,Boş,Kat Mülkiyeti,Evet,Eşyalı,2700000.0,4,2
Akhisar,362,1,1. Kat,12 Yaşında,Klima,Yok,Var,Var,Sıfır,Mülk Sahibi,Kat İrtifakı,Evet,Eşyalı Değil,2500000.0,3,1
Turgutlu,120,1,Ara Kat,Sıfır Bina,Isıtma Yok,Yok,Var,Yok,Sıfır,Boş,Kat Mülkiyeti,Hayır,Eşyalı Değil,3800000.0,3,1
Yunusemre,120,1,5. Kat,30 Yaşında,Kombi,Yok,Var,Var,İkinci El,Boş,Kat İrtifakı,Evet,Eşyalı Değil,3100000.0,3,1
Akhisar,230,1,4. Kat,21 Yaşında,Kombi,Yok,Yok,Yok,-,Boş,Kat İrtifakı,Hayır,Eşyalı Değil,4000000.0,5,1
Turgutlu,160,2,3. Kat,Sıfır Bina,Yerden Isıtma,Var,Yok,Var,-,Boş,Kat İrtifakı,Hayır,Eşyalı Değil,6250000.0,3,1
Akhisar,130,1,En Üst Kat,10 Yaşında,Kombi,Var,Var,Var,İkinci El,Boş,Kat Mülkiyeti,Hayır,Eşyalı Değil,2950000.0,3,1
Turgutlu,150,1,4. Kat,26 Yaşında,Kombi,Var,Yok,Yok,-,Mülk Sahibi,Kat İrtifakı,Evet,Eşyalı Değil,3100000.0,3,1
Sehzadeler,130,1,2. Kat,26 Yaşında,Kombi,Yok,Var,Yok,-,Boş,Kat İrtifakı,Evet,Eşyalı Değil,4950000.0,3,1
Ahmetli,240,2,3. Kat,3 Yaşında,Kombi,Yok,Yok,Var,-,Boş,Kat İrtifakı,Evet,Eşyalı Değil,5250000.0,5,1
Alasehir,110,1,3. Kat,Sıfır Bina,Kombi,Yok,Yok,Yok,-,Boş,Kat Mülkiyeti,Hayır,Eşyalı Değil,4400000.0,2,1
Sehzadeler,90,1,-,5 Yaşında,Klima,Yok,Yok,Yok,İkinci El,Boş,Müstakil Tapulu,Evet,Eşyalı Değil,2980000.0,2,1
Turgutlu,120,2,5. Kat,2 Yaşında,Merkezi (Pay Öl...,Yok,Yok,Yok,-,Mülk Sahibi,Kat İrtifakı,Hayır,Eşyalı Değil,4000000.0,2,1
Akhisar,380,2,4. Kat,Sıfır Bina,Kombi,Yok,Yok,Yok,-,Boş,Kat Mülkiyeti,Hayır,Eşyalı Değil,6200000.0,5,1
Yunusemre,114,2,2. Kat,Sıfır Bina,Kombi,Var,Var,Yok,Sıfır,Boş,Kat İrtifakı,Hayır,Eşyalı Değil,4750000.0,2,1
Yunusemre,75,1,Kot 2,5 Yaşında,Kombi,Var,Yok,Var,-,Boş,Kat İrtifakı,Hayır,Eşyalı Değil,3150000.0,2,1
Saruhanli,90,1,Kot 2,9 Yaşında,Kombi,Yok,Var,Yok,İkinci El,Boş,Kat İrtifakı,-,Eşyalı Değil,2870000.0,2,1
Salihli,185,1,3. Kat,20 Yaşında,Kombi,Yok,Var,Var,-,-,Kat Mülkiyeti,Hayır,Eşyalı Değil,4650000.0,3,1
Turgutlu,110,1,1. Kat,Sıfır Bina,Kombi,Var,Var,Var,-,Boş,Kat Mülkiyeti,Hayır,Eşyalı Değil,3350000.0,2,1
Yunusemre,145,2,11. Kat,11 Yaşında,Merkezi (Pay Öl...,Var,Var,Var,-,Boş,Kat İrtifakı,Evet,Eşyalı Değil,6390000.0,3,1
Yunusemre,160,1,Yüksek Giriş,11 Yaşında,Kombi,Var,Var,Var,-,Mülk Sahibi,Kat İrtifakı,Evet,Eşyalı Değil,6750000.0,3,1
Turgutlu,130,2,1. Kat,Sıfır Bina,Kombi,Yok,Var,Var,-,Boş,Kat İrtifakı,Evet,Eşyalı Değil,5350000.0,3,1
Yunusemre,135,-,-,-,-,Yok,Yok,Yok,-,-,-,-,-,4400000.0,3,1
Turgutlu,140,1,4. Kat,16 Yaşında,Kombi,Yok,Yok,Yok,-,Boş,Kat İrtifakı,Hayır,Eşyalı Değil,3200000.0,3,1
Yunusemre,115,1,Zemin,21 Yaşında,Kombi,Yok,Var,Var,İkinci El,Boş,Kat İrtifakı,Evet,Eşyalı Değil,3190000.0,3,1
Akhisar,92,1,4. Kat,1 Yaşında,Kombi,Yok,Var,Yok,-,Kiracılı,Kat Mülkiyeti,Hayır,Eşyalı Değil,2550000.0,2,0
Sehzadeler,90,1,3. Kat,20 Yaşında,Klima,Var,Yok,Yok,İkinci El,Kiracılı,Kat İrtifakı,Evet,Eşyalı Değil,2750000.0,2,1
Yunusemre,90,1,3. Kat,11 Yaşında,Kombi,Yok,Var,Var,-,Boş,Kat İrtifakı,Hayır,Eşyalı Değil,3080000.0,2,1
Yunusemre,80,1,-,25 Yaşında,Soba,Yok,Yok,Yok,İkinci El,Boş,Müstakil Tapulu,Hayır,-,3000000.0,1,1
Sehzadeler,130,1,4. Kat,15 Yaşında,Kombi,Yok,Var,Yok,İkinci El,Kiracılı,Kat İrtifakı,Evet,Eşyalı Değil,3285000.0,3,1
Turgutlu,152,-,Bahçe Katı,31 Yaşında,Soba,Yok,Yok,Yok,-,Boş,Müstakil Tapulu,Evet,Eşyalı Değil,350000.0,3,1
Turgutlu,145,1,1. Kat,1 Yaşında,Kombi,Yok,Var,Var,-,Boş,Kat Mülkiyeti,Hayır,Eşyalı Değil,3300000.0,3,1
Turgutlu,130,1,Zemin,11 Yaşında,Kombi,Yok,Yok,Yok,-,Boş,Kat İrtifakı,Hayır,Eşyalı Değil,3000000.0,3,1
Saruhanli,105,2,Villa Katı,1 Yaşında,Kombi,Var,Var,Var,-,Boş,Hisseli Tapu,Hayır,Eşyalı Değil,4200000.0,2,1
Turgutlu,429,1,Bahçe Katı,16 Yaşında,Isıtma Yok,Yok,Yok,Yok,-,Boş,Kat Mülkiyeti,Evet,Eşyalı Değil,2500000.0,2,1
Soma,130,1,Ara Kat,11 Yaşında,Jeotermal Isıtm...,Var,Yok,Var,-,Mülk Sahibi,Kat Mülkiyeti,Hayır,Eşyalı Değil,3150000.0,3,1
Yunusemre,150,1,-,31 Yaşında,Isıtma Yok,Yok,Yok,Yok,İkinci El,Mülk Sahibi,Kat İrtifakı,Evet,Eşyalı Değil,14500000.0,3,1
Akhisar,103,1,-,33 Yaşında,Soba,Yok,Yok,Yok,İkinci El,Boş,Müstakil Tapulu,Hayır,Eşyalı Değil,1275000.0,1,1
Salihli,110,1,Zemin,25 Yaşında,Kombi,Yok,Var,Yok,İkinci El,Kiracılı,Kat İrtifakı,Hayır,Eşyalı Değil,3000000.0,3,1
Sehzadeler,135,-,-,-,-,Yok,Yok,Yok,-,-,-,-,-,4200000.0,3,1
Sehzadeler,120,1,Bahçe Katı,11 Yaşında,Soba,Yok,Yok,Yok,-,Boş,Müstakil Tapulu,Evet,Eşyalı Değil,985000.0,1,1
Turgutlu,155,1,Zemin,25 Yaşında,Kombi,Yok,Var,Var,-,-,Kat Mülkiyeti,Hayır,-,4600000.0,3,1
Akhisar,90,1,4. Kat,31 Yaşında,Kombi,Yok,Var,Yok,-,Boş,Kat İrtifakı,Hayır,Eşyalı Değil,1350000.0,2,1
Yunusemre,140,1,2. Kat,5 Yaşında,Kombi,Yok,Yok,Yok,-,Mülk Sahibi,Kat İrtifakı,Hayır,Eşyalı Değil,3650000.0,3,1
Saruhanli,260,2,5. Kat,5 Yaşında,Kombi,Var,Yok,Yok,İkinci El,Belirtilmemiş,Kat Mülkiyeti,Evet,Eşyalı Değil,4200000.0,6,2
Turgutlu,130,1,Bahçe Katı,16 Yaşında,Soba,Yok,Var,Var,-,Mülk Sahibi,Müstakil Tapulu,Hayır,Eşyalı Değil,2900000.0,2,1
Yunusemre,96,1,2. Kat,26 Yaşında,Soba,Var,Yok,Var,-,Boş,Kat İrtifakı,Hayır,Eşyalı Değil,3250000.0,2,1
Sehzadeler,140,1,3. Kat,11 Yaşında,Kombi,Var,Var,Yok,-,Boş,Kat Mülkiyeti,Evet,Eşyalı Değil,4650000.0,3,1
Yunusemre,90,1,3. Kat,1 Yaşında,Kombi,Yok,Yok,Var,-,Boş,Kat İrtifakı,Evet,Eşyalı Değil,3600000.0,2,1
Yunusemre,85,1,3. Kat,Sıfır Bina,Kombi,Yok,Yok,Var,Sıfır,Boş,Kat İrtifakı,Evet,Eşyalı Değil,3250000.0,2,1
Turgutlu,300,2,3. Kat,Sıfır Bina,Yerden Isıtma,Var,Var,Var,-,Boş,Kat Mülkiyeti,Evet,Eşyalı Değil,11500000.0,6,1
Salihli,150,3,Bahçe Katı,31 Yaşında,Isıtma Yok,Yok,Yok,Yok,-,Boş,Tapu Yok,Hayır,Eşyalı Değil,3450000.0,7,2
Yunusemre,128,2,2. Kat,1 Yaşında,Kombi,Yok,Var,Yok,-,Boş,Kat Mülkiyeti,Hayır,Eşyalı Değil,13400000.0,3,1
Yunusemre,105,1,2. Kat,1 Yaşında,Kombi,Yok,Var,Var,-,Mülk Sahibi,Müstakil Tapulu,Hayır,Eşyalı,3420000.0,2,1
Akhisar,95,1,1. Kat,35 Yaşında,Kombi,Yok,Yok,Yok,İkinci El,Boş,Kat İrtifakı,Hayır,Eşyalı Değil,1600000.0,1,1
Saruhanli,55,1,Yüksek Giriş,Sıfır Bina,Yerden Isıtma,Yok,Yok,Var,-,Kiracılı,Kat İrtifakı,Evet,Eşyalı,2650000.0,1,1
Sehzadeler,250,3,-,Sıfır Bina,Belirtilmemiş,Yok,Yok,Var,Sıfır,Boş,Kat İrtifakı,Evet,Eşyalı Değil,29980000.0,5,1
Yunusemre,100,1,2. Kat,Sıfır Bina,Kombi,Var,Yok,Var,-,Boş,Kat Mülkiyeti,Evet,Eşyalı Değil,5500000.0,2,1
Turgutlu,85,1,Giriş Katı,6 Yaşında,Kombi,Yok,Yok,Yok,-,Mülk Sahibi,Kat Mülkiyeti,Hayır,Eşyalı Değil,1650000.0,2,1
Turgutlu,95,1,1. Kat,21 Yaşında,Kombi,Yok,Yok,Yok,-,Mülk Sahibi,Kat Mülkiyeti,Hayır,Eşyalı Değil,2050000.0,2,1
Yunusemre,200,2,5. Kat,3 Yaşında,Yerden Isıtma,Yok,Yok,Var,-,Kiracılı,Kat Mülkiyeti,Evet,Eşyalı Değil,12495000.0,3,1
Yunusemre,60,1,1. Kat,1 Yaşında,Kombi,Yok,Var,Yok,-,Boş,Kat İrtifakı,Hayır,Eşyalı Değil,2650000.0,1,1
Akhisar,85,1,2. Kat,Sıfır Bina,Kombi,Yok,Var,Var,Sıfır,Boş,Kat İrtifakı,-,Eşyalı Değil,2900000.0,2,1
Yunusemre,350,2,Bahçe Katı,21 Yaşında,Kombi,Yok,Yok,Var,-,Boş,Kat İrtifakı,Evet,Eşyalı Değil,12000000.0,5,1
Yunusemre,85,1,Yüksek Giriş,21 Yaşında,Kombi,Yok,Var,Yok,-,Boş,Müstakil Tapulu,Hayır,Eşyalı Değil,2650000.0,2,1
Akhisar,100,1,3. Kat,6 Yaşında,Kombi,Yok,Yok,Yok,-,Boş,Kat İrtifakı,Hayır,Eşyalı Değil,2750000.0,2,1
Soma,90,1,3. Kat,27 Yaşında,Jeotermal Isıtm...,Yok,Yok,Yok,İkinci El,Mülk Sahibi,Kat İrtifakı,Evet,-,1550000.0,2,1
Yunusemre,54,-,Yüksek Giriş,Sıfır Bina,Isı Pompası,Yok,Var,Var,Sıfır,Boş,Müstakil Tapulu,Evet,Eşyalı Değil,2500000.0,1,0
Sehzadeler,120,1,Yüksek Giriş,26 Yaşında,Kombi,Yok,Var,Yok,-,Boş,Kat Mülkiyeti,Evet,Eşyalı Değil,3950000.0,3,1
Salihli,115,1,4. Kat,Sıfır Bina,Kombi,Var,Yok,Var,-,Boş,Kat Mülkiyeti,Hayır,Eşyalı Değil,3475000.0,2,1
Turgutlu,125,1,1. Kat,Sıfır Bina,Kombi,Var,Yok,Var,-,Boş,Kat İrtifakı,Hayır,Eşyalı Değil,3500000.0,2,1
Salihli,145,1,4. Kat,1 Yaşında,Kombi,Var,Var,Yok,-,Boş,Kat Mülkiyeti,Evet,Eşyalı Değil,6500000.0,3,1
Salihli,115,1,-,30 Yaşında,Soba,Yok,Yok,Yok,İkinci El,Boş,Arsa,Evet,Eşyalı Değil,820000.0,2,1
Turgutlu,150,2,4. Kat,Sıfır Bina,Kombi,Var,Var,Var,-,Boş,Kat Mülkiyeti,Evet,Eşyalı Değil,3749000.0,3,1
Turgutlu,130,1,Zemin,1 Yaşında,Kombi,Yok,Var,Var,-,Kiracılı,Kat Mülkiyeti,Hayır,Eşyalı Değil,2250000.0,3,1
Turgutlu,100,-,Bahçe Katı,21 Yaşında,Soba,Yok,Yok,Yok,-,Boş,Kat İrtifakı,Hayır,-,550000.0,2,1
Salihli,100,1,3. Kat,21 Yaşında,Kombi,Var,Yok,Yok,-,Mülk Sahibi,Kat İrtifakı,Hayır,Eşyalı Değil,1550000.0,2,1
Sehzadeler,115,-,3. Kat,25 Yaşında,Kombi,Yok,Var,Yok,İkinci El,Boş,Kat İrtifakı,Evet,Eşyalı Değil,3485000.0,3,1
Soma,68,1,-,15 Yaşında,Soba,Yok,Yok,Var,-,Boş,Müstakil Tapulu,Evet,-,2250000.0,1,1
Akhisar,115,2,3. Kat,Sıfır Bina,Kombi,Yok,Var,Var,-,Boş,Kat Mülkiyeti,Evet,Eşyalı Değil,3400000.0,2,1
Turgutlu,95,1,4. Kat,5 Yaşında,Kombi,Yok,Var,Yok,-,Mülk Sahibi,Kat Mülkiyeti,Hayır,Eşyalı Değil,2600000.0,2,1
Yunusemre,125,1,4. Kat,21 Yaşında,Kombi,Yok,Var,Var,İkinci El,Boş,Kat İrtifakı,Evet,Eşyalı Değil,4275000.0,3,1
Akhisar,130,1,4. Kat,26 Yaşında,Kombi,Var,Yok,Yok,-,Boş,Kat İrtifakı,Hayır,Eşyalı Değil,2225000.0,3,1
Akhisar,105,1,Giriş Katı,18 Yaşında,Merkezi,Yok,Yok,Yok,İkinci El,Mülk Sahibi,Kat Mülkiyeti,Evet,Eşyalı Değil,2350000.0,2,1
Yunusemre,100,1,Yüksek Giriş,26 Yaşında,Kombi,Yok,Var,Var,-,Mülk Sahibi,Kat Mülkiyeti,Evet,Eşyalı Değil,3150000.0,2,1
Yunusemre,92,1,4. Kat,2 Yaşında,Kombi,Var,Var,Yok,İkinci El,Mülk Sahibi,Kat İrtifakı,Hayır,Eşyalı Değil,5000000.0,2,1
Yunusemre,100,1,Yüksek Giriş,21 Yaşında,Kombi,Yok,Var,Var,-,Boş,Müstakil Tapulu,Hayır,Eşyalı Değil,2850000.0,2,1
Akhisar,130,1,3. Kat,1 Yaşında,Kombi,Yok,Var,Var,-,Mülk Sahibi,Kat İrtifakı,Evet,Eşyalı Değil,3200000.0,3,1
Akhisar,135,1,3. Kat,Sıfır Bina,Kombi,Yok,Var,Var,-,Boş,Kat Mülkiyeti,Evet,-,3150000.0,3,1
Turgutlu,295,1,Ara Kat,10 Yaşında,Kombi,Yok,Var,Var,İkinci El,Mülk Sahibi,Kat Mülkiyeti,Evet,Eşyalı Değil,4600000.0,3,1
Alasehir,100,1,-,35 Yaşında,Soba,Yok,Yok,Yok,İkinci El,Mülk Sahibi,Müstakil Tapulu,Hayır,Eşyalı Değil,1200000.0,2,1
Kirkagac,140,2,5. Kat,10 Yaşında,Kombi,Yok,Var,Var,-,-,Kat İrtifakı,Hayır,Eşyalı Değil,3800000.0,3,1
Akhisar,140,1,4. Kat,21 Yaşında,Kombi,Var,Var,Var,-,Boş,Kat İrtifakı,Hayır,Eşyalı Değil,2750000.0,3,1
Akhisar,181,1,Bahçe Katı,26 Yaşında,Soba,Yok,Yok,Yok,-,Boş,Müstakil Tapulu,Hayır,Eşyalı Değil,1900000.0,2,1
Sehzadeler,110,1,3. Kat,21 Yaşında,Kombi,Yok,Var,Var,İkinci El,Boş,Kat İrtifakı,Hayır,Eşyalı Değil,3250000.0,2,1
Sehzadeler,120,1,6. Kat,26 Yaşında,Kombi,Yok,Var,Var,-,Mülk Sahibi,Kat İrtifakı,Hayır,Eşyalı Değil,4200000.0,3,1
Turgutlu,130,1,En Üst Kat,22 Yaşında,Kombi,Yok,Yok,Yok,İkinci El,Boş,Kat Mülkiyeti,-,Eşyalı Değil,3100000.0,3,1
Turgutlu,140,1,3. Kat,1 Yaşında,Kombi,Var,Yok,Yok,-,Mülk Sahibi,Kat Mülkiyeti,Evet,Eşyalı Değil,2990000.0,3,1
Soma,105,1,2. Kat,Sıfır Bina,Merkezi,Var,Var,Var,-,Boş,Kat İrtifakı,Evet,Eşyalı Değil,2750000.0,2,1
Salihli,530,1,-,25 Yaşında,Soba,Yok,Yok,Yok,-,-,Müstakil Tapulu,-,-,2350000.0,2,1
Akhisar,150,2,3. Kat,Sıfır Bina,Kombi,Var,Var,Var,-,Boş,Kat İrtifakı,Hayır,Eşyalı Değil,5200000.0,3,1
Turgutlu,135,1,1. Kat,Sıfır Bina,Kombi,Yok,Var,Var,-,Boş,Kat İrtifakı,Hayır,Eşyalı Değil,3650000.0,3,1
Salihli,130,1,2. Kat,11 Yaşında,Kombi,Var,Var,Var,İkinci El,Mülk Sahibi,Kat İrtifakı,Hayır,Eşyalı Değil,6250000.0,3,1
Yunusemre,110,1,4. Kat,Sıfır Bina,Kombi,Yok,Var,Var,-,Boş,Kat İrtifakı,Evet,Eşyalı Değil,4100000.0,2,1
Sehzadeler,130,1,2. Kat,11 Yaşında,Klima,Var,Var,Yok,İkinci El,Mülk Sahibi,Kat İrtifakı,Evet,Eşyalı Değil,4750000.0,3,1
Sehzadeler,130,1,5. Kat,26 Yaşında,Kombi,Var,Var,Yok,-,Mülk Sahibi,Kat Mülkiyeti,Hayır,Eşyalı Değil,3125000.0,3,1
Akhisar,170,1,3. Kat,Sıfır Bina,Yerden Isıtma,Yok,Yok,Var,Sıfır,Boş,Kat İrtifakı,-,Eşyalı Değil,4100000.0,3,1
Yunusemre,135,-,-,-,-,Var,Yok,Yok,-,-,-,-,-,4100000.0,3,1
Yunusemre,95,1,2. Kat,Sıfır Bina,Kombi,Yok,Yok,Yok,-,Boş,Kat İrtifakı,Evet,Eşyalı Değil,3900000.0,2,1
Akhisar,350,3,Bahçe Katı,11 Yaşında,Kat Kaloriferi,Yok,Yok,Yok,-,Boş,Müstakil Tapulu,Hayır,Eşyalı Değil,9500000.0,6,1
Salihli,200,1,-,Sıfır Bina,Merkezi,Yok,Yok,Yok,Sıfır,Boş,Kat Mülkiyeti,-,Eşyalı Değil,5300000.0,3,1
Yunusemre,105,1,5. Kat,4 Yaşında,Kombi,Yok,Yok,Yok,-,Boş,Kat İrtifakı,Evet,Eşyalı Değil,3250000.0,2,1
Yunusemre,120,1,3. Kat,Sıfır Bina,Kombi,Yok,Var,Yok,-,Boş,Kat İrtifakı,Hayır,Eşyalı Değil,5250000.0,3,1
Yunusemre,160,1,Yüksek Giriş,5 Yaşında,Kombi,Yok,Var,Yok,-,Boş,Kat İrtifakı,Hayır,Eşyalı Değil,4250000.0,3,1
Yunusemre,130,1,3. Kat,21 Yaşında,Kombi,Yok,Var,Yok,-,Boş,Kat Mülkiyeti,Hayır,Eşyalı Değil,4100000.0,3,1
Akhisar,320,3,3. Kat,Sıfır Bina,Kombi,Yok,Yok,Var,-,Boş,Kat İrtifakı,Evet,Eşyalı Değil,8250000.0,5,1
Yunusemre,240,2,3. Kat,11 Yaşında,Kombi,Yok,Var,Yok,-,Mülk Sahibi,Kat İrtifakı,Evet,Eşyalı Değil,6850000.0,5,1
Sehzadeler,125,1,3. Kat,31 Yaşında,Klima,Yok,Yok,Yok,-,Mülk Sahibi,Kat İrtifakı,Hayır,Eşyalı Değil,5300000.0,3,1
Akhisar,120,1,2. Kat,6 Yaşında,Kombi,Yok,Var,Var,İkinci El,Mülk Sahibi,Kat İrtifakı,Evet,Eşyalı Değil,3850000.0,3,1
Turgutlu,130,1,2. Kat,16 Yaşında,Kombi,Yok,Var,Var,-,Mülk Sahibi,Kat Mülkiyeti,Evet,Eşyalı Değil,3150000.0,3,1
Akhisar,180,2,3. Kat,1 Yaşında,Kombi,Yok,Var,Var,-,Boş,Kat İrtifakı,Evet,Eşyalı,3150000.0,3,1
Turgutlu,140,1,Ara Kat,Sıfır Bina,Yerden Isıtma,Yok,Yok,Yok,-,-,Kat İrtifakı,Evet,-,5250.0,3,1
Akhisar,105,1,2. Kat,Sıfır Bina,Kombi,Yok,Var,Var,Sıfır,Boş,Kat İrtifakı,Hayır,Eşyalı Değil,2850000.0,2,1
Salihli,141,1,-,23 Yaşında,Isıtma Yok,Var,Yok,Yok,-,-,Kat Mülkiyeti,-,-,4900000.0,3,1
Akhisar,135,1,En Üst Kat,20 Yaşında,Kombi,Yok,Yok,Yok,İkinci El,Boş,Kat Mülkiyeti,Hayır,Eşyalı Değil,1850000.0,2,1
Akhisar,125,1,Zemin,30 Yaşında,Soba,Yok,Yok,Yok,İkinci El,Kiracılı,Kat İrtifakı,Hayır,Eşyalı Değil,2500000.0,3,1
Yunusemre,189,1,-,45 Yaşında,Soba,Yok,Yok,Yok,İkinci El,Boş,Arsa,Hayır,Eşyalı Değil,1650000.0,2,1
Akhisar,55,1,1. Kat,Sıfır Bina,Kombi,Yok,Var,Var,-,Boş,Kat İrtifakı,Evet,Eşyalı Değil,2390000.0,1,1
Salihli,50,1,Yüksek Giriş,2 Yaşında,Soba,Yok,Yok,Yok,İkinci El,-,Arsa,Hayır,-,3200000.0,1,1
Turgutlu,110,1,4. Kat,21 Yaşında,Kombi,Var,Yok,Yok,-,Mülk Sahibi,Kat Mülkiyeti,Hayır,Eşyalı Değil,2290000.0,3,1
Saruhanli,100,1,-,35 Yaşında,Soba,Yok,Yok,Yok,İkinci El,Boş,Müstakil Tapulu,Hayır,Eşyalı Değil,1650000.0,2,1
Yunusemre,80,1,Ara Kat,Sıfır Bina,Kombi,Var,Var,Var,Sıfır,Boş,Kat İrtifakı,Evet,Eşyalı Değil,4250000.0,2,1
Akhisar,130,1,3. Kat,7 Yaşında,Kombi,Yok,Var,Var,-,-,Kat İrtifakı,-,-,3180000.0,3,1
Turgutlu,55,1,5. Kat,Sıfır Bina,Merkezi (Pay Öl...,Yok,Yok,Var,-,Boş,Kat İrtifakı,Hayır,Eşyalı Değil,3125000.0,1,1
Turgutlu,120,1,1. Kat,16 Yaşında,Isıtma Yok,Var,Yok,Yok,-,Boş,Kat Mülkiyeti,Hayır,Eşyalı Değil,1950000.0,3,1
Turgutlu,70,1,Bahçe Katı,21 Yaşında,Soba,Yok,Yok,Yok,-,Boş,Arsa,Hayır,Eşyalı Değil,1500000.0,2,0
Sehzadeler,175,2,Bahçe Katı,5 Yaşında,Kat Kaloriferi,Var,Var,Yok,-,Mülk Sahibi,Kat İrtifakı,Evet,Eşyalı Değil,8150000.0,4,1
Salihli,160,1,Giriş Katı,7 Yaşında,Kat Kaloriferi,Var,Var,Var,İkinci El,Boş,Kat İrtifakı,Evet,Eşyalı Değil,4500000.0,3,1
Turgutlu,179,2,8. Kat,5 Yaşında,Kombi,Var,Var,Var,-,Kiracılı,Kat İrtifakı,Hayır,Eşyalı Değil,6500000.0,4,1
Yunusemre,150,2,2. Kat,1 Yaşında,Kombi,Var,Yok,Var,-,Boş,Kat İrtifakı,Hayır,Eşyalı Değil,4350000.0,3,1
Yunusemre,58,1,3. Kat,Sıfır Bina,Kombi,Var,Yok,Var,-,Boş,Kat İrtifakı,Evet,Eşyalı Değil,2900000.0,1,1
Turgutlu,110,2,9. Kat,Sıfır Bina,Merkezi (Pay Öl...,Var,Yok,Yok,-,Mülk Sahibi,Kat İrtifakı,Evet,Eşyalı Değil,3950000.0,2,1
Turgutlu,162,2,1. Kat,Sıfır Bina,Kombi,Yok,Yok,Var,-,Boş,Tapu Yok,Evet,Eşyalı Değil,8000000.0,3,1
Sehzadeler,160,1,Zemin,34 Yaşında,Kombi,Yok,Var,Yok,İkinci El,Boş,Kat İrtifakı,Evet,Eşyalı Değil,3875000.0,3,1
Turgutlu,153,1,Ara Kat,Sıfır Bina,Yerden Isıtma,Yok,Var,Var,Sıfır,Boş,Kat Mülkiyeti,Evet,-,5250000.0,3,1
Sehzadeler,130,2,2. Kat,26 Yaşında,Kombi,Var,Var,Var,İkinci El,Boş,Kat Mülkiyeti,Hayır,Eşyalı Değil,3500000.0,3,0
Yunusemre,100,1,Yüksek Giriş,6 Yaşında,Kombi,Var,Yok,Yok,-,Kiracılı,Kat İrtifakı,Hayır,Eşyalı Değil,2685000.0,2,1
Yunusemre,125,1,2. Kat,8 Yaşında,Kombi,Var,Var,Var,İkinci El,-,Kat İrtifakı,Hayır,Eşyalı Değil,4100000.0,3,1
Turgutlu,130,1,5. Kat,1 Yaşında,Kombi,Yok,Var,Var,-,Boş,Kat Mülkiyeti,Hayır,Eşyalı Değil,3450000.0,3,1
Salihli,117,1,1. Kat,25 Yaşında,Kombi,Yok,Var,Yok,İkinci El,Kiracılı,Kat Mülkiyeti,Hayır,Eşyalı Değil,3300000.0,3,1
Yunusemre,110,1,2. Kat,5 Yaşında,Kombi,Yok,Var,Yok,İkinci El,Boş,Kat İrtifakı,Evet,Eşyalı Değil,6575000.0,2,1
Yunusemre,95,1,4. Kat,5 Yaşında,Kombi,Yok,Var,Yok,-,Mülk Sahibi,Kat İrtifakı,Hayır,Eşyalı Değil,3400000.0,2,1
Yunusemre,60,1,-,1 Yaşında,Klima,Yok,Yok,Yok,İkinci El,Mülk Sahibi,Kat İrtifakı,Evet,Eşyalı Değil,2500000.0,2,1
Turgutlu,95,1,4. Kat,30 Yaşında,Klima,Yok,Yok,Yok,-,-,Kat Mülkiyeti,-,-,1950000.0,2,1
Turgutlu,135,-,-,-,-,Yok,Yok,Yok,-,-,-,-,-,2550000.0,3,1
Akhisar,118,1,4. Kat,21 Yaşında,Kombi,Var,Yok,Yok,-,Boş,Kat Mülkiyeti,Hayır,Eşyalı Değil,1875000.0,3,1
Turgutlu,115,1,Zemin,11 Yaşında,Kombi,Yok,Yok,Yok,-,Mülk Sahibi,Kat Mülkiyeti,Hayır,Eşyalı Değil,2380000.0,3,1
Saruhanli,75,1,3. Kat,1 Yaşında,Kombi,Yok,Yok,Var,-,Boş,Kat İrtifakı,Evet,Eşyalı Değil,3050000.0,2,1
Salihli,150,1,4. Kat,15 Yaşında,Kombi,Yok,Yok,Yok,İkinci El,Boş,Kat Mülkiyeti,Hayır,Eşyalı Değil,4250000.0,3,1
Yunusemre,95,1,2. Kat,1 Yaşında,Kombi,Var,Var,Var,-,Boş,Kat İrtifakı,Evet,Eşyalı Değil,5475000.0,2,1
Turgutlu,110,1,2. Kat,Sıfır Bina,Kombi,Var,Var,Var,-,Boş,Kat İrtifakı,Hayır,Eşyalı Değil,3800000.0,2,1
Turgutlu,140,2,1. Kat,1 Yaşında,Yerden Isıtma,Yok,Var,Var,-,Boş,Kat Mülkiyeti,Hayır,Eşyalı Değil,5350000.0,3,1
Akhisar,135,1,3. Kat,Sıfır Bina,Kombi,Yok,Var,Var,Sıfır,Boş,Kat Mülkiyeti,Evet,Eşyalı Değil,3100000.0,3,1
Salihli,190,2,3. Kat,Sıfır Bina,Kombi,Var,Var,Var,-,Mülk Sahibi,Kat Mülkiyeti,Evet,Eşyalı Değil,7750000.0,3,1
Turgutlu,142,1,1. Kat,26 Yaşında,Soba,Yok,Yok,Yok,-,Boş,Müstakil Tapulu,Evet,Eşyalı Değil,2250000.0,2,1
Akhisar,135,1,3. Kat,28 Yaşında,Kombi,Var,Yok,Var,İkinci El,Mülk Sahibi,Müstakil Tapulu,Evet,Eşyalı Değil,2850000.0,3,1
Sehzadeler,130,1,Yüksek Giriş,18 Yaşında,Kombi,Yok,Yok,Var,İkinci El,Boş,Kat İrtifakı,Hayır,Eşyalı Değil,3950000.0,3,1
Koprubasi,130,1,En Üst Kat,7 Yaşında,Soba,Yok,Yok,Yok,İkinci El,Mülk Sahibi,Kat İrtifakı,Hayır,Eşyalı Değil,2200000.0,3,1
Turgutlu,380,3,Bahçe Katı,5 Yaşında,Isıtma Yok,Var,Var,Yok,-,Mülk Sahibi,Kat İrtifakı,Hayır,Eşyalı Değil,12500000.0,3,1
Akhisar,85,2,1. Kat,Sıfır Bina,Yerden Isıtma,Yok,Var,Var,Sıfır,Boş,Kat Mülkiyeti,Evet,Eşyalı Değil,3100000.0,2,1
Salihli,95,1,3. Kat,4 Yaşında,Kombi,Yok,Var,Var,-,Kiracılı,Kat Mülkiyeti,Hayır,Eşyalı Değil,3425000.0,2,1
Turgutlu,185,2,4. Kat,Sıfır Bina,Kombi,Yok,Var,Yok,-,Boş,Tapu Yok,Evet,Eşyalı Değil,4390000.0,3,1
Salihli,140,1,2. Kat,25 Yaşında,Kombi,Yok,Var,Yok,İkinci El,Boş,Kat İrtifakı,Hayır,Eşyalı Değil,3400000.0,3,2
Akhisar,130,1,Zemin,26 Yaşında,Soba,Yok,Yok,Yok,-,Boş,Kat İrtifakı,Hayır,Eşyalı Değil,1750000.0,3,1
Akhisar,67,1,-,24 Yaşında,Klima,Yok,Yok,Yok,İkinci El,Boş,Müstakil Tapulu,Hayır,Eşyalı Değil,1550000.0,2,1
Yunusemre,95,2,Yüksek Giriş,Sıfır Bina,Kombi,Yok,Var,Yok,Sıfır,Boş,Müstakil Tapulu,Evet,Eşyalı Değil,2950000.0,2,0
Sehzadeler,130,1,Kot 2,25 Yaşında,Kombi,Yok,Yok,Yok,İkinci El,Boş,Kat İrtifakı,Hayır,Eşyalı Değil,4800000.0,3,1
Sehzadeler,100,1,1. Kat,5 Yaşında,Kombi,Yok,Yok,Yok,-,Boş,Kat Mülkiyeti,Hayır,Eşyalı Değil,2450000.0,2,1
Turgutlu,114,1,4. Kat,6 Yaşında,Kombi,Yok,Var,Yok,İkinci El,-,Kat Mülkiyeti,-,Eşyalı Değil,3850000.0,3,1
Yunusemre,280,4,-,2 Yaşında,Yerden Isıtma,Yok,Yok,Yok,İkinci El,-,Kat Mülkiyeti,Evet,-,22000000.0,5,1
Akhisar,145,2,4. Kat,1 Yaşında,Kombi,Var,Var,Var,-,Boş,Kat Mülkiyeti,Hayır,Eşyalı Değil,4350000.0,3,1
Salihli,135,-,-,-,-,Yok,Yok,Yok,-,-,-,-,-,2045000.0,3,1
Sehzadeler,135,-,-,-,-,Yok,Yok,Yok,-,-,-,-,-,4300000.0,3,1
Saruhanli,140,1,4. Kat,1 Yaşında,Kombi,Var,Var,Yok,-,Boş,Kat Mülkiyeti,Evet,Eşyalı,3600000.0,3,1
Salihli,190,2,3. Kat,8 Yaşında,Kombi,Var,Var,Var,-,-,Kat Mülkiyeti,-,-,7750000.0,3,1
Sehzadeler,55,1,Zemin,25 Yaşında,Kombi,Yok,Yok,Yok,İkinci El,Kiracılı,Kat İrtifakı,Evet,Eşyalı Değil,2750000.0,1,1
Yunusemre,55,1,2. Kat,1 Yaşında,Kombi,Yok,Yok,Yok,-,Boş,Kat İrtifakı,Evet,Eşyalı Değil,2950000.0,1,1
Salihli,200,1,3. Kat,5 Yaşında,Kombi,Yok,Var,Var,İkinci El,Mülk Sahibi,Kat Mülkiyeti,Evet,Eşyalı Değil,5900000.0,3,1
Yunusemre,120,1,5. Kat,26 Yaşında,Kombi,Yok,Var,Var,-,Mülk Sahibi,Kat İrtifakı,Hayır,Eşyalı Değil,5100000.0,3,1
Sehzadeler,130,1,3. Kat,20 Yaşında,Kombi,Var,Var,Var,-,-,Kat İrtifakı,Hayır,Eşyalı Değil,3950000.0,3,1
Sarigol,300,1,-,26 Yaşında,Soba,Yok,Yok,Yok,-,Mülk Sahibi,Hisseli Tapu,Hayır,Eşyalı Değil,340000.0,2,1
Turgutlu,100,1,4. Kat,7 Yaşında,Kombi,Var,Yok,Yok,İkinci El,Mülk Sahibi,Kat Mülkiyeti,Hayır,Eşyalı Değil,3500000.0,2,1
Yunusemre,95,1,Yüksek Giriş,3 Yaşında,Kombi,Yok,Yok,Var,-,Boş,Kat İrtifakı,Evet,Eşyalı Değil,2850000.0,2,1
Sehzadeler,105,1,Ara Kat,25 Yaşında,Kombi,Var,Var,Yok,İkinci El,Boş,Kat Mülkiyeti,Evet,Eşyalı Değil,3590000.0,3,1
Yunusemre,135,-,-,-,-,Yok,Yok,Yok,-,-,-,-,-,4500000.0,3,1
Turgutlu,95,1,4. Kat,Sıfır Bina,Kombi,Yok,Var,Var,-,Boş,Kat İrtifakı,Evet,-,3150000.0,2,1
Turgutlu,152,2,4. Kat,1 Yaşında,Merkezi (Pay Öl...,Var,Var,Var,-,Boş,Kat İrtifakı,Hayır,Eşyalı Değil,4650000.0,3,1
Salihli,210,2,4. Kat,6 Yaşında,Kombi,Yok,Yok,Var,İkinci El,Boş,Kat Mülkiyeti,Hayır,Eşyalı Değil,4400000.0,4,1
Turgutlu,127,1,4. Kat,1 Yaşında,Kombi,Var,Var,Var,-,Boş,Kat Mülkiyeti,Hayır,Eşyalı Değil,4500000.0,3,1
Turgutlu,155,2,5. Kat,15 Yaşında,Kombi,Var,Var,Var,İkinci El,Boş,Kat Mülkiyeti,Hayır,Eşyalı Değil,4500000.0,3,1
Akhisar,200,2,En Üst Kat,Sıfır Bina,Kombi,Var,Var,Var,Sıfır,Boş,Kat İrtifakı,-,Eşyalı Değil,3850000.0,4,1
Yunusemre,110,1,Yüksek Giriş,Sıfır Bina,Kombi,Yok,Yok,Yok,Sıfır,-,Müstakil Tapulu,Evet,Eşyalı Değil,3500000.0,3,0
Akhisar,105,1,Ara Kat,7 Yaşında,Kombi,Yok,Yok,Var,İkinci El,Kiracılı,Kat İrtifakı,Evet,Eşyalı Değil,4750000.0,2,1
Sehzadeler,130,1,Yüksek Giriş,30 Yaşında,Kombi,Yok,Var,Var,İkinci El,Boş,Kat Mülkiyeti,Evet,Eşyalı Değil,4450000.0,3,1
Yunusemre,135,1,5. Kat,13 Yaşında,Kombi,Var,Var,Var,İkinci El,Boş,Kat İrtifakı,Hayır,Eşyalı Değil,6875000.0,3,1
Yunusemre,130,1,1. Kat,7 Yaşında,Kombi,Var,Var,Var,İkinci El,Boş,Kat İrtifakı,Evet,Eşyalı Değil,3950000.0,3,1
Yunusemre,245,1,3. Kat,3 Yaşında,Kombi,Var,Var,Var,-,Mülk Sahibi,Kat Mülkiyeti,Hayır,Eşyalı Değil,5250000.0,4,1
Akhisar,90,1,En Üst Kat,27 Yaşında,Soba,Yok,Yok,Yok,-,-,Müstakil Tapulu,Evet,-,1685000.0,2,1
Turgutlu,135,-,-,-,-,Yok,Yok,Yok,-,-,-,-,-,2900000.0,3,1
Yunusemre,100,1,1. Kat,4 Yaşında,Kombi,Var,Var,Var,-,Mülk Sahibi,Kat İrtifakı,Hayır,-,3300000.0,2,1
Turgutlu,110,1,1. Kat,1 Yaşında,Kombi,Yok,Var,Var,-,Boş,Kat İrtifakı,Evet,Eşyalı Değil,3500000.0,2,1
Salihli,110,1,2. Kat,Sıfır Bina,Yerden Isıtma,Var,Var,Yok,-,Boş,Kat İrtifakı,Evet,Eşyalı Değil,3800000.0,2,1
Salihli,120,1,3. Kat,1 Yaşında,Kombi,Var,Var,Var,-,Boş,Kat Mülkiyeti,Hayır,Eşyalı Değil,3425000.0,3,1
Akhisar,125,1,3. Kat,2 Yaşında,Kombi,Yok,Var,Yok,Sıfır,Boş,Kat İrtifakı,Hayır,Eşyalı Değil,3850000.0,3,1
Akhisar,130,1,1. Kat,1 Yaşında,Kombi,Yok,Var,Var,İkinci El,Mülk Sahibi,Kat İrtifakı,Evet,Eşyalı Değil,3500000.0,3,1
Salihli,120,1,-,15 Yaşında,Soba,Yok,Var,Var,İkinci El,Mülk Sahibi,Kat İrtifakı,Hayır,Eşyalı Değil,7000000.0,3,1
Salihli,135,1,4. Kat,Sıfır Bina,Isıtma Yok,Var,Var,Var,Sıfır,Boş,Kat İrtifakı,Hayır,Eşyalı Değil,5700000.0,3,1
Yunusemre,140,2,2. Kat,5 Yaşında,Kombi,Yok,Var,Yok,İkinci El,-,Müstakil Tapulu,Evet,-,4600000.0,3,1
Alasehir,58,1,2. Kat,4 Yaşında,Klima,Var,Yok,Yok,-,Boş,Kat Mülkiyeti,Hayır,Eşyalı,2100000.0,1,1
Turgutlu,135,1,4. Kat,16 Yaşında,Kombi,Yok,Yok,Yok,-,Kiracılı,Müstakil Tapulu,Hayır,Eşyalı Değil,3750000.0,3,1
Akhisar,140,2,3. Kat,Sıfır Bina,Kombi,Yok,Yok,Var,-,Boş,Kat Mülkiyeti,Evet,Eşyalı Değil,4550000.0,3,1
Akhisar,132,2,1. Kat,Sıfır Bina,Kombi,Yok,Yok,Var,-,Boş,Kat İrtifakı,Hayır,Eşyalı Değil,4100000.0,3,1
Turgutlu,150,2,2. Kat,Sıfır Bina,Yerden Isıtma,Var,Var,Var,-,Boş,Kat Mülkiyeti,Evet,Eşyalı Değil,6000000.0,3,1
Akhisar,95,1,4. Kat,Sıfır Bina,Kombi,Yok,Var,Var,Sıfır,Boş,Kat İrtifakı,Hayır,Eşyalı Değil,2950000.0,2,1
Turgutlu,100,1,3. Kat,Sıfır Bina,Yerden Isıtma,Var,Var,Var,-,Boş,Kat Mülkiyeti,Evet,Eşyalı Değil,3490000.0,2,1
Yunusemre,130,1,3. Kat,21 Yaşında,Kombi,Yok,Var,Var,İkinci El,Boş,Kat İrtifakı,Evet,Eşyalı Değil,4150000.0,3,1
Turgutlu,180,2,3. Kat,15 Yaşında,Kombi,Var,Var,Var,İkinci El,Boş,Kat Mülkiyeti,Hayır,Eşyalı,4750000.0,3,1
Sehzadeler,115,1,3. Kat,26 Yaşında,Kombi,Yok,Var,Yok,-,Boş,Kat İrtifakı,Evet,Eşyalı Değil,3875000.0,3,1
Turgutlu,200,1,1. Kat,21 Yaşında,Kombi,Var,Yok,Yok,-,Mülk Sahibi,Kat İrtifakı,Hayır,Eşyalı Değil,5400000.0,4,1
Sehzadeler,127,1,6. Kat,15 Yaşında,Kombi,Var,Var,Var,İkinci El,Mülk Sahibi,Kat Mülkiyeti,Evet,Eşyalı Değil,5450000.0,3,1
Soma,135,1,Yüksek Giriş,11 Yaşında,Jeotermal Isıtm...,Var,Yok,Var,-,-,Kat Mülkiyeti,Evet,Eşyalı Değil,3875000.0,3,1
Yunusemre,85,1,2. Kat,1 Yaşında,Yerden Isıtma,Yok,Var,Var,-,Boş,Kat İrtifakı,Hayır,Eşyalı Değil,3900000.0,2,1
Turgutlu,125,1,4. Kat,6 Yaşında,Kombi,Var,Yok,Var,-,Kiracılı,Kat Mülkiyeti,Evet,Eşyalı Değil,3500000.0,3,1
Yunusemre,80,1,Bahçe Katı,3 Yaşında,Kombi,Yok,Yok,Yok,-,Mülk Sahibi,Kat İrtifakı,Hayır,Eşyalı Değil,5750000.0,2,1
Salihli,135,2,5. Kat,Sıfır Bina,Yerden Isıtma,Yok,Var,Var,Sıfır,Boş,Kat İrtifakı,-,Eşyalı Değil,4150000.0,3,1
Akhisar,105,1,2. Kat,5 Yaşında,Kombi,Yok,Var,Yok,-,Kiracılı,Kat İrtifakı,Hayır,Eşyalı,3900000.0,2,1
Turgutlu,135,1,2. Kat,6 Yaşında,Kombi,Yok,Yok,Yok,-,Boş,Kat Mülkiyeti,Evet,Eşyalı Değil,4600000.0,3,1
Turgutlu,115,1,3. Kat,16 Yaşında,Kombi,Var,Var,Var,-,Mülk Sahibi,Kat Mülkiyeti,Hayır,Eşyalı Değil,3950000.0,2,1
Turgutlu,102,2,5. Kat,Sıfır Bina,Yerden Isıtma,Yok,Var,Var,Sıfır,Boş,Kat İrtifakı,Evet,Eşyalı Değil,4100000.0,2,1
Salihli,175,1,2. Kat,12 Yaşında,Kombi,Yok,Var,Yok,İkinci El,Mülk Sahibi,Kat İrtifakı,Hayır,Eşyalı Değil,6500000.0,3,1
Yunusemre,95,1,Yüksek Giriş,4 Yaşında,Kombi,Var,Yok,Yok,-,Mülk Sahibi,Kat İrtifakı,Evet,Eşyalı Değil,3700000.0,2,1
Salihli,160,2,Kot 2,5 Yaşında,Kombi,Yok,Yok,Var,-,Mülk Sahibi,Kat İrtifakı,Evet,Eşyalı Değil,5500000.0,3,1
Turgutlu,200,2,4. Kat,Sıfır Bina,Kombi,Yok,Yok,Var,-,Boş,Kat Mülkiyeti,Hayır,Eşyalı Değil,4440000.0,4,1
Turgutlu,134,2,Ara Kat,Sıfır Bina,Kombi,Yok,Var,Var,-,-,Kat Mülkiyeti,Hayır,Eşyalı Değil,5600000.0,3,1
Sehzadeler,125,1,Ara Kat,25 Yaşında,Kombi,Var,Var,Yok,İkinci El,Mülk Sahibi,Kat Mülkiyeti,Hayır,Eşyalı Değil,4700000.0,3,1
Yunusemre,95,1,2. Kat,1 Yaşında,Yerden Isıtma,Var,Var,Yok,-,Boş,Kat İrtifakı,Evet,Eşyalı Değil,3500000.0,2,1
Yunusemre,280,3,5. Kat,1 Yaşında,Kombi,Var,Var,Var,-,Boş,Kat İrtifakı,Evet,Eşyalı Değil,5250000.0,5,1
Turgutlu,130,1,2. Kat,Sıfır Bina,Kombi,Var,Var,Var,-,Boş,Kat İrtifakı,Hayır,Eşyalı Değil,4750000.0,3,1
Turgutlu,130,1,4. Kat,6 Yaşında,Kombi,Yok,Yok,Var,-,Kiracılı,Kat Mülkiyeti,Hayır,Eşyalı Değil,3490000.0,3,1
Turgutlu,155,2,4. Kat,11 Yaşında,Kombi,Var,Var,Var,-,Boş,Kat Mülkiyeti,Evet,Eşyalı Değil,4500000.0,3,1
Yunusemre,250,3,4. Kat,4 Yaşında,Kombi,Yok,Yok,Yok,-,Mülk Sahibi,Kat İrtifakı,Evet,Eşyalı Değil,5000000.0,5,1
Yunusemre,130,1,3. Kat,21 Yaşında,Kombi,Yok,Var,Var,-,Boş,Kat İrtifakı,Hayır,Eşyalı Değil,4500000.0,3,1
Yunusemre,95,1,Yüksek Giriş,11 Yaşında,Kombi,Yok,Var,Var,-,Mülk Sahibi,Kat Mülkiyeti,Evet,Eşyalı Değil,4250000.0,2,1
Sehzadeler,60,1,Zemin,25 Yaşında,Doğalgaz Sobası,Yok,Yok,Yok,İkinci El,Boş,Kat İrtifakı,Evet,Eşyalı Değil,2550000.0,1,1
Yunusemre,85,1,Yüksek Giriş,1 Yaşında,Kombi,Yok,Var,Var,-,Boş,Kat Mülkiyeti,Evet,Eşyalı Değil,3050000.0,2,1
Turgutlu,75,1,Bahçe Katı,4 Yaşında,Klima,Yok,Yok,Yok,-,Boş,Kooperatiften H...,Hayır,Eşyalı,2500000.0,2,1
Yunusemre,120,1,Ara Kat,25 Yaşında,Kombi,Var,Var,Yok,İkinci El,Boş,Kat Mülkiyeti,Evet,Eşyalı Değil,4350000.0,3,1
Yunusemre,85,1,Yüksek Giriş,1 Yaşında,Kombi,Yok,Var,Yok,-,Boş,Kat İrtifakı,Hayır,Eşyalı Değil,2900000.0,2,1
Yunusemre,135,1,3. Kat,1 Yaşında,Kombi,Var,Var,Var,-,Mülk Sahibi,Kat İrtifakı,Hayır,Eşyalı Değil,4250000.0,3,1
Yunusemre,180,2,2. Kat,1 Yaşında,Kombi,Yok,Var,Yok,-,Mülk Sahibi,Kat İrtifakı,Hayır,Eşyalı Değil,6700000.0,4,1
Yunusemre,50,1,2. Kat,7 Yaşında,Kombi,Yok,Yok,Var,İkinci El,Boş,Kat İrtifakı,-,Eşyalı,2650000.0,1,1
Yunusemre,90,1,2. Kat,1 Yaşında,Kombi,Yok,Yok,Var,-,Boş,Kat İrtifakı,Hayır,Eşyalı Değil,3900000.0,2,1
Yunusemre,135,-,-,-,-,Yok,Yok,Yok,-,-,-,-,-,4650000.0,3,1
Yunusemre,280,2,4. Kat,22 Yaşında,Kombi,Var,Var,Var,İkinci El,Mülk Sahibi,Kat İrtifakı,Evet,Eşyalı Değil,6000000.0,4,1
Akhisar,92,1,4. Kat,1 Yaşında,Kombi,Yok,Var,Yok,-,Kiracılı,Kat Mülkiyeti,Hayır,Eşyalı Değil,2550000.0,2,0
Sehzadeler,80,1,2. Kat,21 Yaşında,Kombi,Yok,Var,Var,-,Boş,Kat İrtifakı,Evet,Eşyalı Değil,2950000.0,2,1
Akhisar,90,2,2. Kat,1 Yaşında,Kombi,Yok,Var,Var,-,Boş,Kat Mülkiyeti,Evet,Eşyalı Değil,3600000.0,2,1
Akhisar,225,2,-,Sıfır Bina,Yerden Isıtma,Var,Yok,Var,-,-,Müstakil Tapulu,Hayır,Eşyalı Değil,14950000.0,5,1
Turgutlu,130,2,3. Kat,Sıfır Bina,Kombi,Var,Var,Yok,-,Boş,Kat İrtifakı,Evet,Eşyalı Değil,4500000.0,3,1
Salihli,145,1,3. Kat,20 Yaşında,Kombi,Yok,Var,Var,İkinci El,-,Kat Mülkiyeti,Hayır,-,4600000.0,3,1
Turgutlu,130,1,3. Kat,1 Yaşında,Yerden Isıtma,Var,Var,Yok,-,Boş,Kat İrtifakı,Hayır,-,4250000.0,3,1
Salihli,160,1,6. Kat,21 Yaşında,Kombi,Var,Var,Var,-,Mülk Sahibi,Kat Mülkiyeti,Hayır,Eşyalı Değil,3500000.0,3,1
Turgutlu,310,3,5. Kat,Sıfır Bina,Kombi,Yok,Var,Var,-,Boş,Kat Mülkiyeti,Evet,Eşyalı Değil,5500000.0,5,1
Yunusemre,250,2,4. Kat,1 Yaşında,Kombi,Var,Var,Var,-,Boş,Kat İrtifakı,Hayır,Eşyalı Değil,4740000.0,4,2
Sehzadeler,120,1,3. Kat,25 Yaşında,Kombi,Var,Var,Yok,İkinci El,Boş,Kat İrtifakı,Evet,Eşyalı Değil,4800000.0,3,1
Yunusemre,100,1,5. Kat,21 Yaşında,Kombi,Yok,Var,Yok,-,Boş,Kat İrtifakı,Evet,Eşyalı Değil,3650000.0,3,1
Turgutlu,130,1,3. Kat,16 Yaşında,Kombi,Var,Var,Var,-,Boş,Kat İrtifakı,Evet,Eşyalı Değil,3600000.0,3,1
Yunusemre,115,2,Yüksek Giriş,1 Yaşında,Kombi,Yok,Yok,Var,-,Boş,Kat İrtifakı,Evet,Eşyalı Değil,3500000.0,3,1
Yunusemre,125,1,3. Kat,26 Yaşında,Kombi,Var,Var,Var,-,Boş,Kat İrtifakı,Evet,Eşyalı Değil,4150000.0,3,1
Yunusemre,95,1,1. Kat,1 Yaşında,Kombi,Yok,Var,Yok,-,Boş,Kat İrtifakı,Hayır,Eşyalı Değil,3450000.0,2,1
Turgutlu,141,1,3. Kat,11 Yaşında,Kombi,Yok,Var,Yok,-,Kiracılı,Kat İrtifakı,Hayır,-,2500000.0,3,1
Yunusemre,125,1,2. Kat,4 Yaşında,Kombi,Yok,Yok,Var,-,Boş,Kat İrtifakı,Evet,Eşyalı Değil,4250000.0,3,1
Yunusemre,125,1,2. Kat,5 Yaşında,Kombi,Yok,Var,Var,İkinci El,Mülk Sahibi,Müstakil Tapulu,Evet,Eşyalı Değil,4500000.0,3,1
Akhisar,230,2,3. Kat,1 Yaşında,Kombi,Yok,Var,Var,-,Boş,Kat İrtifakı,Evet,Eşyalı Değil,4600000.0,5,1
Salihli,116,1,-,5 Yaşında,Soba,Yok,Var,Var,İkinci El,Kiracılı,Kat İrtifakı,Hayır,Eşyalı Değil,7200000.0,2,1
Salihli,231,1,5. Kat,10 Yaşında,Kombi,Yok,Var,Yok,Sıfır,Boş,Kat İrtifakı,-,Eşyalı Değil,3600000.0,3,1
Salihli,135,2,3. Kat,Sıfır Bina,Kombi,Var,Yok,Var,Sıfır,Boş,Kat İrtifakı,Evet,Eşyalı Değil,6200000.0,3,1
Turgutlu,100,1,2. Kat,1 Yaşında,Kombi,Yok,Yok,Var,-,Boş,Kat Mülkiyeti,Hayır,Eşyalı Değil,4200000.0,2,1
Yunusemre,110,1,4. Kat,1 Yaşında,Kombi,Yok,Yok,Var,-,Boş,Kat İrtifakı,Evet,Eşyalı Değil,4100000.0,2,1
Yunusemre,85,1,4. Kat,Sıfır Bina,Yerden Isıtma,Yok,Yok,Yok,-,Boş,Kat İrtifakı,Hayır,Eşyalı Değil,3600000.0,2,1
Yunusemre,100,1,Yüksek Giriş,1 Yaşında,Kombi,Yok,Yok,Var,-,Boş,Kat İrtifakı,Hayır,Eşyalı Değil,3400000.0,2,1
Turgutlu,125,2,3. Kat,1 Yaşında,Kombi,Var,Var,Yok,-,Boş,Kat Mülkiyeti,Hayır,Eşyalı Değil,3950000.0,3,1
Turgutlu,105,1,2. Kat,Sıfır Bina,Kombi,Yok,Yok,Yok,Sıfır,Boş,Kat Mülkiyeti,-,Eşyalı Değil,4000000.0,2,1
Yunusemre,140,2,Yüksek Giriş,1 Yaşında,Kombi,Yok,Yok,Var,-,Boş,Kat İrtifakı,Evet,Eşyalı Değil,4100000.0,3,1
Sehzadeler,140,1,1. Kat,25 Yaşında,Kombi,Var,Var,Yok,İkinci El,Boş,Kat İrtifakı,Hayır,Eşyalı Değil,3900000.0,3,1
Turgutlu,75,1,2. Kat,11 Yaşında,Kombi,Yok,Yok,Yok,-,Boş,Kat Mülkiyeti,Hayır,Eşyalı Değil,1600000.0,2,1
Akhisar,135,1,1. Kat,Sıfır Bina,Kombi,Yok,Var,Var,-,Boş,Kat Mülkiyeti,Evet,Eşyalı Değil,3250000.0,3,1
Sehzadeler,195,1,Ara Kat,Sıfır Bina,Kombi,Var,Var,Yok,Sıfır,Boş,Kat Mülkiyeti,Hayır,Eşyalı Değil,5200000.0,5,1
Yunusemre,140,1,2. Kat,6 Yaşında,Kombi,Yok,Var,Var,-,Kiracılı,Kat İrtifakı,Hayır,Eşyalı Değil,4300000.0,3,1
Yunusemre,105,1,4. Kat,5 Yaşında,Kombi,Yok,Yok,Var,-,Mülk Sahibi,Kat İrtifakı,Hayır,Eşyalı Değil,3650000.0,2,1
Turgutlu,90,1,Ara Kat,7 Yaşında,Kombi,Yok,Yok,Yok,İkinci El,Kiracılı,Kat İrtifakı,Hayır,Eşyalı Değil,2690000.0,2,1
Salihli,100,1,2. Kat,25 Yaşında,Kombi,Yok,Var,Yok,İkinci El,Kiracılı,Kat Mülkiyeti,Hayır,Eşyalı Değil,3300000.0,2,1
Turgutlu,120,1,2. Kat,5 Yaşında,Kombi,Yok,Var,Var,-,Boş,Müstakil Tapulu,Hayır,Eşyalı Değil,3750000.0,3,1
Saruhanli,120,1,3. Kat,1 Yaşında,Kombi,Yok,Var,Yok,-,Boş,Kat İrtifakı,Hayır,Eşyalı Değil,3695000.0,3,1
Yunusemre,158,1,2. Kat,30 Yaşında,Kombi,Var,Var,Yok,İkinci El,Mülk Sahibi,Kat İrtifakı,Evet,Eşyalı Değil,6600000.0,3,1
Yunusemre,114,1,6. Kat,Sıfır Bina,Kombi,Yok,Var,Var,-,Mülk Sahibi,Kat İrtifakı,Evet,Eşyalı Değil,8600000.0,3,1
Saruhanli,140,1,Bahçe Katı,6 Yaşında,Soba,Yok,Yok,Yok,-,Mülk Sahibi,Müstakil Tapulu,Hayır,Eşyalı,2750000.0,3,1
Yunusemre,160,1,Yüksek Giriş,25 Yaşında,Kombi,Yok,Var,Var,İkinci El,Boş,Kat İrtifakı,Hayır,Eşyalı Değil,3950000.0,3,1
Akhisar,140,2,2. Kat,Sıfır Bina,Kombi,Yok,Yok,Yok,-,Boş,Kat İrtifakı,Hayır,Eşyalı Değil,3850000.0,3,1
Akhisar,96,1,2. Kat,Sıfır Bina,Kombi,Var,Var,Var,Sıfır,Boş,Kat İrtifakı,Hayır,Eşyalı,3550000.0,2,1
Akhisar,210,2,3. Kat,3 Yaşında,Kombi,Var,Yok,Var,-,Mülk Sahibi,Kat İrtifakı,Evet,Eşyalı Değil,6500000.0,4,1
Yunusemre,95,1,Yüksek Giriş,Sıfır Bina,Kombi,Yok,Var,Var,-,Boş,Kat İrtifakı,Evet,Eşyalı Değil,3850000.0,2,1
Yunusemre,145,1,3. Kat,3 Yaşında,Kombi,Yok,Yok,Var,-,Boş,Kat İrtifakı,Evet,Eşyalı Değil,4500000.0,3,1
Yunusemre,83,1,4. Kat,Sıfır Bina,Kombi,Yok,Var,Yok,Sıfır,Boş,Kat İrtifakı,Hayır,Eşyalı,3400000.0,2,1
Akhisar,250,2,4. Kat,5 Yaşında,Kombi,Yok,Var,Var,-,Mülk Sahibi,Kat İrtifakı,Evet,Eşyalı Değil,5250000.0,5,1
Yunusemre,145,1,3. Kat,Sıfır Bina,Kombi,Var,Var,Var,Sıfır,Boş,Kat İrtifakı,Evet,Eşyalı Değil,5000000.0,3,1
Yunusemre,130,1,4. Kat,4 Yaşında,Kombi,Yok,Var,Var,-,Boş,Kat İrtifakı,Evet,Eşyalı Değil,4350000.0,3,1
Yunusemre,105,1,4. Kat,21 Yaşında,Kombi,Yok,Var,Var,-,Boş,Müstakil Tapulu,Evet,Eşyalı Değil,3890000.0,2,1
Yunusemre,95,1,4. Kat,1 Yaşında,Kombi,Yok,Var,Yok,-,Kiracılı,Kat İrtifakı,Evet,Eşyalı Değil,3200000.0,2,1
Yunusemre,80,1,2. Kat,Sıfır Bina,Kombi,Yok,Yok,Yok,-,Boş,Kat İrtifakı,Hayır,Eşyalı Değil,3500000.0,2,1
Koprubasi,188,1,-,20 Yaşında,Kombi,Yok,Yok,Yok,-,-,Müstakil Tapulu,-,-,870000.0,2,2
Yunusemre,180,2,5. Kat,4 Yaşında,Kombi,Var,Var,Yok,-,Boş,Kat İrtifakı,Hayır,Eşyalı Değil,4400000.0,4,1
Turgutlu,135,1,3. Kat,21 Yaşında,Kombi,Yok,Yok,Yok,-,Kiracılı,Kat İrtifakı,Hayır,Eşyalı Değil,2500000.0,3,1
Yunusemre,150,2,2. Kat,4 Yaşında,Kombi,Var,Var,Yok,-,Kiracılı,Kat İrtifakı,Evet,Eşyalı Değil,5750000.0,3,1
Yunusemre,60,1,3. Kat,1 Yaşında,Kombi,Yok,Var,Var,-,Boş,Kat İrtifakı,Hayır,-,3500000.0,1,1
Turgutlu,130,1,4. Kat,Sıfır Bina,Kombi,Var,Var,Var,-,Boş,Kat Mülkiyeti,Hayır,Eşyalı Değil,4250000.0,3,1
Akhisar,140,1,2. Kat,1 Yaşında,Yerden Isıtma,Yok,Var,Yok,-,Boş,Kat İrtifakı,Hayır,Eşyalı Değil,4100000.0,3,1
Yunusemre,100,2,2. Kat,Sıfır Bina,Yerden Isıtma,Yok,Var,Yok,-,Boş,Kat İrtifakı,Hayır,Eşyalı Değil,3950000.0,2,1
Yunusemre,85,1,Yüksek Giriş,Sıfır Bina,Kombi,Yok,Var,Yok,-,Boş,Kat İrtifakı,Hayır,Eşyalı Değil,3650000.0,2,1
Yunusemre,90,1,3. Kat,Sıfır Bina,Kombi,Yok,Yok,Yok,-,Boş,Kat İrtifakı,Evet,Eşyalı Değil,3500000.0,2,1
Turgutlu,105,1,2. Kat,Sıfır Bina,Kombi,Yok,Yok,Yok,-,Boş,Kat Mülkiyeti,Evet,Eşyalı Değil,4000000.0,2,1
Yunusemre,65,1,2. Kat,Sıfır Bina,Kombi,Yok,Yok,Yok,-,Boş,Kat İrtifakı,Hayır,Eşyalı Değil,2800000.0,1,1
Turgutlu,140,2,2. Kat,Sıfır Bina,Yerden Isıtma,Yok,Yok,Var,-,Boş,Kat İrtifakı,Hayır,Eşyalı Değil,6800000.0,3,1
Turgutlu,130,1,4. Kat,11 Yaşında,Kombi,Var,Var,Var,-,Kiracılı,Kat Mülkiyeti,Hayır,Eşyalı Değil,2350000.0,3,1
Turgutlu,155,1,1. Kat,5 Yaşında,Yerden Isıtma,Var,Yok,Yok,-,Mülk Sahibi,Tapu Yok,Hayır,Eşyalı Değil,5500000.0,3,1
Turgutlu,115,1,En Üst Kat,25 Yaşında,Soba,Yok,Yok,Yok,İkinci El,Kiracılı,Kat İrtifakı,Hayır,Eşyalı Değil,2000000.0,2,1
Sehzadeler,140,2,4. Kat,26 Yaşında,Kombi,Var,Var,Var,-,Boş,Kat İrtifakı,Hayır,Eşyalı Değil,5700000.0,3,1
Yunusemre,100,1,1. Kat,1 Yaşında,Kombi,Var,Var,Var,-,Boş,Kat İrtifakı,Evet,Eşyalı Değil,3850000.0,3,1
Yunusemre,150,1,4. Kat,6 Yaşında,Kombi,Var,Var,Yok,-,Boş,Kat İrtifakı,Hayır,Eşyalı Değil,5150000.0,3,1
Akhisar,125,1,1. Kat,Sıfır Bina,Kombi,Var,Var,Var,Sıfır,Boş,Kat İrtifakı,-,Eşyalı Değil,4000000.0,3,1
Yunusemre,115,1,2. Kat,25 Yaşında,Kombi,Var,Var,Var,İkinci El,Boş,Kat Mülkiyeti,Evet,Eşyalı Değil,3800000.0,3,1
Yunusemre,130,1,4. Kat,25 Yaşında,Kombi,Yok,Var,Var,-,-,Kat İrtifakı,Evet,-,4275000.0,3,1
Yunusemre,90,1,4. Kat,6 Yaşında,Kombi,Yok,Yok,Yok,-,Kiracılı,Kat İrtifakı,Evet,Eşyalı Değil,3350000.0,2,1
Yunusemre,120,1,3. Kat,1 Yaşında,Kombi,Var,Var,Var,-,Boş,Kat İrtifakı,Hayır,Eşyalı Değil,4150000.0,3,1
Yunusemre,95,1,Yüksek Giriş,Sıfır Bina,Kombi,Yok,Yok,Var,-,Boş,Kat İrtifakı,Evet,Eşyalı Değil,3450000.0,2,1
Salihli,140,1,3. Kat,4 Yaşında,Kombi,Yok,Var,Var,-,Kiracılı,Kat İrtifakı,Hayır,Eşyalı Değil,6000000.0,3,1
Yunusemre,85,1,3. Kat,Sıfır Bina,Kombi,Yok,Var,Yok,-,Boş,Kat İrtifakı,Hayır,Eşyalı Değil,3850000.0,2,1
Turgutlu,150,2,3. Kat,Sıfır Bina,Yerden Isıtma,Yok,Var,Var,-,Boş,Kat Mülkiyeti,Hayır,Eşyalı Değil,5250000.0,3,1
Turgutlu,157,1,2. Kat,6 Yaşında,Kombi,Yok,Yok,Var,-,Mülk Sahibi,Kat Mülkiyeti,Hayır,Eşyalı Değil,4300000.0,3,1
Turgutlu,130,1,4. Kat,Sıfır Bina,Kombi,Yok,Var,Var,-,Boş,Kat Mülkiyeti,Hayır,Eşyalı Değil,4000000.0,3,1
Yunusemre,85,1,2. Kat,Sıfır Bina,Kombi,Yok,Var,Var,-,Boş,Kat İrtifakı,Evet,Eşyalı Değil,3650000.0,2,1
Turgutlu,135,1,En Üst Kat,12 Yaşında,Kombi,Var,Var,Yok,İkinci El,Boş,Kat Mülkiyeti,Evet,Eşyalı Değil,3750000.0,3,1
Turgutlu,120,1,2. Kat,Sıfır Bina,Kombi,Var,Var,Var,-,Boş,Kat İrtifakı,Hayır,Eşyalı Değil,3750000.0,3,1
Yunusemre,240,2,2. Kat,16 Yaşında,Kombi,Yok,Var,Yok,-,Mülk Sahibi,Kat İrtifakı,Hayır,Eşyalı Değil,8250000.0,5,2
Turgutlu,95,1,Yüksek Giriş,11 Yaşında,Doğalgaz Sobası,Yok,Yok,Yok,-,Kiracılı,Kat İrtifakı,Evet,-,2495000.0,2,1
Yunusemre,80,1,Ara Kat,Sıfır Bina,Kombi,Yok,Var,Yok,Sıfır,Boş,Kat Mülkiyeti,Evet,Eşyalı Değil,3400000.0,2,1
Sehzadeler,110,1,5. Kat,21 Yaşında,Kombi,Var,Yok,Yok,-,Mülk Sahibi,Kat Mülkiyeti,Evet,Eşyalı Değil,3050000.0,2,1
Yunusemre,105,1,3. Kat,1 Yaşında,Kombi,Yok,Yok,Var,-,Boş,Kat İrtifakı,Hayır,Eşyalı Değil,4100000.0,2,1
Yunusemre,135,1,4. Kat,21 Yaşında,Kombi,Var,Var,Var,-,Mülk Sahibi,Kat İrtifakı,Hayır,Eşyalı Değil,4295000.0,3,1
Turgutlu,130,1,3. Kat,1 Yaşında,Yerden Isıtma,Var,Var,Yok,-,Boş,Kat İrtifakı,Hayır,-,4250000.0,3,1
Akhisar,110,1,1. Kat,Sıfır Bina,Kombi,Yok,Yok,Var,Sıfır,Boş,Kat İrtifakı,Hayır,Eşyalı Değil,4000000.0,2,1
Yunusemre,140,1,2. Kat,1 Yaşında,Yerden Isıtma,Yok,Yok,Var,-,Boş,Kat İrtifakı,Evet,Eşyalı Değil,5000000.0,3,1
Yunusemre,125,1,2. Kat,Sıfır Bina,Yerden Isıtma,Yok,Yok,Var,-,Boş,Kat İrtifakı,Evet,Eşyalı Değil,4950000.0,3,1
Salihli,125,1,2. Kat,16 Yaşında,Klima,Yok,Yok,Var,-,Kiracılı,Kat Mülkiyeti,Hayır,Eşyalı Değil,2625000.0,2,1
Salihli,600,1,-,5 Yaşında,Kat Kaloriferi,Yok,Yok,Yok,-,Kiracılı,Kat Mülkiyeti,-,-,65000000.0,3,1
Sehzadeler,130,2,6. Kat,21 Yaşında,Kombi,Var,Var,Var,-,Mülk Sahibi,Kat İrtifakı,Hayır,Eşyalı Değil,3850000.0,3,1
Yunusemre,125,1,Yüksek Giriş,4 Yaşında,Kombi,Var,Var,Yok,İkinci El,Mülk Sahibi,Kat Mülkiyeti,Hayır,Eşyalı Değil,3995000.0,3,1
Turgutlu,100,1,Zemin,21 Yaşında,Kombi,Yok,Yok,Yok,-,Mülk Sahibi,Kat Mülkiyeti,Hayır,Eşyalı,2550000.0,2,1
Yunusemre,95,1,4. Kat,1 Yaşında,Kombi,Yok,Yok,Yok,-,Boş,Kat İrtifakı,Hayır,Eşyalı Değil,3125000.0,2,1
Turgutlu,80,1,4. Kat,21 Yaşında,Klima,Yok,Yok,Yok,-,Boş,Kat Mülkiyeti,Hayır,Eşyalı Değil,1480000.0,2,1
Akhisar,130,1,3. Kat,26 Yaşında,Kombi,Yok,Var,Yok,-,Mülk Sahibi,Kat İrtifakı,Evet,Eşyalı Değil,2700000.0,3,1
Kirkagac,95,1,4. Kat,23 Yaşında,Kombi,Var,Yok,Yok,İkinci El,Kiracılı,Kat Mülkiyeti,Hayır,Eşyalı Değil,1350000.0,2,1
Akhisar,95,2,1. Kat,Sıfır Bina,Kombi,Yok,Var,Var,Sıfır,Boş,Kat İrtifakı,Hayır,Eşyalı Değil,4000000.0,2,1
Salihli,143,2,4. Kat,3 Yaşında,Kombi,Yok,Var,Var,Sıfır,-,Kat İrtifakı,Hayır,Eşyalı Değil,6500000.0,3,0
Turgutlu,150,2,3. Kat,9 Yaşında,Merkezi,Yok,Yok,Var,-,Kiracılı,Kat Mülkiyeti,-,-,6350000.0,3,1
Turgutlu,160,1,5. Kat,1 Yaşında,Merkezi,Var,Var,Var,-,Boş,Kat İrtifakı,Evet,Eşyalı Değil,5250000.0,3,1
Turgutlu,150,2,1. Kat,Sıfır Bina,Yerden Isıtma,Yok,Var,Var,-,Boş,Kat Mülkiyeti,Evet,Eşyalı Değil,5250000.0,3,1
Turgutlu,120,1,4. Kat,Sıfır Bina,Yerden Isıtma,Yok,Var,Yok,-,Boş,Kat Mülkiyeti,Hayır,Eşyalı Değil,4750000.0,2,1
Yunusemre,135,1,3. Kat,4 Yaşında,Kombi,Var,Var,Yok,-,Mülk Sahibi,Kat İrtifakı,Hayır,Eşyalı Değil,5175000.0,3,1
Turgutlu,178,2,2. Kat,6 Yaşında,Kombi,Var,Var,Yok,-,Mülk Sahibi,Kat Mülkiyeti,Evet,Eşyalı Değil,4550000.0,3,1
Turgutlu,130,2,1. Kat,Sıfır Bina,Yerden Isıtma,Var,Var,Var,-,Boş,Kat İrtifakı,Evet,Eşyalı Değil,5250000.0,2,1
Sehzadeler,110,1,2. Kat,Sıfır Bina,Yerden Isıtma,Yok,Yok,Yok,-,Boş,Kat İrtifakı,Hayır,Eşyalı Değil,8600000.0,2,1
Turgutlu,110,1,Bahçe Katı,5 Yaşında,Soba,Yok,Yok,Yok,-,-,Müstakil Tapulu,Evet,-,6500000.0,2,0
Turgutlu,100,-,Ara Kat,1 Yaşında,Kombi,Yok,Var,Var,Sıfır,Boş,Kat İrtifakı,Hayır,Eşyalı Değil,3800000.0,3,0
Yunusemre,165,2,3. Kat,3 Yaşında,Kombi,Yok,Yok,Var,-,Boş,Kat İrtifakı,Evet,Eşyalı Değil,8750000.0,3,1
Akhisar,115,1,1. Kat,Sıfır Bina,Kombi,Yok,Var,Var,-,Boş,Kat İrtifakı,Hayır,Eşyalı Değil,3750000.0,3,1
Yunusemre,125,1,3. Kat,Sıfır Bina,Kombi,Yok,Yok,Var,-,Boş,Kat İrtifakı,Evet,Eşyalı Değil,4750000.0,3,1
Turgutlu,90,1,Zemin,11 Yaşında,Kombi,Var,Yok,Yok,-,Mülk Sahibi,Kat Mülkiyeti,Hayır,Eşyalı Değil,2950000.0,2,1
Turgutlu,155,2,En Üst Kat,4 Yaşında,Kombi,Var,Var,Var,İkinci El,Mülk Sahibi,Kat İrtifakı,Hayır,Eşyalı Değil,5450000.0,3,1
Turgutlu,170,-,Ara Kat,Sıfır Bina,Kombi,Var,Var,Var,Sıfır,Boş,Kat Mülkiyeti,Evet,Eşyalı Değil,6500000.0,4,1
Turgutlu,115,1,2. Kat,Sıfır Bina,Kombi,Yok,Var,Var,-,Boş,Kat Mülkiyeti,Hayır,Eşyalı Değil,3650000.0,2,1
Yunusemre,95,1,3. Kat,Sıfır Bina,Kombi,Yok,Yok,Var,-,Boş,Kat İrtifakı,Hayır,Eşyalı Değil,3400000.0,2,1
Akhisar,227,3,Bahçe Katı,1 Yaşında,Kombi,Var,Yok,Yok,-,Boş,Kat İrtifakı,Evet,Eşyalı Değil,14500000.0,5,1
Turgutlu,130,1,3. Kat,Sıfır Bina,Kombi,Yok,Var,Var,-,Boş,Kat İrtifakı,Evet,Eşyalı Değil,5490000.0,3,1
Turgutlu,140,2,11. Kat,1 Yaşında,Merkezi (Pay Öl...,Yok,Var,Var,-,Boş,Kat Mülkiyeti,Evet,Eşyalı Değil,4475000.0,3,1
Yunusemre,140,1,3. Kat,16 Yaşında,Kombi,Yok,Var,Var,İkinci El,Boş,Kat İrtifakı,Hayır,Eşyalı Değil,4350000.0,3,1
Yunusemre,85,1,Çatı Katı,1 Yaşında,Kombi,Var,Yok,Var,-,Boş,Kat İrtifakı,Hayır,Eşyalı Değil,3495000.0,2,1
Turgutlu,120,1,5. Kat,21 Yaşında,Soba,Yok,Yok,Yok,-,Boş,Kat İrtifakı,Hayır,Eşyalı Değil,1900000.0,3,1
Turgutlu,115,1,2. Kat,Sıfır Bina,Kombi,Yok,Var,Var,-,Boş,Kat İrtifakı,Evet,Eşyalı Değil,3650000.0,2,1
Yunusemre,120,1,Ara Kat,5 Yaşında,Kombi,Yok,Var,Var,-,-,Kat İrtifakı,-,Eşyalı Değil,4975000.0,3,1
Yunusemre,140,1,5. Kat,8 Yaşında,Kombi,Var,Var,Yok,İkinci El,Mülk Sahibi,Kat İrtifakı,Evet,Eşyalı Değil,5450000.0,3,1
Turgutlu,145,1,1. Kat,6 Yaşında,Kombi,Var,Yok,Var,-,Mülk Sahibi,Kat Mülkiyeti,Hayır,Eşyalı Değil,3850000.0,3,1
Turgutlu,140,1,Giriş Katı,21 Yaşında,Kombi,Yok,Var,Yok,İkinci El,Boş,Kat İrtifakı,Hayır,Eşyalı Değil,4500000.0,3,1
Sehzadeler,125,1,3. Kat,34 Yaşında,Kombi,Var,Var,Yok,İkinci El,Boş,Kat İrtifakı,Evet,Eşyalı Değil,4350000.0,3,1
Yunusemre,100,2,Yüksek Giriş,Sıfır Bina,Yerden Isıtma,Var,Var,Var,Sıfır,Boş,Kat İrtifakı,-,Eşyalı Değil,4500000.0,2,1
Yunusemre,75,1,2. Kat,Sıfır Bina,Kombi,Yok,Yok,Yok,-,Boş,Kat İrtifakı,Hayır,Eşyalı Değil,4250000.0,2,1
Yunusemre,160,1,Yüksek Giriş,5 Yaşında,Kombi,Yok,Var,Var,-,Boş,Kat İrtifakı,Hayır,Eşyalı Değil,4100000.0,3,1
Turgutlu,150,2,3. Kat,Sıfır Bina,Yerden Isıtma,Yok,Var,Var,-,Boş,Kat Mülkiyeti,Hayır,Eşyalı Değil,5250000.0,3,1
Yunusemre,120,1,2. Kat,21 Yaşında,Kombi,Var,Var,Var,İkinci El,Boş,Kat İrtifakı,-,Eşyalı Değil,6800000.0,3,1
Akhisar,275,2,3. Kat,1 Yaşında,Kombi,Yok,Var,Var,-,Boş,Kat İrtifakı,Evet,Eşyalı Değil,4000000.0,4,1
Yunusemre,125,1,Yüksek Giriş,1 Yaşında,Kombi,Yok,Yok,Var,-,Kiracılı,Kat İrtifakı,Evet,Eşyalı Değil,3550000.0,3,1
Yunusemre,120,2,3. Kat,Sıfır Bina,Kombi,Var,Var,Var,-,Boş,Kat Mülkiyeti,Evet,Eşyalı Değil,5250000.0,3,1
Yunusemre,125,1,2. Kat,1 Yaşında,Kombi,Yok,Var,Var,-,Boş,Kat İrtifakı,Evet,Eşyalı Değil,4700000.0,3,1
Turgutlu,130,1,2. Kat,11 Yaşında,Soba,Yok,Yok,Var,-,Boş,Kat Mülkiyeti,Hayır,Eşyalı Değil,6500000.0,3,1
Yunusemre,135,1,5. Kat,1 Yaşında,Kombi,Yok,Var,Var,-,Boş,Kat İrtifakı,Evet,Eşyalı Değil,4500000.0,3,1
Yunusemre,145,1,4. Kat,6 Yaşında,Kombi,Var,Yok,Var,-,Boş,Kat İrtifakı,Hayır,Eşyalı Değil,4100000.0,3,1
Yunusemre,100,1,4. Kat,Sıfır Bina,Kombi,Var,Var,Var,İkinci El,Boş,Kat İrtifakı,Hayır,Eşyalı,4100000.0,2,1
Yunusemre,92,1,1. Kat,1 Yaşında,Yerden Isıtma,Yok,Var,Yok,-,Boş,Kat İrtifakı,Evet,Eşyalı Değil,4500000.0,2,1
Yunusemre,135,1,2. Kat,1 Yaşında,Kombi,Yok,Var,Yok,-,Boş,Kat Mülkiyeti,Evet,Eşyalı Değil,5300000.0,3,1
Turgutlu,100,1,2. Kat,Sıfır Bina,Kombi,Yok,Var,Var,-,Boş,Kat İrtifakı,Evet,Eşyalı Değil,4100000.0,2,1
Turgutlu,150,1,3. Kat,Sıfır Bina,Kombi,Yok,Var,Var,-,Boş,Kat Mülkiyeti,Hayır,Eşyalı Değil,5000000.0,3,1
Turgutlu,180,2,4. Kat,1 Yaşında,Kombi,Var,Var,Var,-,Boş,Kat İrtifakı,Hayır,Eşyalı Değil,4250000.0,4,1
Sehzadeler,136,1,4. Kat,21 Yaşında,Kombi,Yok,Var,Yok,-,Boş,Kat İrtifakı,Evet,Eşyalı Değil,4950000.0,3,1
Turgutlu,250,2,En Üst Kat,6 Yaşında,Kombi,Var,Var,Yok,İkinci El,Boş,Kat İrtifakı,Evet,Eşyalı Değil,10250000.0,4,1
Turgutlu,125,2,3. Kat,Sıfır Bina,Yerden Isıtma,Var,Var,Var,-,Boş,Kat Mülkiyeti,Hayır,Eşyalı Değil,4150000.0,3,1
Saruhanli,64,1,-,5 Yaşında,Soba,Yok,Yok,Yok,Sıfır,Mülk Sahibi,Hisseli Tapu,Hayır,-,12500000.0,1,1
Yunusemre,100,1,2. Kat,Sıfır Bina,Kombi,Yok,Yok,Var,-,Boş,Kat İrtifakı,Evet,Eşyalı Değil,5495000.0,2,1
Yunusemre,125,1,4. Kat,21 Yaşında,Kombi,Yok,Var,Var,İkinci El,Boş,Kat İrtifakı,Hayır,Eşyalı Değil,3500000.0,3,1
Yunusemre,200,1,5. Kat,Sıfır Bina,Kombi,Yok,Yok,Yok,-,Boş,Kat İrtifakı,Hayır,Eşyalı Değil,6250000.0,5,1
Turgutlu,150,2,2. Kat,Sıfır Bina,Kombi,Yok,Var,Var,-,Boş,Kat Mülkiyeti,Evet,Eşyalı Değil,3900000.0,3,1
Yunusemre,130,1,4. Kat,21 Yaşında,Kombi,Var,Var,Yok,-,Mülk Sahibi,Kat Mülkiyeti,Hayır,Eşyalı Değil,4575000.0,3,1
Turgutlu,105,1,2. Kat,Sıfır Bina,Kombi,Yok,Var,Var,-,Boş,Kat Mülkiyeti,Hayır,Eşyalı Değil,3350000.0,2,1
Saruhanli,65,1,1. Kat,1 Yaşında,Kombi,Yok,Yok,Yok,-,Boş,Müstakil Tapulu,Hayır,Eşyalı Değil,2100000.0,1,1
Yunusemre,180,2,4. Kat,11 Yaşında,Kombi,Var,Var,Var,-,Mülk Sahibi,Kat Mülkiyeti,Hayır,Eşyalı Değil,8300000.0,4,1
Turgutlu,145,2,3. Kat,Sıfır Bina,Kombi,Yok,Yok,Yok,-,Boş,Arsa,Hayır,Eşyalı Değil,5000000.0,3,1
Salihli,357,1,-,25 Yaşında,Soba,Yok,Var,Var,İkinci El,Kiracılı,Arsa,Hayır,Eşyalı Değil,7500000.0,3,1
Akhisar,200,2,4. Kat,1 Yaşında,Kombi,Var,Var,Var,-,Mülk Sahibi,Kat İrtifakı,Hayır,Eşyalı Değil,4500000.0,4,1
Turgutlu,140,1,4. Kat,11 Yaşında,Kombi,Yok,Var,Var,-,Boş,Kat Mülkiyeti,Hayır,Eşyalı,3599000.0,3,1
Turgutlu,140,1,1. Kat,1 Yaşında,Kombi,Yok,Var,Var,-,Boş,Kat Mülkiyeti,Hayır,Eşyalı Değil,3300000.0,3,1
Turgutlu,160,2,1. Kat,Sıfır Bina,Yerden Isıtma,Yok,Var,Var,-,Boş,Kat Mülkiyeti,Hayır,Eşyalı Değil,6750000.0,3,1
Yunusemre,90,1,Yüksek Giriş,5 Yaşında,Kombi,Var,Var,Yok,İkinci El,Boş,Müstakil Tapulu,Evet,Eşyalı Değil,3350000.0,2,1
Sehzadeler,125,1,4. Kat,25 Yaşında,Kombi,Yok,Yok,Yok,-,-,Kat İrtifakı,-,Eşyalı Değil,3680000.0,3,1
Sehzadeler,140,1,5. Kat,16 Yaşında,Kombi,Yok,Var,Var,-,Mülk Sahibi,Kat Mülkiyeti,Evet,Eşyalı Değil,4350000.0,3,1
Turgutlu,130,2,3. Kat,Sıfır Bina,Yerden Isıtma,Yok,Yok,Var,-,Boş,Kat İrtifakı,Evet,Eşyalı Değil,4250000.0,2,1
Turgutlu,125,1,3. Kat,26 Yaşında,Isıtma Yok,Yok,Var,Var,-,Boş,Kat İrtifakı,Hayır,Eşyalı Değil,2350000.0,3,1
Sehzadeler,125,1,4. Kat,34 Yaşında,Kombi,Var,Var,Yok,İkinci El,Boş,Kat İrtifakı,Hayır,Eşyalı Değil,3350000.0,3,1
Saruhanli,480,1,-,30 Yaşında,Soba,Yok,Yok,Yok,İkinci El,Boş,Müstakil Tapulu,Hayır,Eşyalı Değil,2550000.0,2,1
Turgutlu,135,1,6. Kat,21 Yaşında,Kombi,Var,Var,Var,-,Mülk Sahibi,Kat Mülkiyeti,Evet,Eşyalı Değil,2950000.0,3,1
Yunusemre,60,1,2. Kat,Sıfır Bina,Merkezi (Pay Öl...,Yok,Yok,Yok,-,Boş,Kat İrtifakı,Hayır,Eşyalı Değil,2650000.0,1,1
Akhisar,145,1,3. Kat,31 Yaşında,Kombi,Yok,Yok,Yok,-,Boş,Kat Mülkiyeti,Hayır,Eşyalı Değil,2950000.0,3,1
Yunusemre,89,2,Yüksek Giriş,Sıfır Bina,Kombi,Yok,Yok,Yok,-,Boş,Kat İrtifakı,Evet,Eşyalı Değil,3470000.0,3,1
Akhisar,280,1,-,19 Yaşında,Kombi,Var,Yok,Yok,İkinci El,-,Kat İrtifakı,Evet,Eşyalı Değil,14000000.0,4,1
Turgutlu,105,1,2. Kat,Sıfır Bina,Kombi,Yok,Var,Var,-,Boş,Kat Mülkiyeti,Hayır,Eşyalı Değil,4150000.0,2,1
Turgutlu,105,1,1. Kat,Sıfır Bina,Kombi,Var,Var,Var,-,Boş,Kat Mülkiyeti,Hayır,Eşyalı Değil,3650000.0,2,1
Turgutlu,95,1,Ara Kat,25 Yaşında,Kombi,Var,Yok,Yok,İkinci El,Mülk Sahibi,Kat İrtifakı,Hayır,Eşyalı Değil,2550000.0,2,1
Soma,316,1,-,35 Yaşında,Soba,Yok,Yok,Yok,İkinci El,Boş,Arsa,Hayır,Eşyalı Değil,1500000.0,2,1
Yunusemre,135,-,-,-,-,Yok,Yok,Yok,-,-,-,-,-,4650000.0,3,1
Sehzadeler,135,1,2. Kat,4 Yaşında,Kombi,Yok,Yok,Var,-,Mülk Sahibi,Kat İrtifakı,Evet,Eşyalı Değil,4950000.0,3,1
Yunusemre,180,2,4. Kat,11 Yaşında,Merkezi (Pay Öl...,Var,Yok,Var,-,Mülk Sahibi,Kat İrtifakı,Güzelyurt’tan daire ile takas düşünülür,Eşyalı Değil,8000000.0,4,1
Saruhanli,200,1,Bahçe Katı,3 Yaşında,Klima,Yok,Yok,Yok,-,-,Müstakil Tapulu,Evet,-,29900000.0,3,0
Turgutlu,100,1,Zemin,31 Yaşında,Kombi,Yok,Yok,Yok,-,Boş,Kat İrtifakı,Hayır,Eşyalı Değil,2700000.0,2,1
Turgutlu,110,1,4. Kat,Sıfır Bina,Yerden Isıtma,Yok,Var,Var,-,Boş,Kat Mülkiyeti,Hayır,Eşyalı Değil,4750000.0,2,1
Sehzadeler,250,2,Bahçe Katı,5 Yaşında,Kat Kaloriferi,Yok,Var,Yok,-,Mülk Sahibi,Tapu Yok,Evet,Eşyalı Değil,8500000.0,3,2
Kula,360,-,1. Kat,31 Yaşında,Isıtma Yok,Yok,Yok,Yok,-,Boş,Tapu Yok,Hayır,Eşyalı Değil,650000.0,2,0
Yunusemre,90,1,Yüksek Giriş,Sıfır Bina,Kombi,Yok,Yok,Var,-,Boş,Kat İrtifakı,Evet,Eşyalı Değil,3650000.0,2,1
Turgutlu,150,1,4. Kat,16 Yaşında,Kombi,Yok,Var,Var,-,Mülk Sahibi,Kat İrtifakı,Evet,Eşyalı Değil,3225000.0,3,1
Yunusemre,85,1,2. Kat,4 Yaşında,Kombi,Yok,Yok,Var,-,Boş,Kat İrtifakı,Evet,Eşyalı Değil,3450000.0,2,1
Saruhanli,135,1,2. Kat,1 Yaşında,Kombi,Var,Var,Yok,-,Boş,Kat İrtifakı,Hayır,Eşyalı Değil,3800000.0,3,1
Akhisar,150,1,2. Kat,11 Yaşında,Kombi,Var,Yok,Yok,-,Mülk Sahibi,Kat Mülkiyeti,Hayır,Eşyalı Değil,3000000.0,3,1
Yunusemre,140,2,3. Kat,Sıfır Bina,Kombi,Yok,Yok,Var,-,Boş,Kat İrtifakı,Evet,Eşyalı Değil,7500000.0,3,1
Akhisar,135,-,-,-,-,Yok,Yok,Yok,-,-,-,-,-,16250000.0,3,1
Turgutlu,100,1,3. Kat,5 Yaşında,Kombi,Yok,Yok,Yok,-,Mülk Sahibi,Kat İrtifakı,Hayır,Eşyalı Değil,2500000.0,2,1
Sehzadeler,140,1,Yüksek Giriş,16 Yaşında,Kombi,Yok,Var,Var,-,Boş,Kat İrtifakı,Hayır,Eşyalı Değil,3850000.0,3,1
Saruhanli,135,1,4. Kat,1 Yaşında,Kombi,Var,Var,Yok,-,Boş,Kat İrtifakı,Hayır,Eşyalı Değil,3950000.0,3,1
Sehzadeler,130,1,2. Kat,21 Yaşında,Kombi,Yok,Var,Yok,-,Boş,Kat Mülkiyeti,Hayır,Eşyalı Değil,3950000.0,2,1
Turgutlu,95,1,1. Kat,1 Yaşında,Kombi,Var,Var,Var,-,Boş,Kat Mülkiyeti,Hayır,Eşyalı Değil,3100000.0,2,1
Sehzadeler,125,1,2. Kat,26 Yaşında,Kombi,Var,Var,Yok,-,Mülk Sahibi,Kat İrtifakı,Evet,Eşyalı Değil,4220000.0,3,1
Turgutlu,102,1,2. Kat,Sıfır Bina,Kombi,Yok,Var,Var,-,Boş,Kat Mülkiyeti,Hayır,Eşyalı Değil,3800000.0,2,1
Akhisar,115,1,2. Kat,26 Yaşında,Kombi,Var,Var,Yok,İkinci El,Mülk Sahibi,Kat İrtifakı,Hayır,Eşyalı Değil,2450000.0,3,1
Salihli,300,2,Bahçe Katı,10 Yaşında,Klima,Yok,Yok,Yok,-,-,Müstakil Tapulu,Evet,-,23500000.0,4,0
Yunusemre,110,1,2. Kat,23 Yaşında,Kombi,Yok,Var,Yok,İkinci El,Kiracılı,Kat İrtifakı,Hayır,Eşyalı Değil,4650000.0,3,1
Sehzadeler,130,1,2. Kat,20 Yaşında,Kombi,Yok,Var,Yok,İkinci El,Boş,Kat İrtifakı,Evet,Eşyalı Değil,3750000.0,3,1
Turgutlu,130,1,4. Kat,26 Yaşında,Kombi,Yok,Var,Var,-,Boş,Kat Mülkiyeti,Hayır,Eşyalı Değil,2400000.0,2,1
Sehzadeler,100,1,Çatı Katı,21 Yaşında,Kombi,Yok,Var,Var,-,Boş,Kat Mülkiyeti,Hayır,Eşyalı Değil,2950000.0,2,1
Yunusemre,120,1,1. Kat,25 Yaşında,Kombi,Var,Var,Yok,İkinci El,Boş,Kat Mülkiyeti,Evet,Eşyalı Değil,3750000.0,3,1
Turgutlu,135,1,3. Kat,21 Yaşında,Kombi,Var,Yok,Yok,-,Boş,Kat İrtifakı,Hayır,Eşyalı Değil,3500000.0,3,1
Yunusemre,140,1,1. Kat,6 Yaşında,Kombi,Yok,Var,Yok,-,Boş,Kat İrtifakı,Evet,Eşyalı Değil,3975000.0,3,1
Turgutlu,150,2,2. Kat,Sıfır Bina,Kombi,Var,Var,Var,-,Boş,Kat Mülkiyeti,Evet,Eşyalı Değil,5500000.0,3,1
Kula,200,1,-,25 Yaşında,Soba,Yok,Yok,Yok,İkinci El,-,Arsa,Hayır,Eşyalı,1950000.0,2,1
Turgutlu,200,2,3. Kat,Sıfır Bina,Yerden Isıtma,Yok,Yok,Var,-,Boş,Kat Mülkiyeti,Hayır,Eşyalı Değil,6000000.0,4,1
Turgutlu,200,2,4. Kat,Sıfır Bina,Kombi,Yok,Var,Var,-,Boş,Kat Mülkiyeti,Evet,Eşyalı Değil,6149000.0,3,1
Akhisar,103,1,2. Kat,26 Yaşında,Kombi,Yok,Yok,Yok,-,Kiracılı,Kat İrtifakı,Hayır,Eşyalı Değil,2700000.0,2,1
Turgutlu,104,2,3. Kat,Sıfır Bina,Kombi,Var,Yok,Var,-,Boş,Kat İrtifakı,Hayır,Eşyalı Değil,3500000.0,2,1
Yunusemre,58,1,3. Kat,1 Yaşında,Kombi,Var,Yok,Var,-,Boş,Kat İrtifakı,Evet,Eşyalı Değil,2900000.0,1,1
Yunusemre,65,1,Yüksek Giriş,4 Yaşında,Kombi,Var,Yok,Var,-,Boş,Kat İrtifakı,Evet,Eşyalı Değil,4450000.0,1,1
Turgutlu,160,2,2. Kat,5 Yaşında,Kombi,Var,Var,Yok,-,Mülk Sahibi,Kat Mülkiyeti,Hayır,Eşyalı Değil,4900000.0,3,1
Turgutlu,135,1,Ara Kat,25 Yaşında,Doğalgaz Sobası,Yok,Yok,Yok,-,-,Kat Mülkiyeti,Hayır,-,2500000.0,3,1
Turgutlu,165,2,2. Kat,4 Yaşında,Yerden Isıtma,Yok,Var,Yok,-,Boş,Kat İrtifakı,Evet,Eşyalı,7650000.0,3,1
Yunusemre,125,2,3. Kat,24 Yaşında,Kombi,Var,Var,Var,İkinci El,Mülk Sahibi,Kat Mülkiyeti,-,Eşyalı Değil,4150000.0,3,1
Salihli,90,1,3. Kat,Sıfır Bina,Kombi,Var,Var,Var,-,Boş,Kat İrtifakı,Evet,Eşyalı Değil,3400000.0,2,1
Turgutlu,120,1,3. Kat,Sıfır Bina,Kombi,Yok,Var,Var,-,Boş,Kat İrtifakı,Hayır,Eşyalı Değil,3500000.0,2,1
Turgutlu,110,1,2. Kat,1 Yaşında,Kombi,Var,Var,Var,-,Mülk Sahibi,Kat İrtifakı,Hayır,Eşyalı Değil,3630000.0,2,1
Yunusemre,190,2,5. Kat,Sıfır Bina,Merkezi (Pay Öl...,Var,Var,Var,-,Boş,Kat İrtifakı,Evet,Eşyalı Değil,4650000.0,4,1
Akhisar,230,1,-,27 Yaşında,Soba,Yok,Yok,Yok,-,-,Kat İrtifakı,-,-,5450000.0,3,1
Yunusemre,140,1,Yüksek Giriş,11 Yaşında,Kombi,Yok,Yok,Yok,-,Kiracılı,Kat İrtifakı,Hayır,Eşyalı,2980000.0,2,1
Sehzadeler,130,2,Zemin,21 Yaşında,Kombi,Yok,Var,Var,İkinci El,Boş,Kat İrtifakı,Hayır,Eşyalı Değil,3850000.0,3,1
Turgutlu,130,2,3. Kat,Sıfır Bina,Kombi,Yok,Yok,Var,-,Boş,Kat Mülkiyeti,Hayır,Eşyalı Değil,5950000.0,3,1
Sehzadeler,120,2,Bahçe Katı,5 Yaşında,Soba,Yok,Var,Var,-,Mülk Sahibi,Tapu Yok,Evet,Eşyalı Değil,6500000.0,4,1
Akhisar,95,1,2. Kat,1 Yaşında,Kombi,Yok,Yok,Yok,-,Boş,Kat İrtifakı,Hayır,Eşyalı Değil,3200000.0,2,1
Turgutlu,400,3,4. Kat,Sıfır Bina,Yerden Isıtma,Yok,Var,Yok,-,Boş,Kat Mülkiyeti,Evet,Eşyalı Değil,15000000.0,6,2
Akhisar,140,1,1. Kat,26 Yaşında,Soba,Yok,Yok,Yok,-,Boş,Kat İrtifakı,Hayır,Eşyalı Değil,2300000.0,3,1
Saruhanli,130,1,4. Kat,1 Yaşında,Kombi,Var,Var,Yok,-,Boş,Kat Mülkiyeti,Hayır,Eşyalı Değil,3375000.0,3,1
Turgutlu,160,2,4. Kat,Sıfır Bina,Kombi,Var,Yok,Yok,-,Boş,Kat İrtifakı,Hayır,Eşyalı Değil,8000000.0,3,1
Yunusemre,140,1,4. Kat,6 Yaşında,Kombi,Var,Yok,Yok,-,Kiracılı,Kat İrtifakı,Hayır,Eşyalı Değil,4450000.0,3,1
Sehzadeler,116,2,5. Kat,26 Yaşında,Kombi,Var,Var,Var,-,Mülk Sahibi,Kat İrtifakı,Evet,Eşyalı Değil,4500000.0,3,1
Salihli,130,1,Ara Kat,20 Yaşında,Kombi,Yok,Var,Yok,İkinci El,-,Kat İrtifakı,Hayır,Eşyalı Değil,4450000.0,3,1
Akhisar,191,3,3. Kat,1 Yaşında,Kombi,Yok,Var,Var,-,Boş,Kat İrtifakı,Evet,Eşyalı Değil,8500000.0,5,1
Turgutlu,100,1,4. Kat,11 Yaşında,Kombi,Var,Var,Yok,-,Mülk Sahibi,Kat Mülkiyeti,Hayır,Eşyalı Değil,2199000.0,2,1
Turgutlu,130,1,Zemin,7 Yaşında,Kombi,Yok,Var,Yok,İkinci El,Boş,Kat İrtifakı,Hayır,Eşyalı Değil,3150000.0,3,1
Yunusemre,240,2,4. Kat,5 Yaşında,Kombi,Var,Var,Var,-,Boş,Kat İrtifakı,Hayır,Eşyalı Değil,12600000.0,4,1
Saruhanli,120,1,4. Kat,6 Yaşında,Kombi,Yok,Var,Yok,-,Boş,Müstakil Tapulu,Hayır,Eşyalı Değil,3600000.0,3,1
Turgutlu,230,2,2. Kat,5 Yaşında,Kombi,Yok,Var,Yok,-,Mülk Sahibi,Kat Mülkiyeti,Evet,Eşyalı Değil,5980000.0,3,1
Yunusemre,200,1,5. Kat,15 Yaşında,Kombi,Yok,Var,Var,-,-,Kat İrtifakı,-,-,5500000.0,4,1
Turgutlu,130,1,4. Kat,Sıfır Bina,Kombi,Yok,Var,Var,-,Boş,Kat Mülkiyeti,Hayır,Eşyalı Değil,4700000.0,3,1
Akhisar,90,1,1. Kat,1 Yaşında,Kombi,Yok,Var,Var,-,Boş,Kat İrtifakı,Evet,Eşyalı Değil,2550000.0,2,1
Turgutlu,145,2,En Üst Kat,15 Yaşında,Kombi,Var,Var,Yok,-,-,Kat Mülkiyeti,-,-,4500000.0,3,1
Yunusemre,106,2,4. Kat,1 Yaşında,Merkezi (Pay Öl...,Var,Yok,Var,-,Boş,Kat Mülkiyeti,Hayır,Eşyalı Değil,9980000.0,2,1
Turgutlu,130,1,2. Kat,Sıfır Bina,Kombi,Yok,Yok,Yok,-,Boş,Kat İrtifakı,Hayır,Eşyalı Değil,6000000.0,3,1
Salihli,210,2,Kot 1,Sıfır Bina,Kombi,Var,Var,Var,Sıfır,Boş,Kat İrtifakı,Evet,-,9400000.0,4,1
Turgutlu,170,1,3. Kat,16 Yaşında,Kombi,Yok,Var,Yok,-,Mülk Sahibi,Kat Mülkiyeti,Hayır,Eşyalı Değil,3140000.0,3,1
Turgutlu,160,1,4. Kat,16 Yaşında,Kombi,Var,Var,Var,-,Mülk Sahibi,Kat Mülkiyeti,Evet,Eşyalı Değil,3100000.0,3,1
Yunusemre,100,1,Yüksek Giriş,4 Yaşında,Kombi,Yok,Yok,Yok,İkinci El,Boş,Kat İrtifakı,-,Eşyalı Değil,4950000.0,2,1
Yunusemre,120,1,1. Kat,1 Yaşında,Kombi,Yok,Var,Yok,-,Mülk Sahibi,Müstakil Tapulu,Hayır,Eşyalı Değil,4250000.0,3,0
Turgutlu,115,1,Ara Kat,Sıfır Bina,Kombi,Yok,Var,Yok,Sıfır,Boş,Kat Mülkiyeti,-,Eşyalı Değil,3600000.0,2,1
Sehzadeler,120,1,Yüksek Giriş,21 Yaşında,Kombi,Yok,Var,Yok,-,Boş,Kat İrtifakı,Hayır,Eşyalı Değil,3850000.0,3,1
Yunusemre,80,1,Kot 3,Sıfır Bina,Kombi,Yok,Yok,Yok,-,Boş,Kat İrtifakı,Hayır,Eşyalı Değil,3150000.0,2,1
Sehzadeler,130,1,4. Kat,20 Yaşında,Kombi,Var,Var,Yok,İkinci El,Boş,Kat Mülkiyeti,Evet,Eşyalı Değil,4800000.0,3,1
Akhisar,390,3,Bahçe Katı,Sıfır Bina,Yerden Isıtma,Var,Yok,Var,-,Boş,Müstakil Tapulu,Evet,Eşyalı Değil,13500000.0,4,1
Turgutlu,100,1,4. Kat,6 Yaşında,Isıtma Yok,Yok,Var,Var,-,Kiracılı,Kat Mülkiyeti,Hayır,-,2500000.0,2,1
Yunusemre,140,1,2. Kat,1 Yaşında,Kombi,Yok,Var,Var,-,Boş,Kat İrtifakı,Evet,Eşyalı Değil,5950000.0,3,1
Turgutlu,105,1,1. Kat,Sıfır Bina,Yerden Isıtma,Var,Var,Var,-,Boş,Kat İrtifakı,Evet,Eşyalı Değil,4250000.0,2,1
