Baslik,Link,Fiyat,Oda,M2,Konum,Ilce
Muradiye Merkezi konum 2+1 Bahçeli Yüksek Zemin,https://www.hepsiemlak.com/manisa-yunusemre-muradiye-satilik/daire/163278-68,"3.500.000
TL",2 + 1,110 m²,Manisa / Yunusemre / Muradiye Mah.,Yunusemre
Mimar sinan parkı yanı geniş ferah  harika bir daire,https://www.hepsiemlak.com/manisa-turgutlu-selvilitepe-satilik/daire/131579-6,"3.550.000
TL",3 + 1,145 m²,Manisa / Turgutlu / Selvilitepe Mah.,Turgutlu
"Cumhuriyet Mahallesi'nde Asansörlü, Köşe Konum 3+1 Fırsat Daire",https://www.hepsiemlak.com/manisa-turgutlu-cumhuriyet-satilik/daire/164259-15,"4.600.000
TL",3 + 1,130 m²,Manisa / Turgutlu / Cumhuriyet Mah.,Turgutlu
ALAŞEHİR GARANTİ EMLAKTA SATILIK 1+1,https://www.hepsiemlak.com/manisa-alasehir-fatih-satilik/daire/155862-30,"1.700.000
TL",1 + 1,47 m²,Manisa / Alaşehir / Fatih Mah.,Alaşehir
GÜZEL KONUMDA KALİTELİ İŞÇİLİK 2+1 GENİŞ SATILIK SIFIR DAİRE,https://www.hepsiemlak.com/manisa-turgutlu-mustafa-kemal-satilik/daire/164247-13,"3.100.000
TL",2 + 1,107 m²,Manisa / Turgutlu / Mustafa Kemal Mah.,Turgutlu
MANİSA GÜZELYURT ÖZGE SİTESİNDE SATILIK TRİPLEKS VİLLA,https://www.hepsiemlak.com/manisa-yunusemre-guzelyurt-satilik/villa/94966-814,"15.500.000
TL",4 + 1,270 m²,Manisa / Yunusemre / Güzelyurt Mah.,Yunusemre
AKMAN GAYRİMENKUL'DEN ÜÇPINAR MH'DE SATILIK MÜSTAKİL EV,https://www.hepsiemlak.com/manisa-yunusemre-ucpinar-satilik/mustakil-ev/113243-68,"4.200.000
TL",4 + 1,130 m²,Manisa / Yunusemre / Üçpınar Mah.,Yunusemre
Pazar pazarında 2+1 geniş kilerli sahibinden satılık,https://www.hepsiemlak.com/manisa-akhisar-ataturk-satilik/daire/0-39148217,"2.400.000
TL",2 + 1,120 m²,Manisa / Akhisar / Atatürk Mah.,Akhisar
PEKER MAHALLESİNDE EMSALSİZ ASANSÖRLÜ ARAKAT DAİRE,https://www.hepsiemlak.com/manisa-sehzadeler-peker-satilik/daire/161259-10,"4.750.000
TL",3 + 1,130 m²,Manisa / Şehzadeler / Peker Mah.,Şehzadeler
GÖKTAŞLI MAH. 3+1 KAPALI MUTFAK ÖZELLİKLİ DAİRE,https://www.hepsiemlak.com/manisa-sehzadeler-goktasli-satilik/daire/163278-7,"3.295.000
TL",3 + 1,135 m²,Manisa / Şehzadeler / Göktaşlı Mah.,Şehzadeler
MANİSA ŞEHZADELER PEKER MAHALLESİ 2+1 SATILIK DAİRE,https://www.hepsiemlak.com/manisa-sehzadeler-peker-satilik/daire/162290-28,"3.375.000
TL",2 + 1,110 m²,Manisa / Şehzadeler / Peker Mah.,Şehzadeler
GÖKAYLAR GAYRİMENKUL'den DUBLEKS SATILIK DAİRE,https://www.hepsiemlak.com/manisa-alasehir-fatih-satilik/daire/156372-49,"3.200.000
TL",3 + 1,145 m²,Manisa / Alaşehir / Fatih Mah.,Alaşehir
MANİSA KIRKAĞAÇ FAHRİ SERTEL EMLAKTAN 3+1 SATILIK DAİRE,https://www.hepsiemlak.com/manisa-kirkagac-sair-esref-satilik/daire/144740-251,"2.075.000
TL",3 + 1,115 m²,Manisa / Kırkağaç / Şair Eşref Mah.,Kırkağaç
ALAYBEY MAH. 15 YILLIK BİNADA 2+1 KAPALI MUTFAK SATILIK DAİRE,https://www.hepsiemlak.com/manisa-sehzadeler-alaybey-satilik/daire/163278-33,"3.490.000
TL",2 + 1,105 m²,Manisa / Şehzadeler / Alaybey Mah.,Şehzadeler
Manisa Yunusemre Atatürk Mah. Full Lüks 2+1 Arakat Asansörlü Cadde Üstünde,https://www.hepsiemlak.com/manisa-yunusemre-ataturk-satilik/daire/95753-2086,"3.695.000
TL",2 + 1,90 m²,Manisa / Yunusemre / Atatürk Mah.,Yunusemre
YENİ MAH CADDE ÜZERİNDE FULL TADİLATLI SATILIK 3+1 DAİRE,https://www.hepsiemlak.com/manisa-yunusemre-yeni-mahalle-satilik/daire/162376-16,"3.700.000
TL",3 + 1,130 m²,Manisa / Yunusemre / Yeni Mahalle Mah.,Yunusemre
ÖZYURTLAR'DAN YENİ HARMANDALI'DA FULL LÜX MÜSTAKİL,https://www.hepsiemlak.com/manisa-sehzadeler-yeniharmandali-satilik/daire/162860-29,"4.650.000
TL",2 + 1,300 m²,Manisa / Şehzadeler / Yeniharmandalı Mah.,Şehzadeler
MANİSA KIRKAĞAÇ MERKEZDE ALYAPSATA UYGUN GENİŞ FERAH daire,https://www.hepsiemlak.com/manisa-kirkagac-sair-esref-satilik/daire/113856-724,"1.190.000
TL",2 + 1,115 m²,Manisa / Kırkağaç / Şair Eşref Mah.,Kırkağaç
MANİSA ŞEHZADELER AKINÇILAR MAHALLESİ SATILIK DAİRE,https://www.hepsiemlak.com/manisa-sehzadeler-akincilar-satilik/daire/162290-52,"3.875.000
TL",3 + 1,115 m²,Manisa / Şehzadeler / Akıncılar Mah.,Şehzadeler
KIRKAĞAÇ BAKIR KÖYÜN'DE SATILIK MÜSTAKİL EV,https://www.hepsiemlak.com/manisa-kirkagac-bakir-satilik/mustakil-ev/21655-3647,"3.500.000
TL",2 + 1,100 m²,Manisa / Kırkağaç / Bakır Mah.,Kırkağaç
ÖZEL TASARIM 6+1 HAVUZLU KÖŞE KONUMLU VİLLA,https://www.hepsiemlak.com/manisa-turgutlu-ergenekon-satilik/villa/155797-74,"24.990.000
TL",6 + 1,370 m²,Manisa / Turgutlu / Ergenekon Mah.,Turgutlu
Turgutlu MUSTAFA KEMAL Mahallesi'nde SATILIK 2+1 DAİRE,https://www.hepsiemlak.com/manisa-turgutlu-mustafa-kemal-satilik/daire/156738-58,"2.750.000
TL",2 + 1,85 m²,Manisa / Turgutlu / Mustafa Kemal Mah.,Turgutlu
Yunus Emre -Barbaros Mahallesi'nde Satılık 2+1 Yeni Daire,https://www.hepsiemlak.com/manisa-yunusemre-barbaros-satilik/daire/151707-48,"3.100.000
TL",2 + 1,80 m²,Manisa / Yunusemre / Barbaros Mah.,Yunusemre
ANADOLU LİSESİ ARKASINDA ARAKAT SATILIK 1+1 DAİRE,https://www.hepsiemlak.com/manisa-ahmetli-guldede-satilik/daire/159252-20,"1.150.000
TL",1 + 1,80 m²,Manisa / Ahmetli / Güldede Mah.,Ahmetli
ERSOY'DAN İBRAHİM ÇELEBİ MH 3+1 ARA KAT 115M² FULL TADİLATLI UYGUN FİYATLI KAÇIRILMAYACAK DAİRE,https://www.hepsiemlak.com/manisa-sehzadeler-ibrahimcelebi-satilik/daire/114523-388,"3.550.000
TL",3 + 1,120 m²,Manisa / Şehzadeler / İbrahimçelebi Mah.,Şehzadeler
Manisa Şehzadeler Saruhan Mh 3+1 Bahçeli Yüksek Zemin,https://www.hepsiemlak.com/manisa-sehzadeler-mimar-sinan-satilik/daire/95753-2065,"3.975.000
TL",3 + 1,120 m²,Manisa / Şehzadeler / Mimar Sinan Mah.,Şehzadeler
ESLİFE'DAN ACİL 3.KAT FIRSAT 3+1 DAİRE,https://www.hepsiemlak.com/manisa-turgutlu-yildirim-satilik/daire/136231-35,"1.595.000
TL",3 + 1,120 m²,Manisa / Turgutlu / Yıldırım Mah.,Turgutlu
sahibinden satılık daire,https://www.hepsiemlak.com/manisa-sehzadeler-2-anafartalar-satilik/daire/0-45542350,"3.950.000
TL",3 + 1,120 m²,Manisa / Şehzadeler / 2. Anafartalar Mah.,Şehzadeler
MANİSA ŞEHZADELER Zirve Emlak'tan Alaybey Mh Kaçırılmayacak fırsat lüxs Arakat,https://www.hepsiemlak.com/manisa-sehzadeler-alaybey-satilik/daire/162290-17,"3.495.000
TL",3 + 1,130 m²,Manisa / Şehzadeler / Alaybey Mah.,Şehzadeler
AKHİSAR ŞEYHİSA MAHALLESİNDE 73m2 SATILIK MÜSTAKİL,https://www.hepsiemlak.com/manisa-akhisar-seyhisa-satilik/mustakil-ev/162211-40,"565.000
TL",1 + 1,73 m²,Manisa / Akhisar / Şeyhisa Mah.,Akhisar
Merkezi yerde Müstakil Ev,https://www.hepsiemlak.com/manisa-akhisar-seyhisa-satilik/mustakil-ev/0-45677862,"1.725.000
TL",3 + 1,91 m²,Manisa / Akhisar / Şeyhisa Mah.,Akhisar
Turgutlar Mahallesi Satılık Uygun Fiyat Daire,https://www.hepsiemlak.com/manisa-turgutlu-turgutlar-satilik/daire/160048-62,"2.680.000
TL",3 + 1,115 m²,Manisa / Turgutlu / Turgutlar Mah.,Turgutlu
İdris emlaktan satılık dubleks Tevfikiye mah,https://www.hepsiemlak.com/manisa-yunusemre-tevfikiye-satilik/daire/22991-768,"7.100.000
TL",4 + 1,160 m²,Manisa / Yunusemre / Tevfikiye Mah.,Yunusemre
MANİSA SALİHLİ YÖRÜK MAHALLESİ CAN HASTANESİ DOĞUSUNDA SATILIK 1.KAT 3+1 DAİRE,https://www.hepsiemlak.com/manisa-salihli-yoruk-satilik/daire/138755-303,"3.400.000
TL",3 + 1,125 m²,Manisa / Salihli / Yörük Mah.,Salihli
SARUHANLI CENGİZ TOPEL MAH. 50m2 CADDE ÜZERİ DÜKKAN SATILIKTIR,https://www.hepsiemlak.com/manisa-saruhanli-cengiz-topel-satilik/daire/106564-492,"2.700.000
TL",1 + 1,50 m²,Manisa / Saruhanlı / Cengiz Topel Mah.,Saruhanlı
MANİSA AKHİSAR EFENDİ MAH. SATILIK 1+1 MUSTAKİL EV  750.000TL,https://www.hepsiemlak.com/manisa-akhisar-efendi-satilik/mustakil-ev/143974-316,"750.000
TL",1 + 1,34 m²,Manisa / Akhisar / Efendi Mah.,Akhisar
Fırsat! Kaynak Mah 120 m² Şehir Manzaralı 3+1 Daire,https://www.hepsiemlak.com/manisa-yunusemre-kaynak-satilik/daire/162376-2,"2.950.000
TL",3 + 1,125 m²,Manisa / Yunusemre / Kaynak Mah.,Yunusemre
SAHİBİNDEN....Manisa'nın en güzel konumunda 3+1karanlık odası olmayan çift cepheli ferah daire.,https://www.hepsiemlak.com/manisa-sehzadeler-2-anafartalar-satilik/daire/0-45297612,"4.650.000
TL",3 + 1,135 m²,Manisa / Şehzadeler / 2. Anafartalar Mah.,Şehzadeler
CUMHURİYET MAHALLESİ ZEMİN ÜSTÜ KERVAN YOLU DİBİNDE FIRSAT DAİRE,https://www.hepsiemlak.com/manisa-turgutlu-cumhuriyet-satilik/daire/164247-83,"2.475.000
TL",2 + 1,90 m²,Manisa / Turgutlu / Cumhuriyet Mah.,Turgutlu
"ZEKİ EMLAK'TAN MURADİYE'DE SATILIK 3+1 AYRI MUTFAK,ARAKAT DAİRE",https://www.hepsiemlak.com/manisa-yunusemre-muradiye-satilik/daire/156185-408,"3.950.000
TL",3 + 1,130 m²,Manisa / Yunusemre / Muradiye Mah.,Yunusemre
SALİHLİ CİN EMLAK'TAN ÇAPAKLI MAH SATILIK MÜSTAKİL EV VE ARSASI,https://www.hepsiemlak.com/manisa-salihli-capakli-satilik/mustakil-ev/37897-2546,"2.000.000
TL",2 + 1,345 m²,Manisa / Salihli / Çapaklı Mah.,Salihli
EMSALSİZ FIRSAT EŞYALI 1+1 DAİREMİZ,https://www.hepsiemlak.com/manisa-yunusemre-muradiye-satilik/daire/153592-32,"2.340.000
TL",1 + 1,70 m²,Manisa / Yunusemre / Muradiye Mah.,Yunusemre
Çınarlıkuyu mahallesi 2+1 Sıfır Taş Köy Evi,https://www.hepsiemlak.com/manisa-sehzadeler-cinarlikuyu-satilik/mustakil-ev/0-45497369,"3.290.000
TL",2 + 1,130 m²,Manisa / Şehzadeler / Çınarlıkuyu Mah.,Şehzadeler
OSMANCALI ARSA İÇİNDE KÖY EVİ VAR,https://www.hepsiemlak.com/manisa-yunusemre-osmancali-satilik/koy-evi/86276-1242,"3.500.000
TL",3 + 1,430 m²,Manisa / Yunusemre / Osmancalı Mah.,Yunusemre
SAKARYA MAH SATILIK 2+1 KAPALI MUTFAK EŞYALI YÜKSEK ZEMİN,https://www.hepsiemlak.com/manisa-sehzadeler-sakarya-satilik/daire/70124-3984,"2.950.000
TL",2 + 1,85 m²,Manisa / Şehzadeler / Sakarya Mah.,Şehzadeler
ALTIEYLÜL OKULU KARŞISI SATILIK FIRSAT NİTELİĞİNDE 3+1 DAİRE,https://www.hepsiemlak.com/manisa-akhisar-haci-ishak-satilik/daire/94123-2738,"2.100.000
TL",3 + 1,140 m²,Manisa / Akhisar / Hacı İshak Mah.,Akhisar
Manisa Çarşı Merkezde Acil Satılık Özellikli Daire,https://www.hepsiemlak.com/manisa-sehzadeler-akincilar-satilik/daire/0-40616978,"2.950.000
TL",3 + 1,105 m²,Manisa / Şehzadeler / Akıncılar Mah.,Şehzadeler
MANİSA YUNUSEMRE 225 M2 4+1 DUBLEKS DAİRE,https://www.hepsiemlak.com/manisa-yunusemre-kuyualan-satilik/daire/70723-6801,"8.850.000
TL",4 + 1,225 m²,Manisa / Yunusemre / Kuyualan Mah.,Yunusemre
EMRAH EMLAKTAN İNÖNÜ MAH SATILIK DAİRE,https://www.hepsiemlak.com/manisa-akhisar-inonu-satilik/daire/141484-4,"1.700.000
TL",2 + 1,90 m²,Manisa / Akhisar / İnönü Mah.,Akhisar
SALİHLİ ALTINORDU OKULU YANİ ŞAKUZİLİ DUBLEX 2+1 TERASLI DAİRE,https://www.hepsiemlak.com/manisa-salihli-mithatpasa-satilik/daire/139685-216,"2.850.000
TL",2 + 1,145 m²,Manisa / Salihli / Mithatpaşa Mah.,Salihli
TURPA'DAN ACARLAR MH. SATILIK MASRAFSIZ ARAKAT DAİRE,https://www.hepsiemlak.com/manisa-turgutlu-acarlar-satilik/daire/144722-270,"2.950.000
TL",2 + 1,115 m²,Manisa / Turgutlu / Acarlar Mah.,Turgutlu
TEVFİKİYE MAH SATILIK 3+1 ÖNÜ AÇIK ÖZELLİKLİ DAİRE,https://www.hepsiemlak.com/manisa-yunusemre-tevfikiye-satilik/daire/150956-58,"2.850.000
TL",3 + 1,100 m²,Manisa / Yunusemre / Tevfikiye Mah.,Yunusemre
EFENDİ MAH. SATILIK DAİRE,https://www.hepsiemlak.com/manisa-akhisar-efendi-satilik/daire/163472-1,"2.500.000
TL",2 + 1,100 m²,Manisa / Akhisar / Efendi Mah.,Akhisar
ÖZYURTLAR'DAN HAFSASULTAN'DA ASANSÖRLÜ FULL ÖZELLİKLİ ARA KAT,https://www.hepsiemlak.com/manisa-yunusemre-hafsa-sultan-satilik/daire/162860-25,"4.850.000
TL",3 + 1,135 m²,Manisa / Yunusemre / Hafsa Sultan Mah.,Yunusemre
Acil SATILIK İSTASYON MAHALLESİ 3+1. 140 metre kare daire,https://www.hepsiemlak.com/manisa-alasehir-istasyon-satilik/daire/0-45556445,"3.000.000
TL",3 + 1,150 m²,Manisa / Alaşehir / İstasyon Mah.,Alaşehir
GÜZELYURTTA HAVUZLU SİTE İÇERİSİNDE 3+1 EŞSİZ DAİRE,https://www.hepsiemlak.com/manisa-yunusemre-guzelyurt-satilik/daire/114523-381,"7.950.000
TL",3 + 1,160 m²,Manisa / Yunusemre / Güzelyurt Mah.,Yunusemre
Cumhuriyet Caddesi Üzeri Satılık Arakat Daire,https://www.hepsiemlak.com/manisa-turgutlu-yildirim-satilik/daire/154871-25,"2.300.000
TL",2 + 1,100 m²,Manisa / Turgutlu / Yıldırım Mah.,Turgutlu
SARUHANLI MERKEZ'de SATILIK SIFIR 2+1 DAİRE,https://www.hepsiemlak.com/manisa-saruhanli-saruhan-satilik/daire/104090-5,"2.300.000
TL",2 + 1,101 m²,Manisa / Saruhanlı / Saruhan Mah.,Saruhanlı
MANİSA SARUHAN MH ULUCAMİ ALTI LÜKS 2+1 DARİE YERDEN ISITMALI,https://www.hepsiemlak.com/manisa-sehzadeler-saruhan-satilik/daire/162754-7,"4.150.000
TL",2 + 1,105 m²,Manisa / Şehzadeler / Saruhan Mah.,Şehzadeler
ARAS YAPI'DAN İSTASYON CADDESİNDE 1+1 KAPALI OTOPARKLI DAİRE,https://www.hepsiemlak.com/manisa-yunusemre-muradiye-satilik/daire/159142-69,"2.450.000
TL",1 + 1,65 m²,Manisa / Yunusemre / Muradiye Mah.,Yunusemre
HAFSASULTAN MAH SATILIK DAİRE,https://www.hepsiemlak.com/manisa-yunusemre-hafsa-sultan-satilik/daire/152027-35,"3.950.000
TL",3 + 1,140 m²,Manisa / Yunusemre / Hafsa Sultan Mah.,Yunusemre
KÖŞE DAİRE,https://www.hepsiemlak.com/manisa-soma-turgutalp-satilik/daire/691819-1107,"2.650.000
TL",2 + 1,95 m²,Manisa / Soma / Turgutalp Mah.,Soma
BEYAZ GAYRIMENKULDEN KARAYENİCE MH DE SATILIK 483 M2 MÜSTAKİL EV,https://www.hepsiemlak.com/manisa-sehzadeler-karayenice-satilik/mustakil-ev/119915-441,"3.950.000
TL",4 + 1,498 m²,Manisa / Şehzadeler / Karayenice Mah.,Şehzadeler
Ragıpbey Mah. 1. Kat 2+1 Teraslı Daire Asansörlü / Doğalgazlı,https://www.hepsiemlak.com/manisa-akhisar-ragip-bey-satilik/daire/86919-646,"2.550.000
TL",2 + 1,90 m²,Manisa / Akhisar / Ragıp Bey Mah.,Akhisar
MANİSA MERKEZ EFENDİ SATILIK TERASLI 3+1 DAİRE,https://www.hepsiemlak.com/manisa-yunusemre-merkez-efendi-satilik/daire/94966-644,"4.250.000
TL",3 + 1,120 m²,Manisa / Yunusemre / Merkez Efendi Mah.,Yunusemre
ŞEHİR MERKEZİNE YAKIN SIFIR LÜKS DAİRELER,https://www.hepsiemlak.com/manisa-yunusemre-ayni-ali-satilik/daire/162376-11,"3.150.000
TL",1 + 1,60 m²,Manisa / Yunusemre / Ayni Ali Mah.,Yunusemre
SERKAN YILMAZ'DAN EGE MAH. 2+1 95m2 4.KAT FULL ÖZ.,https://www.hepsiemlak.com/manisa-sehzadeler-ege-satilik/daire/161259-15,"2.650.000
TL",2 + 1,100 m²,Manisa / Şehzadeler / Ege Mah.,Şehzadeler
M.KEMAL'DE 5 KAT İMARLI ARSADA 2 DAİRE 1 DÜKKAN KOMPLE SATILIK,https://www.hepsiemlak.com/manisa-turgutlu-mustafa-kemal-satilik/mustakil-ev/154559-29,"6.750.000
TL",3 + 1,209 m²,Manisa / Turgutlu / Mustafa Kemal Mah.,Turgutlu
Akdeniz Emlak'tan Satılık Şehzadeler İlç Arda Mah 3+1 115 m2  Ara Kat Daire,https://www.hepsiemlak.com/manisa-sehzadeler-arda-satilik/daire/22228-10926,"3.200.000
TL",3 + 1,115 m²,Manisa / Şehzadeler / Arda Mah.,Şehzadeler
MANİSA SALİHLİ MERKEZİNDE SATILIK EŞYALI 1+1 DAİRE !,https://www.hepsiemlak.com/manisa-salihli-ataturk-satilik/daire/119344-268,"2.100.000
TL",1 + 1,52 m²,Manisa / Salihli / Atatürk Mah.,Salihli
Reşatbey Mah. Ring Yolu Arkasında Satılık 2+1 Sıfır Daire.,https://www.hepsiemlak.com/manisa-akhisar-resat-bey-satilik/daire/94123-2781,"3.150.000
TL",2 + 1,110 m²,Manisa / Akhisar / Reşat Bey Mah.,Akhisar
Manisa Yunusemre Karaali Villalar Bölgesinde  Satılık 2+1 Eşyalı Daire,https://www.hepsiemlak.com/manisa-yunusemre-karaali-satilik/daire/95753-2106,"6.250.000
TL",2 + 1,120 m²,Manisa / Yunusemre / Karaali Mah.,Yunusemre
YİĞİTLER'DE ATATÜRK BUL. 6 YILLIK DAİRE BAHÇELİ YÜKSEK ZEMİN,https://www.hepsiemlak.com/manisa-turgutlu-yigitler-satilik/daire/154559-33,"2.550.000
TL",2 + 1,130 m²,Manisa / Turgutlu / Yiğitler Mah.,Turgutlu
SATILIK ÇİFTLİK EVİ DAMI 28700 METREKARE İCİNDE,https://www.hepsiemlak.com/manisa-gordes-kayacik-satilik/ciftlik-evi/163779-14,"4.000.000
TL",3 + 0,110 m²,Manisa / Gördes / Kayacık Mah.,Gördes
GARANTİ EMLAK ERGENEKON MAHALLESİ SATILIK MÜSTAKİL  VİLLA,https://www.hepsiemlak.com/manisa-turgutlu-ergenekon-satilik/villa/137655-321,"16.000.000
TL",4 + 1,342 m²,Manisa / Turgutlu / Ergenekon Mah.,Turgutlu
SAHİBİNDEN 3+1 GENİŞ FIRSAT DAİRE,https://www.hepsiemlak.com/manisa-salihli-yoruk-satilik/daire/0-45633664,"3.480.000
TL",3 + 1,150 m²,Manisa / Salihli / Yörük Mah.,Salihli
Turgutlu Merkez'de 2+1 100 m2 Satılık Daire,https://www.hepsiemlak.com/manisa-turgutlu-selvilitepe-satilik/daire/164377-1,"2.600.000
TL",2 + 1,110 m²,Manisa / Turgutlu / Selvilitepe Mah.,Turgutlu
Manisa sehzadeler sultan cami ağaçlı yol 2+1 kombili kapalı mutfak satılık daire,https://www.hepsiemlak.com/manisa-sehzadeler-utku-satilik/daire/49173-193,"3.500.000
TL",2 + 1,90 m²,Manisa / Şehzadeler / Utku Mah.,Şehzadeler
TUNCA MAHALLESİNDE SATILIK 2+1 EŞYALI DAİRE,https://www.hepsiemlak.com/manisa-sehzadeler-tunca-satilik/daire/104090-32,"2.650.000
TL",2 + 1,70 m²,Manisa / Şehzadeler / Tunca Mah.,Şehzadeler
AVŞAR EMLAK'TAN ÇARŞIDA MERKEZDE TERASLI 3+1,https://www.hepsiemlak.com/manisa-sehzadeler-1-anafartalar-satilik/daire/111103-124,"2.200.000
TL",3 + 1,150 m²,Manisa / Şehzadeler / 1. Anafartalar Mah.,Şehzadeler
MANİSA YUNUSEMRE 50.YIL MH 110 m2 LÜKS SATILIK DAİRE,https://www.hepsiemlak.com/manisa-yunusemre-50-yil-satilik/daire/162290-53,"3.450.000
TL",2 + 1,115 m²,Manisa / Yunusemre / 50. Yıl Mah.,Yunusemre
MERKEZEFENDİ MAH. 3+1 KAPALI MUTFAK SATILIK,https://www.hepsiemlak.com/manisa-yunusemre-merkez-efendi-satilik/daire/163278-29,"5.750.000
TL",3 + 1,170 m²,Manisa / Yunusemre / Merkez Efendi Mah.,Yunusemre
Alaşehir merkezinde Satılık 3+1 daire,https://www.hepsiemlak.com/manisa-alasehir-sakarya-satilik/daire/156372-62,"1.800.000
TL",3 + 1,170 m²,Manisa / Alaşehir / Sakarya Mah.,Alaşehir
EVREN EMLAK SATILIK GENİŞ 2+1 DAİRE,https://www.hepsiemlak.com/manisa-turgutlu-yedi-eylul-satilik/daire/163190-25,"2.300.000
TL",2 + 1,110 m²,Manisa / Turgutlu / Yedi Eylül Mah.,Turgutlu
ÇOK ACİL SALİHLİ İSTASTONDA FERAH CADDESİNDE TADİLATLI 3+1 110M2 ARAKAT,https://www.hepsiemlak.com/manisa-salihli-sehitler-satilik/daire/6945-1079,"2.350.000
TL",3 + 1,110 m²,Manisa / Salihli / Şehitler Mah.,Salihli
MURADİYE MAHALLESİNDE 2+1 KÖŞE DAİRE SATILIK DAİRE,https://www.hepsiemlak.com/manisa-yunusemre-muradiye-satilik/daire/163565-125,"3.350.000
TL",2 + 1,85 m²,Manisa / Yunusemre / Muradiye Mah.,Yunusemre
SALİHLİ SEVGİ YOLUNDA EŞYALI 3+1 KLİMALI DAİRE,https://www.hepsiemlak.com/manisa-salihli-mithatpasa-satilik/daire/139685-214,"2.725.000
TL",3 + 1,120 m²,Manisa / Salihli / Mithatpaşa Mah.,Salihli
VİLLALAR BÖLGESİNDE EMSALSİZ SATILIK 2+1  DAİREMİZ,https://www.hepsiemlak.com/manisa-yunusemre-karaali-satilik/daire/163278-27,"5.750.000
TL",2 + 1,100 m²,Manisa / Yunusemre / Karaali Mah.,Yunusemre
Aynıali mah ara kat 3.kat asansörlü önü açık 3+1,https://www.hepsiemlak.com/manisa-yunusemre-ayni-ali-satilik/daire/86276-1250,"4.700.000
TL",3 + 1,130 m²,Manisa / Yunusemre / Ayni Ali Mah.,Yunusemre
MUSTAFA BAŞYİĞİT EMLAKTAN SATILIK SEYİT AHMET TUR YOLUNDA DAİRE,https://www.hepsiemlak.com/manisa-akhisar-medar-satilik/daire/162406-168,"2.780.000
TL",2 + 1,108 m²,Manisa / Akhisar / Medar Mah.,Akhisar
SATILIK KERVANYOLU ÜZERİ DAİRE,https://www.hepsiemlak.com/manisa-turgutlu-yildirim-satilik/daire/154871-14,"1.750.000
TL",2 + 1,110 m²,Manisa / Turgutlu / Yıldırım Mah.,Turgutlu
Eslife'dan Çarşı Yakını Arakat 2+1 Daire,https://www.hepsiemlak.com/manisa-turgutlu-istiklal-satilik/daire/136231-28,"2.850.000
TL",2 + 1,102 m²,Manisa / Turgutlu / İstiklal Mah.,Turgutlu
İSTASYON MAHALLESİNDE SATİLİK EVLER,https://www.hepsiemlak.com/manisa-soma-istasyon-satilik/daire/691819-967,"2.900.000
TL",3 + 1,110 m²,Manisa / Soma / İstasyon Mah.,Soma
TOKİ TURGUTLU’DA GİRİŞ KAT 3+1 FERAH DAİRE MERKEZİ LOKASYON,https://www.hepsiemlak.com/manisa-turgutlu-sehitler-satilik/daire/0-44540662,"2.500.000
TL",3 + 1,135 m²,Manisa / Turgutlu / Şehitler Mah.,Turgutlu
DE-MA EMLAKTAN SATILIK DAİRE,https://www.hepsiemlak.com/manisa-salihli-kirveli-satilik/daire/152193-83,"3.400.000
TL",2 + 1,87 m²,Manisa / Salihli / Kırveli Mah.,Salihli
Dazyurt'ta sahibinden sıfır dubleks ev,https://www.hepsiemlak.com/manisa-yunusemre-dazyurt-satilik/mustakil-ev/0-45528631,"5.700.000
TL",3 + 1,120 m²,Manisa / Yunusemre / Dazyurt Mah.,Yunusemre
Akdeniz Emlak'tan Satılık Manisa Yunus Emre Avdal Mah 7500 m2 İçinde bahçeli Daire,https://www.hepsiemlak.com/manisa-yunusemre-avdal-satilik/daire/22228-10910,"10.400.000
TL",3 + 1,150 m²,Manisa / Yunusemre / Avdal Mah.,Yunusemre
BALIKESİR YOLUNDA İÇİNDE 2+1 EV OLAN HOBİ BAHÇESİ.,https://www.hepsiemlak.com/manisa-akhisar-seyit-ahmet-satilik/ciftlik-evi/0-44762133,"5.850.000
TL",2 + 1,1.220 m²,Manisa / Akhisar / Seyit Ahmet Mah.,Akhisar
HESAPL BAKIMLI BAHCELI DAIRE,https://www.hepsiemlak.com/manisa-turgutlu-sehitler-satilik/daire/160009-67,"2.900.000
TL",2 + 1,105 m²,Manisa / Turgutlu / Şehitler Mah.,Turgutlu
3 ADAM EMLAK'TAN ATATÜRK MH 3+1 SATILIK DAİRE,https://www.hepsiemlak.com/manisa-akhisar-ataturk-satilik/daire/143910-164,"2.100.000
TL",3 + 1,130 m²,Manisa / Akhisar / Atatürk Mah.,Akhisar
KALE EMLAK'TAN HÜRRİYET MAH. 3+1 İÇİ TADİLATLI FIRSAT DAİRE,https://www.hepsiemlak.com/manisa-akhisar-hurriyet-satilik/daire/72050-864,"2.450.000
TL",3 + 1,140 m²,Manisa / Akhisar / Hürriyet Mah.,Akhisar
MUSTAFA BAŞYİĞİT EMLAK'TAN HÜRRİYET'TE 3+1 ZEMİN KAT,https://www.hepsiemlak.com/manisa-akhisar-hurriyet-satilik/daire/162406-41,"1.750.000
TL",3 + 1,130 m²,Manisa / Akhisar / Hürriyet Mah.,Akhisar
M&Ş Gayrumenkulden yeni pazarda satılık lüx villa....,https://www.hepsiemlak.com/manisa-salihli-yenipazar-satilik/villa/139585-152,"8.500.000
TL",3 + 1,795 m²,Manisa / Salihli / Yenipazar Mah.,Salihli
Manisa Karaoğlanlıda Satılık Avlulu Ev Hissesi,https://www.hepsiemlak.com/manisa-sehzadeler-karaoglanli-satilik/mustakil-ev/154466-68,"950.000
TL",3 + 1,2.696 m²,Manisa / Şehzadeler / Karaoğlanlı Mah.,Şehzadeler
YATIRIMLIK MANZARALI MÜSTAKİL EV,https://www.hepsiemlak.com/manisa-sehzadeler-ishakcelebi-satilik/mustakil-ev/162591-10,"2.100.000
TL",2 + 1,119 m²,Manisa / Şehzadeler / İshakçelebı Mah.,Şehzadeler
AKHİSAR ZEYTİNLİOVA DA SATILIK 226 M2 ARSA FİYATINA  KÖY EVİ,https://www.hepsiemlak.com/manisa-akhisar-zeytinliova-satilik/mustakil-ev/119726-1406,"810.000
TL",3 + 1,226 m²,Manisa / Akhisar / Zeytinliova Mah.,Akhisar
SATILIK DAİRE CUMHURİYET MAHALLESİ / AKHİSAR,https://www.hepsiemlak.com/manisa-akhisar-cumhuriyet-satilik/daire/162211-41,"1.975.000
TL",3 + 1,130 m²,Manisa / Akhisar / Cumhuriyet Mah.,Akhisar
TURPADAN DUTLU YOL ÜZERİNDE FIRSAT SATILIK 2+1 DAİRE,https://www.hepsiemlak.com/manisa-turgutlu-yildirim-satilik/daire/144722-286,"2.250.000
TL",2 + 1,900 m²,Manisa / Turgutlu / Yıldırım Mah.,Turgutlu
AKDENİZ Emlak'tan  Satılık Saruhanlı İlç Gözlet Mah 354 m² Müstakil Köy Evi,https://www.hepsiemlak.com/manisa-saruhanli-gozlet-satilik/daire/22228-10962,"1.780.000
TL",2 + 1,354 m²,Manisa / Saruhanlı / Gözlet Mah.,Saruhanlı
SALİHLİ SATILIK 3+1 SİTE İÇİ DAİRE CUMHURİYET MAHALLESİ,https://www.hepsiemlak.com/manisa-salihli-cumhuriyet-satilik/daire/153067-35,"2.750.000
TL",3 + 1,160 m²,Manisa / Salihli / Cumhuriyet Mah.,Salihli
"Doğa'nın içinde,dere manzaralı,Merkez'e 5 dakika mesafede bahçeli villa.",https://www.hepsiemlak.com/manisa-salihli-yenipazar-satilik/villa/0-42949681,"7.300.000
TL",2 + 1,174 m²,Manisa / Salihli / Yenipazar Mah.,Salihli
altay mahallesi acil satılık daire 100 m2 iki kat 2 doğalgazlı bakımlı daire,https://www.hepsiemlak.com/manisa-turgutlu-altay-satilik/daire/154992-50,"2.099.000
TL",2 + 1,100 m²,Manisa / Turgutlu / Altay Mah.,Turgutlu
MUSTAFA BAŞYİĞİT EMLAK'TAN ATATÜRK MAH. SATILIK ZEMİN KAT,https://www.hepsiemlak.com/manisa-akhisar-ataturk-satilik/daire/162406-202,"1.980.000
TL",3 + 1,130 m²,Manisa / Akhisar / Atatürk Mah.,Akhisar
ferahlık sakinlik arayanlara,https://www.hepsiemlak.com/manisa-ahmetli-zafer-satilik/daire/0-45413516,"2.900.000
TL",3 + 1,145 m²,Manisa / Ahmetli / Zafer Mah.,Ahmetli
Atatürk Mahallesi Pazar Pazarı Mevki 5+1 Satılık Dubleks Daire,https://www.hepsiemlak.com/manisa-akhisar-ataturk-satilik/daire/86919-574,"3.500.000
TL",5 + 1,220 m²,Manisa / Akhisar / Atatürk Mah.,Akhisar
FİYAT DÜŞTÜ HEM EVİN OLSUN HEM DÜKKANIN OLSUN,https://www.hepsiemlak.com/manisa-sehzadeler-utku-satilik/daire/162591-9,"3.450.000
TL",1 + 1,120 m²,Manisa / Şehzadeler / Utku Mah.,Şehzadeler
TURPA'DAN BOZKURT OKULU CİVARI SATILIK ARAKAT DAİRE,https://www.hepsiemlak.com/manisa-turgutlu-bozkurt-satilik/daire/144722-268,"2.650.000
TL",2 + 1,110 m²,Manisa / Turgutlu / Bozkurt Mah.,Turgutlu
MANİSA SALİHLİ VERGİ DAİRESİ CİVARINDA SATILIK 2.KAT 1+1 DAİRE,https://www.hepsiemlak.com/manisa-salihli-ataturk-satilik/daire/138755-252,"1.900.000
TL",1 + 1,60 m²,Manisa / Salihli / Atatürk Mah.,Salihli
Manisa karaalide satılık daire idris emlaktan,https://www.hepsiemlak.com/manisa-yunusemre-karaali-satilik/daire/22991-771,"13.500.000
TL",4 + 1,220 m²,Manisa / Yunusemre / Karaali Mah.,Yunusemre
YENİ MAHALEDE ULTRALÜKS SATILIK DUBLEKS DAİRE,https://www.hepsiemlak.com/manisa-turgutlu-yeni-satilik/daire/164247-80,"8.500.000
TL",5 + 1,280 m²,Manisa / Turgutlu / Yeni Mah.,Turgutlu
MUSTAFA BAŞYİĞİT EMLAK'TAN CUMHURİYET'TE 3+1 135M2 DAİRE,https://www.hepsiemlak.com/manisa-akhisar-cumhuriyet-satilik/daire/162406-122,"3.075.000
TL",3 + 1,140 m²,Manisa / Akhisar / Cumhuriyet Mah.,Akhisar
SATILIK NAMIK KEMALDE 2+1 90 M2 OTOPARKLI KOMBİLİ SIFIR DAİRE,https://www.hepsiemlak.com/manisa-salihli-namik-kemal-satilik/daire/150639-45,"3.675.000
TL",2 + 1,90 m²,Manisa / Salihli / Namık Kemal Mah.,Salihli
Manisa Kırkağaç Mahallesinde 3+1 Satılık Sıfır Daire,https://www.hepsiemlak.com/manisa-kirkagac-sair-esref-satilik/daire/2186-12398,"3.400.000
TL",3 + 1,120 m²,Manisa / Kırkağaç / Şair Eşref Mah.,Kırkağaç
HÜRRİYET MAH. İZMİR-İSTANBUL KARAYOLU ÜZERİNDE 3+1 SATILIK DAİRE,https://www.hepsiemlak.com/manisa-akhisar-hurriyet-satilik/daire/94123-2653,"3.500.000
TL",3 + 1,140 m²,Manisa / Akhisar / Hürriyet Mah.,Akhisar
2+1 Atatürk mh satılık daire,https://www.hepsiemlak.com/manisa-saruhanli-ataturk-satilik/daire/163108-6,"2.750.000
TL",2 + 1,90 m²,Manisa / Saruhanlı / Atatürk Mah.,Saruhanlı
Manisa / Yeni Mahalle’de Bahçeli 2+1 Satılık Daire ⭕️,https://www.hepsiemlak.com/manisa-yunusemre-yeni-mahalle-satilik/daire/95753-2060,"4.000.000
TL",2 + 1,110 m²,Manisa / Yunusemre / Yeni Mahalle Mah.,Yunusemre
MANİSA KARAALİDE 1+1 SIFIR KULNILMAMIŞ BAHÇE KATI,https://www.hepsiemlak.com/manisa-yunusemre-muradiye-satilik/daire/17068-1277,"3.600.000
TL",1 + 1,60 m²,Manisa / Yunusemre / Muradiye Mah.,Yunusemre
MUSTAFA BAŞYİĞİT EMLAKTAN SATILIK ATATÜRK MAHALLESİNDE DAİRE,https://www.hepsiemlak.com/manisa-akhisar-ataturk-satilik/daire/162406-163,"3.550.000
TL",2 + 1,130 m²,Manisa / Akhisar / Atatürk Mah.,Akhisar
Mergenden Seyitahmet Mahallesinde (Acil Satılık)2+1 105m2,https://www.hepsiemlak.com/manisa-akhisar-seyit-ahmet-satilik/daire/160594-19,"2.585.000
TL",2 + 1,115 m²,Manisa / Akhisar / Seyit Ahmet Mah.,Akhisar
YILDIZ GAYRİMENKUL'DEN AKSELENDİ MAHALLESİ ÇARŞI MERKEZİNDE ACİL 290 m2 MÜSTAKİL EV VE ARSASI,https://www.hepsiemlak.com/manisa-akhisar-akselendi-satilik/mustakil-ev/163627-9,"1.580.000
TL",2 + 1,290 m²,Manisa / Akhisar / Akselendi Mah.,Akhisar
Satılık Daire 2. Anafartalar Mah.,https://www.hepsiemlak.com/manisa-sehzadeler-2-anafartalar-satilik/daire/15578-408,"3.250.000
TL",3 + 1,120 m²,Manisa / Şehzadeler / 2. Anafartalar Mah.,Şehzadeler
GENİŞ BAHÇELİ EV,https://www.hepsiemlak.com/manisa-soma-karamanli-satilik/mustakil-ev/691819-1114,"1.850.000
TL",2 + 1,460 m²,Manisa / Soma / Karamanlı Mah.,Soma
ŞEHZADELER KARAĞAÇLI BAHÇELİ MÜSTAKİL EV,https://www.hepsiemlak.com/manisa-sehzadeler-karaagacli-satilik/mustakil-ev/109960-213,"4.200.000
TL",3 + 1,231 m²,Manisa / Şehzadeler / Karaağaçlı Mah.,Şehzadeler
2katlı müstakil ev kapalı otoparklı,https://www.hepsiemlak.com/manisa-akhisar-resat-bey-satilik/bina/0-38184701,"11.000.000
TL",4 + 2,280 m²,Manisa / Akhisar / Reşat Bey Mah.,Akhisar
Soma 13 Eylül Mh de Satılık müstakil ev,https://www.hepsiemlak.com/manisa-soma-onuc-eylul-satilik/mustakil-ev/158110-281,"3.500.000
TL",2 + 1,300 m²,Manisa / Soma / Onüç Eylül Mah.,Soma
SALİHLİ SATILIK 210 M2 DUBLEX DAİRE NAMIK KEMAL MAH.,https://www.hepsiemlak.com/manisa-salihli-namik-kemal-satilik/daire/153067-55,"5.295.000
TL",3 + 1,210 m²,Manisa / Salihli / Namık Kemal Mah.,Salihli
ERDEM EMLAK'TAN SATILIK EŞYALI 1+1 DAİRE,https://www.hepsiemlak.com/manisa-salihli-gaziler-satilik/daire/158161-92,"1.925.000
TL",1 + 1,50 m²,Manisa / Salihli / Gaziler Mah.,Salihli
Manisa/ Muradiye Güvenlikli Site içi 2+1 Satılık Daire ⭕️,https://www.hepsiemlak.com/manisa-yunusemre-muradiye-satilik/daire/95753-2066,"3.175.000
TL",2 + 1,85 m²,Manisa / Yunusemre / Muradiye Mah.,Yunusemre
satılık 1+1 daire,https://www.hepsiemlak.com/manisa-salihli-gaziler-satilik/daire/57265-21,"1.650.000
TL",1 + 1,55 m²,Manisa / Salihli / Gaziler Mah.,Salihli
Satılık Mustakil Ev Sarma  Mah.,https://www.hepsiemlak.com/manisa-yunusemre-sarma-satilik/mustakil-ev/15578-410,"2.700.000
TL",2 + 1,180 m²,Manisa / Yunusemre / Sarma Mah.,Yunusemre
Akhisar Kethüda Mahallesi'nde 3+1 Satılık Daire,https://www.hepsiemlak.com/manisa-akhisar-kethuda-satilik/daire/94137-1378,"2.150.000
TL",3 + 1,130 m²,Manisa / Akhisar / Kethüda Mah.,Akhisar
SALİHLİ CUMHURİYET MAHALLESİNDE SATILIK 3.KAT 2+1 SATILIK DAİRE,https://www.hepsiemlak.com/manisa-salihli-cumhuriyet-satilik/daire/138755-300,"2.600.000
TL",2 + 1,105 m²,Manisa / Salihli / Cumhuriyet Mah.,Salihli
ŞEHRİN GÖBEĞİNDE ULTRA LÜKS ÖZEL YAPIM DUBLEKS,https://www.hepsiemlak.com/manisa-sehzadeler-peker-satilik/daire/163278-48,"9.650.000
TL",3 + 1,200 m²,Manisa / Şehzadeler / Peker Mah.,Şehzadeler
MANİSA GRAND MEDİKAL CİVARI SİTE İÇİ 185 M2 SATILIK ARAKAT,https://www.hepsiemlak.com/manisa-yunusemre-cumhuriyet-satilik/daire/162290-55,"9.750.000
TL",3 + 1,185 m²,Manisa / Yunusemre / Cumhuriyet Mah.,Yunusemre
TAM NOKTA TURGUTLU'DAN CUMHURİYET MAH.SIFIR DUBLEKS DAİRE,https://www.hepsiemlak.com/manisa-turgutlu-cumhuriyet-satilik/daire/156788-21,"4.200.000
TL",4 + 1,160 m²,Manisa / Turgutlu / Cumhuriyet Mah.,Turgutlu
ÖZ DOST EMLAKTAN MURADİYEDE SATILIK 1+1 OFİS DAİRE,https://www.hepsiemlak.com/manisa-yunusemre-muradiye-satilik/daire/137460-69,"2.900.000
TL",1 + 1,46 m²,Manisa / Yunusemre / Muradiye Mah.,Yunusemre
POLAT LİVE EMLAK'TAN SOMANIN KALBİNDE SÜPER KONUMLU DAİRE,https://www.hepsiemlak.com/manisa-soma-kurtulus-satilik/daire/144057-582,"3.420.000
TL",3 + 1,180 m²,Manisa / Soma / Kurtuluş Mah.,Soma
MANİSA SURHANLI MH SIFIR ASANSÖRLÜ SATILIK ARAKAT DAİRE,https://www.hepsiemlak.com/manisa-saruhanli-sehitler-satilik/daire/162290-56,"3.100.000
TL",2 + 1,147 m²,Manisa / Saruhanlı / Şehitler Mah.,Saruhanlı
Manisa Güzelyurt Mh. 2+1 Kapalı Mutfak Site İçi Yatırımlık Satılık Daire,https://www.hepsiemlak.com/manisa-yunusemre-guzelyurt-satilik/daire/95753-1879,"3.100.000
TL",2 + 1,85 m²,Manisa / Yunusemre / Güzelyurt Mah.,Yunusemre
FIRSAT FIRSAT MANISA KÖPRÜBAŞI MUSTAKIL KÖYEVI FIRSAT,https://www.hepsiemlak.com/manisa-koprubasi-yabaci-satilik/koy-evi/119083-1199,"1.350.000
TL",3 + 1,180 m²,Manisa / Köprübaşı / Yabacı Mah.,Koprubasi
TURPA'DAN SELVİLİTEP MAH. SATILIK 2 KATLI MÜSTAKİL FIRSAT EV,https://www.hepsiemlak.com/manisa-turgutlu-selvilitepe-satilik/mustakil-ev/144722-283,"6.500.000
TL",3 + 1,141 m²,Manisa / Turgutlu / Selvilitepe Mah.,Turgutlu
MANİSA SALİHLİDE YOLKENARI İÇİNDE 80m2 EVİ VE HERTÜRLÜ MEYVENİN OLDUĞU 1885m2 TEKTAPU ARAZİ,https://www.hepsiemlak.com/manisa-salihli-taytan-satilik/koy-evi/116952-251,"4.600.000
TL",2 + 1,85 m²,Manisa / Salihli / Taytan Mah.,Salihli
ÖZ DOST EMLAKTAN MURADİYEDE SATILIK 2+1 DAİRE,https://www.hepsiemlak.com/manisa-yunusemre-muradiye-satilik/daire/137460-63,"2.849.000
TL",2 + 1,70 m²,Manisa / Yunusemre / Muradiye Mah.,Yunusemre
Albayrak Mahallesi 90 M2 acil satılık iki katlı müstakil ev,https://www.hepsiemlak.com/manisa-turgutlu-albayrak-satilik/mustakil-ev/154992-44,"1.790.000
TL",2 + 1,90 m²,Manisa / Turgutlu / Albayrak Mah.,Turgutlu
Subaşı Mahallesi Satılık Daire,https://www.hepsiemlak.com/manisa-turgutlu-subasi-satilik/daire/160048-12,"2.999.000
TL",3 + 1,120 m²,Manisa / Turgutlu / Subaşı Mah.,Turgutlu
ATATÜRK MAHALLESİNDE 4 YILLIK 2+1 FULLÜKS 85 m2 ARAKAT DAİRE,https://www.hepsiemlak.com/manisa-yunusemre-ataturk-satilik/daire/147260-29,"3.175.000
TL",2 + 1,85 m²,Manisa / Yunusemre / Atatürk Mah.,Yunusemre
REŞATBEY MAH. SATILIK SIFIR 2+1 DAİRE,https://www.hepsiemlak.com/manisa-akhisar-resat-bey-satilik/daire/163257-34,"3.050.000
TL",2 + 1,90 m²,Manisa / Akhisar / Reşat Bey Mah.,Akhisar
🔥MANİSA AKHİSAR HASHOCA MAH.❗️PEHLİVAN İLKÖĞRETİM KARŞISI FIRSAT SATILIK 2 +1  DAİRE,https://www.hepsiemlak.com/manisa-akhisar-has-hoca-satilik/daire/143974-177,"1.560.000
TL",2 + 1,115 m²,Manisa / Akhisar / Has Hoca Mah.,Akhisar
AKHİSAR ATATÜRK FAHRİ SERTEL EMLAKTAN SATILIK 3+1 DAİRE,https://www.hepsiemlak.com/manisa-akhisar-ataturk-satilik/daire/144740-265,"2.950.000
TL",3 + 1,145 m²,Manisa / Akhisar / Atatürk Mah.,Akhisar
MUSTAFA BAŞYİĞİT EMLAKTAN EFENDİ MAH RİNGYOLU ÜZERİ SATILIK 2+0,https://www.hepsiemlak.com/manisa-akhisar-efendi-satilik/daire/162406-201,"2.590.000
TL",2 + 0,70 m²,Manisa / Akhisar / Efendi Mah.,Akhisar
MANİSA MURADİYE'DE 2+1 ZEMİN SATILIK,https://www.hepsiemlak.com/manisa-yunusemre-muradiye-satilik/daire/150932-55,"1.700.000
TL",2 + 1,75 m²,Manisa / Yunusemre / Muradiye Mah.,Yunusemre
Satılık Daire,https://www.hepsiemlak.com/manisa-yunusemre-yeni-mahalle-satilik/bina/0-45392358,"4.750.000
TL",2 + 1,110 m²,Manisa / Yunusemre / Yeni Mahalle Mah.,Yunusemre
SATILIK SIFIR 2+1 DAİRELER,https://www.hepsiemlak.com/manisa-soma-turgutalp-satilik/daire/691819-1035,"2.750.000
TL",2 + 1,100 m²,Manisa / Soma / Turgutalp Mah.,Soma
CUMHURİYET MH DUBLEKS SATILIK DAİRE,https://www.hepsiemlak.com/manisa-saruhanli-cumhuriyet-satilik/daire/163108-8,"8.650.000
TL",6 + 1,285 m²,Manisa / Saruhanlı / Cumhuriyet Mah.,Saruhanlı
"UYGUN FİYAT, FIRSAT DAİRE, PAZARLIKLI, CUMHURİYET MH.140 M2, BAHÇELİ, 3+1, KOMBİLİ, FERAH, ARAKAT",https://www.hepsiemlak.com/manisa-turgutlu-cumhuriyet-satilik/daire/155616-6,"2.650.000
TL",3 + 1,150 m²,Manisa / Turgutlu / Cumhuriyet Mah.,Turgutlu
MANİSA AKHİSAR HÜRRİYET MAH.SATILIK SIFIR  3+1 DAİRE 3.350.000TL,https://www.hepsiemlak.com/manisa-akhisar-hurriyet-satilik/daire/143974-425,"3.350.000
TL",2 + 1,100 m²,Manisa / Akhisar / Hürriyet Mah.,Akhisar
Manisa Yeni Mah. Mahallesi 4+1 Zeminden Asansörlü Önü Açık Satılık Dubleks,https://www.hepsiemlak.com/manisa-yunusemre-barbaros-satilik/daire/95753-2093,"4.200.000
TL",4 + 1,240 m²,Manisa / Yunusemre / Barbaros Mah.,Yunusemre
SATILIK YÖRÜKTE 3+1 125 M2 KOMBİLİ ÖZEL OTOPARKLI KÖŞE DAİRE,https://www.hepsiemlak.com/manisa-salihli-cumhuriyet-satilik/daire/150639-50,"4.900.000
TL",3 + 1,125 m²,Manisa / Salihli / Cumhuriyet Mah.,Salihli
YILDIZ GAYRİMENKUL'DEN SEYİT AHMET MAHALLESİ TUR YOLUNA 90 METRE UZAKLIKTA 3+1 SATILIK ARA KAT DAİRE,https://www.hepsiemlak.com/manisa-akhisar-seyit-ahmet-satilik/daire/163627-8,"3.625.000
TL",3 + 1,135 m²,Manisa / Akhisar / Seyit Ahmet Mah.,Akhisar
Merkezez efendi mah arakat full,https://www.hepsiemlak.com/manisa-yunusemre-merkez-efendi-satilik/daire/133144-192,"4.900.000
TL",2 + 1,90 m²,Manisa / Yunusemre / Merkez Efendi Mah.,Yunusemre
"MANİSA SALİHLİ, HACIBEKTAŞ MAHALLESİNDE SATILIK 2 KATLI EV",https://www.hepsiemlak.com/manisa-salihli-hacibektasli-satilik/daire/140101-19,"6.750.000
TL",3 + 1,148 m²,Manisa / Salihli / Hacıbektaşlı Mah.,Salihli
MANİSA AKHİSAR ULUCAMİ MAH. ‼️DUBLEKS SATILIK 5+1 DAİRE,https://www.hepsiemlak.com/manisa-akhisar-ulu-camii-satilik/daire/143974-302,"6.600.000
TL",5 + 1,150 m²,Manisa / Akhisar / Ulu Camii Mah.,Akhisar
Manisa Demirci'de  Üniversiteye  100 Metre Mesafesinde Müstakil Girişli Bahçeli 2+0 Satılık Daire,https://www.hepsiemlak.com/manisa-demirci-hacihamza-satilik/daire/51456-7482,"1.685.000
TL",2 + 1,65 m²,Manisa / Demirci / Hacıhamza Mah.,Demirci
Akdeniz Emlak'tan Satılık Yunus Emre İlç Barbaros Mah 3+1 Daire,https://www.hepsiemlak.com/manisa-yunusemre-barbaros-satilik/daire/22228-10976,"3.300.000
TL",3 + 1,110 m²,Manisa / Yunusemre / Barbaros Mah.,Yunusemre
SALİHLİ KURTULUŞ  MAHALLESİNDE SATILIK  2+1 DAİRE,https://www.hepsiemlak.com/manisa-salihli-kurtulus-satilik/daire/138755-296,"4.500.000
TL",2 + 1,110 m²,Manisa / Salihli / Kurtuluş Mah.,Salihli
Çarşı Yarhasanlar mah 3+1 ful asansörlü ara kat,https://www.hepsiemlak.com/manisa-sehzadeler-yarhasanlar-satilik/daire/86276-1251,"5.200.000
TL",3 + 1,135 m²,Manisa / Şehzadeler / Yarhasanlar Mah.,Şehzadeler
Manisa Meydan Sitesi Yarı Eşyalı 1+1 Sıfır Daire Satılık(Kira Garantili),https://www.hepsiemlak.com/manisa-yunusemre-uncubozkoy-satilik/daire/116537-462,"4.850.000
TL",1 + 1,48 m²,Manisa / Yunusemre / Uncubozköy Mah.,Yunusemre
Akhisar Atatürk Mahallesi'nde 2+1 Satılık Daire,https://www.hepsiemlak.com/manisa-akhisar-ataturk-satilik/daire/94137-1394,"3.650.000
TL",2 + 1,105 m²,Manisa / Akhisar / Atatürk Mah.,Akhisar
BARAKA GAYRİMENKUL’DEN YENİ MAHALLEDE YENİ DUBLEKS,https://www.hepsiemlak.com/manisa-yunusemre-yeni-mahalle-satilik/daire/74020-938,"5.850.000
TL",3 + 1,200 m²,Manisa / Yunusemre / Yeni Mahalle Mah.,Yunusemre
GÜZELYURT SİTE İÇİ 4+1 HAVUZLU SAUNALI ARAKAT,https://www.hepsiemlak.com/manisa-yunusemre-guzelyurt-satilik/daire/104090-18,"11.750.000
TL",4 + 1,174 m²,Manisa / Yunusemre / Güzelyurt Mah.,Yunusemre
MURADİYE CUMHURİYET OKULU CİVARI SATILIK ARAKAT 1+1 DAİRE,https://www.hepsiemlak.com/manisa-yunusemre-muradiye-satilik/daire/113593-292,"2.350.000
TL",1 + 1,50 m²,Manisa / Yunusemre / Muradiye Mah.,Yunusemre
NOVA'DAN ERGENEKON MAH.SATILIK 3+1 MÜSTAKİL OTOPARKLI LÜKS DAİRE,https://www.hepsiemlak.com/manisa-turgutlu-ergenekon-satilik/daire/123058-1791,"6.750.000
TL",3 + 1,155 m²,Manisa / Turgutlu / Ergenekon Mah.,Turgutlu
SATILIK YEŞİLYURTTA 2+1 85M2 DOĞALGAZLI OTOPARKLI FIRSAT DAİRE,https://www.hepsiemlak.com/manisa-salihli-yesilyurt-satilik/daire/150639-48,"2.800.000
TL",2 + 1,85 m²,Manisa / Salihli / Yeşilyurt Mah.,Salihli
SALİHLİ CUMHURİYET MAH. 3+1 ARA KAT SATILIK DAİRE,https://www.hepsiemlak.com/manisa-salihli-cumhuriyet-satilik/daire/154167-410,"4.100.000
TL",3 + 1,145 m²,Manisa / Salihli / Cumhuriyet Mah.,Salihli
YILDIZ GAYRİMENKUL'DEN HÜRRİYET MAHALLESİ KESKİNOĞLU ORTAOKULU-DOĞUŞ YAKINI 90m2 SATILIK 2+1 DAİRE,https://www.hepsiemlak.com/manisa-akhisar-hurriyet-satilik/daire/163627-7,"3.600.000
TL",2 + 1,90 m²,Manisa / Akhisar / Hürriyet Mah.,Akhisar
Manisa Yunusemre Yeni Mahalle 4+1 Açık Mutfak Dubleks 3 Balkonlu Teraslı,https://www.hepsiemlak.com/manisa-yunusemre-yeni-mahalle-satilik/daire/95753-2076,"4.200.000
TL",4 + 1,240 m²,Manisa / Yunusemre / Yeni Mahalle Mah.,Yunusemre
MANİSA GÜZELYURT TARZAN BULVARINDA SATILIK KÖŞE VİLLA,https://www.hepsiemlak.com/manisa-yunusemre-guzelyurt-satilik/villa/94966-795,"16.500.000
TL",4 + 1,257 m²,Manisa / Yunusemre / Güzelyurt Mah.,Yunusemre
ALAŞEHİR YENİCE MH DE ARA KAT SATILIK GAR KARŞISINDA DAİRE,https://www.hepsiemlak.com/manisa-alasehir-yenice-satilik/daire/160695-51,"3.500.000
TL",3 + 1,120 m²,Manisa / Alaşehir / Yenice Mah.,Alaşehir
MANİSA SALİHLİ ADALA'DA SATILIK EV VE BAHÇE,https://www.hepsiemlak.com/manisa-salihli-adala-satilik/mustakil-ev/140101-33,"3.250.000
TL",3 + 1,165 m²,Manisa / Salihli / Adala Mah.,Salihli
BAŞUSTA GAYRİMENKUL'DEN HALİL KALE CADDE ÜZERİ DAİRE,https://www.hepsiemlak.com/manisa-turgutlu-subasi-satilik/daire/164377-3,"2.600.000
TL",2 + 1,110 m²,Manisa / Turgutlu / Subaşı Mah.,Turgutlu
SALİHLİ  YENİKÖYDE SATILIK DAĞ EVİ,https://www.hepsiemlak.com/manisa-salihli-yenikoy-satilik/dag-evi/104662-632,"12.000.000
TL",3 + 1,200 m²,Manisa / Salihli / Yeniköy Mah.,Salihli
Yenimahalle Satılık Daire,https://www.hepsiemlak.com/manisa-yunusemre-yeni-mahalle-satilik/daire/109960-215,"3.970.000
TL",2 + 1,83 m²,Manisa / Yunusemre / Yeni Mahalle Mah.,Yunusemre
Güzelyurt'ta Noran Park Sitesi  3+1 açık mutfak full özellikli satılık daire,https://www.hepsiemlak.com/manisa-yunusemre-cumhuriyet-satilik/daire/160440-30,"6.750.000
TL",3 + 1,115 m²,Manisa / Yunusemre / Cumhuriyet Mah.,Yunusemre
BAŞUSTA GAYRİMENKUL'DEN CUMHURİYET'TE FIRSAT DAİRE,https://www.hepsiemlak.com/manisa-turgutlu-cumhuriyet-satilik/daire/164377-2,"3.250.000
TL",2 + 1,115 m²,Manisa / Turgutlu / Cumhuriyet Mah.,Turgutlu
MANİSA MERKEZDE TAPU KARŞISI TADİLATLI 3+1 SATILIK DAİRE,https://www.hepsiemlak.com/manisa-sehzadeler-peker-satilik/daire/113593-301,"3.700.000
TL",3 + 1,140 m²,Manisa / Şehzadeler / Peker Mah.,Şehzadeler
TURGUTLU GÜNEY KÖYÜ ŞAHANE ÇİFTLİK EVİ VE MEYVA BAHÇESİ,https://www.hepsiemlak.com/manisa-turgutlu-guney-satilik/ciftlik-evi/153004-248,"9.900.000
TL",Stüdyo,160 m²,Manisa / Turgutlu / Güney Mah.,Turgutlu
MANİSA TURGUTLU ERGENEKON M SATILIK 3+1(130m)DAİRE,https://www.hepsiemlak.com/manisa-turgutlu-ergenekon-satilik/daire/164007-37,"3.300.000
TL",4 + 1,135 m²,Manisa / Turgutlu / Ergenekon Mah.,Turgutlu
ZEKİ EMLAK'TAN MURADİYE'DE SATILIK 1+1 SIFIR DAİRE,https://www.hepsiemlak.com/manisa-yunusemre-muradiye-satilik/daire/156185-466,"2.575.000
TL",1 + 1,50 m²,Manisa / Yunusemre / Muradiye Mah.,Yunusemre
DE&MA EMLAK’TAN 3000 M2 ARSA İÇİNDE 7+1 TRİBLEX VİLLA,https://www.hepsiemlak.com/manisa-salihli-gokkoy-satilik/villa/152193-76,"35.000.000
TL",7 + 1,300 m²,Manisa / Salihli / Gökköy Mah.,Salihli
MUSTAFA BAŞYİĞİT EMLAK'TAN SATILIK DAİRE TAHİR ÜN CADDESİNDE,https://www.hepsiemlak.com/manisa-akhisar-pasa-satilik/daire/162406-244,"3.850.000
TL",3 + 1,165 m²,Manisa / Akhisar / Paşa Mah.,Akhisar
ZEKİ EMLAK'TAN MURADİYE MH İSTASYON CİVARINDA 2+1 LÜKS DAİRE,https://www.hepsiemlak.com/manisa-yunusemre-muradiye-satilik/daire/156185-355,"2.990.000
TL",2 + 1,75 m²,Manisa / Yunusemre / Muradiye Mah.,Yunusemre
Yatırımlık fırsat daire,https://www.hepsiemlak.com/manisa-turgutlu-istiklal-satilik/daire/164247-104,"2.150.000
TL",2 + 1,85 m²,Manisa / Turgutlu / İstiklal Mah.,Turgutlu
ZEKİ EMLAK'TAN MANİSA MURADİYE'DE SATILIK 2+1 ARA KAT DAİRE..,https://www.hepsiemlak.com/manisa-yunusemre-muradiye-satilik/daire/156185-289,"2.950.000
TL",2 + 1,75 m²,Manisa / Yunusemre / Muradiye Mah.,Yunusemre
MUSTAFA KEMAL MAHALLESİ'NDE SATILIK SIFIR 2+1 ARAKAT DAİRE,https://www.hepsiemlak.com/manisa-turgutlu-mustafa-kemal-satilik/daire/164247-105,"2.300.000
TL",2 + 1,85 m²,Manisa / Turgutlu / Mustafa Kemal Mah.,Turgutlu
çatı aralı mesken,https://www.hepsiemlak.com/manisa-yunusemre-muradiye-satilik/daire/0-45671720,"7.900.000
TL",5 + 1,250 m²,Manisa / Yunusemre / Muradiye Mah.,Yunusemre
Manisa Şehzadeler 2.Anafartalar Mahallesi 4+1 Yüksek Zemin Ful Özellikli Satılık Daire,https://www.hepsiemlak.com/manisa-sehzadeler-2-anafartalar-satilik/daire/95753-2034,"4.100.000
TL",4 + 1,145 m²,Manisa / Şehzadeler / 2. Anafartalar Mah.,Şehzadeler
GARANTİ EMLAK LİDYA GARDEN CİTY SATILIK  DAİRE,https://www.hepsiemlak.com/manisa-turgutlu-irlamaz-satilik/daire/137655-325,"5.400.000
TL",3 + 1,130 m²,Manisa / Turgutlu / Irlamaz Mah.,Turgutlu
Akdeniz Emlak'tan Satılık Yunus Emre Maraşal Fevzi Çakmak Mah 2 kat Bina,https://www.hepsiemlak.com/manisa-yunusemre-maresal-fevzi-cakmak-satilik/daire/22228-10941,"8.980.000
TL",6 + 2,275 m²,Manisa / Yunusemre / Mareşal Fevzi Çakmak Mah.,Yunusemre
"ARI EMLAK‘TAN ADLİYE VE EMNİYET'E YAKIN ASANSÖRLÜ, DOĞALGAZLI,  2+1, MASRAFSIZ, SATILIK LÜKS DAİRE",https://www.hepsiemlak.com/manisa-turgutlu-sehitler-satilik/daire/155616-25,"3.750.000
TL",2 + 1,120 m²,Manisa / Turgutlu / Şehitler Mah.,Turgutlu
YATIRIMLIK! ARDA MAH. KENZİ CADDESİNE CEPHE 2+1 İÇİ KOMPLE YENİLENMİŞ DAİRE,https://www.hepsiemlak.com/manisa-sehzadeler-arda-satilik/daire/154167-329,"3.400.000
TL",2 + 1,75 m²,Manisa / Şehzadeler / Arda Mah.,Şehzadeler
ERSOY'DAN SATILIK FUL LÜKS 3+1 KAPALI MUTFAK,https://www.hepsiemlak.com/manisa-yunusemre-cumhuriyet-satilik/daire/114523-424,"3.475.000
TL",3 + 1,120 m²,Manisa / Yunusemre / Cumhuriyet Mah.,Yunusemre
TAM NOKTA TURGUTLUDAN SATILIK SELVİLİTEPE DE BAHÇELİ ZEMİN DAİRE,https://www.hepsiemlak.com/manisa-turgutlu-selvilitepe-satilik/daire/156788-153,"2.100.000
TL",2 + 1,159 m²,Manisa / Turgutlu / Selvilitepe Mah.,Turgutlu
MANİSA SALİHLİ YEŞİLOVA MAHALLESİ'NDE SATILIK ARSA VE EVLER,https://www.hepsiemlak.com/manisa-salihli-yesilova-satilik/daire/140101-45,"4.800.000
TL",3 + 1,157 m²,Manisa / Salihli / Yeşilova Mah.,Salihli
Akdeniz Emlaktan Satılık Yunus Emre İlç Muradiye Mah 4+1 Dubleks Daire,https://www.hepsiemlak.com/manisa-yunusemre-muradiye-satilik/daire/22228-10924,"4.490.000
TL",4 + 1,160 m²,Manisa / Yunusemre / Muradiye Mah.,Yunusemre
GARANTİ EMLAK KURTULUŞ MAHALLESİ SATILIK DAİRE,https://www.hepsiemlak.com/manisa-turgutlu-sehitler-satilik/daire/137655-322,"2.350.000
TL",3 + 1,105 m²,Manisa / Turgutlu / Şehitler Mah.,Turgutlu
NOVADA AVM ÜZERİ FATİH CAMİ KARŞISINDA SATILIK LÜKS 3+1 DAİRE,https://www.hepsiemlak.com/manisa-akhisar-seyit-ahmet-satilik/daire/94123-2678,"4.150.000
TL",3 + 1,125 m²,Manisa / Akhisar / Seyit Ahmet Mah.,Akhisar
MURADİYE MERKEZİ LOKASYONDA ÖZELLİKLİ ARAKAT SATILIK 3+1 DAİRE,https://www.hepsiemlak.com/manisa-yunusemre-muradiye-satilik/daire/113593-294,"4.600.000
TL",3 + 1,145 m²,Manisa / Yunusemre / Muradiye Mah.,Yunusemre
MURADİYE MAHALLESİ SATILIK 3+1 A.MUTFAK DAİRE,https://www.hepsiemlak.com/manisa-yunusemre-muradiye-satilik/daire/70124-3991,"3.950.000
TL",3 + 1,115 m²,Manisa / Yunusemre / Muradiye Mah.,Yunusemre
75. YIL MAHALLESİNDE 2+1 SATILIK DAİRE,https://www.hepsiemlak.com/manisa-yunusemre-75-yil-satilik/daire/94966-792,"4.650.000
TL",2 + 1,100 m²,Manisa / Yunusemre / 75. Yıl Mah.,Yunusemre
Manisa Salihli Kurtuluş Mahallesinde Satılık 2.Kat 3+1 Daire,https://www.hepsiemlak.com/manisa-salihli-kurtulus-satilik/daire/138755-287,"4.650.000
TL",3 + 1,145 m²,Manisa / Salihli / Kurtuluş Mah.,Salihli
HAFSA SULTAN 3+1 AÇIK MUTFAK FULL ÖZELLİKLİ DAİRE,https://www.hepsiemlak.com/manisa-yunusemre-hafsa-sultan-satilik/daire/163278-71,"4.550.000
TL",3 + 1,125 m²,Manisa / Yunusemre / Hafsa Sultan Mah.,Yunusemre
Yeni Mahallede Üst Düzey Dubleks,https://www.hepsiemlak.com/manisa-turgutlu-yeni-satilik/daire/160048-117,"8.500.000
TL",5 + 1,280 m²,Manisa / Turgutlu / Yeni Mah.,Turgutlu
GÖKAY GRUP'tan Kupon 3+1 Satılık daire,https://www.hepsiemlak.com/manisa-alasehir-kurtulus-satilik/daire/156372-96,"5.000.000
TL",3 + 1,155 m²,Manisa / Alaşehir / Kurtuluş Mah.,Alaşehir
SATILIK KELİDE 3+1 125 M2 KOMBİLİ ÖZEL OTOPARKLI SIFIR ARA KAT,https://www.hepsiemlak.com/manisa-salihli-keli-satilik/daire/150639-56,"3.650.000
TL",3 + 1,125 m²,Manisa / Salihli / Keli Mah.,Salihli
MANİSA ÖĞRETMEN EVİ YANI 3+1 ARAKAT ASANSÖRLÜ LÜKS DAİRE,https://www.hepsiemlak.com/manisa-sehzadeler-peker-satilik/daire/158110-280,"7.700.000
TL",3 + 1,145 m²,Manisa / Şehzadeler / Peker Mah.,Şehzadeler
SALİHLİ ERDEM EMLAKTAN SATILIK KÖPRÜBAŞINDA  FERAH 2+1 DAİRE,https://www.hepsiemlak.com/manisa-koprubasi-temrek-satilik/daire/158161-138,"3.150.000
TL",2 + 1,110 m²,Manisa / Köprübaşı / Temrek Mah.,Koprubasi
BEFT GAYRİMENKUL DEN HAFSA SULTAN MH SATILIK İZMİR BURSA SÜRAT YOLU FULL 3+1 145 M2 ARAKAT,https://www.hepsiemlak.com/manisa-yunusemre-hafsa-sultan-satilik/daire/162044-140,"6.800.000
TL",3 + 1,145 m²,Manisa / Yunusemre / Hafsa Sultan Mah.,Yunusemre
TARSSA GAYRİMENKUL'DEN MANİSA TURGUTLUDA 2+1 DAİRE!,https://www.hepsiemlak.com/manisa-turgutlu-yildirim-satilik/daire/159897-10,"2.800.000
TL",2 + 1,90 m²,Manisa / Turgutlu / Yıldırım Mah.,Turgutlu
Yatırımcıya kupon mevki 3+1 masrafsız arakat,https://www.hepsiemlak.com/manisa-sehzadeler-yarhasanlar-satilik/daire/133144-220,"4.200.000
TL",3 + 1,120 m²,Manisa / Şehzadeler / Yarhasanlar Mah.,Şehzadeler
Merkezi Konumda Ultra Lüx Satılık Daire,https://www.hepsiemlak.com/manisa-yunusemre-muradiye-satilik/daire/152164-36,"5.700.000
TL",3 + 1,120 m²,Manisa / Yunusemre / Muradiye Mah.,Yunusemre
M&Ş Gayrumenkulden satılık 2+1 satılık daire,https://www.hepsiemlak.com/manisa-salihli-keli-satilik/daire/139585-167,"2.450.000
TL",2 + 1,85 m²,Manisa / Salihli / Keli Mah.,Salihli
Manisa Muradiye'de Satılık 3+1 Daire,https://www.hepsiemlak.com/manisa-yunusemre-muradiye-satilik/daire/162776-10,"4.200.000
TL",3 + 1,140 m²,Manisa / Yunusemre / Muradiye Mah.,Yunusemre
ALTINKENT YATIRIM'DAN SANCAKLIBOZKÖY TOKİ'DE 2+1 SATILIK DAİRE,https://www.hepsiemlak.com/manisa-sehzadeler-sancaklibozkoy-satilik/daire/161661-32,"1.550.000
TL",2 + 1,86 m²,Manisa / Şehzadeler / Sancaklıbozköy Mah.,Şehzadeler
CAMİ ÖNÜ CİVARI SATILIK 145 M2 LÜKS DAİRE,https://www.hepsiemlak.com/manisa-turgutlu-yigitler-satilik/daire/155066-49,"3.250.000
TL",3 + 1,145 m²,Manisa / Turgutlu / Yiğitler Mah.,Turgutlu
EROĞLU TAŞKIN EMLAK OFİSİNDEN ATATÜRK'TE SIFIR 2+1 DAİRELER,https://www.hepsiemlak.com/manisa-akhisar-ataturk-satilik/daire/160552-5,"3.500.000
TL",2 + 1,103 m²,Manisa / Akhisar / Atatürk Mah.,Akhisar
AHMETLİ GÜLDEDE MAHALLESINDE EŞYALI SATILIK 1+1 DAIRE,https://www.hepsiemlak.com/manisa-ahmetli-guldede-satilik/daire/134354-2594,"1.800.000
TL",1 + 1,45 m²,Manisa / Ahmetli / Güldede Mah.,Ahmetli
MURADİYE MAH SATILIK 2+1 A.MUTFAKLI ARAKAT,https://www.hepsiemlak.com/manisa-yunusemre-muradiye-satilik/daire/70124-4066,"3.150.000
TL",2 + 1,80 m²,Manisa / Yunusemre / Muradiye Mah.,Yunusemre
Akdeniz Emlak'tan Satılık Yunus Emre 50 Yıl Mah 2+1 Ara Kat,https://www.hepsiemlak.com/manisa-yunusemre-50-yil-satilik/daire/22228-10993,"3.550.000
TL",2 + 1,90 m²,Manisa / Yunusemre / 50. Yıl Mah.,Yunusemre
SALİHLİ SAĞLIK MAHALLESİNDE SATILIK 3.KAT  3+1 LÜKS DAİRE,https://www.hepsiemlak.com/manisa-salihli-saglik-satilik/daire/138755-299,"6.100.000
TL",3 + 1,135 m²,Manisa / Salihli / Sağlık Mah.,Salihli
MANİSA PEKER DE 3+1 135 M2 FULLÜKS 5.KAT KÖŞE DAİRE 3.425.000 TL,https://www.hepsiemlak.com/manisa-sehzadeler-peker-satilik/daire/119726-1401,"3.425.000
TL",3 + 1,145 m²,Manisa / Şehzadeler / Peker Mah.,Şehzadeler
SATILIK ACISUDA 2+1 95M2 DOĞALGAZLI OTOPARKLI LÜKS ARA KAT,https://www.hepsiemlak.com/manisa-salihli-kocacesme-satilik/daire/150639-54,"3.600.000
TL",2 + 1,95 m²,Manisa / Salihli / Kocaçeşme Mah.,Salihli
BEFT GAYRİMENKUL DEN SATILIK UTKU MH KISMI ÖZELLİKLİ EŞYALI KİRACILI SON KAT DAİRE,https://www.hepsiemlak.com/manisa-sehzadeler-utku-satilik/daire/162044-134,"2.340.000
TL",2 + 1,90 m²,Manisa / Şehzadeler / Utku Mah.,Şehzadeler
SALİHLİ ERDEM EMLAKTAN SEYRAN TEPE MAHALLESİ SATILIK SIFIR DUBLEKS DAİRE,https://www.hepsiemlak.com/manisa-salihli-seyrantepe-satilik/daire/158161-131,"5.400.000
TL",4 + 1,204 m²,Manisa / Salihli / Seyrantepe Mah.,Salihli
MUSTAFA BAŞYİĞİT EMLAKTAN REŞATBEY MAHALLESİN DE 4+1 DUBLEKS,https://www.hepsiemlak.com/manisa-akhisar-resat-bey-satilik/daire/162406-214,"5.250.000
TL",4 + 1,202 m²,Manisa / Akhisar / Reşat Bey Mah.,Akhisar
ALAŞEHİR KURTULUŞ MH DENİZPARK EVLERİNDE SATILIK DAİRE,https://www.hepsiemlak.com/manisa-alasehir-kurtulus-satilik/daire/160695-49,"5.250.000
TL",3 + 1,170 m²,Manisa / Alaşehir / Kurtuluş Mah.,Alaşehir
"ATATÜRK MAH. SATILIK 2+1, 100 M2 DAİRE",https://www.hepsiemlak.com/manisa-akhisar-ataturk-satilik/daire/163257-17,"1.790.000
TL",2 + 1,100 m²,Manisa / Akhisar / Atatürk Mah.,Akhisar
M&Ş Gayrumenkulden acil satılık 3+1daire…,https://www.hepsiemlak.com/manisa-salihli-zafer-satilik/daire/139585-164,"2.650.000
TL",3 + 1,110 m²,Manisa / Salihli / Zafer Mah.,Salihli
MEDAR TOKİ KONUTLARINDA SATILIK 3+1 DAİRE,https://www.hepsiemlak.com/manisa-akhisar-medar-satilik/daire/160552-1,"2.890.000
TL",3 + 1,130 m²,Manisa / Akhisar / Medar Mah.,Akhisar
ERGENEKON DA SİTE YANI SATILIK 2+1 ŞOOK FİYAT,https://www.hepsiemlak.com/manisa-turgutlu-ergenekon-satilik/daire/155066-22,"3.800.000
TL",2 + 1,90 m²,Manisa / Turgutlu / Ergenekon Mah.,Turgutlu
Manisa Karaali ‘de Satılık Dubleks Daire,https://www.hepsiemlak.com/manisa-yunusemre-karaali-satilik/daire/116537-509,"5.500.000
TL",3 + 1,140 m²,Manisa / Yunusemre / Karaali Mah.,Yunusemre
ERGENEKON MAH.'DE  MERKEZİ KONUMDA SATILIK DAİRE,https://www.hepsiemlak.com/manisa-turgutlu-ergenekon-satilik/daire/156788-150,"5.900.000
TL",3 + 1,160 m²,Manisa / Turgutlu / Ergenekon Mah.,Turgutlu
Uncubozköyde Satılık Dükkan,https://www.hepsiemlak.com/manisa-yunusemre-uncubozkoy-satilik/daire/162359-28,"3.250.000
TL",1 + 1,55 m²,Manisa / Yunusemre / Uncubozköy Mah.,Yunusemre
MURADİYE CUMHURİYET OKULU CİVARI SATILIK 2+1 A.MUTFAK DAİRE,https://www.hepsiemlak.com/manisa-yunusemre-muradiye-satilik/daire/70124-4012,"2.750.000
TL",2 + 1,80 m²,Manisa / Yunusemre / Muradiye Mah.,Yunusemre
SALİHLİ SAĞLIK MAHALLESİNDE SATILIK 2.KAT   3+1 DAİRE,https://www.hepsiemlak.com/manisa-salihli-saglik-satilik/daire/138755-295,"4.500.000
TL",3 + 1,130 m²,Manisa / Salihli / Sağlık Mah.,Salihli
BEYAZ GAYRİMENKUL'DEN ALAYBEY MAH KUPONN 3+1,https://www.hepsiemlak.com/manisa-sehzadeler-alaybey-satilik/daire/119915-570,"3.950.000
TL",3 + 1,130 m²,Manisa / Şehzadeler / Alaybey Mah.,Şehzadeler
NOVA'DAN AKÇAKMAK YOLU'NDA SATILIK DAİRE ARAYANLARA ÖZEL YÜKSEK KREDİLİ,https://www.hepsiemlak.com/manisa-turgutlu-cumhuriyet-satilik/daire/123058-2324,"6.300.000
TL",2 + 1,110 m²,Manisa / Turgutlu / Cumhuriyet Mah.,Turgutlu
Akdeniz Emlak'tan Satılık Yunus Emre'de 109 m2 Arsa İçi 4 Katlı Bina,https://www.hepsiemlak.com/manisa-yunusemre-maresal-fevzi-cakmak-satilik/bina/22228-10892,"8.550.000
TL",8 + 4,404 m²,Manisa / Yunusemre / Mareşal Fevzi Çakmak Mah.,Yunusemre
AKHISARA 4 KM MESAFEDE  İSTANBUL YOLU ÜZERI SATILIK BINA,https://www.hepsiemlak.com/manisa-akhisar-seyit-ahmet-satilik/bina/154167-430,"10.250.000
TL",2 + 0,600 m²,Manisa / Akhisar / Seyit Ahmet Mah.,Akhisar
SALİHLİ ERDEM EMLAKTAN KURTULUŞ MAHALLESİNDE SATILIK DAİRE,https://www.hepsiemlak.com/manisa-salihli-kurtulus-satilik/daire/158161-117,"3.500.000
TL",2 + 1,90 m²,Manisa / Salihli / Kurtuluş Mah.,Salihli
BEFT GAYRİMENKUL DEN ŞEHİTLER MH ASANSÖRLÜ 3+1 125 M2 ARAKAT DAİRE,https://www.hepsiemlak.com/manisa-sehzadeler-sehitler-satilik/daire/162044-103,"3.380.000
TL",3 + 1,125 m²,Manisa / Şehzadeler / Şehitler Mah.,Şehzadeler
"İNŞAATI DEVAM EDEN SATILIK ÇATI DUBLEKSİ, ASANSÖRLÜ, TERASLI, ÖNÜ AÇIK, KAPALI OTOPARKLI",https://www.hepsiemlak.com/manisa-turgutlu-selvilitepe-satilik/daire/155616-29,"6.500.000
TL",3 + 1,170 m²,Manisa / Turgutlu / Selvilitepe Mah.,Turgutlu
ER-SA EMLAKTA ALAŞEHİR KURTULUŞ MH DE GENİŞ SIFIR DAİRE,https://www.hepsiemlak.com/manisa-alasehir-kurtulus-satilik/daire/160695-34,"5.250.000
TL",3 + 1,170 m²,Manisa / Alaşehir / Kurtuluş Mah.,Alaşehir
TEVFİKİYE DE SATILIK 3+1 125 M2 FULLÜKS 2.KAT DAİRE,https://www.hepsiemlak.com/manisa-yunusemre-kuyualan-satilik/daire/119726-1430,"4.050.000
TL",3 + 1,135 m²,Manisa / Yunusemre / Kuyualan Mah.,Yunusemre
MANİSA AKHİSAR REŞATBEY SATILIK MÜSTAKİL EV,https://www.hepsiemlak.com/manisa-akhisar-resat-bey-satilik/mustakil-ev/128345-167,"3.000.000
TL",2 + 1,365 m²,Manisa / Akhisar / Reşat Bey Mah.,Akhisar
Devlet Hastanesi karşısı 3+1 arakat,https://www.hepsiemlak.com/manisa-saruhanli-cumhuriyet-satilik/daire/9333-1837,"5.000.000
TL",3 + 1,148 m²,Manisa / Saruhanlı / Cumhuriyet Mah.,Saruhanlı
MUSTAFA BAŞYİĞİT EMLAK'TAN HÜRRİYET'TE 140 M2 3+1 DAİRE,https://www.hepsiemlak.com/manisa-akhisar-hurriyet-satilik/daire/162406-199,"4.250.000
TL",3 + 1,150 m²,Manisa / Akhisar / Hürriyet Mah.,Akhisar
"ARI EMLAK'TAN SIFIR BİNA, IRLAMAZ VADİSİNE YAKIN, ASANSÖRLÜ, KAPALI OTOPARKLI, 2+1 SATILIK DAİRE",https://www.hepsiemlak.com/manisa-turgutlu-subasi-satilik/daire/155616-24,"3.850.000
TL",2 + 1,110 m²,Manisa / Turgutlu / Subaşı Mah.,Turgutlu
NOVA'DAN ERGENEKON MAHALLESİ'NDE 3+1 ÖZEL TASARIM LÜKS DAİRE,https://www.hepsiemlak.com/manisa-turgutlu-ergenekon-satilik/daire/123058-2088,"7.000.000
TL",3 + 0,165 m²,Manisa / Turgutlu / Ergenekon Mah.,Turgutlu
MANİSA UNCUBOZKÖY MEYDAN KARŞISI SATILIK DAİRELER,https://www.hepsiemlak.com/manisa-yunusemre-uncubozkoy-satilik/daire/94966-810,"4.650.000
TL",2 + 0,65 m²,Manisa / Yunusemre / Uncubozköy Mah.,Yunusemre
MURADİYE MAHALLESİNDE 3+1 FERAH SATILIK DAİRE,https://www.hepsiemlak.com/manisa-yunusemre-muradiye-satilik/daire/163565-130,"4.450.000
TL",3 + 1,130 m²,Manisa / Yunusemre / Muradiye Mah.,Yunusemre
Manisa Şehzadeler Şehitler Mahallesi'nde Satılık Arakat,https://www.hepsiemlak.com/manisa-sehzadeler-sehitler-satilik/daire/164260-16,"3.975.000
TL",2 + 1,100 m²,Manisa / Şehzadeler / Şehitler Mah.,Şehzadeler
FİT GAYRİMENKUL'DEN 5+1 SATILIK DUBLEKS DAİRE,https://www.hepsiemlak.com/manisa-saruhanli-cengiz-topel-satilik/daire/163843-27,"4.499.000
TL",5 + 1,250 m²,Manisa / Saruhanlı / Cengiz Topel Mah.,Saruhanlı
ACARLAR MH KARPUZKALDIRAN PARKI 95 m2 SIFIR SATILIK 2+1 DAİRE,https://www.hepsiemlak.com/manisa-turgutlu-acarlar-satilik/daire/161345-24,"4.000.000
TL",2 + 1,110 m²,Manisa / Turgutlu / Acarlar Mah.,Turgutlu
Manisa Şehzadeler ilçesi satılık 2+1 daire,https://www.hepsiemlak.com/manisa-sehzadeler-nisancipasa-satilik/daire/90814-467,"3.950.000
TL",1 + 1,100 m²,Manisa / Şehzadeler / Nişancıpaşa Mah.,Şehzadeler
MANİSA ALAYBEY MAH. 2+1 FULL LÜKS SATILIK DAİRE,https://www.hepsiemlak.com/manisa-sehzadeler-sakarya-satilik/daire/162376-58,"3.600.000
TL",2 + 1,120 m²,Manisa / Şehzadeler / Sakarya Mah.,Şehzadeler
Manisa Akhisar Reşatbey Mahallesinde Satılık 3 cepheli 3+1 köşe daire,https://www.hepsiemlak.com/manisa-akhisar-resat-bey-satilik/daire/78476-519,"3.650.000
TL",3 + 1,130 m²,Manisa / Akhisar / Reşat Bey Mah.,Akhisar
YILDIZ GAYRİMENKUL'DEN HÜRRİYET MAHALLESİ 85m2 2+0 AMERİKAN MUTFAKLI SATILIK DAİRE,https://www.hepsiemlak.com/manisa-akhisar-hurriyet-satilik/daire/163627-13,"3.300.000
TL",2 + 0,85 m²,Manisa / Akhisar / Hürriyet Mah.,Akhisar
AKMAN GAYRİMENKULDEN VİLLALAR BÖLGESİNDE SATILIK 2+1 DAİRE,https://www.hepsiemlak.com/manisa-yunusemre-muradiye-satilik/daire/113243-62,"7.150.000
TL",2 + 1,110 m²,Manisa / Yunusemre / Muradiye Mah.,Yunusemre
HÜSEYİN EMLAK'TAN YÖRÜK MAH TREN YOLU CEPHELİ 135m2 3+1 DAİRE,https://www.hepsiemlak.com/manisa-salihli-yoruk-satilik/daire/154501-76,"5.670.000
TL",3 + 1,135 m²,Manisa / Salihli / Yörük Mah.,Salihli
1 NCİ ANAFARTALARDA SATILIK ARA KAT ÖZELLİKLİ DAİRE,https://www.hepsiemlak.com/manisa-sehzadeler-1-anafartalar-satilik/daire/150956-57,"4.300.000
TL",2 + 1,85 m²,Manisa / Şehzadeler / 1. Anafartalar Mah.,Şehzadeler
Salihlide satılık daire 3591,https://www.hepsiemlak.com/manisa-salihli-hacibektasli-satilik/daire/57265-29,"3.800.000
TL",3 + 1,160 m²,Manisa / Salihli / Hacıbektaşlı Mah.,Salihli
MESİR MAHALLESİNDE SATILIK 2+1 DAİRE,https://www.hepsiemlak.com/manisa-yunusemre-mesir-satilik/daire/104090-17,"3.695.000
TL",2 + 1,120 m²,Manisa / Yunusemre / Mesir Mah.,Yunusemre
DNC EMLAK GAYRİMENKUL'DEN MANİSA DEMİRCİ KERPİÇLİK KÖYÜNDE SATILIK MÜSTAKİL BAHÇELİ KARGİR EV,https://www.hepsiemlak.com/manisa-demirci-kerpiclik-satilik/mustakil-ev/142677-434,"600.000
TL",2 + 1,90 m²,Manisa / Demirci / Kerpiçlik Mah.,Demirci
MUSTAFA BAŞYİĞİT EMLAK'TAN HÜRRİYET'TE 5+1 DUBLEKS,https://www.hepsiemlak.com/manisa-akhisar-hurriyet-satilik/daire/162406-193,"6.700.000
TL",5 + 1,300 m²,Manisa / Akhisar / Hürriyet Mah.,Akhisar
"ARI EMLAK'TAN MUSAL SİTESİNDE LÜKS, 160 M2, 3+1 SATILIK DAİRE, IRLAMAZ VADİSİ MANZARALI",https://www.hepsiemlak.com/manisa-turgutlu-selvilitepe-satilik/daire/155616-9,"5.250.000
TL",3 + 1,172 m²,Manisa / Turgutlu / Selvilitepe Mah.,Turgutlu
🟢 Manisa YunusEmre Muradiye – Satılık 3+1 Açık Mutfak Ara Kat Daire 🏡✨,https://www.hepsiemlak.com/manisa-yunusemre-muradiye-satilik/daire/95753-2108,"4.450.000
TL",3 + 1,130 m²,Manisa / Yunusemre / Muradiye Mah.,Yunusemre
BEFT GAYRİMENKUL DEN MERKEZ EFENDİ MH SATILIK ASANSÖRLÜ FULL ARAKAT,https://www.hepsiemlak.com/manisa-yunusemre-merkez-efendi-satilik/daire/162044-126,"3.800.000
TL",3 + 1,115 m²,Manisa / Yunusemre / Merkez Efendi Mah.,Yunusemre
manisa sehzadeler mükemmel konumda onu acık asansörlu 3+1 120 m2 satılık daire.,https://www.hepsiemlak.com/manisa-sehzadeler-2-anafartalar-satilik/daire/49173-180,"4.299.000
TL",3 + 1,125 m²,Manisa / Şehzadeler / 2. Anafartalar Mah.,Şehzadeler
MANİSA TURGUTLU YEDİ EYLÜL MH ÖĞRETMENLER EVİ YANI 3+1 GENİŞ DAİRE,https://www.hepsiemlak.com/manisa-turgutlu-yedi-eylul-satilik/daire/94181-709,"3.650.000
TL",3 + 1,125 m²,Manisa / Turgutlu / Yedi Eylül Mah.,Turgutlu
köşe apartmanda ara daire,https://www.hepsiemlak.com/manisa-akhisar-ataturk-satilik/daire/0-45659548,"3.850.000
TL",3 + 1,125 m²,Manisa / Akhisar / Atatürk Mah.,Akhisar
AKHİSAR DA SATILIK EV MÜSTAKİL ZEYTİN BAHCELİ FULL EŞYALI HAZIR KURULU DÜZEN EKSİKSİZ MERKEZİ KONUM,https://www.hepsiemlak.com/manisa-akhisar-bekirler-satilik/mustakil-ev/10596-5034,"8.250.000
TL",2 + 0,105 m²,Manisa / Akhisar / Bekirler Mah.,Akhisar
Akhisar Reşatbey Mahallesi'nde 2+1 Satılık Daire,https://www.hepsiemlak.com/manisa-akhisar-seyit-ahmet-satilik/daire/94137-1284,"3.600.000
TL",2 + 1,115 m²,Manisa / Akhisar / Seyit Ahmet Mah.,Akhisar
MANİSA ALAŞEHİR MÜSTAKİL EV TAPU SAHİ PERTA EMLAK ÜMİT,https://www.hepsiemlak.com/manisa-alasehir-azitepe-satilik/mustakil-ev/65028-3878,"800.000
TL",3 + 1,980 m²,Manisa / Alaşehir / Azıtepe Mah.,Alaşehir
MURADİYE MAHALLESİNDE 2+1 ÖNÜ AÇIK FERAH SATILIK DAİRE,https://www.hepsiemlak.com/manisa-yunusemre-muradiye-satilik/daire/163565-127,"3.350.000
TL",2 + 1,95 m²,Manisa / Yunusemre / Muradiye Mah.,Yunusemre
FİT GAYRİMENKUL'DEN 2+1 SATILIK DAİRE,https://www.hepsiemlak.com/manisa-sehzadeler-sehitler-satilik/daire/163843-25,"3.975.000
TL",2 + 1,125 m²,Manisa / Şehzadeler / Şehitler Mah.,Şehzadeler
TURAN MH YEDİEYLÜL YOLU ÜZERİ BELEDİYE YAKINI SATILIK 2+1 DAİRE,https://www.hepsiemlak.com/manisa-turgutlu-turan-satilik/daire/161345-23,"2.550.000
TL",2 + 1,115 m²,Manisa / Turgutlu / Turan Mah.,Turgutlu
YILDIZ GAYRİMENKUL'DEN HÜRRİYET MAHALLESİ 180m2 4+1 SATILIK DUBLEKS,https://www.hepsiemlak.com/manisa-akhisar-hurriyet-satilik/daire/163627-11,"6.500.000
TL",4 + 1,220 m²,Manisa / Akhisar / Hürriyet Mah.,Akhisar
ALAYBEY MAH. SATILIK 3+1 DAİRE,https://www.hepsiemlak.com/manisa-sehzadeler-alaybey-satilik/daire/162376-53,"3.075.000
TL",3 + 1,120 m²,Manisa / Şehzadeler / Alaybey Mah.,Şehzadeler
ULUPARK KARŞISI 8 EYLÜL CADDESİ ÜZERİ İŞ VE OFİS İÇİN 2+1 DAİRE,https://www.hepsiemlak.com/manisa-sehzadeler-yarhasanlar-satilik/daire/158110-271,"7.750.000
TL",2 + 1,90 m²,Manisa / Şehzadeler / Yarhasanlar Mah.,Şehzadeler
Manisa Hafsa Sultan Mahallesi'nde Satılık 3+1 Daire,https://www.hepsiemlak.com/manisa-yunusemre-hafsa-sultan-satilik/daire/162776-6,"3.450.000
TL",3 + 1,138 m²,Manisa / Yunusemre / Hafsa Sultan Mah.,Yunusemre
MANİSA YUNUNUS EMRE GÜZELYURT❗️ TOKİ KONUT. SATILIK 3+1 DAİRE  💰8.500.000TL,https://www.hepsiemlak.com/manisa-yunusemre-guzelyurt-satilik/daire/143974-426,"8.500.000
TL",3 + 1,135 m²,Manisa / Yunusemre / Güzelyurt Mah.,Yunusemre
KARADUMAN GAYRİMENKUL'den AKGEDİK MAH. SATILIK MÜSTAKİL VİLLALAR,https://www.hepsiemlak.com/manisa-yunusemre-akgedik-satilik/villa/104090-9,"17.949.000
TL",5 + 1,220 m²,Manisa / Yunusemre / Akgedik Mah.,Yunusemre
BOZKÖY DE HAYALLERİNİZİ SÜSLEYEN DUBLEX,https://www.hepsiemlak.com/manisa-yunusemre-uncubozkoy-satilik/daire/133144-210,"8.150.000
TL",5 + 1,200 m²,Manisa / Yunusemre / Uncubozköy Mah.,Yunusemre
Akdeniz Emlak'tan Kiralık Şehzadeler İlç Şehitler Mah 3+1 120 m2 Daire,https://www.hepsiemlak.com/manisa-sehzadeler-sehitler-satilik/daire/22228-10968,"17.000
TL",3 + 1,120 m²,Manisa / Şehzadeler / Şehitler Mah.,Şehzadeler
MUSTAFA BAŞYİĞİT EMLAK'TAN SATILIK DUBLEKS ULUCAMİ MAHALLESİ'NDE,https://www.hepsiemlak.com/manisa-akhisar-ulu-camii-satilik/daire/162406-152,"3.550.000
TL",5 + 1,260 m²,Manisa / Akhisar / Ulu Camii Mah.,Akhisar
BARAKA GAYRİMENKUL’DEN MURADIYE MAHALLESİNDE SİTE İÇERİSİNDR SATILIK DAİRE,https://www.hepsiemlak.com/manisa-yunusemre-muradiye-satilik/daire/74020-939,"3.550.000
TL",1 + 1,55 m²,Manisa / Yunusemre / Muradiye Mah.,Yunusemre
Mütevellide Müstakil 2+1 bahçeli merkezi konum SATILIK,https://www.hepsiemlak.com/manisa-saruhanli-mutevelli-satilik/mustakil-ev/163278-61,"3.725.000
TL",2 + 1,400 m²,Manisa / Saruhanlı / Mütevelli Mah.,Saruhanlı
3+1 ARA KAT DAİRE,https://www.hepsiemlak.com/manisa-soma-turgutalp-satilik/daire/691819-1111,"2.550.000
TL",3 + 1,115 m²,Manisa / Soma / Turgutalp Mah.,Soma
ÖZ ELİT EMLAK'TAN MURADİYE'DE SATILIK 3+1 DOĞALGAZLI DAİRE,https://www.hepsiemlak.com/manisa-yunusemre-muradiye-satilik/daire/64671-839,"3.450.000
TL",3 + 1,110 m²,Manisa / Yunusemre / Muradiye Mah.,Yunusemre
Yarhasanlar mah çarşıda 3+1 ful cadde üzerinde asansörlü,https://www.hepsiemlak.com/manisa-sehzadeler-yarhasanlar-satilik/daire/86276-1252,"4.500.000
TL",3 + 1,135 m²,Manisa / Şehzadeler / Yarhasanlar Mah.,Şehzadeler
MURADİYE MAHALLESİNDE ÇİFTGİRİŞLİ 6+1 ULTRA LÜX SATILIK DUBLEKS,https://www.hepsiemlak.com/manisa-yunusemre-muradiye-satilik/daire/163565-126,"6.500.000
TL",6 + 1,280 m²,Manisa / Yunusemre / Muradiye Mah.,Yunusemre
ACARLAR MAHALLESİ 120mt 3+1 SATILIK DAİRE,https://www.hepsiemlak.com/manisa-turgutlu-acarlar-satilik/daire/164247-95,"4.650.000
TL",3 + 1,120 m²,Manisa / Turgutlu / Acarlar Mah.,Turgutlu
SATILIK NAMIK KEMALDE 2+1 95M2 GENİŞ ÖZEL OTOPARKLI FIRSAT DAİRE,https://www.hepsiemlak.com/manisa-salihli-namik-kemal-satilik/daire/150639-53,"3.650.000
TL",2 + 1,95 m²,Manisa / Salihli / Namık Kemal Mah.,Salihli
SELVİTEPE'de BASETEMUR SİTESİNDE 140 m2 3+1 SATILIK DAİRE !!!,https://www.hepsiemlak.com/manisa-turgutlu-selvilitepe-satilik/daire/161345-22,"5.500.000
TL",3 + 1,145 m²,Manisa / Turgutlu / Selvilitepe Mah.,Turgutlu
Manisa Yunusemre Uncubozköy Mah. 3+1 Kapalı Mutfak Satılık Daire,https://www.hepsiemlak.com/manisa-yunusemre-uncubozkoy-satilik/daire/95753-2102,"6.500.000
TL",3 + 1,165 m²,Manisa / Yunusemre / Uncubozköy Mah.,Yunusemre
SATILIK 3+1 280 M2 TERASLI FIRSAT DAİRE,https://www.hepsiemlak.com/manisa-turgutlu-selvilitepe-satilik/daire/156788-217,"4.500.000
TL",3 + 1,280 m²,Manisa / Turgutlu / Selvilitepe Mah.,Turgutlu
YILDIZ GAYRİMENKUL'DEN HÜRRİYET MAHALLESİ 3+1 125m2 SIFIR SATILIK DAİRE,https://www.hepsiemlak.com/manisa-akhisar-hurriyet-satilik/daire/163627-10,"4.500.000
TL",3 + 1,125 m²,Manisa / Akhisar / Hürriyet Mah.,Akhisar
TİCARET LİSESİ YANI 3+1 LÜX BALKONLU ZEMİN DUBLEX DAİRE,https://www.hepsiemlak.com/manisa-yunusemre-ayni-ali-satilik/daire/162376-38,"4.625.000
TL",3 + 1,185 m²,Manisa / Yunusemre / Ayni Ali Mah.,Yunusemre
Hafsa sultan mah İzmir sürat yolu üzeri 3+1,https://www.hepsiemlak.com/manisa-yunusemre-merkez-efendi-satilik/daire/133144-208,"5.500.000
TL",3 + 1,150 m²,Manisa / Yunusemre / Merkez Efendi Mah.,Yunusemre
PRESTİJ EVLERİNDE HAVUZLU LÜKS SİTEDE SATILIK HAVUZ CEPHE,https://www.hepsiemlak.com/manisa-turgutlu-selvilitepe-satilik/daire/155066-50,"3.950.000
TL",2 + 1,115 m²,Manisa / Turgutlu / Selvilitepe Mah.,Turgutlu
MANİSA TURGUTALP MAHALLESİNDE EŞYALI SATILIK 2 KATLI VİLLA,https://www.hepsiemlak.com/manisa-yunusemre-turgutalp-satilik/villa/158110-96,"6.000.000
TL",4 + 1,382 m²,Manisa / Yunusemre / Turgutalp Mah.,Yunusemre
MANİSA YUNUS EMRE GÜZLEYURT MAH.❗️TOKİ 1 KONUTLARI SATILIK 3+1 DAİRE 6.850.000TL,https://www.hepsiemlak.com/manisa-yunusemre-guzelyurt-satilik/daire/143974-373,"6.850.000
TL",3 + 1,140 m²,Manisa / Yunusemre / Güzelyurt Mah.,Yunusemre
MANİSA SALİHLİ KURTULUŞ MAHALLESİNDE SATILIK 3+1 DAİRE,https://www.hepsiemlak.com/manisa-salihli-kurtulus-satilik/daire/140101-35,"3.500.000
TL",3 + 1,148 m²,Manisa / Salihli / Kurtuluş Mah.,Salihli
M<Ş Emlaktan salihlide lüx dublex genş  daire....,https://www.hepsiemlak.com/manisa-salihli-kurtulus-satilik/daire/139585-1,"9.750.000
TL",4 + 2,300 m²,Manisa / Salihli / Kurtuluş Mah.,Salihli
Akhisar Atatürk mh.Yeni Hükümet Konağı Yakını Müstakil Bahçeli 1+1 Sıfır Daire,https://www.hepsiemlak.com/manisa-akhisar-ataturk-satilik/daire/72047-1570,"2.435.000
TL",1 + 1,100 m²,Manisa / Akhisar / Atatürk Mah.,Akhisar
AYNI ALİ MH.DE PARK MANZARALI KUŞÇULARA ÖZEL SATILIK 3+1 DAİRE,https://www.hepsiemlak.com/manisa-yunusemre-ayni-ali-satilik/daire/113593-295,"3.800.000
TL",3 + 1,120 m²,Manisa / Yunusemre / Ayni Ali Mah.,Yunusemre
MANİSA ŞEHZADELERDE ÇARŞIYA YÜRÜME MESAFESİNDE SIFIR 1+1 DAİRE,https://www.hepsiemlak.com/manisa-sehzadeler-carsi-satilik/daire/125876-2831,"3.375.000
TL",1 + 1,45 m²,Manisa / Şehzadeler / Çarşı Mah.,Şehzadeler
CBÜ HASTANESİNE YÜRÜME MESAFESİNDE SATILIK EŞYALI 1+1 DAİRE,https://www.hepsiemlak.com/manisa-yunusemre-uncubozkoy-satilik/daire/94966-791,"4.200.000
TL",1 + 1,55 m²,Manisa / Yunusemre / Uncubozköy Mah.,Yunusemre
Kırkağaç Merkez'de Yatırımlık 2+1 Satılık Ofis/Daire,https://www.hepsiemlak.com/manisa-kirkagac-boduroglu-satilik/daire/94123-2780,"1.400.000
TL",2 + 1,90 m²,Manisa / Kırkağaç / Boduroğlu Mah.,Kırkağaç
FİT GAYRİMENKUL'DEN 2+1 SATILIK DAİRE,https://www.hepsiemlak.com/manisa-saruhanli-cengiz-topel-satilik/daire/163843-26,"2.450.000
TL",2 + 1,75 m²,Manisa / Saruhanlı / Cengiz Topel Mah.,Saruhanlı
"Güzelyurt Toki 2'de 3+1, Hemen Taşınabilir Durumda Boş Daire",https://www.hepsiemlak.com/manisa-yunusemre-guzelyurt-satilik/daire/154167-428,"6.500.000
TL",3 + 1,112 m²,Manisa / Yunusemre / Güzelyurt Mah.,Yunusemre
MANİSA AKHİSAR HÜRİYETTE 5+1 SATILIK DUBLEKS DAİRE 8.250.000TL,https://www.hepsiemlak.com/manisa-akhisar-hurriyet-satilik/daire/143974-242,"8.250.000
TL",4 + 1,170 m²,Manisa / Akhisar / Hürriyet Mah.,Akhisar
Yiğitler Mahallesi acil satılık doğalgazlı daire 135 m2,https://www.hepsiemlak.com/manisa-turgutlu-yigitler-satilik/daire/154992-61,"3.200.000
TL",3 + 1,135 m²,Manisa / Turgutlu / Yiğitler Mah.,Turgutlu
MANİSA MURADİYE EVRENOSTA 3+1 KAPLI MUTFAK SATIKIL DAİRE,https://www.hepsiemlak.com/manisa-yunusemre-muradiye-satilik/daire/150932-94,"3.650.000
TL",3 + 1,135 m²,Manisa / Yunusemre / Muradiye Mah.,Yunusemre
SALİHLİ SATILIK 2+1 AMERİKAN MUTFAK DAİRE LUNA AVM ARKASI,https://www.hepsiemlak.com/manisa-salihli-sehitler-satilik/daire/153067-87,"3.150.000
TL",2 + 1,80 m²,Manisa / Salihli / Şehitler Mah.,Salihli
EMRAH EMLAKTAN REŞATBEY MAHALLESİNDE SATILIK DAİRE,https://www.hepsiemlak.com/manisa-akhisar-resat-bey-satilik/daire/141484-29,"2.950.000
TL",2 + 0,73 m²,Manisa / Akhisar / Reşat Bey Mah.,Akhisar
MANİSA ŞEHZADELER 8 HAVUZ KONUMLU 2+1 YENİ BİNA,https://www.hepsiemlak.com/manisa-sehzadeler-1-anafartalar-satilik/daire/162754-38,"7.200.000
TL",2 + 1,120 m²,Manisa / Şehzadeler / 1. Anafartalar Mah.,Şehzadeler
SALİHLİDE ANA CADDE ÜZERİNDE 5+1 KUPON VİLLA,https://www.hepsiemlak.com/manisa-salihli-baris-satilik/villa/112706-8109,"7.490.000
TL",5 + 1,250 m²,Manisa / Salihli / Barış Mah.,Salihli
AKHİSAR CUMHURİYET FAHRİ SERTEL EMLAKTAN SİTE İÇİNDE 3+1 SATILIK DAİRE,https://www.hepsiemlak.com/manisa-akhisar-cumhuriyet-satilik/daire/144740-268,"3.590.000
TL",3 + 1,142 m²,Manisa / Akhisar / Cumhuriyet Mah.,Akhisar
ERGENEKON MAH. SATILIK 3+1 SIFIR DAİRE,https://www.hepsiemlak.com/manisa-turgutlu-ergenekon-satilik/daire/154871-46,"4.650.000
TL",3 + 1,130 m²,Manisa / Turgutlu / Ergenekon Mah.,Turgutlu
Engelliler parkı civarı sahibinden 3+1 daire,https://www.hepsiemlak.com/manisa-salihli-yoruk-satilik/daire/0-45665026,"5.250.000
TL",3 + 1,145 m²,Manisa / Salihli / Yörük Mah.,Salihli
3 ADAM EMLAK'TAN ATATÜRK MH SATILIK 3+1 DAİRE,https://www.hepsiemlak.com/manisa-akhisar-ataturk-satilik/daire/143910-165,"3.600.000
TL",3 + 1,138 m²,Manisa / Akhisar / Atatürk Mah.,Akhisar
Satılık Daire – Manisa / Turgutlu / Cumhuriyet Mahallesi,https://www.hepsiemlak.com/manisa-turgutlu-cumhuriyet-satilik/daire/141766-288,"3.750.000
TL",3 + 1,135 m²,Manisa / Turgutlu / Cumhuriyet Mah.,Turgutlu
ARAS YAPI'DAN MURADİYE'DE 2+1 ARA KAT SATILIK DAİRE,https://www.hepsiemlak.com/manisa-yunusemre-muradiye-satilik/daire/159142-92,"2.950.000
TL",2 + 1,75 m²,Manisa / Yunusemre / Muradiye Mah.,Yunusemre
birinci kat satılık daire,https://www.hepsiemlak.com/manisa-kirkagac-sair-esref-satilik/daire/0-45626146,"2.450.000
TL",3 + 1,134 m²,Manisa / Kırkağaç / Şair Eşref Mah.,Kırkağaç
Manisa Davutlar’da Full Eşyalı satılık villa,https://www.hepsiemlak.com/manisa-yunusemre-davutlar-satilik/villa/160489-47,"9.700.000
TL",4 + 1,720 m²,Manisa / Yunusemre / Davutlar Mah.,Yunusemre
SAHİBİNDEN SATILIK / Reşatbey Mahallesinde Lüks 3+1 Daire,https://www.hepsiemlak.com/manisa-akhisar-resat-bey-satilik/daire/0-45621633,"4.150.000
TL",3 + 1,120 m²,Manisa / Akhisar / Reşat Bey Mah.,Akhisar
Aksoy da masrafsız bakımlı doğalgazlı,https://www.hepsiemlak.com/manisa-salihli-aksoy-satilik/daire/0-45614987,"3.600.000
TL",3 + 1,135 m²,Manisa / Salihli / Aksoy Mah.,Salihli
Şehzadeler,https://www.hepsiemlak.com/manisa-sehzadeler-mimar-sinan-satilik/daire/161356-40,"10.500.000
TL",4 + 1,400 m²,Manisa / Şehzadeler / Mimar Sinan Mah.,Şehzadeler
Yeni Mahallede'de Satılık Sıfır Çatı Dubleks,https://www.hepsiemlak.com/manisa-yunusemre-yeni-mahalle-satilik/daire/102443-816,"5.700.000
TL",3 + 1,230 m²,Manisa / Yunusemre / Yeni Mahalle Mah.,Yunusemre
🚨 ACİL SATILIK! UYGUN FİYATLI 3+1  YÜKSEK GİRİŞ DAİRE – MURADİYE CUMHURİYET OKULU CİVARI,https://www.hepsiemlak.com/manisa-yunusemre-muradiye-satilik/daire/160648-26,"3.150.000
TL",3 + 1,95 m²,Manisa / Yunusemre / Muradiye Mah.,Yunusemre
SERKAN YILMAZ'DAN TOPÇUASIM MAH 3+1 ULTRA LÜX ÖNÜ AÇIK,https://www.hepsiemlak.com/manisa-yunusemre-topcuasim-satilik/daire/161259-12,"4.450.000
TL",3 + 1,125 m²,Manisa / Yunusemre / Topçuasım Mah.,Yunusemre
UZUN EMLAK'TAN TEVFİKİYE 'DE 3+1 ÖNÜ AÇIK DAİRE,https://www.hepsiemlak.com/manisa-yunusemre-tevfikiye-satilik/daire/129877-307,"3.200.000
TL",3 + 1,120 m²,Manisa / Yunusemre / Tevfikiye Mah.,Yunusemre
KİRVEM EMLAK'TAN 2+1 ÖZELLİKLİ DAİRE-KAPALI MUTFAK,https://www.hepsiemlak.com/manisa-saruhanli-saruhan-satilik/daire/162496-25,"2.995.000
TL",2 + 1,105 m²,Manisa / Saruhanlı / Saruhan Mah.,Saruhanlı
"LARİN'DEN DUBLEKS DAİRE TERASLI, KAPALI OTOPARKLI 4+1",https://www.hepsiemlak.com/manisa-akhisar-ataturk-satilik/daire/158857-22,"4.670.000
TL",4 + 1,240 m²,Manisa / Akhisar / Atatürk Mah.,Akhisar
Manisa Adakale Mah. Satılık 3+1 Daire 140m²,https://www.hepsiemlak.com/manisa-sehzadeler-adakale-satilik/daire/155351-76,"3.375.000
TL",3 + 1,140 m²,Manisa / Şehzadeler / Adakale Mah.,Şehzadeler
MANİSA AKHİSAR İLÇESİ SEYİT AHMET MAHALLESİNDE SATILIK 3+1 DAİRE,https://www.hepsiemlak.com/manisa-akhisar-efendi-satilik/daire/48336-232,"4.200.000
TL",3 + 0,148 m²,Manisa / Akhisar / Efendi Mah.,Akhisar
MANİSA KIRKAĞAÇTA DOĞALGAZLI SATILIK SIFIR 3+1 DAİRE,https://www.hepsiemlak.com/manisa-kirkagac-sair-esref-satilik/daire/156747-290,"3.550.000
TL",3 + 1,120 m²,Manisa / Kırkağaç / Şair Eşref Mah.,Kırkağaç
KERVAN YOLUNA YAKIN SATILIK 2+1 DAİRE,https://www.hepsiemlak.com/manisa-turgutlu-cumhuriyet-satilik/daire/156788-172,"2.500.000
TL",2 + 1,132 m²,Manisa / Turgutlu / Cumhuriyet Mah.,Turgutlu
Akdeniz Emlak'tan Satılık Yunus Emre İlç Barbaros Mah 2+1 112 m2 Daire,https://www.hepsiemlak.com/manisa-yunusemre-barbaros-satilik/daire/22228-10986,"2.490.000
TL",2 + 1,111 m²,Manisa / Yunusemre / Barbaros Mah.,Yunusemre
ŞEHZADELER KUŞLUBAHÇEDE FIRSAT  TEK TAPU ÇİFT DAİRE HER İKİ TARAFTADA BAHÇE VAR KARANLIK ODASI YOK.,https://www.hepsiemlak.com/manisa-sehzadeler-sehitler-satilik/daire/109960-176,"4.550.000
TL",4 + 2,340 m²,Manisa / Şehzadeler / Şehitler Mah.,Şehzadeler
23 NİSAN PARKI CİVARI SATILIK 4+1 ÇATI DUBLEX,https://www.hepsiemlak.com/manisa-yunusemre-muradiye-satilik/daire/70124-4056,"5.300.000
TL",4 + 1,200 m²,Manisa / Yunusemre / Muradiye Mah.,Yunusemre
Şehir merkezinde 17 sk eşyalı satılık 2+1,https://www.hepsiemlak.com/manisa-akhisar-ragip-bey-satilik/daire/0-45599056,"2.900.000
TL",2 + 1,85 m²,Manisa / Akhisar / Ragıp Bey Mah.,Akhisar
Akhisar Reşatbey Mahallesi'nde 2+1 Satılık Daire,https://www.hepsiemlak.com/manisa-akhisar-resat-bey-satilik/daire/94137-1398,"3.000.000
TL",2 + 1,80 m²,Manisa / Akhisar / Reşat Bey Mah.,Akhisar
SARUHANLI CENGİZ TOPEL MAH. 1+1 EŞYALI SATILIK ARAKAT DAİRE,https://www.hepsiemlak.com/manisa-saruhanli-cengiz-topel-satilik/daire/163565-129,"2.650.000
TL",1 + 1,55 m²,Manisa / Saruhanlı / Cengiz Topel Mah.,Saruhanlı
SATILIK KELİDE 3+1 125 M2 KOMBİLİ ÖZEL OTOPARKLI SIFIR ARA KAT,https://www.hepsiemlak.com/manisa-salihli-keli-satilik/daire/150639-47,"3.650.000
TL",3 + 1,125 m²,Manisa / Salihli / Keli Mah.,Salihli
Akhisar Atatürk Mah. Prestij Caddesi Arkasında Satılık 3+1 Daire,https://www.hepsiemlak.com/manisa-akhisar-ataturk-satilik/daire/94123-2775,"4.800.000
TL",3 + 1,125 m²,Manisa / Akhisar / Atatürk Mah.,Akhisar
YUNUSEMRE KEÇİLİKÖY'DE 5+2 SATILIK MÜSTAKİL LÜKS VİLLA,https://www.hepsiemlak.com/manisa-yunusemre-kecili-koy-satilik/villa/154167-345,"58.900.000
TL",5 + 2,480 m²,Manisa / Yunusemre / Keçili Köy Mah.,Yunusemre
bozkurt mahallesi acil satılık müstakil ev 175 m2,https://www.hepsiemlak.com/manisa-turgutlu-bozkurt-satilik/mustakil-ev/154992-60,"2.100.000
TL",3 + 1,175 m²,Manisa / Turgutlu / Bozkurt Mah.,Turgutlu
ÇOK  HESAPLI KELEPIR DAIRE,https://www.hepsiemlak.com/manisa-turgutlu-yigitler-satilik/daire/160009-71,"2.900.000
TL",3 + 1,140 m²,Manisa / Turgutlu / Yiğitler Mah.,Turgutlu
Ergenekon Mahallesinde Kaçırılmayacak Uygun Fiyat Dubleks,https://www.hepsiemlak.com/manisa-turgutlu-ergenekon-satilik/daire/160048-114,"5.500.000
TL",3 + 1,170 m²,Manisa / Turgutlu / Ergenekon Mah.,Turgutlu
DIALOG ATA GAYRİMENKUL'DEN YİĞİTLER MAHALLESİ'NDE 2+1 DAİRE,https://www.hepsiemlak.com/manisa-turgutlu-yigitler-satilik/daire/164259-29,"2.700.000
TL",2 + 1,95 m²,Manisa / Turgutlu / Yiğitler Mah.,Turgutlu
Manisa Yunusemre Kaynak Mahallesi'nde Satılık Dubleks,https://www.hepsiemlak.com/manisa-yunusemre-kaynak-satilik/daire/164260-15,"6.200.000
TL",4 + 1,220 m²,Manisa / Yunusemre / Kaynak Mah.,Yunusemre
YEDİ EYLÜL MAH. SATILIK 3+1 ARAKAT DAİRE,https://www.hepsiemlak.com/manisa-turgutlu-ataturk-satilik/daire/154871-45,"3.500.000
TL",3 + 1,130 m²,Manisa / Turgutlu / Atatürk Mah.,Turgutlu
MANİSA TURGUTLU SUBAŞI M SATILIK SIFIR DUBLEX DAİRE ASANSÖRLÜ,https://www.hepsiemlak.com/manisa-turgutlu-subasi-satilik/daire/164007-33,"7.500.000
TL",4 + 1,255 m²,Manisa / Turgutlu / Subaşı Mah.,Turgutlu
SALİHLİ SATILIK KÖŞE 275 M2 2 KATLI EV VE ARSA KARAOĞLANLI KÖYÜ,https://www.hepsiemlak.com/manisa-salihli-karaoglanli-satilik/mustakil-ev/153067-85,"3.250.000
TL",4 + 1,275 m²,Manisa / Salihli / Karaoğlanlı Mah.,Salihli
AKHİSAR EFENDİ FAHRİ SERTEL EMLAKTAN 2+1 OTOPARKLI SATILIK DAİRE,https://www.hepsiemlak.com/manisa-akhisar-efendi-satilik/daire/144740-267,"2.980.000
TL",2 + 1,95 m²,Manisa / Akhisar / Efendi Mah.,Akhisar
ACISU CADDESİ ÜZERİ 4+1 DUBLEKS DAİRE,https://www.hepsiemlak.com/manisa-salihli-kocacesme-satilik/daire/152193-108,"6.250.000
TL",4 + 1,175 m²,Manisa / Salihli / Kocaçeşme Mah.,Salihli
YILDIZ EMLAK 'tan 2+1 KAPALI MUTFAK ÇİFT CEPHE DAİRE,https://www.hepsiemlak.com/manisa-yunusemre-muradiye-satilik/daire/152164-43,"3.650.000
TL",2 + 1,105 m²,Manisa / Yunusemre / Muradiye Mah.,Yunusemre
Mavi Emlak'tan Yeni Mahalle'de Yatırıma Uygun Yüksek Zemin,https://www.hepsiemlak.com/manisa-yunusemre-yeni-mahalle-satilik/daire/102443-815,"3.250.000
TL",1 + 1,60 m²,Manisa / Yunusemre / Yeni Mahalle Mah.,Yunusemre
SY YILMAZ EMLAKTAN ANA CADDE ÜZERİ ARAKAT DAİRE,https://www.hepsiemlak.com/manisa-sehzadeler-alaybey-satilik/daire/161259-8,"3.750.000
TL",3 + 1,125 m²,Manisa / Şehzadeler / Alaybey Mah.,Şehzadeler
KİRVEM EMLAK'TAN 3+1 DAİRE- CENGİZ TOPEL MAH. - KAPALI MUTFAK,https://www.hepsiemlak.com/manisa-saruhanli-cengiz-topel-satilik/daire/162496-15,"4.350.000
TL",3 + 1,140 m²,Manisa / Saruhanlı / Cengiz Topel Mah.,Saruhanlı
Manisa Karaoğlanlı'da mükemmel manzaraya sahip müstakil ev,https://www.hepsiemlak.com/manisa-sehzadeler-karaoglanli-satilik/mustakil-ev/155351-16,"6.200.000
TL",8 + 3,318 m²,Manisa / Şehzadeler / Karaoğlanlı Mah.,Şehzadeler
MURADİYE SU DEPOSU CİVARİ 2+1 FULL EŞYALI YATIRIMLIK DAİRE,https://www.hepsiemlak.com/manisa-yunusemre-muradiye-satilik/daire/113593-293,"3.050.000
TL",2 + 1,80 m²,Manisa / Yunusemre / Muradiye Mah.,Yunusemre
KW den Uncubozköyde Satılık 2+1 Doğa Manzaralı,https://www.hepsiemlak.com/manisa-yunusemre-uncubozkoy-satilik/daire/112706-8056,"5.750.000
TL",2 + 1,115 m²,Manisa / Yunusemre / Uncubozköy Mah.,Yunusemre
AKMAN'DAN MURADİYE MAH.%80 KREDİ CIKAN SATILIK 1+1 HAVUZLU DAİRE,https://www.hepsiemlak.com/manisa-yunusemre-muradiye-satilik/daire/113243-82,"3.000.000
TL",1 + 1,58 m²,Manisa / Yunusemre / Muradiye Mah.,Yunusemre
CUMHURİYET MAHALLESİNDE SATILIK DAİRE,https://www.hepsiemlak.com/manisa-yunusemre-cumhuriyet-satilik/daire/152027-36,"7.500.000
TL",3 + 1,160 m²,Manisa / Yunusemre / Cumhuriyet Mah.,Yunusemre
NOVA'DAN ERGENEKON MAHALLESİ'NDE SATILIK 3+1 ARAKAT LÜKS DAİRE,https://www.hepsiemlak.com/manisa-turgutlu-ergenekon-satilik/daire/123058-2131,"5.800.000
TL",3 + 1,135 m²,Manisa / Turgutlu / Ergenekon Mah.,Turgutlu
Akhisar Bekirler Köy İçi Satılık Köşe Müstakil Köy Evi&Çiftlik,https://www.hepsiemlak.com/manisa-akhisar-bekirler-satilik/mustakil-ev/72047-1577,"5.250.000
TL",4 + 2,677 m²,Manisa / Akhisar / Bekirler Mah.,Akhisar
"Acarlar Mahallesi’nde Asansörlü, Otoparklı 2+1 Sıfır Daire!",https://www.hepsiemlak.com/manisa-turgutlu-acarlar-satilik/daire/162001-69,"3.750.000
TL",2 + 1,100 m²,Manisa / Turgutlu / Acarlar Mah.,Turgutlu
ARAS YAPI'DAN MURADİYE'DE ARA KAT 1+1 SATILIK SIFIR DAİRE,https://www.hepsiemlak.com/manisa-yunusemre-muradiye-satilik/daire/159142-93,"2.750.000
TL",1 + 1,60 m²,Manisa / Yunusemre / Muradiye Mah.,Yunusemre
Cengiz Topel mah Ebeveyn banyolu 3+1,https://www.hepsiemlak.com/manisa-saruhanli-cengiz-topel-satilik/daire/9333-1834,"4.300.000
TL",3 + 1,145 m²,Manisa / Saruhanlı / Cengiz Topel Mah.,Saruhanlı
Akhisar Ulucamii Mahalllesi Cumartesi Pazar Karşısı 3+1 Satılık Sıfır Daire,https://www.hepsiemlak.com/manisa-akhisar-ulu-camii-satilik/daire/94123-2764,"3.925.000
TL",3 + 1,130 m²,Manisa / Akhisar / Ulu Camii Mah.,Akhisar
AKHİSAR HÜRRİYET MAH. HASTANE KARŞISI SATILIK 3+1 ARAKAT DAİRE,https://www.hepsiemlak.com/manisa-akhisar-hurriyet-satilik/daire/154167-317,"3.800.000
TL",3 + 1,130 m²,Manisa / Akhisar / Hürriyet Mah.,Akhisar
DIALOG ATA'dan Acarlar Mahallesinde 3+1 Geniş Metrajlı Ara Kat,https://www.hepsiemlak.com/manisa-turgutlu-acarlar-satilik/daire/164259-23,"4.500.000
TL",3 + 1,205 m²,Manisa / Turgutlu / Acarlar Mah.,Turgutlu
IRLAMAZ KARŞISI SATILIK TERASLI SIFIR DAİRE,https://www.hepsiemlak.com/manisa-turgutlu-yeni-satilik/daire/154871-42,"6.500.000
TL",3 + 1,190 m²,Manisa / Turgutlu / Yeni Mah.,Turgutlu
Yedieylül Mahallesi 160 m2 Satılık Daire,https://www.hepsiemlak.com/manisa-turgutlu-yedi-eylul-satilik/daire/160048-113,"4.800.000
TL",3 + 1,157 m²,Manisa / Turgutlu / Yedi Eylül Mah.,Turgutlu
Manisa Yunusemre Mutlu Mahallesi'nde Satılık Dubleks,https://www.hepsiemlak.com/manisa-yunusemre-mutlu-satilik/daire/164260-3,"5.500.000
TL",1 + 1,55 m²,Manisa / Yunusemre / Mutlu Mah.,Yunusemre
MANİSA TURGUTLU ALTAY M SATILIK ARAKAT 2+1 DAİRE,https://www.hepsiemlak.com/manisa-turgutlu-altay-satilik/daire/164007-32,"1.750.000
TL",2 + 1,85 m²,Manisa / Turgutlu / Altay Mah.,Turgutlu
Karaali Villalarda Müstakil Bahçeli Havuzlu Lüks Villa,https://www.hepsiemlak.com/manisa-yunusemre-karaali-satilik/villa/162776-53,"18.500.000
TL",4 + 1,170 m²,Manisa / Yunusemre / Karaali Mah.,Yunusemre
AKHİSAR KETHÜDA FAHRİ SERTEL EMLAKTAN SATILIK 2+1 DAİRE,https://www.hepsiemlak.com/manisa-akhisar-kethuda-satilik/daire/144740-256,"1.350.000
TL",2 + 1,95 m²,Manisa / Akhisar / Kethüda Mah.,Akhisar
SY YILMAZ EMLAKTAN TOPÇU ASIM MAH.de ARAKAT DAİRE,https://www.hepsiemlak.com/manisa-yunusemre-topcuasim-satilik/daire/161259-7,"3.650.000
TL",3 + 1,125 m²,Manisa / Yunusemre / Topçuasım Mah.,Yunusemre
Cumhuriyet caddesi satılık iki adet daire kiracılı köşe,https://www.hepsiemlak.com/manisa-turgutlu-yildirim-satilik/daire/154992-31,"2.950.000
TL",2 + 2,201 m²,Manisa / Turgutlu / Yıldırım Mah.,Turgutlu
Salihlide satılık daire,https://www.hepsiemlak.com/manisa-salihli-saglik-satilik/daire/57265-9,"3.250.000
TL",2 + 1,95 m²,Manisa / Salihli / Sağlık Mah.,Salihli
EROĞLU-TAŞKIN EMLAK OFİSİNDEN MERKEZDE 3+1 DAİRE,https://www.hepsiemlak.com/manisa-akhisar-inonu-satilik/daire/160552-15,"1.875.000
TL",3 + 1,125 m²,Manisa / Akhisar / İnönü Mah.,Akhisar
MANİSA SALİHLİ KIRVELİ MAHALLESİNDE SATILIK MÜSTAKİL EV,https://www.hepsiemlak.com/manisa-salihli-kirveli-satilik/daire/119344-262,"6.950.000
TL",3 + 1,269 m²,Manisa / Salihli / Kırveli Mah.,Salihli
NİDA CADDE EVLERİNDE 3+1 DUBLEKS SIFIR SATILIK LÜKS DAİRE,https://www.hepsiemlak.com/manisa-akhisar-ataturk-satilik/daire/86919-645,"6.800.000
TL",3 + 1,175 m²,Manisa / Akhisar / Atatürk Mah.,Akhisar
Masrafsız Yüksek Satılık Zemin Kat,https://www.hepsiemlak.com/manisa-turgutlu-turan-satilik/daire/126164-320,"2.750.000
TL",3 + 10,140 m²,Manisa / Turgutlu / Turan Mah.,Turgutlu
ESLİFE'DAN ERGENEKON MAH. 3+1 TERAS BALKONLU DAİRE,https://www.hepsiemlak.com/manisa-turgutlu-ergenekon-satilik/daire/136231-51,"4.499.000
TL",3 + 1,145 m²,Manisa / Turgutlu / Ergenekon Mah.,Turgutlu
Komple Satılık Bina,https://www.hepsiemlak.com/manisa-akhisar-seyit-ahmet-satilik/bina/163472-20,"9.000.000
TL",4 + 2,135 m²,Manisa / Akhisar / Seyit Ahmet Mah.,Akhisar
Mavi Emlak'tan Horozkoy Mah. Cadde Üzerinde Satılık Daire,https://www.hepsiemlak.com/manisa-yunusemre-cumhuriyet-satilik/daire/102443-821,"4.950.000
TL",3 + 1,130 m²,Manisa / Yunusemre / Cumhuriyet Mah.,Yunusemre
Manisa Şehzadeler 2.Anafartalar Mah. Fırsat Asansörlü 3+1 Fatih Patih Parkı Manzaralı,https://www.hepsiemlak.com/manisa-sehzadeler-sakarya-satilik/daire/95753-2056,"3.750.000
TL",3 + 1,125 m²,Manisa / Şehzadeler / Sakarya Mah.,Şehzadeler
Selvilitepe’de Atatepe Parkı Yakını 3+1 Bahçeli Zemin Kat Daire – 115 m² Doğalgazlı,https://www.hepsiemlak.com/manisa-turgutlu-selvilitepe-satilik/daire/162001-34,"2.250.000
TL",3 + 1,160 m²,Manisa / Turgutlu / Selvilitepe Mah.,Turgutlu
Manisa Mutlu Mah. Satılık 3+1 Dublex 196m²,https://www.hepsiemlak.com/manisa-yunusemre-mutlu-satilik/daire/155351-72,"5.000.000
TL",3 + 1,196 m²,Manisa / Yunusemre / Mutlu Mah.,Yunusemre
ARA KAT 3+1 DAİRE,https://www.hepsiemlak.com/manisa-soma-turgutalp-satilik/daire/691819-1117,"3.250.000
TL",3 + 1,135 m²,Manisa / Soma / Turgutalp Mah.,Soma
MURADİYE ÇARŞI MERKEZDE 2+1 AÇIK MUTFAK SIFIR LÜX SATILIK ARAKAT,https://www.hepsiemlak.com/manisa-yunusemre-muradiye-satilik/daire/113593-296,"3.400.000
TL",2 + 1,90 m²,Manisa / Yunusemre / Muradiye Mah.,Yunusemre
MUSTAFA BAŞYİĞİT EMLAK'TAN ATATÜRK'TE 160 M2 3+1 SATILIK DAİRE,https://www.hepsiemlak.com/manisa-akhisar-ataturk-satilik/daire/162406-192,"5.500.000
TL",3 + 1,160 m²,Manisa / Akhisar / Atatürk Mah.,Akhisar
HÜRRİYET MAHALLESİ OLİVA GARDEN'DA 4+1 SATILIK SIFIR DAİRE,https://www.hepsiemlak.com/manisa-akhisar-hurriyet-satilik/daire/94123-2745,"4.100.000
TL",4 + 1,170 m²,Manisa / Akhisar / Hürriyet Mah.,Akhisar
CBÜ'YE YÜRÜME MESAFESİNDE TAŞINMAYA HAZIR FULL EŞYALI 1+1 DAİRE,https://www.hepsiemlak.com/manisa-yunusemre-uncubozkoy-satilik/daire/154167-234,"3.100.000
TL",1 + 1,51 m²,Manisa / Yunusemre / Uncubozköy Mah.,Yunusemre
NOVA'DAN ERGENEKON MAH. SATILIK 3+1 YERDEN ISITMALI LÜKS DAİRE,https://www.hepsiemlak.com/manisa-turgutlu-ergenekon-satilik/daire/123058-1771,"5.650.000
TL",3 + 1,135 m²,Manisa / Turgutlu / Ergenekon Mah.,Turgutlu
DIALOG ATA GAYRİMENKUL'DEN ATATÜRK MAHALLESİ'NDE SATILIK DAİRE,https://www.hepsiemlak.com/manisa-turgutlu-ataturk-satilik/daire/164259-21,"2.500.000
TL",2 + 1,100 m²,Manisa / Turgutlu / Atatürk Mah.,Turgutlu
SALİHLİ ERDEM EMLAKTAN SATILIK KELİ MAHALLESİNDE KAÇIRILMAYACAK DAİRE FIRSATI,https://www.hepsiemlak.com/manisa-salihli-keli-satilik/daire/158161-145,"2.875.000
TL",2 + 1,95 m²,Manisa / Salihli / Keli Mah.,Salihli
MANİSA DİLŞİKAR MAH. FULL LÜKS 3+1 SATILIK DAİRE,https://www.hepsiemlak.com/manisa-sehzadeler-dilsikar-satilik/daire/162376-57,"4.500.000
TL",3 + 1,130 m²,Manisa / Şehzadeler / Dilşikar Mah.,Şehzadeler
MANİSA TURGUTLU ŞEHİTLER M 3+1 SATILIK DAİRE,https://www.hepsiemlak.com/manisa-turgutlu-kurtulus-satilik/daire/164007-24,"3.650.000
TL",2 + 1,130 m²,Manisa / Turgutlu / Kurtuluş Mah.,Turgutlu
Manisa Y. Çobanisa Örnekköy'de Satılık Dubleks Daire,https://www.hepsiemlak.com/manisa-sehzadeler-yukaricobanisa-satilik/daire/162776-49,"7.650.000
TL",5 + 2,195 m²,Manisa / Şehzadeler / Yukarıçobanisa Mah.,Şehzadeler
FİT GAYRİMENKUL'DEN 1+1 BAHÇELİ SATILIK DAİRE,https://www.hepsiemlak.com/manisa-saruhanli-cengiz-topel-satilik/daire/163843-19,"1.995.000
TL",1 + 1,55 m²,Manisa / Saruhanlı / Cengiz Topel Mah.,Saruhanlı
Acarlar Mahallesi Satılık Lüks Daireler,https://www.hepsiemlak.com/manisa-turgutlu-acarlar-satilik/daire/160048-90,"3.750.000
TL",2 + 1,100 m²,Manisa / Turgutlu / Acarlar Mah.,Turgutlu
Yarhasanlar da ara kat 1.balkon teraslı 3+1 170 m2,https://www.hepsiemlak.com/manisa-sehzadeler-yarhasanlar-satilik/daire/86276-1254,"4.990.000
TL",3 + 1,180 m²,Manisa / Şehzadeler / Yarhasanlar Mah.,Şehzadeler
ŞEHİTLER MAHALLESİNDE FULL LÜKS ARA KAT SATILIK 2+1 KAPALI MUTFAK,https://www.hepsiemlak.com/manisa-sehzadeler-sehitler-satilik/daire/163278-39,"3.975.000
TL",2 + 1,115 m²,Manisa / Şehzadeler / Şehitler Mah.,Şehzadeler
8 Havuzda Mükemmel Konumda Satılık 2+1 Fırsat Daire,https://www.hepsiemlak.com/manisa-sehzadeler-utku-satilik/daire/158110-254,"5.300.000
TL",2 + 1,100 m²,Manisa / Şehzadeler / Utku Mah.,Şehzadeler
SERKAN YILMAZ’DAN ÇARŞININ GÖBEĞİNDE 3+1 ASANSÖRLÜ,https://www.hepsiemlak.com/manisa-sehzadeler-1-anafartalar-satilik/daire/161259-2,"5.650.000
TL",3 + 1,155 m²,Manisa / Şehzadeler / 1. Anafartalar Mah.,Şehzadeler
AKHİSAR REŞATBEY FAHRİ SERTEL EMLAKTAN SATILIK 3+1 SIFIR DAİRE,https://www.hepsiemlak.com/manisa-akhisar-resat-bey-satilik/daire/144740-242,"4.425.000
TL",3 + 1,132 m²,Manisa / Akhisar / Reşat Bey Mah.,Akhisar
PİYALEOĞLU CADDE ÜZERİ SATILIK ARAKAT DAİRE,https://www.hepsiemlak.com/manisa-turgutlu-albayrak-satilik/daire/154871-34,"2.900.000
TL",3 + 1,120 m²,Manisa / Turgutlu / Albayrak Mah.,Turgutlu
ALAŞEHİR kurtuluş mh de SATILIK DAİRE,https://www.hepsiemlak.com/manisa-alasehir-kurtulus-satilik/daire/160695-8,"4.500.000
TL",3 + 1,190 m²,Manisa / Alaşehir / Kurtuluş Mah.,Alaşehir
EROĞLU TAŞKIN EMLAK OFİSİ'NDEN SATILIK BAHÇELİ MÜSTAKİL EV,https://www.hepsiemlak.com/manisa-akhisar-seyhisa-satilik/mustakil-ev/160552-3,"1.150.000
TL",3 + 1,109 m²,Manisa / Akhisar / Şeyhisa Mah.,Akhisar
MERKEZEFENDİ MAH SATILIK 3+1 ASANSÖRLÜ A.MUTFAKLI FULL ÖZELLİKLİ ARAKAT,https://www.hepsiemlak.com/manisa-yunusemre-merkez-efendi-satilik/daire/70124-4063,"4.450.000
TL",3 + 1,115 m²,Manisa / Yunusemre / Merkez Efendi Mah.,Yunusemre
Nida Cadde Evleri | 128 m² Yerden Isıtmalı 3+1 Lüks Daire,https://www.hepsiemlak.com/manisa-akhisar-ataturk-satilik/daire/86919-639,"6.750.000
TL",3 + 1,128 m²,Manisa / Akhisar / Atatürk Mah.,Akhisar
MURADİYE DE SATILIK 2+1 2.KAT 85 M2 FULLÜKS DAİRE 3.600.000 TL,https://www.hepsiemlak.com/manisa-yunusemre-muradiye-satilik/daire/119726-1422,"3.600.000
TL",2 + 1,95 m²,Manisa / Yunusemre / Muradiye Mah.,Yunusemre
ESLİFE'DAN YEDİEYLÜL MAH. ESKİ MANİSA YOLU CEPHELİ GENİŞ DAİRE,https://www.hepsiemlak.com/manisa-turgutlu-yedi-eylul-satilik/daire/136231-50,"4.300.000
TL",3 + 1,129 m²,Manisa / Turgutlu / Yedi Eylül Mah.,Turgutlu
Uzun Emlak'tan Güzelyurt Mahallesinde 3+1 170 m2 Arakat Daire,https://www.hepsiemlak.com/manisa-yunusemre-guzelyurt-satilik/daire/129877-315,"8.200.000
TL",3 + 1,170 m²,Manisa / Yunusemre / Güzelyurt Mah.,Yunusemre
DE&MA EMLAK’TAN BELEDİYE CADDESİ ÜZERİ 3+1 FIRSAT DAİRE,https://www.hepsiemlak.com/manisa-salihli-zafer-satilik/daire/152193-93,"3.000.000
TL",3 + 1,130 m²,Manisa / Salihli / Zafer Mah.,Salihli
Altay Mahallesi satılık doğalgazlı daire 110 m2 üstü çatılı,https://www.hepsiemlak.com/manisa-turgutlu-altay-satilik/daire/154992-58,"3.500.000
TL",3 + 1,110 m²,Manisa / Turgutlu / Altay Mah.,Turgutlu
SATILIK 2750 M2 İÇERİSİNE YAPILMIŞ DUBLEKS  EV VE MÜŞTEMİLATI ACİL SATILIKTIR,https://www.hepsiemlak.com/manisa-turgutlu-dalbahce-satilik/villa/48336-199,"9.500.000
TL",5 + 1,2.750 m²,Manisa / Turgutlu / Dalbahçe Mah.,Turgutlu
MUSTAFA BAŞYİĞİT EMLAK'TAN REŞATBEY'DE 300 M2 6+1 DUBLEKS,https://www.hepsiemlak.com/manisa-akhisar-resat-bey-satilik/daire/162406-137,"4.850.000
TL",6 + 1,300 m²,Manisa / Akhisar / Reşat Bey Mah.,Akhisar
SEYİTAHMET MAHALLESİ RİNG YOLU ÜZERİ 5+1 SATILIK SIFIR DUBLEKS,https://www.hepsiemlak.com/manisa-akhisar-seyit-ahmet-satilik/daire/94123-2742,"4.800.000
TL",5 + 1,270 m²,Manisa / Akhisar / Seyit Ahmet Mah.,Akhisar
MANİSA SALİHLİ CUMHURİYET MAHALLESİNDE SATILIK 2.KAT 3+1 DAİRE,https://www.hepsiemlak.com/manisa-salihli-cumhuriyet-satilik/daire/138755-154,"3.850.000
TL",3 + 1,125 m²,Manisa / Salihli / Cumhuriyet Mah.,Salihli
Manisa Şehzadeler Akıncılar Mahallesi 3+1 Yüksek Zemin Ful Özellikli Satılık Daire,https://www.hepsiemlak.com/manisa-sehzadeler-akincilar-satilik/daire/95753-1851,"3.450.000
TL",3 + 1,125 m²,Manisa / Şehzadeler / Akıncılar Mah.,Şehzadeler
KERVAN YOLU DİBİNDE FULL TADİLATLI 2 KATLI SATILIK MÜSTAKİL,https://www.hepsiemlak.com/manisa-turgutlu-yedi-eylul-satilik/mustakil-ev/164247-102,"2.990.000
TL",5 + 1,190 m²,Manisa / Turgutlu / Yedi Eylül Mah.,Turgutlu
BEFT GAYRİMENKUL DEN ÜÇPINAR MH KÖY İÇİNDE SATILIK 435 M2 ARSA İÇİNDE BAHÇELİ EV,https://www.hepsiemlak.com/manisa-yunusemre-ucpinar-satilik/daire/162044-152,"3.400.000
TL",3 + 1,435 m²,Manisa / Yunusemre / Üçpınar Mah.,Yunusemre
Konforlu Yaşam İçin Eşsiz Dubleks,https://www.hepsiemlak.com/manisa-turgutlu-acarlar-satilik/daire/164259-14,"9.500.000
TL",5 + 1,300 m²,Manisa / Turgutlu / Acarlar Mah.,Turgutlu
"ZEKİ EMLAK'TAN MURADİYE'DE GENİŞ, FERAH SATILIK 2+1 DAİRE",https://www.hepsiemlak.com/manisa-yunusemre-muradiye-satilik/daire/156185-470,"3.350.000
TL",2 + 1,80 m²,Manisa / Yunusemre / Muradiye Mah.,Yunusemre
SALİHLİ ERDEM EMLAKTAN AKSOY MAHALLESİNDE SATILIK FERAH 3+1 DAİRE,https://www.hepsiemlak.com/manisa-salihli-aksoy-satilik/daire/158161-140,"3.600.000
TL",3 + 1,145 m²,Manisa / Salihli / Aksoy Mah.,Salihli
İbrahim çelebi mah full Tadilatlı,https://www.hepsiemlak.com/manisa-sehzadeler-ibrahimcelebi-satilik/daire/133144-221,"4.800.000
TL",3 + 1,120 m²,Manisa / Şehzadeler / İbrahimçelebi Mah.,Şehzadeler
MANİSA KARAKÖY CADDE ÜZERİ SATILIK 3+1 FULL TADİLATLI ARAKAT DAİRE,https://www.hepsiemlak.com/manisa-yunusemre-topcuasim-satilik/daire/162376-56,"4.800.000
TL",3 + 1,130 m²,Manisa / Yunusemre / Topçuasım Mah.,Yunusemre
Manisa 75. Yıl Mahallesi'nde Satılık Lüks Dubleks Daire,https://www.hepsiemlak.com/manisa-yunusemre-75-yil-satilik/daire/162776-44,"15.000.000
TL",5 + 1,380 m²,Manisa / Yunusemre / 75. Yıl Mah.,Yunusemre
FİT GAYRİMENKUL'DEN 5+1 SATILIK DUBLEKS DAİRE,https://www.hepsiemlak.com/manisa-saruhanli-cengiz-topel-satilik/daire/163843-16,"5.549.000
TL",5 + 1,185 m²,Manisa / Saruhanlı / Cengiz Topel Mah.,Saruhanlı
GARANTİ EMLAK ERGENEKON MAHALLESİ SATILIK DAİRE,https://www.hepsiemlak.com/manisa-turgutlu-ergenekon-satilik/daire/137655-317,"3.950.000
TL",3 + 1,125 m²,Manisa / Turgutlu / Ergenekon Mah.,Turgutlu
TAM NOKTA TURGUTLU'DAN CUMHURİYET CAD. SATILIK DAİRE,https://www.hepsiemlak.com/manisa-turgutlu-cumhuriyet-satilik/daire/156788-43,"5.500.000
TL",3 + 1,135 m²,Manisa / Turgutlu / Cumhuriyet Mah.,Turgutlu
Akhisar Kethüda Mh.Doğalgazlı Satılık 3+1 Bakımlı Daire,https://www.hepsiemlak.com/manisa-akhisar-kethuda-satilik/daire/72047-1554,"1.950.000
TL",3 + 1,120 m²,Manisa / Akhisar / Kethüda Mah.,Akhisar
Reşatbey Yeni Yürüyüş Yoluna Komşu Tripleks Asansörlü Lüks Villa,https://www.hepsiemlak.com/manisa-akhisar-resat-bey-satilik/villa/86919-630,"16.250.000
TL",6 + 1,282 m²,Manisa / Akhisar / Reşat Bey Mah.,Akhisar
SATILIK YATIRIMLIK D.GAZLI DAİRE,https://www.hepsiemlak.com/manisa-turgutlu-ataturk-satilik/daire/154871-39,"1.900.000
TL",1 + 1,100 m²,Manisa / Turgutlu / Atatürk Mah.,Turgutlu
Manisa Hürriyet mahallesinde 3+1 Satılık Daire,https://www.hepsiemlak.com/manisa-akhisar-hurriyet-satilik/daire/162834-22,"3.300.000
TL",3 + 1,135 m²,Manisa / Akhisar / Hürriyet Mah.,Akhisar
3404 m² Arsa İçinde Müstakil Köy Evi + Verimli Zeytinlik + Traktör Dahil!,https://www.hepsiemlak.com/manisa-saruhanli-alibeyli-satilik/mustakil-ev/129073-449,"6.500.000
TL",4 + 1,140 m²,Manisa / Saruhanlı / Alibeyli Mah.,Saruhanlı
TORBALI EMLAK'TAN AKHİSAR DOĞANKAYA'DA DOĞA HARİKASI 3200m2 BAHÇEDE 110m2 MÜSTAKİL BAĞ EVİ SATILIK,https://www.hepsiemlak.com/manisa-akhisar-dogankaya-satilik/mustakil-ev/144499-114,"3.250.000
TL",2 + 1,3.190 m²,Manisa / Akhisar / Doğankaya Mah.,Akhisar
ATATÜRKTE 3+1 135 METREKARE SATILIKDAİRE,https://www.hepsiemlak.com/manisa-akhisar-ataturk-satilik/daire/143983-109,"3.000.000
TL",3 + 0,145 m²,Manisa / Akhisar / Atatürk Mah.,Akhisar
GÖKÇEPINAR CADDESİ CİVARI SATILIK 3+1 DAİRE !!,https://www.hepsiemlak.com/manisa-salihli-saglik-satilik/daire/155227-41,"3.150.000
TL",3 + 1,150 m²,Manisa / Salihli / Sağlık Mah.,Salihli
"MANİSA KULA BEBEKLİDE 11,5 DÖNÜM EV BADEMLİK ÇİFTLİK SU ELEKTRİK ÇİFTLİK",https://www.hepsiemlak.com/manisa-kula-bebekli-satilik/ciftlik-evi/95739-2519,"4.000.000
TL",2 + 1,11.564 m²,Manisa / Kula / Bebekli Mah.,Kula
ATATÜRK MAHALLESİ GENİŞ YENİ BİNA ARAKAT 2+1 DAİRE,https://www.hepsiemlak.com/manisa-yunusemre-ataturk-satilik/daire/153592-30,"3.850.000
TL",2 + 1,99 m²,Manisa / Yunusemre / Atatürk Mah.,Yunusemre
Manisa Yunusemre Muradiyede Satılık Eşyalı 1+1 Arakat,https://www.hepsiemlak.com/manisa-yunusemre-muradiye-satilik/daire/164260-8,"2.600.000
TL",1 + 1,55 m²,Manisa / Yunusemre / Muradiye Mah.,Yunusemre
Satılık müstakil arsa,https://www.hepsiemlak.com/manisa-salihli-mithatpasa-satilik/mustakil-ev/57265-30,"40.000
TL",3 + 1,285 m²,Manisa / Salihli / Mithatpaşa Mah.,Salihli
pazaryerine yakın arakat kiracısı hazır 2+1,https://www.hepsiemlak.com/manisa-saruhanli-cengiz-topel-satilik/daire/9333-1825,"2.600.000
TL",2 + 1,90 m²,Manisa / Saruhanlı / Cengiz Topel Mah.,Saruhanlı
Akhisar Hürriyet Mahallesi'nde Satılık 2+1 Daire,https://www.hepsiemlak.com/manisa-akhisar-hurriyet-satilik/daire/94137-1356,"3.200.000
TL",2 + 1,110 m²,Manisa / Akhisar / Hürriyet Mah.,Akhisar
Cumhuriyet Mh. Sahibinden Satılık 3+1,https://www.hepsiemlak.com/manisa-akhisar-cumhuriyet-satilik/daire/0-45562311,"3.600.000
TL",3 + 1,135 m²,Manisa / Akhisar / Cumhuriyet Mah.,Akhisar
Dombaylı mahallesinde havuzlu bahçeli satılık müstakil ev,https://www.hepsiemlak.com/manisa-salihli-dombayli-satilik/mustakil-ev/114169-3,"3.200.000
TL",2 + 1,940 m²,Manisa / Salihli / Dombaylı Mah.,Salihli
Akdeniz Emlak'tan Satılık Şehzadeler İlç Ahmet Bedevi Mah 9900 m2 Ev ve Çiftlik Bahçesi,https://www.hepsiemlak.com/manisa-sehzadeler-ahmet-bedevi-satilik/mustakil-ev/22228-10954,"18.000.000
TL",3 + 1,9.900 m²,Manisa / Şehzadeler / Ahmet Bedevi Mah.,Şehzadeler
MUSTAFA BAŞYİĞİT EMLAK'TAN NOVADA YOLU ÜZERİ 4+1 DUBLEKS,https://www.hepsiemlak.com/manisa-akhisar-pasa-satilik/daire/162406-123,"4.000.000
TL",4 + 1,275 m²,Manisa / Akhisar / Paşa Mah.,Akhisar
2 KAT İMARLI ÖN VE ARKA BAHÇELİ TERASLI CADDE ÜZERİ,https://www.hepsiemlak.com/manisa-sehzadeler-yukaricobanisa-satilik/koy-evi/86276-1234,"3.050.000
TL",2 + 1,300 m²,Manisa / Şehzadeler / Yukarıçobanisa Mah.,Şehzadeler
AYNI ALİ MAH SATILIK 3+1 ASANSÖRLÜ FULL LÜX ARAKAT,https://www.hepsiemlak.com/manisa-yunusemre-ayni-ali-satilik/daire/70124-4062,"4.750.000
TL",3 + 1,125 m²,Manisa / Yunusemre / Ayni Ali Mah.,Yunusemre
SEHER EMLAKTA  DAİRE FİYATINA  BİNA,https://www.hepsiemlak.com/manisa-turgutlu-yigitler-satilik/bina/131579-3,"6.300.000
TL",3 + 1,155 m²,Manisa / Turgutlu / Yiğitler Mah.,Turgutlu
SIFIR ARA KAT 3+1 GENİŞ FERAH UYGUN SATILIK DAİRE,https://www.hepsiemlak.com/manisa-turgutlu-yigitler-satilik/daire/164247-101,"3.900.000
TL",3 + 1,130 m²,Manisa / Turgutlu / Yiğitler Mah.,Turgutlu
BEFT GAYRİMENKUL DEN EGE MH 2.BALKON FULL SATILIK  3+1 ARAKAT DAİRE,https://www.hepsiemlak.com/manisa-sehzadeler-ege-satilik/daire/162044-151,"4.500.000
TL",3 + 1,130 m²,Manisa / Şehzadeler / Ege Mah.,Şehzadeler
Kervan Yolu Pazartesi Pazarı Yakınında Satılık Arakat Daire,https://www.hepsiemlak.com/manisa-turgutlu-mustafa-kemal-satilik/daire/164259-12,"2.250.000
TL",3 + 1,120 m²,Manisa / Turgutlu / Mustafa Kemal Mah.,Turgutlu
ZEKİ EMLAK'TAN MURADİYE'DE MERKEZİ KONUM SATILIK 1+1 SIFIR DAİRE,https://www.hepsiemlak.com/manisa-yunusemre-muradiye-satilik/daire/156185-467,"2.850.000
TL",1 + 1,60 m²,Manisa / Yunusemre / Muradiye Mah.,Yunusemre
3+1 135 M2 DAİRE CUMHURİYET MAHALLESİ SAMANYOLU SOKAKTA,https://www.hepsiemlak.com/manisa-turgutlu-cumhuriyet-satilik/daire/156788-229,"3.880.000
TL",3 + 1,150 m²,Manisa / Turgutlu / Cumhuriyet Mah.,Turgutlu
SALİHLİ ERDEM EMLAKTAN DOMBAYLI MAHALLESİNDE SATILIK 2+1 MÜSTAKİL EV,https://www.hepsiemlak.com/manisa-salihli-dombayli-satilik/mustakil-ev/158161-136,"3.350.000
TL",2 + 1,120 m²,Manisa / Salihli / Dombaylı Mah.,Salihli
YENİ MAHALLE’DE GENİŞ BAHÇELİ SATILIK 2+1 DAİRE,https://www.hepsiemlak.com/manisa-yunusemre-yeni-mahalle-satilik/daire/162376-51,"3.750.000
TL",2 + 1,100 m²,Manisa / Yunusemre / Yeni Mahalle Mah.,Yunusemre
Manisa Güzelyurt 2. TOKİ'de Satılık 3+1 Daire,https://www.hepsiemlak.com/manisa-yunusemre-guzelyurt-satilik/daire/162776-27,"6.450.000
TL",3 + 1,135 m²,Manisa / Yunusemre / Güzelyurt Mah.,Yunusemre
ERGENEKONDA SATILIK 3+1 145 METREKARE DAİRE,https://www.hepsiemlak.com/manisa-turgutlu-ergenekon-satilik/daire/156788-33,"5.550.000
TL",3 + 1,170 m²,Manisa / Turgutlu / Ergenekon Mah.,Turgutlu
Ergenekon Mahallesi Fırsat Daire,https://www.hepsiemlak.com/manisa-turgutlu-ergenekon-satilik/daire/160048-115,"3.750.000
TL",2 + 1,110 m²,Manisa / Turgutlu / Ergenekon Mah.,Turgutlu
SY YILMAZ EMLAK'TAN MERKEZ EFENDİ MAH. 3+1 ASANSÖRLÜ,https://www.hepsiemlak.com/manisa-yunusemre-merkez-efendi-satilik/daire/161259-5,"3.900.000
TL",3 + 1,125 m²,Manisa / Yunusemre / Merkez Efendi Mah.,Yunusemre
YILMAZLAR MAH. YÖRÜK SOKAKTA SATILIK DAİRE,https://www.hepsiemlak.com/manisa-turgutlu-yilmazlar-satilik/daire/154871-38,"1.620.000
TL",2 + 1,95 m²,Manisa / Turgutlu / Yılmazlar Mah.,Turgutlu
Şehzadeler,https://www.hepsiemlak.com/manisa-sehzadeler-sakarya-satilik/daire/161356-48,"9.000.000
TL",5 + 1,300 m²,Manisa / Şehzadeler / Sakarya Mah.,Şehzadeler
MANİSA BAĞYOLUNDA SİTE İÇİNDE LÜX SATILIK VİLLA,https://www.hepsiemlak.com/manisa-yunusemre-bagyolu-satilik/villa/150932-92,"14.000.000
TL",3 + 1,130 m²,Manisa / Yunusemre / Bağyolu Mah.,Yunusemre
Muradiye’de Asansörlü Binada 2+1 Geniş ve Ferah Daire!,https://www.hepsiemlak.com/manisa-yunusemre-muradiye-satilik/daire/160648-34,"3.100.000
TL",2 + 1,95 m²,Manisa / Yunusemre / Muradiye Mah.,Yunusemre
Muradiye Cumhuriyet Okulu Yakını 2+1 Açık Mutfak 0 Daire,https://www.hepsiemlak.com/manisa-yunusemre-muradiye-satilik/daire/162278-32,"3.250.000
TL",2 + 1,85 m²,Manisa / Yunusemre / Muradiye Mah.,Yunusemre
Satılık 2 oda 1 salon doğalgazlı 106 m2 net sıfır daire,https://www.hepsiemlak.com/manisa-saruhanli-cengiz-topel-satilik/daire/90814-465,"3.900.000
TL",2 + 1,116 m²,Manisa / Saruhanlı / Cengiz Topel Mah.,Saruhanlı
ESKİCAMİ MAHALLESİNDE MERKEZİ KONUMDA SATILIK 3+1 DAİRE !!,https://www.hepsiemlak.com/manisa-salihli-eski-cami-satilik/daire/155227-40,"3.650.000
TL",3 + 1,140 m²,Manisa / Salihli / Eski Cami Mah.,Salihli
ATATÜRK'TE 14 YILLIK 305M2 4+1 DUBLEKS DAİREMİZ SATILIKTIR,https://www.hepsiemlak.com/manisa-akhisar-ataturk-satilik/daire/143983-95,"3.750.000
TL",4 + 1,295 m²,Manisa / Akhisar / Atatürk Mah.,Akhisar
Hürriyet Mahallesi Oliva Garden Sitesi Lüks Modern Arakat 3+1,https://www.hepsiemlak.com/manisa-akhisar-hurriyet-satilik/daire/86919-629,"3.850.000
TL",3 + 1,140 m²,Manisa / Akhisar / Hürriyet Mah.,Akhisar
Manisa Yunusemre Mh Recepli köyü avlulu 2+1 Taş ev,https://www.hepsiemlak.com/manisa-yunusemre-recepli-satilik/koy-evi/125716-166,"3.500.000
TL",2 + 1,306 m²,Manisa / Yunusemre / Recepli Mah.,Yunusemre
Mavi Emlak'tan Şehitler Mahallesi'nde Satılık Arakat Daire,https://www.hepsiemlak.com/manisa-sehzadeler-sehitler-satilik/daire/102443-833,"3.950.000
TL",2 + 1,85 m²,Manisa / Şehzadeler / Şehitler Mah.,Şehzadeler
Manisa Muradiye'de  sıfır 1+1 arakat daire....,https://www.hepsiemlak.com/manisa-yunusemre-muradiye-satilik/daire/160440-13,"3.750.000
TL",1 + 1,57 m²,Manisa / Yunusemre / Muradiye Mah.,Yunusemre
MUSTAFA BAŞYİĞİT EMLAK'TAN REŞATBEY'DE 300 M2 6+1 DUBLEKS,https://www.hepsiemlak.com/manisa-akhisar-resat-bey-satilik/daire/162406-11,"4.850.000
TL",6 + 1,300 m²,Manisa / Akhisar / Reşat Bey Mah.,Akhisar
Özyurt Mahallesi 3+1,https://www.hepsiemlak.com/manisa-turgutlu-ozyurt-satilik/daire/164247-100,"3.350.000
TL",3 + 1,125 m²,Manisa / Turgutlu / Özyurt Mah.,Turgutlu
DİALOG ATA GAYRİMENKUL'DEN ERGENEKON ARŞİLYA SİTESİNDE 3+1 DAİRE,https://www.hepsiemlak.com/manisa-turgutlu-ergenekon-satilik/daire/164259-11,"4.750.000
TL",3 + 1,160 m²,Manisa / Turgutlu / Ergenekon Mah.,Turgutlu
BEFT GAYRİMENKUL DEN 1.ANAFARTALAR  MH 3+1 AÇIK MUTFAK FULL SATILIK ARAKAT,https://www.hepsiemlak.com/manisa-sehzadeler-1-anafartalar-satilik/daire/162044-149,"3.590.000
TL",3 + 1,115 m²,Manisa / Şehzadeler / 1. Anafartalar Mah.,Şehzadeler
SALİHLİ ERDEM EMLAKTAN KOCA ÇEŞME MAHALLESİNDE SATILIK FERAH 2.KAT DAİRE,https://www.hepsiemlak.com/manisa-salihli-kocacesme-satilik/daire/158161-134,"2.575.000
TL",2 + 1,99 m²,Manisa / Salihli / Kocaçeşme Mah.,Salihli
MERKEZEFENDI MAHALLESİ ARAKAT SATILIK 3+1 DAİRE,https://www.hepsiemlak.com/manisa-yunusemre-merkez-efendi-satilik/daire/162376-30,"4.275.000
TL",3 + 1,125 m²,Manisa / Yunusemre / Merkez Efendi Mah.,Yunusemre
ZEKİ EMLAK'TAN MURADİYE'DE SATILIK 2+1 ARA KAT KÖŞE DAİRE,https://www.hepsiemlak.com/manisa-yunusemre-muradiye-satilik/daire/156185-166,"3.750.000
TL",2 + 1,91 m²,Manisa / Yunusemre / Muradiye Mah.,Yunusemre
Karaali Villalar Bölgedinde bahçeli 2+1,https://www.hepsiemlak.com/manisa-yunusemre-karaali-satilik/daire/133144-218,"5.800.000
TL",2 + 1,80 m²,Manisa / Yunusemre / Karaali Mah.,Yunusemre
Manisa Salihli 4+1 satılık daire,https://www.hepsiemlak.com/manisa-salihli-aksoy-satilik/daire/105491-157,"4.250.000
TL",4 + 1,220 m²,Manisa / Salihli / Aksoy Mah.,Salihli
CUMHURİYET MAH. SATILIK 2+1 125M2 LÜKS DAİRE,https://www.hepsiemlak.com/manisa-akhisar-cumhuriyet-satilik/daire/163257-38,"3.150.000
TL",2 + 1,135 m²,Manisa / Akhisar / Cumhuriyet Mah.,Akhisar
Yunusemre muradiye,https://www.hepsiemlak.com/manisa-yunusemre-muradiye-satilik/daire/161356-47,"6.550.000
TL",3 + 1,125 m²,Manisa / Yunusemre / Muradiye Mah.,Yunusemre
AKMESCİT MAH SATILIK YÜKSEK ZEMİN 2+1 ÖZELLİKLİ,https://www.hepsiemlak.com/manisa-yunusemre-akmescit-satilik/daire/150956-62,"3.200.000
TL",2 + 1,90 m²,Manisa / Yunusemre / Akmescit Mah.,Yunusemre
UZUN EMLAK'TAN TURGUTLU ERGENEKON MAHALLESİNDE( 5.MINTIKA ) SIFIR ARA KAT DAİRE,https://www.hepsiemlak.com/manisa-turgutlu-ergenekon-satilik/daire/129877-308,"3.800.000
TL",2 + 1,86 m²,Manisa / Turgutlu / Ergenekon Mah.,Turgutlu
Manisa Yunusemre'de  Satılık 2+1 Daire,https://www.hepsiemlak.com/manisa-yunusemre-kaynak-satilik/daire/116537-695,"3.180.000
TL",2 + 1,90 m²,Manisa / Yunusemre / Kaynak Mah.,Yunusemre
NOVA'DAN Turgutlu Life City 2+1 Peyzaj Cephe SATILIK,https://www.hepsiemlak.com/manisa-turgutlu-selvilitepe-satilik/daire/123058-2015,"3.800.000
TL",2 + 1,120 m²,Manisa / Turgutlu / Selvilitepe Mah.,Turgutlu
Ahmetli Hacıköseli köyünde SATILIK ÇİFTLİK VE EVİ,https://www.hepsiemlak.com/manisa-ahmetli-hacikoseli-satilik/ciftlik-evi/162776-1,"6.500.000
TL",7 + 0,350 m²,Manisa / Ahmetli / Hacıköseli Mah.,Ahmetli
Yenimahalle'de 2+1 Arakat kapalı mutfaklı full tadilatlı daire,https://www.hepsiemlak.com/manisa-yunusemre-yeni-mahalle-satilik/daire/0-45562323,"3.740.000
TL",2 + 1,90 m²,Manisa / Yunusemre / Yeni Mahalle Mah.,Yunusemre
ALAŞEHİR İSTASYON MAH. 3+1 LÜKS DAİRE,https://www.hepsiemlak.com/manisa-alasehir-istasyon-satilik/daire/155862-31,"4.500.000
TL",3 + 1,126 m²,Manisa / Alaşehir / İstasyon Mah.,Alaşehir
MANİSA UNCUBOZKÖYDE SİTE İÇİNDE TEK MUSTAKİL VİLLA,https://www.hepsiemlak.com/manisa-yunusemre-uncubozkoy-satilik/villa/17068-1381,"35.000.000
TL",7 + 1,480 m²,Manisa / Yunusemre / Uncubozköy Mah.,Yunusemre
SATILIK DAİRE,https://www.hepsiemlak.com/manisa-akhisar-ragip-bey-satilik/daire/124874-251,"1.800.000
TL",3 + 1,137 m²,Manisa / Akhisar / Ragıp Bey Mah.,Akhisar
ESLİFE'DAN ALTAY MAH. SEVİNÇ SOKAK SIFIR 1+1 TERASLI LÜKS DAİRE,https://www.hepsiemlak.com/manisa-turgutlu-altay-satilik/daire/136231-52,"3.449.000
TL",1 + 1,78 m²,Manisa / Turgutlu / Altay Mah.,Turgutlu
Akdeniz Emlak'tan Satılık Şahzadeler İlç Şehitler Mah 4+1 160 m² Dubleks,https://www.hepsiemlak.com/manisa-sehzadeler-sehitler-satilik/daire/22228-10896,"4.990.000
TL",4 + 1,160 m²,Manisa / Şehzadeler / Şehitler Mah.,Şehzadeler
Saruhanlı'nın En Uygun Fiyatlı Satılık Dairesi Mavi Emlak'tan,https://www.hepsiemlak.com/manisa-saruhanli-kurtulus-satilik/daire/102443-818,"2.250.000
TL",2 + 1,60 m²,Manisa / Saruhanlı / Kurtuluş Mah.,Saruhanlı
KERVAN YOLU CİVARI SATILIK ZEMİN DAİRE,https://www.hepsiemlak.com/manisa-turgutlu-mustafa-kemal-satilik/daire/154871-41,"2.090.000
TL",2 + 1,90 m²,Manisa / Turgutlu / Mustafa Kemal Mah.,Turgutlu
Salihli Cin Emlaktan Kırveli Mahallesi  Avar  Cad. üzeri  Site  içerisinde 5 nci kat Satılık Daire,https://www.hepsiemlak.com/manisa-salihli-kirveli-satilik/daire/37897-2557,"2.800.000
TL",3 + 1,140 m²,Manisa / Salihli / Kırveli Mah.,Salihli
PAZARTESİ PAZARINA YAKIN 2+1 AÇIK MUTFAKLI,https://www.hepsiemlak.com/manisa-turgutlu-ataturk-satilik/daire/164247-98,"1.440.000
TL",2 + 1,85 m²,Manisa / Turgutlu / Atatürk Mah.,Turgutlu
DIALOG ATA GAYRİMENKUL'DEN ŞEHİR MERKEZİNDE SIFIR LÜKS DAİRELER!,https://www.hepsiemlak.com/manisa-turgutlu-altay-satilik/daire/164259-10,"4.750.000
TL",3 + 1,116 m²,Manisa / Turgutlu / Altay Mah.,Turgutlu
BEFT GAYRİMENKUL DEN 2.ANAFARTALAR MH SATILIK FULL SİTE İÇİ ÖNÜ AÇIK ARAKAT,https://www.hepsiemlak.com/manisa-sehzadeler-2-anafartalar-satilik/daire/162044-147,"6.300.000
TL",3 + 1,145 m²,Manisa / Şehzadeler / 2. Anafartalar Mah.,Şehzadeler
SALİHLİ ERDEM EMLAKTAN ACISU CADDE ÜZERİ 3+1 SATILIK DAİRE,https://www.hepsiemlak.com/manisa-salihli-kocacesme-satilik/daire/158161-108,"5.200.000
TL",3 + 1,140 m²,Manisa / Salihli / Kocaçeşme Mah.,Salihli
Atatürk Mahallesi Pazar Pazarı Arkasında 2+1 120m2 Satılık Daire,https://www.hepsiemlak.com/manisa-akhisar-ataturk-satilik/daire/86919-593,"2.700.000
TL",2 + 1,120 m²,Manisa / Akhisar / Atatürk Mah.,Akhisar
Satılık Daire Topçu Asım Mah.Kirazlık mevki,https://www.hepsiemlak.com/manisa-sehzadeler-yarhasanlar-satilik/daire/15578-385,"3.500.000
TL",3 + 1,110 m²,Manisa / Şehzadeler / Yarhasanlar Mah.,Şehzadeler
Şehzadeler de 2+1 ara kat uygun fiyata,https://www.hepsiemlak.com/manisa-sehzadeler-akincilar-satilik/daire/86276-1249,"2.849.000
TL",2 + 1,85 m²,Manisa / Şehzadeler / Akıncılar Mah.,Şehzadeler
"ZEKİ EMLAK'TAN MURADİYE'DE 1+1 OTOPARKLI, ARA KAT SATILIK DAİRE",https://www.hepsiemlak.com/manisa-yunusemre-muradiye-satilik/daire/156185-468,"2.750.000
TL",1 + 1,50 m²,Manisa / Yunusemre / Muradiye Mah.,Yunusemre
Manisa / Şehzadeler / Yarhasanlar Mah. 1+1  Ara Kat Sıfır Bina,https://www.hepsiemlak.com/manisa-sehzadeler-yarhasanlar-satilik/daire/95753-2068,"3.350.000
TL",1 + 1,40 m²,Manisa / Şehzadeler / Yarhasanlar Mah.,Şehzadeler
MUSTAFA BAŞYİĞİT EMLAK'TAN EFENDİDE 130 M2 SATILIK 3+1,https://www.hepsiemlak.com/manisa-akhisar-efendi-satilik/daire/162406-206,"3.450.000
TL",3 + 1,140 m²,Manisa / Akhisar / Efendi Mah.,Akhisar
İNÖNÜ MAH. SATILIK 3+1 140 M2 DAİRE,https://www.hepsiemlak.com/manisa-akhisar-inonu-satilik/daire/163257-36,"2.350.000
TL",3 + 1,140 m²,Manisa / Akhisar / İnönü Mah.,Akhisar
TURGUTLU ATATÜRK BULVARINDA 130 m2 3+1 SATILIK DAİRE !!!,https://www.hepsiemlak.com/manisa-turgutlu-acarlar-satilik/daire/161345-21,"4.000.000
TL",3 + 1,135 m²,Manisa / Turgutlu / Acarlar Mah.,Turgutlu
MUTLU MAH SATILIK ÖZELLİKLİ ZEMİN KAT ÖZELLİKLİ,https://www.hepsiemlak.com/manisa-yunusemre-mutlu-satilik/daire/150956-61,"3.150.000
TL",2 + 1,110 m²,Manisa / Yunusemre / Mutlu Mah.,Yunusemre
Atatürk mahallesi,https://www.hepsiemlak.com/manisa-yunusemre-ataturk-satilik/daire/161356-38,"4.500.000
TL",4 + 1,220 m²,Manisa / Yunusemre / Atatürk Mah.,Yunusemre
PRESTİJ EVLERİ SATILIK LÜKS HAVUZLU ÇİFT CEPHE,https://www.hepsiemlak.com/manisa-turgutlu-selvilitepe-satilik/daire/155066-60,"4.600.000
TL",3 + 1,170 m²,Manisa / Turgutlu / Selvilitepe Mah.,Turgutlu
SOMADA İKİ KATLI MÜSTAKİL EV,https://www.hepsiemlak.com/manisa-soma-karamanli-satilik/mustakil-ev/691819-1118,"1.375.000
TL",2 + 1,116 m²,Manisa / Soma / Karamanlı Mah.,Soma
NOVA'DAN ERGENEKON MH. 3+1 HAVUZLU SİTE İÇİNDE GENİŞ LÜKS,https://www.hepsiemlak.com/manisa-turgutlu-ergenekon-satilik/daire/123058-1848,"6.000.000
TL",3 + 1,155 m²,Manisa / Turgutlu / Ergenekon Mah.,Turgutlu
AVŞAR EMLAK'TAN YARHASANLAR DA 3+1 ASANSÖRLÜ,https://www.hepsiemlak.com/manisa-sehzadeler-yarhasanlar-satilik/daire/111103-126,"4.250.000
TL",3 + 1,120 m²,Manisa / Şehzadeler / Yarhasanlar Mah.,Şehzadeler
KERVAN YOLUNA YAKIN SATILIK 2+1 8 YILLIK FIRSAT DAİRE,https://www.hepsiemlak.com/manisa-turgutlu-cumhuriyet-satilik/daire/156788-201,"2.475.000
TL",2 + 1,132 m²,Manisa / Turgutlu / Cumhuriyet Mah.,Turgutlu
ESLİFE'DAN YEDİEYLÜL MAH. 3+1 DAİRE,https://www.hepsiemlak.com/manisa-turgutlu-yedi-eylul-satilik/daire/136231-48,"2.395.000
TL",3 + 1,135 m²,Manisa / Turgutlu / Yedi Eylül Mah.,Turgutlu
Piyaleoğlu Cadde Civarı Satılık 3+1 Daire,https://www.hepsiemlak.com/manisa-turgutlu-yilmazlar-satilik/daire/154871-40,"1.750.000
TL",3 + 1,112 m²,Manisa / Turgutlu / Yılmazlar Mah.,Turgutlu
Ara kat havuz manzaları lüx daire,https://www.hepsiemlak.com/manisa-yunusemre-karaali-satilik/daire/162376-49,"6.650.000
TL",3 + 1,95 m²,Manisa / Yunusemre / Karaali Mah.,Yunusemre
Şehitler Mahallesi 3+1,https://www.hepsiemlak.com/manisa-turgutlu-sehitler-satilik/daire/164247-97,"3.850.000
TL",3 + 1,125 m²,Manisa / Turgutlu / Şehitler Mah.,Turgutlu
Dialog Güvencesiyle Ergenekonda Yeni Yuvanız!,https://www.hepsiemlak.com/manisa-turgutlu-ergenekon-satilik/daire/164259-3,"6.500.000
TL",3 + 1,135 m²,Manisa / Turgutlu / Ergenekon Mah.,Turgutlu
BEFT GAYRİMENKULDEN 1.ANAFARTALAR MH SATILIK FULL ARAKAT,https://www.hepsiemlak.com/manisa-sehzadeler-1-anafartalar-satilik/daire/162044-142,"5.500.000
TL",3 + 1,200 m²,Manisa / Şehzadeler / 1. Anafartalar Mah.,Şehzadeler
SALİHLİ ERDEM EMLAKTAN NAMIKKEMAL MAHALLESİ DUBLEKS SATILIK DAİRE,https://www.hepsiemlak.com/manisa-salihli-namik-kemal-satilik/daire/158161-99,"2.500.000
TL",5 + 1,240 m²,Manisa / Salihli / Namık Kemal Mah.,Salihli
MEDAR SİTELER BÖLGESİNDE KUSURSUZ SIFIR 4+1 HAVUZLU 176 M2 VİLLA,https://www.hepsiemlak.com/manisa-akhisar-medar-satilik/villa/86919-616,"10.500.000
TL",4 + 1,176 m²,Manisa / Akhisar / Medar Mah.,Akhisar
Mavi Emlak'tan Havuzlu Site İçerisinde Satılık Arakat Daire,https://www.hepsiemlak.com/manisa-yunusemre-karaali-satilik/daire/102443-817,"3.600.000
TL",1 + 1,55 m²,Manisa / Yunusemre / Karaali Mah.,Yunusemre
Akdeniz Emlak'tan Satılık Şehzadeler İlç Arda Mah 3+1 140 m2  Ara Kat Daire,https://www.hepsiemlak.com/manisa-sehzadeler-arda-satilik/daire/22228-10850,"4.300.000
TL",3 + 1,140 m²,Manisa / Şehzadeler / Arda Mah.,Şehzadeler
"REAL,DEN YATIRIMLIK 2+1 DAİRE LALELİ YAPEK KARŞISI YSE EVLERİNDE",https://www.hepsiemlak.com/manisa-yunusemre-laleli-satilik/daire/17068-1384,"4.600.000
TL",2 + 1,115 m²,Manisa / Yunusemre / Laleli Mah.,Yunusemre
ALAYBEY de 2+1 köşe daire karanlık odası yok,https://www.hepsiemlak.com/manisa-sehzadeler-alaybey-satilik/daire/86276-1255,"2.550.000
TL",2 + 1,100 m²,Manisa / Şehzadeler / Alaybey Mah.,Şehzadeler
TEVFİKİYE MAH.SATILIK 2+1 DAİRE,https://www.hepsiemlak.com/manisa-yunusemre-tevfikiye-satilik/daire/158110-286,"6.200.000
TL",2 + 1,94 m²,Manisa / Yunusemre / Tevfikiye Mah.,Yunusemre
CUMHURİYET MH HANIMELİ SOKAKTA KÖŞE HARİKA 2+1 SATILIK DAİRE !!!,https://www.hepsiemlak.com/manisa-turgutlu-cumhuriyet-satilik/daire/161345-20,"3.500.000
TL",2 + 1,130 m²,Manisa / Turgutlu / Cumhuriyet Mah.,Turgutlu
Şehzadeler Dilşikar mahallesi,https://www.hepsiemlak.com/manisa-sehzadeler-dilsikar-satilik/daire/161356-37,"3.900.000
TL",3 + 1,170 m²,Manisa / Şehzadeler / Dilşikar Mah.,Şehzadeler
Salihlide satılık daire,https://www.hepsiemlak.com/manisa-salihli-kocacesme-satilik/daire/57265-24,"2.400.000
TL",2 + 1,85 m²,Manisa / Salihli / Kocaçeşme Mah.,Salihli
ERSOY GAYRİMENKUL'DEN SATILIK 3+1 AÇIK MUTFAK,https://www.hepsiemlak.com/manisa-sehzadeler-yarhasanlar-satilik/daire/114523-422,"3.200.000
TL",3 + 1,105 m²,Manisa / Şehzadeler / Yarhasanlar Mah.,Şehzadeler
Merkezi konumda Mükkemmel 4+1,https://www.hepsiemlak.com/manisa-akhisar-haci-ishak-satilik/daire/163472-21,"5.000.000
TL",4 + 1,165 m²,Manisa / Akhisar / Hacı İshak Mah.,Akhisar
NET 160 M2 HARİKA LOKASYON SARAY GİBİ EV,https://www.hepsiemlak.com/manisa-turgutlu-subasi-satilik/daire/131579-5,"4.920.000
TL",3 + 1,175 m²,Manisa / Turgutlu / Subaşı Mah.,Turgutlu
Manisa Şehzadeler Şehitler Mahallesi 3+1 5.Kat Asansörlü Ful Özellikli Satılık Daire,https://www.hepsiemlak.com/manisa-sehzadeler-sehitler-satilik/daire/95753-2069,"3.550.000
TL",3 + 1,130 m²,Manisa / Şehzadeler / Şehitler Mah.,Şehzadeler
NOVA'DAN ERGENEKON MAH HAVUZLU SİTEDE SATILIK ÇATI DUBLEKSİ,https://www.hepsiemlak.com/manisa-turgutlu-ergenekon-satilik/daire/123058-1805,"11.450.000
TL",5 + 2,280 m²,Manisa / Turgutlu / Ergenekon Mah.,Turgutlu
ESLİFE'DAN YEDİEYLÜL MAH. GENİŞ 3+1 DAİRE,https://www.hepsiemlak.com/manisa-turgutlu-yedi-eylul-satilik/daire/136231-47,"2.450.000
TL",3 + 1,140 m²,Manisa / Turgutlu / Yedi Eylül Mah.,Turgutlu
Akhisar Cumhuriyet Mahallesi'nde 2+1 Satılık Daire,https://www.hepsiemlak.com/manisa-akhisar-cumhuriyet-satilik/daire/94137-1339,"3.250.000
TL",2 + 1,115 m²,Manisa / Akhisar / Cumhuriyet Mah.,Akhisar
Subaşı Mahallesi 3+1,https://www.hepsiemlak.com/manisa-turgutlu-subasi-satilik/daire/164247-96,"4.350.000
TL",3 + 1,140 m²,Manisa / Turgutlu / Subaşı Mah.,Turgutlu
DİALOG ATA GAYRİMENKUL'DEN CUMHURİYET MH. HARİKA LOKASYON DAİRE,https://www.hepsiemlak.com/manisa-turgutlu-cumhuriyet-satilik/daire/164259-2,"5.600.000
TL",3 + 1,125 m²,Manisa / Turgutlu / Cumhuriyet Mah.,Turgutlu
BEFT GAYRİMENKUL DEN 1.ANAFARTALAR MH SATILIK BEYAZFİL KARŞISI FULL ASANSÖRLÜ 3+1 ARAKAT,https://www.hepsiemlak.com/manisa-sehzadeler-1-anafartalar-satilik/daire/162044-138,"8.500.000
TL",3 + 1,170 m²,Manisa / Şehzadeler / 1. Anafartalar Mah.,Şehzadeler
ERDEM EMLAK'TAN YÖRÜK MAHALLESİ SATILIK 2+1 DAİRE,https://www.hepsiemlak.com/manisa-salihli-yoruk-satilik/daire/158161-93,"3.320.000
TL",2 + 1,110 m²,Manisa / Salihli / Yörük Mah.,Salihli
MANİSA SALİHLİ SEYRAN TEPE MAHALLESİNDE İKİ KATLI MÜSTAKİL DAİRE,https://www.hepsiemlak.com/manisa-salihli-seyrantepe-satilik/mustakil-ev/138755-218,"4.500.000
TL",2 + 1,105 m²,Manisa / Salihli / Seyrantepe Mah.,Salihli
Akhisar Yatağan’da Satılık Köşe Müstakil Köy evi,https://www.hepsiemlak.com/manisa-akhisar-yatagan-satilik/mustakil-ev/72047-1543,"1.750.000
TL",4 + 1,258 m²,Manisa / Akhisar / Yatağan Mah.,Akhisar
MERKEZEFENDİ MAH HASTANE CİVARI SATILIK 2+1 A.MUTFAKLI ZEMİN,https://www.hepsiemlak.com/manisa-yunusemre-merkez-efendi-satilik/daire/70124-4061,"3.675.000
TL",2 + 1,80 m²,Manisa / Yunusemre / Merkez Efendi Mah.,Yunusemre
MANİSA AKHİSAR SATILIK DAİRE,https://www.hepsiemlak.com/manisa-akhisar-resat-bey-satilik/daire/160589-30,"5.600.000
TL",3 + 1,190 m²,Manisa / Akhisar / Reşat Bey Mah.,Akhisar
Muradiye Havuzlu Site Sıfır 1+1 Kampüse Yakın Yerden Isıtmalı,https://www.hepsiemlak.com/manisa-yunusemre-muradiye-satilik/daire/162776-50,"3.200.000
TL",1 + 1,50 m²,Manisa / Yunusemre / Muradiye Mah.,Yunusemre
ŞEHİTLER MAH. TOKİDE SATILIK ARAKAT DAİRE,https://www.hepsiemlak.com/manisa-turgutlu-sehitler-satilik/daire/154871-43,"2.650.000
TL",2 + 1,95 m²,Manisa / Turgutlu / Şehitler Mah.,Turgutlu
SAHİBİNDEN MUSAL YAKINI YERDEN ISITMALI MASRAFSIZ FIRSAT DAIRE,https://www.hepsiemlak.com/manisa-turgutlu-selvilitepe-satilik/daire/0-45638762,"3.700.000
TL",2 + 1,95 m²,Manisa / Turgutlu / Selvilitepe Mah.,Turgutlu
Çınar İzmir'den Manisa Şehzadeler'de Site İçi Dubleks 6+1 Daire,https://www.hepsiemlak.com/manisa-sehzadeler-2-anafartalar-satilik/daire/119979-1943,"11.500.000
TL",6 + 1,310 m²,Manisa / Şehzadeler / 2. Anafartalar Mah.,Şehzadeler
Turgutlu Cumhuriyet Caddesinde 3+1 Satılık Daire,https://www.hepsiemlak.com/manisa-turgutlu-cumhuriyet-satilik/daire/142226-21,"3.100.000
TL",3 + 1,130 m²,Manisa / Turgutlu / Cumhuriyet Mah.,Turgutlu
TURPA'DAN TURAN MH. SATILIK 3+1 ZEMİN ÜSTÜ TERASLI FIRSAT DAİRE,https://www.hepsiemlak.com/manisa-turgutlu-turan-satilik/daire/144722-291,"3.100.000
TL",3 + 1,160 m²,Manisa / Turgutlu / Turan Mah.,Turgutlu
ÖZ DOST EMLAKTAN MURADİYEDE SATILIK TERASLI DUBLEX,https://www.hepsiemlak.com/manisa-yunusemre-muradiye-satilik/daire/137460-97,"5.450.000
TL",5 + 1,250 m²,Manisa / Yunusemre / Muradiye Mah.,Yunusemre
ÇINAR GAYRİMENKULDEN MANİSA'NIN TEVFİKİYE MAH. SATILIK DAİRE,https://www.hepsiemlak.com/manisa-yunusemre-tevfikiye-satilik/daire/158829-42,"4.200.000
TL",3 + 1,130 m²,Manisa / Yunusemre / Tevfikiye Mah.,Yunusemre
TURGUTLU SEVİLTEPE MAH. SATILIK 2+1 YENİ DAİRE DOĞALGAZLI,https://www.hepsiemlak.com/manisa-turgutlu-selvilitepe-satilik/daire/141008-202,"2.750.000
TL",2 + 1,100 m²,Manisa / Turgutlu / Selvilitepe Mah.,Turgutlu
MURADİYE 'DE SATILIK 4+1 GENİŞ DUBLEKS,https://www.hepsiemlak.com/manisa-yunusemre-muradiye-satilik/daire/163401-4,"4.250.000
TL",4 + 1,240 m²,Manisa / Yunusemre / Muradiye Mah.,Yunusemre
Geniş 1+1 Daire | Villalar Bölgesi | OSB ve Üniversite Yakını,https://www.hepsiemlak.com/manisa-yunusemre-muradiye-satilik/daire/0-45460285,"3.725.000
TL",1 + 1,65 m²,Manisa / Yunusemre / Muradiye Mah.,Yunusemre
HÜRRİYET MAHALLESİNDE MODERN DİZAYN 5+1 DUBLEKS,https://www.hepsiemlak.com/manisa-akhisar-hurriyet-satilik/daire/160594-40,"7.500.000
TL",5 + 1,280 m²,Manisa / Akhisar / Hürriyet Mah.,Akhisar
AYNI ALİ MAH ASANSÖRLÜ CADDE ÜZERİ GÜZEL BİR DAİRE,https://www.hepsiemlak.com/manisa-yunusemre-ayni-ali-satilik/daire/162591-13,"3.790.000
TL",2 + 1,105 m²,Manisa / Yunusemre / Ayni Ali Mah.,Yunusemre
RainBow Muradiye Projesi O daireler,https://www.hepsiemlak.com/manisa-yunusemre-muradiye-satilik/daire/152909-39,"5.250.000
TL",3 + 1,130 m²,Manisa / Yunusemre / Muradiye Mah.,Yunusemre
SALİHLİ ADALA'DA SATILIK KOMPLE TADİLATLI 5+1 TRİPLEKS VİLLA,https://www.hepsiemlak.com/manisa-salihli-adala-satilik/villa/46975-1830,"5.350.000
TL",4 + 1,325 m²,Manisa / Salihli / Adala Mah.,Salihli
GÜRGİN EMLAK TAN SATILIK CUMHURİYET MH DE 4. KAT FULL TADİLATLI DAİRE,https://www.hepsiemlak.com/manisa-turgutlu-cumhuriyet-satilik/daire/63550-46,"3.700.000
TL",3 + 1,150 m²,Manisa / Turgutlu / Cumhuriyet Mah.,Turgutlu
TURYAP CENTER 'DAN EŞŞİZ MANZARALI DAĞ EVİ,https://www.hepsiemlak.com/manisa-yunusemre-turgutalp-satilik/mustakil-ev/158110-279,"15.000.000
TL",4 + 1,3.586 m²,Manisa / Yunusemre / Turgutalp Mah.,Yunusemre
EFENDİ MAH. TUR YOLA SIFIR SATILIK 3+1 DAİRE,https://www.hepsiemlak.com/manisa-akhisar-efendi-satilik/daire/163257-33,"4.150.000
TL",3 + 1,145 m²,Manisa / Akhisar / Efendi Mah.,Akhisar
MURADİYE MAHALLESİNDE 2+1 ARAKAT SATILIK DAİRE,https://www.hepsiemlak.com/manisa-yunusemre-guzelyurt-satilik/daire/163565-112,"3.100.000
TL",2 + 1,84 m²,Manisa / Yunusemre / Güzelyurt Mah.,Yunusemre
FİT GAYRİMENKUL'DEN 2+1 SATILIK DAİRE,https://www.hepsiemlak.com/manisa-saruhanli-ataturk-satilik/daire/163843-24,"3.100.000
TL",2 + 1,115 m²,Manisa / Saruhanlı / Atatürk Mah.,Saruhanlı
YENİMAHALLEDE EMSALSİZ (5+2) 280 m2 SATILIK DUBLEKS DAİRE !!!,https://www.hepsiemlak.com/manisa-turgutlu-yeni-satilik/daire/161345-18,"10.250.000
TL",5 + 2,280 m²,Manisa / Turgutlu / Yeni Mah.,Turgutlu
75.yıl Mahallesi,https://www.hepsiemlak.com/manisa-yunusemre-75-yil-satilik/daire/161356-36,"13.500.000
TL",5 + 1,235 m²,Manisa / Yunusemre / 75. Yıl Mah.,Yunusemre
MANİSA SARIALAN KÖY İÇİNDE SATILIK MÜSTAKİL KERPİÇ EV,https://www.hepsiemlak.com/manisa-sehzadeler-sarialan-satilik/mustakil-ev/104090-24,"1.275.000
TL",2 + 0,90 m²,Manisa / Şehzadeler / Sarıalan Mah.,Şehzadeler
REAL DEN SATILIK 3+1 İÇİ YAPILI DAİRE,https://www.hepsiemlak.com/manisa-sehzadeler-utku-satilik/daire/17068-1369,"4.000.000
TL",3 + 1,160 m²,Manisa / Şehzadeler / Utku Mah.,Şehzadeler
DE&MA EMLAK’TAN MASAL ORMANI PARKI CİVARI 2+1 DAİRE,https://www.hepsiemlak.com/manisa-salihli-kurtulus-satilik/daire/152193-97,"3.200.000
TL",2 + 1,88 m²,Manisa / Salihli / Kurtuluş Mah.,Salihli
Ragıpbeyde AsansörlüOtoparklı 3+1 Sıfır Daire Fırsatı,https://www.hepsiemlak.com/manisa-akhisar-ragip-bey-satilik/daire/86919-640,"5.750.000
TL",3 + 1,135 m²,Manisa / Akhisar / Ragıp Bey Mah.,Akhisar
Akdeniz Emlak'tan Satılık Yunus Emre İlç Kuyu Alanı Mah 2+1 Daire,https://www.hepsiemlak.com/manisa-yunusemre-kuyualan-satilik/daire/22228-10992,"3.350.000
TL",2 + 1,95 m²,Manisa / Yunusemre / Kuyualan Mah.,Yunusemre
Manisa Şehzadeler Adakale Mah. 3+1 140m²  Satılık Daire,https://www.hepsiemlak.com/manisa-sehzadeler-adakale-satilik/daire/95753-2105,"3.550.000
TL",3 + 1,140 m²,Manisa / Şehzadeler / Adakale Mah.,Şehzadeler
VİLLA BÖLGESİNDE İN MODA SİTESİNDE TERASLI BAHÇELİ SATILIK 1+1,https://www.hepsiemlak.com/manisa-yunusemre-muradiye-satilik/daire/162470-16,"4.500.000
TL",1 + 1,65 m²,Manisa / Yunusemre / Muradiye Mah.,Yunusemre
Ergenekon Mahallesi,https://www.hepsiemlak.com/manisa-turgutlu-ergenekon-satilik/daire/164247-94,"4.700.000
TL",3 + 1,125 m²,Manisa / Turgutlu / Ergenekon Mah.,Turgutlu
BEFT GAYRİMENKULDEN HAFSA SULTAN MH SATILIK FULL ARAKAT,https://www.hepsiemlak.com/manisa-yunusemre-hafsa-sultan-satilik/daire/162044-135,"5.200.000
TL",2 + 1,100 m²,Manisa / Yunusemre / Hafsa Sultan Mah.,Yunusemre
Akhisar Hürriyet Mahallesi'nde 2+2 Satılık Dubleks Daire,https://www.hepsiemlak.com/manisa-akhisar-hurriyet-satilik/daire/94137-1352,"4.950.000
TL",2 + 2,220 m²,Manisa / Akhisar / Hürriyet Mah.,Akhisar
BARAKA GAYRİMENKUL’DEN YENİ MAHALLEDE YATIRIMLIK FIRSAT DAİRE,https://www.hepsiemlak.com/manisa-yunusemre-yeni-mahalle-satilik/daire/74020-937,"3.300.000
TL",1 + 1,60 m²,Manisa / Yunusemre / Yeni Mahalle Mah.,Yunusemre
ATLAS GAYRİMENKULDEN AHMETLİ GÖKKAYA'DA ANAYOLA SIFIR EV VE ARSA,https://www.hepsiemlak.com/manisa-ahmetli-gokkaya-satilik/mustakil-ev/156738-63,"2.950.000
TL",3 + 1,250 m²,Manisa / Ahmetli / Gökkaya Mah.,Ahmetli
TURGUTLU CUMHURİYET MH DE SATILIK GENİŞ DAİRE,https://www.hepsiemlak.com/manisa-turgutlu-cumhuriyet-satilik/daire/141766-286,"5.950.000
TL",3 + 1,150 m²,Manisa / Turgutlu / Cumhuriyet Mah.,Turgutlu
ZAMBAK GAYRİMENKUL,https://www.hepsiemlak.com/manisa-akhisar-ulu-camii-satilik/daire/160589-29,"4.200.000
TL",3 + 1,130 m²,Manisa / Akhisar / Ulu Camii Mah.,Akhisar
TURPADAN ERGENEKON MH. GOLD CİTY SATILIK 3+1 FIRSAT DAİRE,https://www.hepsiemlak.com/manisa-turgutlu-ergenekon-satilik/daire/144722-285,"7.650.000
TL",3 + 1,165 m²,Manisa / Turgutlu / Ergenekon Mah.,Turgutlu
MANİSA KARAALİ 2 KATLI HAVUZLU VİLLA 3+1,https://www.hepsiemlak.com/manisa-yunusemre-karaali-satilik/daire/162754-32,"15.000.000
TL",3 + 1,220 m²,Manisa / Yunusemre / Karaali Mah.,Yunusemre
ÖZ DOST EMLAKTAN MURADİYEDE SATILIK 3+1 DAİRE,https://www.hepsiemlak.com/manisa-yunusemre-muradiye-satilik/daire/137460-96,"4.999.999
TL",3 + 1,130 m²,Manisa / Yunusemre / Muradiye Mah.,Yunusemre
Seyitahmet Mahallesi en canlı ve değer kazanan bölgesi!,https://www.hepsiemlak.com/manisa-akhisar-seyit-ahmet-satilik/daire/162211-37,"3.870.000
TL",3 + 1,130 m²,Manisa / Akhisar / Seyit Ahmet Mah.,Akhisar
PEKERDE SATILIK DUBLEKS 5+2,https://www.hepsiemlak.com/manisa-sehzadeler-peker-satilik/daire/163779-23,"5.500.000
TL",5 + 2,250 m²,Manisa / Şehzadeler / Peker Mah.,Şehzadeler
EMRAH EMLAKTAN ATATÜRK MAHALLESİNDE SATILIK DAİRE,https://www.hepsiemlak.com/manisa-akhisar-ataturk-satilik/daire/141484-24,"4.000.000
TL",3 + 1,145 m²,Manisa / Akhisar / Atatürk Mah.,Akhisar
Salihli Cin Emlak'tan Seyrantepe Mah Satılık 3+1 145 m2 Doğalgazlı Daire,https://www.hepsiemlak.com/manisa-salihli-seyrantepe-satilik/daire/37897-2562,"2.700.000
TL",3 + 1,145 m²,Manisa / Salihli / Seyrantepe Mah.,Salihli
BEYAZ GAYRİMENKULDEN ÇAM KÖYDE 1.125 m2 SÜPER YAZLIK,https://www.hepsiemlak.com/manisa-sehzadeler-camkoy-satilik/yazlik/119915-541,"6.150.000
TL",4 + 1,1.150 m²,Manisa / Şehzadeler / Çamköy Mah.,Şehzadeler
MANİSA YUNUSEMRE SARMA KÖYÜN'DE SATILIK 4+1 MÜSTAKİL EV,https://www.hepsiemlak.com/manisa-yunusemre-sarma-satilik/mustakil-ev/160489-15,"7.950.000
TL",4 + 1,160 m²,Manisa / Yunusemre / Sarma Mah.,Yunusemre
DNC GAYRİMENKUL'DEN ESKİHİSAR KÖYÜNDE TERMALLER BÖLGESİNDE FIRSAT SATILIK EV,https://www.hepsiemlak.com/manisa-demirci-eskihisar-satilik/mustakil-ev/142677-310,"350.000
TL",2 + 1,80 m²,Manisa / Demirci / Eskihisar Mah.,Demirci
TURYAP'TAN MANİSA LALAPAŞA MAH. 5+2 DUBLEX DAİRE,https://www.hepsiemlak.com/manisa-yunusemre-lalapasa-satilik/daire/158110-277,"6.400.000
TL",5 + 2,260 m²,Manisa / Yunusemre / Lalapaşa Mah.,Yunusemre
MURADİYE MAHALLESİNDE 3+1 CEPHESİ AÇIK SATILIK DAİRE,https://www.hepsiemlak.com/manisa-yunusemre-muradiye-satilik/daire/163565-111,"4.400.000
TL",3 + 1,145 m²,Manisa / Yunusemre / Muradiye Mah.,Yunusemre
MANİSA YUNUSEMRE MERKEZDE SATILIK 165 M2 3+1 DAİRE,https://www.hepsiemlak.com/manisa-yunusemre-ayni-ali-satilik/daire/163257-31,"8.750.000
TL",3 + 1,165 m²,Manisa / Yunusemre / Ayni Ali Mah.,Yunusemre
FİT GAYRİMENKUL'DEN 2+1 SATILIK DAİRE,https://www.hepsiemlak.com/manisa-saruhanli-ataturk-satilik/daire/163843-23,"3.250.000
TL",2 + 1,110 m²,Manisa / Saruhanlı / Atatürk Mah.,Saruhanlı
CUMHURİYET MAHALLESİNDE 172 m2 ULTRA LÜKS SATILIK DAİRELER !!!,https://www.hepsiemlak.com/manisa-turgutlu-cumhuriyet-satilik/daire/161345-14,"7.750.000
TL",3 + 1,180 m²,Manisa / Turgutlu / Cumhuriyet Mah.,Turgutlu
Yunusemre Horozköy de Dubleks,https://www.hepsiemlak.com/manisa-yunusemre-ataturk-satilik/daire/161356-34,"6.300.000
TL",4 + 1,200 m²,Manisa / Yunusemre / Atatürk Mah.,Yunusemre
MURADİYE MAHALLESİNDE SATILIK 3+1 GENİŞ DAİRE,https://www.hepsiemlak.com/manisa-yunusemre-muradiye-satilik/daire/104090-13,"5.650.000
TL",3 + 1,136 m²,Manisa / Yunusemre / Muradiye Mah.,Yunusemre
HAFSA SULTAN MAHALLESİNDE 2+1 KAPALI MUTFAK GENİŞ SATILIK DAİRE,https://www.hepsiemlak.com/manisa-yunusemre-hafsa-sultan-satilik/daire/94966-803,"5.750.000
TL",2 + 1,110 m²,Manisa / Yunusemre / Hafsa Sultan Mah.,Yunusemre
SİNAN EMLAK'TAN YEDİEYLÜL MAHALLESİNDE BAHÇELİ YÜKSEK ZEMİN KAT DAİRE,https://www.hepsiemlak.com/manisa-turgutlu-yedi-eylul-satilik/daire/159995-62,"4.150.000
TL",3 + 1,265 m²,Manisa / Turgutlu / Yedi Eylül Mah.,Turgutlu
DE&MA EMLAK'TAN ESKİ CAMİ MAH EŞYALI 1+1 EŞYALI FIRSAT DAİRE,https://www.hepsiemlak.com/manisa-salihli-eski-cami-satilik/daire/152193-86,"2.350.000
TL",1 + 1,54 m²,Manisa / Salihli / Eski Cami Mah.,Salihli
ATATÜRK BULVARI YANI SATILIK 100 M2 FUL EŞYALI DAİRE,https://www.hepsiemlak.com/manisa-turgutlu-albayrak-satilik/daire/48336-228,"3.200.000
TL",2 + 1,120 m²,Manisa / Turgutlu / Albayrak Mah.,Turgutlu
"REAL,den SATILIK UNCU BOZKÖYDE İYİ KONUMDA 3+1 BÜYÜK DAİRE",https://www.hepsiemlak.com/manisa-yunusemre-uncubozkoy-satilik/daire/17068-1399,"6.350.000
TL",3 + 1,160 m²,Manisa / Yunusemre / Uncubozköy Mah.,Yunusemre
Manisa Yunusemre 50.Yıl Mah. Fırsat 1+1 Yatırıma Uygun Daire,https://www.hepsiemlak.com/manisa-yunusemre-50-yil-satilik/daire/95753-2079,"2.500.000
TL",1 + 1,50 m²,Manisa / Yunusemre / 50. Yıl Mah.,Yunusemre
SATILIK BARBAROSDA 3+1DAİRE,https://www.hepsiemlak.com/manisa-yunusemre-barbaros-satilik/daire/162591-22,"3.400.000
TL",3 + 1,120 m²,Manisa / Yunusemre / Barbaros Mah.,Yunusemre
Yunus Emre İlç Güzel Yurt Mah Akdeniz Emlak'tan Satılık 3+1 140 m2 Daire,https://www.hepsiemlak.com/manisa-yunusemre-guzelyurt-satilik/daire/22228-10905,"6.970.000
TL",3 + 1,140 m²,Manisa / Yunusemre / Güzelyurt Mah.,Yunusemre
NOVA'DAN ŞEHİTLER MAHALLESİNDE SATILIK 2+1 DAİRE,https://www.hepsiemlak.com/manisa-turgutlu-sehitler-satilik/daire/123058-2335,"2.500.000
TL",2 + 1,70 m²,Manisa / Turgutlu / Şehitler Mah.,Turgutlu
TURGUTLU ALBAYRAK TOKİLERDE FULL EKSTRALI SATILIK DAİRE,https://www.hepsiemlak.com/manisa-turgutlu-albayrak-satilik/daire/164247-55,"1.625.000
TL",2 + 1,80 m²,Manisa / Turgutlu / Albayrak Mah.,Turgutlu
BEFT GAYRİMENKUL DEN  ULUPARK YAKINI CADDE ÜZERİ SATILIK FULL ARAKAT,https://www.hepsiemlak.com/manisa-sehzadeler-akincilar-satilik/daire/162044-125,"4.950.000
TL",3 + 1,130 m²,Manisa / Şehzadeler / Akıncılar Mah.,Şehzadeler
SALİHLİ ERDEM EMLAKTAN ŞUHEDA CADDESİ ÜZERİNDE 3+1 DUBLEKS SATILIK,https://www.hepsiemlak.com/manisa-salihli-kurtulus-satilik/daire/158161-60,"5.400.000
TL",3 + 1,170 m²,Manisa / Salihli / Kurtuluş Mah.,Salihli
Akhisar Hürriyet Mahallesi'nde 3+1 Satılık Daire,https://www.hepsiemlak.com/manisa-akhisar-hurriyet-satilik/daire/94137-1320,"4.000.000
TL",3 + 1,130 m²,Manisa / Akhisar / Hürriyet Mah.,Akhisar
Surkent'ten satılık Albayrak tokilerde 2+1 açık mutfak daire,https://www.hepsiemlak.com/manisa-turgutlu-albayrak-satilik/daire/143929-45,"1.650.000
TL",2 + 1,80 m²,Manisa / Turgutlu / Albayrak Mah.,Turgutlu
SARUHANLI CUMHURİYET MAH. ÇARŞIMERKEZ  4+1DUBLEKS DAİRE SATILIKTIR.,https://www.hepsiemlak.com/manisa-saruhanli-cumhuriyet-satilik/daire/106564-476,"5.250.000
TL",4 + 1,200 m²,Manisa / Saruhanlı / Cumhuriyet Mah.,Saruhanlı
3 ADAM EMLAK'TAN EFENDİ RİNG YOLU 3+1 SATILIK GENİŞ DAİRE,https://www.hepsiemlak.com/manisa-akhisar-efendi-satilik/daire/143910-160,"4.100.000
TL",3 + 1,165 m²,Manisa / Akhisar / Efendi Mah.,Akhisar
ARAS YAPI'DAN SİTE İÇERİSİNDE HAVUZLU 1+1 SATILIK SIFIR DAİRE,https://www.hepsiemlak.com/manisa-yunusemre-muradiye-satilik/daire/159142-91,"3.250.000
TL",1 + 1,60 m²,Manisa / Yunusemre / Muradiye Mah.,Yunusemre
ERSOY'DAN CUMHURİYET MH 3+1 Y.ZEMİN K.MUTFAK FULL DAİRE,https://www.hepsiemlak.com/manisa-yunusemre-cumhuriyet-satilik/daire/114523-419,"3.550.000
TL",3 + 1,130 m²,Manisa / Yunusemre / Cumhuriyet Mah.,Yunusemre
AKMAN GAYRİMENKUL'DEN MURADİYEDE SATILIK SIFIR ARAKAT 2+1 DAİRE,https://www.hepsiemlak.com/manisa-yunusemre-muradiye-satilik/daire/113243-70,"3.450.000
TL",2 + 1,95 m²,Manisa / Yunusemre / Muradiye Mah.,Yunusemre
SALİHLİ SATILIK 2+1 95 M2 DAİRE BEŞEYLÜL MAHALLESİ,https://www.hepsiemlak.com/manisa-salihli-beseylul-satilik/daire/153067-84,"3.495.000
TL",2 + 1,95 m²,Manisa / Salihli / Beşeylül Mah.,Salihli
ÖZ DOST EMLAKTAN MURADİYEDE SATILIK FIRSAT 2+1 DAİRE,https://www.hepsiemlak.com/manisa-yunusemre-muradiye-satilik/daire/137460-95,"2.850.000
TL",2 + 1,75 m²,Manisa / Yunusemre / Muradiye Mah.,Yunusemre
KİRVEM EMLAK'TAN YERDEN ISITMALI 2+1 DAİRE-KAPALI MUTFAK,https://www.hepsiemlak.com/manisa-saruhanli-cengiz-topel-satilik/daire/162496-39,"3.250.000
TL",2 + 1,95 m²,Manisa / Saruhanlı / Cengiz Topel Mah.,Saruhanlı
YENİMAHALLE DE SATILIK DUBLEKS,https://www.hepsiemlak.com/manisa-yunusemre-yeni-mahalle-satilik/daire/163779-20,"7.650.000
TL",5 + 2,210 m²,Manisa / Yunusemre / Yeni Mahalle Mah.,Yunusemre
Mutlu Mahallesi'nde satılık 3+1 Yüksek Zemin daire,https://www.hepsiemlak.com/manisa-yunusemre-mutlu-satilik/daire/160440-29,"3.900.000
TL",3 + 1,100 m²,Manisa / Yunusemre / Mutlu Mah.,Yunusemre
MANİSA MURADİYE'DE CADDE ÜZERİ SATILIK 2+1 SIFIR DAİRE,https://www.hepsiemlak.com/manisa-yunusemre-muradiye-satilik/daire/152164-39,"3.800.000
TL",2 + 1,96 m²,Manisa / Yunusemre / Muradiye Mah.,Yunusemre
Aras Gayrimenkul'Den Kethüda Mahallesinde 3+1 Satılıktır,https://www.hepsiemlak.com/manisa-akhisar-kethuda-satilik/daire/162211-35,"1.675.000
TL",3 + 1,115 m²,Manisa / Akhisar / Kethüda Mah.,Akhisar
Manisa Akgedik 2. Etap 1. Kısımdan Fırsat 2+1 Satılık Daire,https://www.hepsiemlak.com/manisa-yunusemre-akgedik-satilik/daire/162754-27,"3.900.000
TL",2 + 1,95 m²,Manisa / Yunusemre / Akgedik Mah.,Yunusemre
🏡 ACİL SATILIK – MANİSA MURADİYE AKGEDİK 79. BLOK 3+1 BOŞ DAİRE,https://www.hepsiemlak.com/manisa-yunusemre-akgedik-satilik/daire/160648-29,"3.600.000
TL",3 + 1,110 m²,Manisa / Yunusemre / Akgedik Mah.,Yunusemre
Akhisar Reşat bey satılık daire,https://www.hepsiemlak.com/manisa-akhisar-resat-bey-satilik/daire/160589-26,"3.650.000
TL",2 + 1,95 m²,Manisa / Akhisar / Reşat Bey Mah.,Akhisar
TURGUTLU'DA BAYRAMYERİ'NDE SATILIK DÜKKAN,https://www.hepsiemlak.com/manisa-turgutlu-kurtulus-satilik/daire/141766-278,"2.900.000
TL",Stüdyo,45 m²,Manisa / Turgutlu / Kurtuluş Mah.,Turgutlu
SALİHLİ CİN EMLAK'TAN  YEŞİLYURT  MAH SATILIK 5+1 175 M2 DUBLEKS,https://www.hepsiemlak.com/manisa-salihli-yesilyurt-satilik/daire/37897-2533,"5.100.000
TL",1 + 1,175 m²,Manisa / Salihli / Yeşilyurt Mah.,Salihli
ALAŞEHİR ŞEYHSİNAN MAH MUSTAKİL LÜKS BİNA SATILIK,https://www.hepsiemlak.com/manisa-alasehir-seyh-sinan-satilik/bina/155862-24,"5.300.000
TL",4 + 1,450 m²,Manisa / Alaşehir / Şeyh Sinan Mah.,Alaşehir
MANİSA YUNUSEMRE KÜME EVLERİNDE SATILIK GENİŞ 3+1 DAİRE,https://www.hepsiemlak.com/manisa-yunusemre-muradiye-satilik/daire/160489-7,"4.200.000
TL",3 + 1,160 m²,Manisa / Yunusemre / Muradiye Mah.,Yunusemre
BEYAZ GAYRIMENKULDEN MURADİYE MH 1+1 SATILIK SIFIR DAİRE,https://www.hepsiemlak.com/manisa-yunusemre-yagcilar-satilik/daire/119915-507,"3.795.000
TL",1 + 1,70 m²,Manisa / Yunusemre / Yağcılar Mah.,Yunusemre
ALAŞEHİR SEVGİYOLU YANI KONUMU GÜZEL DAİRE,https://www.hepsiemlak.com/manisa-alasehir-sakarya-satilik/daire/117872-1218,"2.090.000
TL",2 + 1,110 m²,Manisa / Alaşehir / Sakarya Mah.,Alaşehir
ERGENEKON MAHALLESİNDE MERKEZİ KONUMDA SATILIK TRİPLEKS,https://www.hepsiemlak.com/manisa-turgutlu-ergenekon-satilik/daire/156788-212,"16.500.000
TL",4 + 1,255 m²,Manisa / Turgutlu / Ergenekon Mah.,Turgutlu
AYNİ ALİ MAHALLESİNDE 3+1 ÖNÜ AÇIK ASANSÖRLÜ SATILIK DAİRE,https://www.hepsiemlak.com/manisa-yunusemre-ayni-ali-satilik/daire/163565-105,"4.750.000
TL",3 + 1,125 m²,Manisa / Yunusemre / Ayni Ali Mah.,Yunusemre
ÇATALÇEŞME PARKI CİVARI SATILIK 3+1 115 m2 SIFIR DAİRE !!!,https://www.hepsiemlak.com/manisa-turgutlu-turan-satilik/daire/161345-13,"3.100.000
TL",3 + 1,120 m²,Manisa / Turgutlu / Turan Mah.,Turgutlu
FİT GAYRİMENKUL'DEN 2+1 SATILIK DAİRE,https://www.hepsiemlak.com/manisa-saruhanli-cengiz-topel-satilik/daire/163843-18,"3.100.000
TL",2 + 1,100 m²,Manisa / Saruhanlı / Cengiz Topel Mah.,Saruhanlı
TURYAP'TAN MANİSA ŞEHZADELER ÇARŞIDA 3+1 LÜX DAİRE FİYAT DÜŞTÜ,https://www.hepsiemlak.com/manisa-sehzadeler-1-anafartalar-satilik/daire/158110-267,"5.500.000
TL",3 + 1,200 m²,Manisa / Şehzadeler / 1. Anafartalar Mah.,Şehzadeler
Maraşal fevzi Çakmak mahallesi,https://www.hepsiemlak.com/manisa-yunusemre-maresal-fevzi-cakmak-satilik/mustakil-ev/161356-33,"3.750.000
TL",2 + 1,200 m²,Manisa / Yunusemre / Mareşal Fevzi Çakmak Mah.,Yunusemre
ATATÜRK MAH. SATILIK 3+1 140 M2 DAİRE,https://www.hepsiemlak.com/manisa-akhisar-ataturk-satilik/daire/163257-27,"3.900.000
TL",3 + 1,140 m²,Manisa / Akhisar / Atatürk Mah.,Akhisar
SATLIK YÖRÜKTE 5+1 280M2 ÖZEL OTOPARKLI ÇİFT MUTFAKLI LÜKS DAİRE,https://www.hepsiemlak.com/manisa-salihli-yoruk-satilik/daire/150639-39,"11.000.000
TL",5 + 1,280 m²,Manisa / Salihli / Yörük Mah.,Salihli
HOROZKÖY'de SATILIK EŞYALI 1+1 DAİRE,https://www.hepsiemlak.com/manisa-yunusemre-ataturk-satilik/daire/104090-4,"2.270.000
TL",1 + 1,50 m²,Manisa / Yunusemre / Atatürk Mah.,Yunusemre
Çarşı Mahallesi Satılık 3+1 148 M2 Daire,https://www.hepsiemlak.com/manisa-sehzadeler-carsi-satilik/daire/102443-805,"3.725.000
TL",3 + 1,165 m²,Manisa / Şehzadeler / Çarşı Mah.,Şehzadeler
SİNAN EMLAK'TAN YEDİEYLÜL MAHALLESİNDE SATILIK DAİRE,https://www.hepsiemlak.com/manisa-turgutlu-yedi-eylul-satilik/daire/159995-58,"2.450.000
TL",3 + 0,110 m²,Manisa / Turgutlu / Yedi Eylül Mah.,Turgutlu
MANİSA SARUHANLIDA KAÇIRILMAYACAK FIRSAT!,https://www.hepsiemlak.com/manisa-saruhanli-cengiz-topel-satilik/daire/152909-30,"1.950.000
TL",1 + 1,60 m²,Manisa / Saruhanlı / Cengiz Topel Mah.,Saruhanlı
MANİSA TURGUTLU TURAN MH 3+1 DOĞALGAZLI DAİRE,https://www.hepsiemlak.com/manisa-turgutlu-turan-satilik/daire/94181-708,"3.300.000
TL",3 + 1,125 m²,Manisa / Turgutlu / Turan Mah.,Turgutlu
MERKEZ EFENDİ MAHALLESİNDE 3+1 SATILIK DAİRE,https://www.hepsiemlak.com/manisa-yunusemre-merkez-efendi-satilik/daire/94966-808,"4.000.000
TL",3 + 1,135 m²,Manisa / Yunusemre / Merkez Efendi Mah.,Yunusemre
Manisa Yunusemre Tefikiye Mh 2+1 100 M2 Asansörlü Full Daire,https://www.hepsiemlak.com/manisa-yunusemre-merkez-efendi-satilik/daire/95753-1904,"3.650.000
TL",2 + 1,110 m²,Manisa / Yunusemre / Merkez Efendi Mah.,Yunusemre
"ŞEHZADELER, UTKU MAH. İÇİ KOMPLE YENİLENMİŞ SATILIK ASANSÖRLÜ DAİRE",https://www.hepsiemlak.com/manisa-sehzadeler-utku-satilik/daire/64671-822,"4.950.000
TL",3 + 1,120 m²,Manisa / Şehzadeler / Utku Mah.,Şehzadeler
MANİSA AHMETLİDE SİTE İÇİNDE LÜKS DAİRELER,https://www.hepsiemlak.com/manisa-ahmetli-ulu-cami-satilik/daire/164247-9,"3.350.000
TL",3 + 1,136 m²,Manisa / Ahmetli / Ulu Cami Mah.,Ahmetli
BEFT GAYRİMENKULDEN ALAYBEY MH SATILIK DOĞALGAZLI ARAKAT DAIRE,https://www.hepsiemlak.com/manisa-sehzadeler-alaybey-satilik/daire/162044-121,"3.800.000
TL",3 + 1,135 m²,Manisa / Şehzadeler / Alaybey Mah.,Şehzadeler
MUSTAFA BAŞYİĞİT EMLAK'TAN MEDAR SAKLI KENT VİLLALARINDA 3 KATLI,https://www.hepsiemlak.com/manisa-akhisar-medar-satilik/villa/162406-160,"7.550.000
TL",5 + 1,350 m²,Manisa / Akhisar / Medar Mah.,Akhisar
CUMHURİYET MAHALLESİNDE SATILIK 2+1 DAİRE + DEV TERAS,https://www.hepsiemlak.com/manisa-akhisar-cumhuriyet-satilik/daire/158857-21,"2.375.000
TL",2 + 1,140 m²,Manisa / Akhisar / Cumhuriyet Mah.,Akhisar
TEFİKİYE CADDE ÜSTÜ SATILIK DAİRE,https://www.hepsiemlak.com/manisa-yunusemre-tevfikiye-satilik/daire/162591-23,"3.250.000
TL",3 + 1,120 m²,Manisa / Yunusemre / Tevfikiye Mah.,Yunusemre
Manisa'da Satılık Site içi Yüzme havuzlu daire,https://www.hepsiemlak.com/manisa-yunusemre-muradiye-satilik/daire/163108-4,"4.450.000
TL",2 + 1,100 m²,Manisa / Yunusemre / Muradiye Mah.,Yunusemre
Akhisar Atatürk Mahallesi'nde 2+1 Satılık Daire,https://www.hepsiemlak.com/manisa-akhisar-ataturk-satilik/daire/94137-1314,"4.000.000
TL",2 + 1,95 m²,Manisa / Akhisar / Atatürk Mah.,Akhisar
3 ADAM EMLAK'TAN ULUCAMİ MH 4+1 SATILIK DUBLEKS DAİRE,https://www.hepsiemlak.com/manisa-akhisar-ulu-camii-satilik/daire/143910-159,"3.950.000
TL",4 + 1,170 m²,Manisa / Akhisar / Ulu Camii Mah.,Akhisar
ULUCAMİ PALMİYE SOKAKTA SATILIK 2+1 DAİRE,https://www.hepsiemlak.com/manisa-akhisar-ulu-camii-satilik/daire/163472-17,"3.000.000
TL",2 + 1,105 m²,Manisa / Akhisar / Ulu Camii Mah.,Akhisar
ERSOYDAN AKGEDİK TOKİ 3.ETAP 3+1 FIRSAT DAİRE,https://www.hepsiemlak.com/manisa-yunusemre-akgedik-satilik/daire/114523-418,"3.799.000
TL",3 + 1,125 m²,Manisa / Yunusemre / Akgedik Mah.,Yunusemre
ARAS YAPI'DAN CUMHURİYET OKULU CİVARI ARA KAT SATILIK 1+1 DAİRE,https://www.hepsiemlak.com/manisa-yunusemre-evrenos-satilik/daire/159142-88,"2.350.000
TL",1 + 1,50 m²,Manisa / Yunusemre / Evrenos Mah.,Yunusemre
UZUN EMLAK'TAN MÜKEMMEL TERASLI DUBLEKS DAİRE,https://www.hepsiemlak.com/manisa-yunusemre-yeni-mahalle-satilik/daire/129877-318,"5.650.000
TL",4 + 1,145 m²,Manisa / Yunusemre / Yeni Mahalle Mah.,Yunusemre
KİRVEM EMLAK'TAN EMSALSİZ-5+1-205m2 DUBLEKS-TERASLI,https://www.hepsiemlak.com/manisa-saruhanli-cengiz-topel-satilik/daire/162496-38,"5.750.000
TL",5 + 1,205 m²,Manisa / Saruhanlı / Cengiz Topel Mah.,Saruhanlı
ÖZ DOST EMLAKTAN MURADİYEDE SATILIK DUBLEX,https://www.hepsiemlak.com/manisa-yunusemre-muradiye-satilik/daire/137460-94,"4.800.000
TL",4 + 1,165 m²,Manisa / Yunusemre / Muradiye Mah.,Yunusemre
MANİSA MERKEZDE SATILIK 2+1 ARAKAT,https://www.hepsiemlak.com/manisa-yunusemre-ayni-ali-satilik/daire/163779-19,"4.250.000
TL",2 + 1,115 m²,Manisa / Yunusemre / Ayni Ali Mah.,Yunusemre
"YILDIZ EMLAK "" TAN 2+1 SIFIR GENİŞ DAİRE",https://www.hepsiemlak.com/manisa-yunusemre-muradiye-satilik/daire/152164-35,"3.250.000
TL",2 + 1,85 m²,Manisa / Yunusemre / Muradiye Mah.,Yunusemre
TURPADAN CUMHURİYET MH. SATILIK SIFIR DAİRELER,https://www.hepsiemlak.com/manisa-turgutlu-cumhuriyet-satilik/daire/144722-278,"6.300.000
TL",3 + 1,130 m²,Manisa / Turgutlu / Cumhuriyet Mah.,Turgutlu
🏡 ACİL SATILIK – MANİSA MURADİYE KARALI TARAF DUBLEKS 3+1 DAİRE,https://www.hepsiemlak.com/manisa-yunusemre-karaali-satilik/daire/160648-28,"4.250.000
TL",3 + 1,130 m²,Manisa / Yunusemre / Karaali Mah.,Yunusemre
Akhisar belediye yakını satılık daire,https://www.hepsiemlak.com/manisa-akhisar-hurriyet-satilik/daire/160589-23,"3.050.000
TL",3 + 1,145 m²,Manisa / Akhisar / Hürriyet Mah.,Akhisar
75. Yıl Mahallesi'nde 2 adet 2+1 daire,https://www.hepsiemlak.com/manisa-yunusemre-75-yil-satilik/daire/160440-27,"7.500.000
TL",4 + 2,180 m²,Manisa / Yunusemre / 75. Yıl Mah.,Yunusemre
MANİSA MURADİYE PANOROMA CİTY SIFIR ARAKAT 2+1 K.MUTFAK DAİRE,https://www.hepsiemlak.com/manisa-yunusemre-muradiye-satilik/daire/150932-52,"4.750.000
TL",2 + 1,115 m²,Manisa / Yunusemre / Muradiye Mah.,Yunusemre
ATATÜRK BULVARI ÜZERİ SATILIK DAİRE,https://www.hepsiemlak.com/manisa-turgutlu-istiklal-satilik/daire/160009-5,"2.250.000
TL",2 + 1,120 m²,Manisa / Turgutlu / İstiklal Mah.,Turgutlu
BEYAZ GAYRIMENKULDEN SATILIK  FIRSAT 5+2 HAVUZLU MÜSTAKİL EV,https://www.hepsiemlak.com/manisa-sehzadeler-asagicobanisa-satilik/mustakil-ev/119915-454,"5.500.000
TL",5 + 2,320 m²,Manisa / Şehzadeler / Aşağıçobanisa Mah.,Şehzadeler
SALİHLİ CİN EMLAK'TAN KURTULUŞ MAH SATILIK 2+1 85 M2 ASANSÖRLÜ DOĞALGAZLI SIFIR DAİRE,https://www.hepsiemlak.com/manisa-salihli-kurtulus-satilik/daire/37897-2376,"4.150.000
TL",2 + 1,90 m²,Manisa / Salihli / Kurtuluş Mah.,Salihli
MANİSA SALİHLİ DURASILLI MAHALLESİNDE SATILIK SÜPER KONUMLU SATILIK MÜSTAKİL EV,https://www.hepsiemlak.com/manisa-salihli-durasilli-satilik/mustakil-ev/119344-263,"5.750.000
TL",3 + 0,340 m²,Manisa / Salihli / Durasıllı Mah.,Salihli
ERGENEKON MAH. FATİH CADDESİNDE ACİL SATILIK DUBLEKS DAİRE,https://www.hepsiemlak.com/manisa-turgutlu-ergenekon-satilik/daire/156788-207,"5.250.000
TL",4 + 1,145 m²,Manisa / Turgutlu / Ergenekon Mah.,Turgutlu
MURADİYE MAHALLESİNDE 5+1 LÜKS DUBLEKS SATILIK DAİRE,https://www.hepsiemlak.com/manisa-yunusemre-muradiye-satilik/daire/163565-99,"5.450.000
TL",5 + 1,260 m²,Manisa / Yunusemre / Muradiye Mah.,Yunusemre
YEDİEYLÜL MAHALLESİNDE 110 METREKARE BAHÇELİ 2+1 SATILIK DAİRE,https://www.hepsiemlak.com/manisa-turgutlu-yedi-eylul-satilik/daire/161345-11,"2.950.000
TL",2 + 1,120 m²,Manisa / Turgutlu / Yedi Eylül Mah.,Turgutlu
Muradiye İstasyon Civarında Modern Tasarımlı 2+1 Kapalı Mutfak,https://www.hepsiemlak.com/manisa-yunusemre-muradiye-satilik/daire/162776-48,"4.600.000
TL",2 + 1,90 m²,Manisa / Yunusemre / Muradiye Mah.,Yunusemre
"HAYALLERİNİZİN ÇİFTLİĞİ, DOĞA HUZUR KONFOR TAM DONANIM BİR ARADA",https://www.hepsiemlak.com/manisa-kirkagac-cobanlar-satilik/ciftlik-evi/154167-406,"19.800.000
TL",6 + 2,210 m²,Manisa / Kırkağaç / Çobanlar Mah.,Kırkağaç
FİT GAYRİMENKUL'DEN 2+1 SATILIK DAİRE,https://www.hepsiemlak.com/manisa-saruhanli-cengiz-topel-satilik/daire/163843-17,"2.949.000
TL",2 + 1,95 m²,Manisa / Saruhanlı / Cengiz Topel Mah.,Saruhanlı
MANİSA YUNUSEMRE GÜZELYURTTA SİTE İÇERİSİNDE 3+1 DAİRE,https://www.hepsiemlak.com/manisa-yunusemre-guzelyurt-satilik/daire/158110-247,"8.200.000
TL",3 + 1,140 m²,Manisa / Yunusemre / Güzelyurt Mah.,Yunusemre
ATATÜRK MAH. PAZAR PAZARI MEVKİİNDE SATILIK 2+1 DAİRE,https://www.hepsiemlak.com/manisa-akhisar-ataturk-satilik/daire/163257-14,"2.750.000
TL",2 + 1,100 m²,Manisa / Akhisar / Atatürk Mah.,Akhisar
AKMESCİT MAHALLESİ 4+1 SIFIR DAİRE İÇERİSİNDE 23.000 TL KİRACILI,https://www.hepsiemlak.com/manisa-yunusemre-akmescit-satilik/daire/162376-28,"4.650.000
TL",4 + 1,175 m²,Manisa / Yunusemre / Akmescit Mah.,Yunusemre
SATILIK KURTULUŞTA ÖZEL OTOPARKLI 3+1 140 M2 LÜKS ARA KAT,https://www.hepsiemlak.com/manisa-salihli-kurtulus-satilik/daire/150639-34,"5.650.000
TL",3 + 1,140 m²,Manisa / Salihli / Kurtuluş Mah.,Salihli
MERCAN EMLAK DİNÇER MAH 3+1 KAPALI MUTF. 120 M2 ÖNÜ PARK 1.BALK.,https://www.hepsiemlak.com/manisa-sehzadeler-dincer-satilik/daire/106564-517,"4.400.000
TL",3 + 1,120 m²,Manisa / Şehzadeler / Dinçer Mah.,Şehzadeler
ANKA GAYRİMENKUL DEN SATİLİK DAİRE,https://www.hepsiemlak.com/manisa-sehzadeler-arda-satilik/daire/152027-28,"3.500.000
TL",3 + 1,125 m²,Manisa / Şehzadeler / Arda Mah.,Şehzadeler
SARIALAN KÖYÜNDE SATILIK 185 M2 ARSALI MÜSTAKİL EV 1.150.000 TL,https://www.hepsiemlak.com/manisa-sehzadeler-sarialan-satilik/mustakil-ev/119726-1423,"1.150.000
TL",1 + 1,185 m²,Manisa / Şehzadeler / Sarıalan Mah.,Şehzadeler
Salihli Zafer de Satılık 168 m2 Arsa Üstünde 2 Katlı Müstakil Ev,https://www.hepsiemlak.com/manisa-salihli-zafer-satilik/mustakil-ev/46975-1878,"4.250.000
TL",8 + 2,240 m²,Manisa / Salihli / Zafer Mah.,Salihli
DE&MA EMLAK’TAN İSTASYON CİVARI 3+1 FIRSAT DAİRE,https://www.hepsiemlak.com/manisa-salihli-namik-kemal-satilik/daire/152193-89,"3.200.000
TL",3 + 1,140 m²,Manisa / Salihli / Namık Kemal Mah.,Salihli
SATILIK 2+1 DAİRE RAGIPBEY MAHALLESİ,https://www.hepsiemlak.com/manisa-akhisar-ragip-bey-satilik/daire/162211-38,"1.975.000
TL",2 + 1,130 m²,Manisa / Akhisar / Ragıp Bey Mah.,Akhisar
SALİHLİ ERDEM EMLAKTAN ESKİ CAMİ MAHALLESİNDE SATILIK DOĞAL GAZLI DUBLEKS DAİRE,https://www.hepsiemlak.com/manisa-salihli-eski-cami-satilik/daire/158161-127,"3.300.000
TL",3 + 1,145 m²,Manisa / Salihli / Eski Cami Mah.,Salihli
MUSTAFA KEMALDE 4+1 DOĞALGAZLI OKUL KARŞISI DAİRE,https://www.hepsiemlak.com/manisa-turgutlu-mustafa-kemal-satilik/daire/164247-8,"3.350.000
TL",4 + 1,165 m²,Manisa / Turgutlu / Mustafa Kemal Mah.,Turgutlu
beft gayrimenkul den dilşikar mh satılık kiremit çatı  3+1 125 m2 son kat daire,https://www.hepsiemlak.com/manisa-sehzadeler-dilsikar-satilik/daire/162044-98,"2.550.000
TL",3 + 1,125 m²,Manisa / Şehzadeler / Dilşikar Mah.,Şehzadeler
Peker Mahallesi Bahçelievler de Satılık 3+1 Arakat Daire,https://www.hepsiemlak.com/manisa-sehzadeler-peker-satilik/daire/102443-812,"4.250.000
TL",3 + 1,125 m²,Manisa / Şehzadeler / Peker Mah.,Şehzadeler
Manisa Yunusemre Mutlu Mh 2+1 Bahçeli Zemin Kat,https://www.hepsiemlak.com/manisa-yunusemre-mutlu-satilik/daire/95753-2094,"2.950.000
TL",2 + 1,90 m²,Manisa / Yunusemre / Mutlu Mah.,Yunusemre
TURGUTLU'DA SATILIK DAİRE,https://www.hepsiemlak.com/manisa-turgutlu-subasi-satilik/daire/141766-260,"3.000.000
TL",3 + 1,135 m²,Manisa / Turgutlu / Subaşı Mah.,Turgutlu
YENİ MAHALLE DE 4+1 SATILIK DUBLEKS DAİRE,https://www.hepsiemlak.com/manisa-yunusemre-yeni-mahalle-satilik/daire/94966-799,"8.500.000
TL",4 + 1,250 m²,Manisa / Yunusemre / Yeni Mahalle Mah.,Yunusemre
Utku mah 2+1 uygun fiyat 13 bin kiracılı,https://www.hepsiemlak.com/manisa-sehzadeler-carsi-satilik/daire/86276-1253,"2.450.000
TL",2 + 1,100 m²,Manisa / Şehzadeler / Çarşı Mah.,Şehzadeler
Muradiye Çarşısında Kapalı Mutfak 0 Arakat,https://www.hepsiemlak.com/manisa-yunusemre-muradiye-satilik/daire/152909-40,"3.450.000
TL",2 + 1,90 m²,Manisa / Yunusemre / Muradiye Mah.,Yunusemre
Meslek lisesi yanı Yeni yuvanız,https://www.hepsiemlak.com/manisa-saruhanli-saruhan-satilik/daire/9333-1827,"2.400.000
TL",2 + 0,85 m²,Manisa / Saruhanlı / Saruhan Mah.,Saruhanlı
3 ADAM EMLAK'TAN EFENDİ MH SATILIK DUBLEKS DAİRE,https://www.hepsiemlak.com/manisa-akhisar-efendi-satilik/daire/143910-157,"3.250.000
TL",4 + 1,180 m²,Manisa / Akhisar / Efendi Mah.,Akhisar
Manisa Yeni Mahalle de Satılık Daire,https://www.hepsiemlak.com/manisa-sehzadeler-yarhasanlar-satilik/daire/164260-4,"3.050.000
TL",2 + 1,95 m²,Manisa / Şehzadeler / Yarhasanlar Mah.,Şehzadeler
KETHÜDA MH SATILIK 3+1 DAİRE,https://www.hepsiemlak.com/manisa-akhisar-kethuda-satilik/daire/163472-16,"2.250.000
TL",3 + 1,130 m²,Manisa / Akhisar / Kethüda Mah.,Akhisar
MUSAL SİTESİNDE MANİSA TURGUTLU SELVİLİTEPE M SATILI 1+1 DAİRE,https://www.hepsiemlak.com/manisa-turgutlu-selvilitepe-satilik/daire/164007-30,"2.900.000
TL",1 + 1,65 m²,Manisa / Turgutlu / Selvilitepe Mah.,Turgutlu
ARAS YAPI'DAN MURADİYE'DE 2+1 EŞYALI SATILIK KUPON DAİRE,https://www.hepsiemlak.com/manisa-yunusemre-muradiye-satilik/daire/159142-87,"2.750.000
TL",2 + 1,80 m²,Manisa / Yunusemre / Muradiye Mah.,Yunusemre
KİRVEM EMLAK'TAN GENİŞ ARA KAT 3+1 DAİRE- KAPALI MUTFAK,https://www.hepsiemlak.com/manisa-saruhanli-kurtulus-satilik/daire/162496-33,"3.850.000
TL",3 + 1,145 m²,Manisa / Saruhanlı / Kurtuluş Mah.,Saruhanlı
ATABEY 2 SİTESİNDE SATILIK 5+1 DUBLEKS,https://www.hepsiemlak.com/manisa-yunusemre-hafsa-sultan-satilik/daire/163779-18,"9.300.000
TL",5 + 1,200 m²,Manisa / Yunusemre / Hafsa Sultan Mah.,Yunusemre
ÖZ DOST EMLAKTAN MURADİYEDE SATILIK 3+1 DAİRE,https://www.hepsiemlak.com/manisa-yunusemre-muradiye-satilik/daire/137460-91,"5.250.000
TL",3 + 1,170 m²,Manisa / Yunusemre / Muradiye Mah.,Yunusemre
AKMAN GAYRİMENKUL'DEN NORAN ELYSİUM'DA SATILIK 2+1 DAİRE,https://www.hepsiemlak.com/manisa-yunusemre-guzelyurt-satilik/daire/113243-58,"8.000.000
TL",2 + 1,95 m²,Manisa / Yunusemre / Güzelyurt Mah.,Yunusemre
"TURPA'DAN SEVİLVİLİTEPE MAH. SATILIK 3+1,SIFIR,ARAKAT DAİRE",https://www.hepsiemlak.com/manisa-turgutlu-selvilitepe-satilik/daire/144722-277,"5.000.000
TL",3 + 1,130 m²,Manisa / Turgutlu / Selvilitepe Mah.,Turgutlu
Cumhuriyet Mahallesi doğalgazlı 130 m2 kat 2 bakımlı daire,https://www.hepsiemlak.com/manisa-turgutlu-cumhuriyet-satilik/daire/154992-52,"3.670.000
TL",3 + 1,130 m²,Manisa / Turgutlu / Cumhuriyet Mah.,Turgutlu
🏡 ACİL SATILIK – MURADİYE İSTASYON KARŞISI YOL CEPHELİ 3+1 DAİRE,https://www.hepsiemlak.com/manisa-yunusemre-karaali-satilik/daire/160648-27,"3.450.000
TL",3 + 1,110 m²,Manisa / Yunusemre / Karaali Mah.,Yunusemre
ALAŞEHİR KURTULUŞ MH DENİZ PARK EVLERİNDE SATILIK DAİRE,https://www.hepsiemlak.com/manisa-alasehir-kurtulus-satilik/daire/160695-48,"5.250.000
TL",3 + 1,170 m²,Manisa / Alaşehir / Kurtuluş Mah.,Alaşehir
ERSOY'DAN 50.YIL MH 4+2 240M² AYRI GİRİŞLİ DBLEKS 4 YAŞ ASANSÖR,https://www.hepsiemlak.com/manisa-yunusemre-50-yil-satilik/daire/114523-414,"5.600.000
TL",4 + 2,240 m²,Manisa / Yunusemre / 50. Yıl Mah.,Yunusemre
2+1 AÇIK MUTFAK DAİRE 111,https://www.hepsiemlak.com/manisa-yunusemre-muradiye-satilik/daire/152164-30,"3.250.000
TL",2 + 1,85 m²,Manisa / Yunusemre / Muradiye Mah.,Yunusemre
ANKARA ASFALTI SİTELERİN OLDUĞU TUTULAN BÖLGEDE KÖŞE SATILIK DAİ,https://www.hepsiemlak.com/manisa-turgutlu-selvilitepe-satilik/daire/155066-54,"3.500.000
TL",2 + 1,80 m²,Manisa / Turgutlu / Selvilitepe Mah.,Turgutlu
ERGENEKON MH 150 m2 ŞAHSİ OTOPARKLI SIFIR SATILIK DAİRE,https://www.hepsiemlak.com/manisa-turgutlu-ergenekon-satilik/daire/161345-10,"6.500.000
TL",3 + 1,150 m²,Manisa / Turgutlu / Ergenekon Mah.,Turgutlu
EMİR GRUP'TAN MURADİYE'DE 2+1 ULTRA LÜX FERAH DAİRE,https://www.hepsiemlak.com/manisa-yunusemre-muradiye-satilik/daire/163565-96,"3.550.000
TL",2 + 1,105 m²,Manisa / Yunusemre / Muradiye Mah.,Yunusemre
FİT GAYRİMENKUL'DEN 3+1 / 140 M2 SATILIK DAİRE,https://www.hepsiemlak.com/manisa-saruhanli-cengiz-topel-satilik/daire/163843-15,"4.300.000
TL",3 + 1,140 m²,Manisa / Saruhanlı / Cengiz Topel Mah.,Saruhanlı
Hürriyet Mahallesinin Tam Kalbinde Bağımsız Otoparklı Dubleks,https://www.hepsiemlak.com/manisa-akhisar-hurriyet-satilik/daire/86919-576,"4.500.000
TL",4 + 1,150 m²,Manisa / Akhisar / Hürriyet Mah.,Akhisar
"HÜRRİYET MAH. SATILIK 3+1 , 150 M2 DAİRE",https://www.hepsiemlak.com/manisa-akhisar-hurriyet-satilik/daire/163257-1,"3.550.000
TL",3 + 1,150 m²,Manisa / Akhisar / Hürriyet Mah.,Akhisar
AKHİSAR HÜRRİYET MAH. BORSA YOLU YAKINI 3+1 ARAKAT SATILIK DAİRE,https://www.hepsiemlak.com/manisa-akhisar-hurriyet-satilik/daire/94123-2756,"4.500.000
TL",3 + 0,135 m²,Manisa / Akhisar / Hürriyet Mah.,Akhisar
Manisa Güzelyurt'ta Satılık 3+1 Daire,https://www.hepsiemlak.com/manisa-yunusemre-guzelyurt-satilik/daire/162776-13,"8.150.000
TL",3 + 1,145 m²,Manisa / Yunusemre / Güzelyurt Mah.,Yunusemre
UNCUBOZKÖY ÖZEL TASARIM FULL TADILATLI ÖNÜ AÇIK DUBLEX DAIRE,https://www.hepsiemlak.com/manisa-yunusemre-uncubozkoy-satilik/daire/154167-392,"8.150.000
TL",4 + 1,240 m²,Manisa / Yunusemre / Uncubozköy Mah.,Yunusemre
TAM NOKTA TURGUTLU'DAN ANKARA ASFALTINDA SATILIK DAİRE,https://www.hepsiemlak.com/manisa-turgutlu-ergenekon-satilik/daire/156788-41,"6.000.000
TL",3 + 1,130 m²,Manisa / Turgutlu / Ergenekon Mah.,Turgutlu
MUSTAFA BAŞYİĞİT EMLAKTAN SATILIK DAİRE EFENDİ MAHALLESİ'NDE,https://www.hepsiemlak.com/manisa-akhisar-efendi-satilik/daire/162406-237,"2.920.000
TL",2 + 1,115 m²,Manisa / Akhisar / Efendi Mah.,Akhisar
NOVA'DAN GOLDEN TOWERS SİTESİNDE İKİ TERASLI 5+2 KAT DUBLEKSİ,https://www.hepsiemlak.com/manisa-turgutlu-selvilitepe-satilik/daire/123058-2173,"10.020.000
TL",4 + 2,300 m²,Manisa / Turgutlu / Selvilitepe Mah.,Turgutlu
Lalapaşa Mahallesi'nde satılık eşyalı 2+1 daire..,https://www.hepsiemlak.com/manisa-yunusemre-lalapasa-satilik/daire/160440-23,"2.350.000
TL",2 + 1,75 m²,Manisa / Yunusemre / Lalapaşa Mah.,Yunusemre
SABRİ BALCI OKULU CİVARI 2+1 SATILIK DAİRELER,https://www.hepsiemlak.com/manisa-soma-cuma-satilik/daire/691819-873,"2.650.000
TL",2 + 1,95 m²,Manisa / Soma / Cuma Mah.,Soma
Manisa Yunusemre Akçaköy Mahallesin'de Bağımsız 3+2 Villa,https://www.hepsiemlak.com/manisa-yunusemre-akcakoy-satilik/villa/29626-2099,"8.600.000
TL",3 + 2,553 m²,Manisa / Yunusemre / Akçaköy Mah.,Yunusemre
Manisa Yunusemre Atatürk Mah. Fırsat 2+1 Kapalı Mutfak Asansörlü Arakat,https://www.hepsiemlak.com/manisa-yunusemre-ataturk-satilik/daire/95753-2091,"3.650.000
TL",2 + 1,95 m²,Manisa / Yunusemre / Atatürk Mah.,Yunusemre
Akhisar Hürriyet Mahallesi'nde 3+1 Satılık Daire,https://www.hepsiemlak.com/manisa-akhisar-hurriyet-satilik/daire/94137-1381,"3.000.000
TL",3 + 1,145 m²,Manisa / Akhisar / Hürriyet Mah.,Akhisar
Yunus Emre İlç Muradiye Mah Akdeniz Emlak'tan Satılık Daire,https://www.hepsiemlak.com/manisa-yunusemre-muradiye-satilik/daire/22228-10913,"3.480.000
TL",3 + 1,115 m²,Manisa / Yunusemre / Muradiye Mah.,Yunusemre
MANİSA KARAALİ MAH 3+1 AÇIK MUTFAK 120 M2 ARAKAT FERAH DAİRE,https://www.hepsiemlak.com/manisa-yunusemre-muradiye-satilik/daire/106564-511,"3.700.000
TL",3 + 1,120 m²,Manisa / Yunusemre / Muradiye Mah.,Yunusemre
BEFT GAYRİMENKUL DEN YARHASANLAR MH SATILIK TELEKOM SOKAĞI SATILIK ARAKAT,https://www.hepsiemlak.com/manisa-sehzadeler-yarhasanlar-satilik/daire/162044-146,"3.750.000
TL",3 + 1,125 m²,Manisa / Şehzadeler / Yarhasanlar Mah.,Şehzadeler
Manisa sehzadeler 8 havuza çok yakın satılık kombili 2+1 4.kat arakat daire.,https://www.hepsiemlak.com/manisa-sehzadeler-1-anafartalar-satilik/daire/49173-192,"3.250.000
TL",2 + 1,89 m²,Manisa / Şehzadeler / 1. Anafartalar Mah.,Şehzadeler
MANİSA TURGUTLU SUBAŞI M SATILIK 3+1 ARAKAT DAİRE,https://www.hepsiemlak.com/manisa-turgutlu-subasi-satilik/daire/164007-28,"4.450.000
TL",3 + 1,140 m²,Manisa / Turgutlu / Subaşı Mah.,Turgutlu
ÇAĞLAK PARKI MEVKİİ 3+1 SATILIK DAİRE,https://www.hepsiemlak.com/manisa-akhisar-cumhuriyet-satilik/daire/163472-10,"3.450.000
TL",3 + 1,130 m²,Manisa / Akhisar / Cumhuriyet Mah.,Akhisar
Otogar Yakını Ergenekon Mh. Merkezine Yakın Satılık Daireler,https://www.hepsiemlak.com/manisa-turgutlu-ergenekon-satilik/daire/160048-96,"5.400.000
TL",3 + 1,140 m²,Manisa / Turgutlu / Ergenekon Mah.,Turgutlu
ARAS YAPI'DAN MURADİYE İSTASYON'DA 2+1 ÖN CEPHE SATILIK DAİRE,https://www.hepsiemlak.com/manisa-yunusemre-muradiye-satilik/daire/159142-86,"2.950.000
TL",2 + 1,85 m²,Manisa / Yunusemre / Muradiye Mah.,Yunusemre
Karaköy'de Kapalı Mutfak 120m² 3+1 2.kat,https://www.hepsiemlak.com/manisa-sehzadeler-tunca-satilik/daire/163278-46,"4.950.000
TL",3 + 1,120 m²,Manisa / Şehzadeler / Tunca Mah.,Şehzadeler
AKHİSAR SEYDİAHMET FAHRİ SERTEL EMLAKTAN SATILIK 3+1 DAİRE,https://www.hepsiemlak.com/manisa-akhisar-seyit-ahmet-satilik/daire/144740-258,"4.300.000
TL",3 + 1,150 m²,Manisa / Akhisar / Seyit Ahmet Mah.,Akhisar
AKMAN GAYRİMENKUL'DEN NORAN ELYSİUM'DA SATILIK 2+1 DAİRE,https://www.hepsiemlak.com/manisa-yunusemre-guzelyurt-satilik/daire/113243-57,"8.000.000
TL",2 + 1,95 m²,Manisa / Yunusemre / Güzelyurt Mah.,Yunusemre
TURPA'DAN YENİ MH. SATILIK FIRSAT 3+1 ARAKAT DAİRE,https://www.hepsiemlak.com/manisa-turgutlu-yeni-satilik/daire/144722-269,"4.350.000
TL",3 + 1,135 m²,Manisa / Turgutlu / Yeni Mah.,Turgutlu
ÖZ DOST EMLAKTAN MURADİYEDE 1+1 SATILIK EŞYALI DAİRE,https://www.hepsiemlak.com/manisa-yunusemre-muradiye-satilik/daire/137460-59,"2.600.000
TL",1 + 1,70 m²,Manisa / Yunusemre / Muradiye Mah.,Yunusemre
3 ADAM EMLAK'TAN GÖLET MEVKİİ 5+1 GENİŞ SATILIK DUBLEKS DAİRE,https://www.hepsiemlak.com/manisa-akhisar-ataturk-satilik/daire/143910-110,"8.500.000
TL",5 + 1,300 m²,Manisa / Akhisar / Atatürk Mah.,Akhisar
CUMHURİYET MAH YEDİEYLÜL YOLU ÜZERİ SATILIK SIFIR DAİRE,https://www.hepsiemlak.com/manisa-turgutlu-cumhuriyet-satilik/daire/161345-9,"4.950.000
TL",3 + 1,130 m²,Manisa / Turgutlu / Cumhuriyet Mah.,Turgutlu
Manisa Villalar Bölgesi'nde Satılık 1+1 Havuzlu Daire,https://www.hepsiemlak.com/manisa-yunusemre-muradiye-satilik/daire/162776-8,"4.150.000
TL",1 + 1,85 m²,Manisa / Yunusemre / Muradiye Mah.,Yunusemre
HÜRRİYET MAHALLESİ'NDE CADDE ÜZERİNDE 3+1 SIFIR SATILIK DAİRE,https://www.hepsiemlak.com/manisa-akhisar-hurriyet-satilik/daire/94123-2740,"3.950.000
TL",3 + 1,130 m²,Manisa / Akhisar / Hürriyet Mah.,Akhisar
MANISA UNCUBOZKÖY'DE SATILIK 5+1 BOŞ DUBLEKS DAIRE,https://www.hepsiemlak.com/manisa-yunusemre-uncubozkoy-satilik/daire/154167-318,"8.500.000
TL",5 + 1,320 m²,Manisa / Yunusemre / Uncubozköy Mah.,Yunusemre
AVŞAR EMLAK'TAN DUBLEKS İSTER OFİS İSTER DAİRE- BAHÇELİ,https://www.hepsiemlak.com/manisa-yunusemre-guzelyurt-satilik/daire/111103-125,"4.600.000
TL",1 + 1,60 m²,Manisa / Yunusemre / Güzelyurt Mah.,Yunusemre
FARK GAYRİMENKULDEN YENİMAHALLE'DE 2+1 5 YILLIK SATILIK DAİRE,https://www.hepsiemlak.com/manisa-yunusemre-yeni-mahalle-satilik/daire/94966-800,"4.000.000
TL",2 + 1,80 m²,Manisa / Yunusemre / Yeni Mahalle Mah.,Yunusemre
KİRVEM EMLAK'TAN FIRSATT 2+1 DAİRE - AÇIK MUTFAKLI,https://www.hepsiemlak.com/manisa-saruhanli-cengiz-topel-satilik/daire/162496-36,"2.300.000
TL",2 + 1,75 m²,Manisa / Saruhanlı / Cengiz Topel Mah.,Saruhanlı
SIFIR UYGUN FİYATLI CUMA PAZAR CİVARI 2+1 SATILIK DAİRE,https://www.hepsiemlak.com/manisa-turgutlu-albayrak-satilik/daire/164247-99,"2.850.000
TL",2 + 1,90 m²,Manisa / Turgutlu / Albayrak Mah.,Turgutlu
EVONA GAYRİMENKULDEN SATILIK BAHÇELİ MÜSTAKİL EV,https://www.hepsiemlak.com/manisa-sehzadeler-camkoy-satilik/mustakil-ev/163068-21,"6.700.000
TL",4 + 1,160 m²,Manisa / Şehzadeler / Çamköy Mah.,Şehzadeler
İNÖNÜ MAHALLESİNDE SAHİBİNDEN 3+1,https://www.hepsiemlak.com/manisa-akhisar-inonu-satilik/daire/0-45491955,"3.500.000
TL",3 + 1,126 m²,Manisa / Akhisar / İnönü Mah.,Akhisar
ÖZGÜN GM'DEN MURADİYE'DE SATILIK 4+1 ÇATI DUBLEKS,https://www.hepsiemlak.com/manisa-yunusemre-muradiye-satilik/daire/122193-678,"4.600.000
TL",4 + 1,185 m²,Manisa / Yunusemre / Muradiye Mah.,Yunusemre
Salihli Akyar'da 2 Dönüm İçerisinde Satılık Eşyalı Teraslı Daire,https://www.hepsiemlak.com/manisa-salihli-akyar-satilik/mustakil-ev/21915-12929,"7.500.000
TL",1 + 1,100 m²,Manisa / Salihli / Akyar Mah.,Salihli
Uncubozköy’ün Kalbinde – Sahibinden Ferah ve Konforlu 3+1 Daire,https://www.hepsiemlak.com/manisa-yunusemre-uncubozkoy-satilik/daire/0-45375664,"7.900.000
TL",3 + 1,145 m²,Manisa / Yunusemre / Uncubozköy Mah.,Yunusemre
PLUS+ GAYRİMENKUL'den MUSAL EVLERİ'nde 150m2 - 3+1,https://www.hepsiemlak.com/manisa-turgutlu-selvilitepe-satilik/daire/154320-286,"6.250.000
TL",3 + 1,170 m²,Manisa / Turgutlu / Selvilitepe Mah.,Turgutlu
Manisa Meydan Sitesi Açık Mutfak 2+1 Satılık Daire,https://www.hepsiemlak.com/manisa-yunusemre-uncubozkoy-satilik/daire/58372-5820,"7.760.000
TL",2 + 1,71 m²,Manisa / Yunusemre / Uncubozköy Mah.,Yunusemre
Çağlayan Sitesi 3'te 4+1 Geniş Daire,https://www.hepsiemlak.com/manisa-yunusemre-guzelyurt-satilik/daire/0-45251357,"14.750.000
TL",4 + 1,200 m²,Manisa / Yunusemre / Güzelyurt Mah.,Yunusemre
sahibinden satılık dublex daire.,https://www.hepsiemlak.com/manisa-salihli-kurtulus-satilik/daire/0-44570271,"8.400.000
TL",5 + 1,290 m²,Manisa / Salihli / Kurtuluş Mah.,Salihli
Manisa Yunusemre Kaynak Mah. Sıfır Kullanışlı 3+1 Arakat,https://www.hepsiemlak.com/manisa-yunusemre-kaynak-satilik/daire/95753-2062,"5.150.000
TL",3 + 1,120 m²,Manisa / Yunusemre / Kaynak Mah.,Yunusemre
"BAHÇELİ, HAYVAN SAYALI,  OTOPARKLI KÖY EVİ",https://www.hepsiemlak.com/manisa-soma-avdan-satilik/mustakil-ev/691819-1108,"1.350.000
TL",2 + 1,120 m²,Manisa / Soma / Avdan Mah.,Soma
Salihli Cin Emlak'tan Kırveli Mah Valaks fabrıka Altı İki Katlı 143 m2 arsa Müstakil Ev,https://www.hepsiemlak.com/manisa-salihli-kirveli-satilik/mustakil-ev/37897-2568,"4.000.000
TL",2 + 1,143 m²,Manisa / Salihli / Kırveli Mah.,Salihli
Akhisar Cumhuriyet Mahallesi'nde 4+2 Dubleks Daire,https://www.hepsiemlak.com/manisa-akhisar-cumhuriyet-satilik/daire/94137-1363,"5.500.000
TL",4 + 2,267 m²,Manisa / Akhisar / Cumhuriyet Mah.,Akhisar
FİT GAYRİMENKUL'DEN 3+1 SATILIK DAİRE,https://www.hepsiemlak.com/manisa-saruhanli-cengiz-topel-satilik/daire/163843-7,"3.750.000
TL",3 + 1,125 m²,Manisa / Saruhanlı / Cengiz Topel Mah.,Saruhanlı
KUYUALAN MAHLESİNDE SATILIK 1+1 ZEMİN,https://www.hepsiemlak.com/manisa-yunusemre-kuyualan-satilik/daire/163779-24,"2.300.000
TL",1 + 1,80 m²,Manisa / Yunusemre / Kuyualan Mah.,Yunusemre
HD GAYRİMENKUL'DEN ALAYBEY'DE 3+1 Y.ZEMİN BAHÇELİ FULL DAİRE,https://www.hepsiemlak.com/manisa-sehzadeler-alaybey-satilik/daire/162376-29,"3.895.000
TL",3 + 1,150 m²,Manisa / Şehzadeler / Alaybey Mah.,Şehzadeler
KOCAÇEŞME 2+1 90M2 FERAH DAİRE,https://www.hepsiemlak.com/manisa-salihli-kocacesme-satilik/daire/152193-111,"3.250.000
TL",2 + 1,95 m²,Manisa / Salihli / Kocaçeşme Mah.,Salihli
REŞAT BEY MH 3+1 SATILIK DAİRE,https://www.hepsiemlak.com/manisa-akhisar-seyit-ahmet-satilik/daire/163472-9,"4.000.000
TL",3 + 1,135 m²,Manisa / Akhisar / Seyit Ahmet Mah.,Akhisar
MANİSA TURGUTLU ALTAY M SATILIK ARAKAT 3+1 DAİRE,https://www.hepsiemlak.com/manisa-turgutlu-altay-satilik/daire/164007-27,"4.200.000
TL",3 + 1,140 m²,Manisa / Turgutlu / Altay Mah.,Turgutlu
Yedieylül Mahallesi Geniş Ve Ferah Uygun Daire,https://www.hepsiemlak.com/manisa-turgutlu-yedi-eylul-satilik/daire/160048-95,"4.750.000
TL",3 + 1,157 m²,Manisa / Turgutlu / Yedi Eylül Mah.,Turgutlu
ARAS YAPI'DAN 23 NİSAN PARKI YANI 2+1 SATILIK FIRSAT DAİRE,https://www.hepsiemlak.com/manisa-yunusemre-muradiye-satilik/daire/159142-84,"2.790.000
TL",2 + 1,75 m²,Manisa / Yunusemre / Muradiye Mah.,Yunusemre
MÜSTAKİL YAŞAM İSTEYENLERE PANORAMİK MANZARALI KÖY EVİ,https://www.hepsiemlak.com/manisa-yunusemre-davutlar-satilik/villa/163278-45,"6.495.000
TL",2 + 0,135 m²,Manisa / Yunusemre / Davutlar Mah.,Yunusemre
AKMAN'DAN MURADİYEDE HAVUZLU SİTE İÇERİSİNDE 1+1 SATILIK DAİRE,https://www.hepsiemlak.com/manisa-yunusemre-muradiye-satilik/daire/113243-56,"3.350.000
TL",1 + 1,60 m²,Manisa / Yunusemre / Muradiye Mah.,Yunusemre
Alaybey mah 1. Balkon 3+ 1 full yapılı,https://www.hepsiemlak.com/manisa-sehzadeler-alaybey-satilik/daire/133144-213,"4.250.000
TL",3 + 1,130 m²,Manisa / Şehzadeler / Alaybey Mah.,Şehzadeler
"TURAN MAH. DE SATILIK NATAMAM DAİRE, 3+1, 140 m2",https://www.hepsiemlak.com/manisa-turgutlu-turan-satilik/daire/155616-28,"2.500.000
TL",3 + 1,150 m²,Manisa / Turgutlu / Turan Mah.,Turgutlu
BEYAZ GAYRİMENKUL'DEN MURADIYE MAH 1+1 VE 2+1 DAİRELER,https://www.hepsiemlak.com/manisa-yunusemre-muradiye-satilik/daire/119915-565,"5.250.000
TL",2 + 1,103 m²,Manisa / Yunusemre / Muradiye Mah.,Yunusemre
ERGENEKON MH 5+1 300 METREKARE SATILIK SIFIR DUBLEKS DAİRE,https://www.hepsiemlak.com/manisa-turgutlu-ergenekon-satilik/daire/161345-8,"9.100.000
TL",5 + 1,300 m²,Manisa / Turgutlu / Ergenekon Mah.,Turgutlu
Akhisar Belediye Yakını Geniş Teraslı Satılık 2+0,https://www.hepsiemlak.com/manisa-akhisar-inonu-satilik/daire/154167-190,"1.200.000
TL",2 + 0,140 m²,Manisa / Akhisar / İnönü Mah.,Akhisar
REŞATBEY PAZAR PAZARI MEVKİİ BAKIMLI 140 M2 3+1 ARAKAT DAİRE,https://www.hepsiemlak.com/manisa-akhisar-resat-bey-satilik/daire/86919-634,"3.750.000
TL",3 + 1,140 m²,Manisa / Akhisar / Reşat Bey Mah.,Akhisar
Manisa Salihli Şirinyer  Mahallesinde Satılık Müstakil Ev Ve Bahçesi,https://www.hepsiemlak.com/manisa-salihli-sirinyer-satilik/mustakil-ev/138755-281,"3.000.000
TL",2 + 1,1.320 m²,Manisa / Salihli / Şirinyer Mah.,Salihli
ERSOY'DAN ATATÜRK MH 3+1 Y.ZEMİN 10YAŞINDA 170 M2 BAHÇELİ DAİRE,https://www.hepsiemlak.com/manisa-yunusemre-ataturk-satilik/daire/114523-421,"4.200.000
TL",3 + 1,200 m²,Manisa / Yunusemre / Atatürk Mah.,Yunusemre
AKHİSAR EFENDİ MAH. NUR CAMİ YAKINI SATILIK 2+1 DAİRE,https://www.hepsiemlak.com/manisa-akhisar-efendi-satilik/daire/94123-2724,"3.250.000
TL",2 + 0,100 m²,Manisa / Akhisar / Efendi Mah.,Akhisar
KİRVEM EMLAK'TAN HARİKA MEVKİİDE 2+1 DAİRE - KAPALI MUTFAK,https://www.hepsiemlak.com/manisa-saruhanli-cengiz-topel-satilik/daire/162496-34,"3.100.000
TL",2 + 1,105 m²,Manisa / Saruhanlı / Cengiz Topel Mah.,Saruhanlı
Karaalı villalar bölgesinde Teraslı 3+1 daire,https://www.hepsiemlak.com/manisa-yunusemre-muradiye-satilik/daire/163401-3,"7.000.000
TL",3 + 1,115 m²,Manisa / Yunusemre / Muradiye Mah.,Yunusemre
ATLAS'TAN SALKIM EVLERİ SİTESİNDE MÜKEMMEL 3+1 DAİRE,https://www.hepsiemlak.com/manisa-turgutlu-ergenekon-satilik/daire/156738-79,"5.750.000
TL",3 + 1,145 m²,Manisa / Turgutlu / Ergenekon Mah.,Turgutlu
MERGENDEN ATATÜRKTE 140m2 3+1 (bol kredili),https://www.hepsiemlak.com/manisa-akhisar-ataturk-satilik/daire/160594-50,"3.500.000
TL",3 + 1,140 m²,Manisa / Akhisar / Atatürk Mah.,Akhisar
PLUS+ GAYRİMENKUL FARKIYLA LİDYA GARDEN CİTY'de BAHÇE KATI 1+1,https://www.hepsiemlak.com/manisa-turgutlu-irlamaz-satilik/daire/154320-285,"3.575.000
TL",1 + 1,60 m²,Manisa / Turgutlu / Irlamaz Mah.,Turgutlu
Manisa Meydan Sitesi B Blok Satılık 3+1 Daire,https://www.hepsiemlak.com/manisa-yunusemre-uncubozkoy-satilik/daire/58372-5819,"11.950.000
TL",3 + 1,134 m²,Manisa / Yunusemre / Uncubozköy Mah.,Yunusemre
MANİSA'NIN EN GÖZDE SİTESİ SİRİUS LİFE'DA SIFIR SATILIK 2+1 DAİRE,https://www.hepsiemlak.com/manisa-yunusemre-ayni-ali-satilik/daire/134354-2471,"6.850.000
TL",2 + 1,110 m²,Manisa / Yunusemre / Ayni Ali Mah.,Yunusemre
MANİSA YUNUSEMRE AYN_I ALİ MAHALLESİ DOGU CADDESİ FULL ÖZELLİKLİ SATILIK DAİRE,https://www.hepsiemlak.com/manisa-yunusemre-ayni-ali-satilik/daire/162290-31,"3.950.000
TL",2 + 1,105 m²,Manisa / Yunusemre / Ayni Ali Mah.,Yunusemre
ÖZGÜN GM'DEN MURADİYE VİLLALAR BÖLGESİNDE SATILIK 3+1 YÜKSEK GİRİŞ DAİRE,https://www.hepsiemlak.com/manisa-yunusemre-muradiye-satilik/daire/122193-667,"9.095.000
TL",3 + 1,150 m²,Manisa / Yunusemre / Muradiye Mah.,Yunusemre
HÜSEYİN EMLAK'TAN KAPANCI KÖYÜNDE 475m2 MÜSTAKİL EV TAKASA AÇIK!,https://www.hepsiemlak.com/manisa-salihli-kapanci-satilik/mustakil-ev/154501-4,"2.045.000
TL",2 + 1,100 m²,Manisa / Salihli / Kapancı Mah.,Salihli
Akdeniz Emlak'tan Satılık Şehzadeler İlç Yarhasanlar Mah 3+1 Açık Mutfak,https://www.hepsiemlak.com/manisa-sehzadeler-yarhasanlar-satilik/daire/22228-10991,"3.200.000
TL",3 + 1,110 m²,Manisa / Şehzadeler / Yarhasanlar Mah.,Şehzadeler
Manisa Muradiye Villalar Bölgesi Havuzlu1+1 Eşyalı Satılık Daire,https://www.hepsiemlak.com/manisa-yunusemre-muradiye-satilik/daire/124110-565,"4.575.000
TL",1 + 1,65 m²,Manisa / Yunusemre / Muradiye Mah.,Yunusemre
Manisa Yunusemre Atatürk Mah. Fırsat 2+1 Arakat Full Lüks,https://www.hepsiemlak.com/manisa-yunusemre-ataturk-satilik/daire/95753-1890,"3.870.000
TL",2 + 1,95 m²,Manisa / Yunusemre / Atatürk Mah.,Yunusemre
50. YIL MAH SATILIK 2+1 105 M² DAİRE,https://www.hepsiemlak.com/manisa-yunusemre-50-yil-satilik/daire/70124-4050,"3.650.000
TL",2 + 1,105 m²,Manisa / Yunusemre / 50. Yıl Mah.,Yunusemre
Akhisar Atatürk Mh.Pazar pazarı Caddesi Doğalgazlı Satılık 3+1 Arakat Daire,https://www.hepsiemlak.com/manisa-akhisar-ataturk-satilik/daire/72047-1559,"2.475.000
TL",3 + 1,125 m²,Manisa / Akhisar / Atatürk Mah.,Akhisar
Muradiye'de Sıfır Site İçerisinde 1+1 Fiyatına 2+1 Satılık Daire,https://www.hepsiemlak.com/manisa-yunusemre-muradiye-satilik/daire/162776-40,"2.700.000
TL",2 + 1,76 m²,Manisa / Yunusemre / Muradiye Mah.,Yunusemre
balkonundan yeni hastane projesi görünüyor! 3+1 dubleks sıfır daire,https://www.hepsiemlak.com/manisa-saruhanli-kurtulus-satilik/daire/9333-1821,"3.200.000
TL",3 + 1,132 m²,Manisa / Saruhanlı / Kurtuluş Mah.,Saruhanlı
MERCAN EMLAKCENGİZ TOPEL MAH 2+1 KAPALI MUTFAK SIFIR DAİRE SATILIKTIR.,https://www.hepsiemlak.com/manisa-saruhanli-cengiz-topel-satilik/daire/106564-497,"2.900.000
TL",2 + 1,85 m²,Manisa / Saruhanlı / Cengiz Topel Mah.,Saruhanlı
MANİSA KEÇİLİKÖY'DE SATILIK 3+1 DAİRE,https://www.hepsiemlak.com/manisa-yunusemre-kecilikoy-osb-satilik/daire/94966-809,"5.000.000
TL",3 + 1,155 m²,Manisa / Yunusemre / Keçiliköy OSB Mah.,Yunusemre
MANİSA TURGUTLU TURAN M CADDE ÜZERİ ASANSÖRLÜ SATILIK 3+1 DAİRE,https://www.hepsiemlak.com/manisa-turgutlu-turan-satilik/daire/164007-20,"5.150.000
TL",3 + 1,180 m²,Manisa / Turgutlu / Turan Mah.,Turgutlu
YERLİLER CAMİ CİVARI 3+1 140 M2 FIRSAT DAİRE,https://www.hepsiemlak.com/manisa-salihli-aksoy-satilik/daire/152193-110,"3.900.000
TL",3 + 1,145 m²,Manisa / Salihli / Aksoy Mah.,Salihli
ULUCAMİ MAHALLESİ PALMİYELİ SOKAKTA SATILIK DAİRE,https://www.hepsiemlak.com/manisa-akhisar-ulu-camii-satilik/daire/163472-7,"3.150.000
TL",3 + 1,130 m²,Manisa / Akhisar / Ulu Camii Mah.,Akhisar
ARAS YAPI'DAN MODERN NEST SİTESİNDE 2+1 SATILIK SIFIR DAİRE,https://www.hepsiemlak.com/manisa-yunusemre-muradiye-satilik/daire/159142-83,"2.780.000
TL",2 + 1,85 m²,Manisa / Yunusemre / Muradiye Mah.,Yunusemre
Ergenekon Mh. Arakat Satılık Daire,https://www.hepsiemlak.com/manisa-turgutlu-ergenekon-satilik/daire/160048-89,"4.150.000
TL",3 + 1,130 m²,Manisa / Turgutlu / Ergenekon Mah.,Turgutlu
AKMAN GAYRİMENKUL'DEN MURADİYE'DE SATILIK 2+1 DAİRE,https://www.hepsiemlak.com/manisa-yunusemre-muradiye-satilik/daire/113243-41,"2.925.000
TL",2 + 1,95 m²,Manisa / Yunusemre / Muradiye Mah.,Yunusemre
TURPA'DAN SUBAŞI MAH. SATILIK ASANSÖRLÜ OTOPARKLI SIFIR DAİRELER,https://www.hepsiemlak.com/manisa-turgutlu-yeni-satilik/daire/144722-233,"3.800.000
TL",2 + 1,102 m²,Manisa / Turgutlu / Yeni Mah.,Turgutlu
ATATÜRK BULVARINDA 3+1 130 m2 SIFIR MASRAFSIZ SATILIK DAİRE !!!!,https://www.hepsiemlak.com/manisa-turgutlu-cumhuriyet-satilik/daire/161345-2,"4.500.000
TL",3 + 1,140 m²,Manisa / Turgutlu / Cumhuriyet Mah.,Turgutlu
DOMBAYLI MAH. SATILIK DUBLEX MÜSTAKİL EV,https://www.hepsiemlak.com/manisa-salihli-dombayli-satilik/mustakil-ev/114169-56,"6.000.000
TL",2 + 1,567 m²,Manisa / Salihli / Dombaylı Mah.,Salihli
ARSA FİYATINA APARTMAN..!!!,https://www.hepsiemlak.com/manisa-soma-hurriyet-satilik/mustakil-ev/691819-1034,"4.750.000
TL",2 + 1,105 m²,Manisa / Soma / Hürriyet Mah.,Soma
MURADİYE MAH SATILIK 1+1 LÜKS DAİRE,https://www.hepsiemlak.com/manisa-yunusemre-muradiye-satilik/daire/162376-8,"3.400.000
TL",1 + 1,60 m²,Manisa / Yunusemre / Muradiye Mah.,Yunusemre
NOVA'DAN ERGENEKON MAH. FATİH CD. ÜZERİ SATILIK LÜKS 2+1 DAİRE,https://www.hepsiemlak.com/manisa-turgutlu-ergenekon-satilik/daire/123058-2239,"5.500.000
TL",2 + 1,95 m²,Manisa / Turgutlu / Ergenekon Mah.,Turgutlu
HÜRRİYET KİRAZOĞLU HASTANESİ YANINDA BAKIMLI 150 M2 3+1 DAİRE,https://www.hepsiemlak.com/manisa-akhisar-hurriyet-satilik/daire/86919-632,"4.600.000
TL",3 + 1,150 m²,Manisa / Akhisar / Hürriyet Mah.,Akhisar
BEYAZ GAYRİMENKUL'DEN AKGEDİK 2. ETAP TOKİDE 3+1,https://www.hepsiemlak.com/manisa-yunusemre-akgedik-satilik/daire/119915-564,"5.150.000
TL",3 + 1,150 m²,Manisa / Yunusemre / Akgedik Mah.,Yunusemre
ERSOYDAN ADAKALE MH 3+1 140M² KARANLIKSIZ 1.BALKON K.MUTFAK DAİR,https://www.hepsiemlak.com/manisa-sehzadeler-adakale-satilik/daire/114523-423,"3.575.000
TL",3 + 1,140 m²,Manisa / Şehzadeler / Adakale Mah.,Şehzadeler
MANİSA TURGUTLU SELVİLİTEPE MAH ASFALT ÜZERİNDE  3+1 DAİRE,https://www.hepsiemlak.com/manisa-turgutlu-selvilitepe-satilik/daire/136231-16,"3.499.000
TL",3 + 1,134 m²,Manisa / Turgutlu / Selvilitepe Mah.,Turgutlu
Akhisar Cumhuriyet Mahallesi'nde 3+1 Satılık Daire,https://www.hepsiemlak.com/manisa-akhisar-cumhuriyet-satilik/daire/94137-1359,"3.950.000
TL",3 + 1,130 m²,Manisa / Akhisar / Cumhuriyet Mah.,Akhisar
EMRAH EMLAKTAN MEDAR MAH EN GÖZDE VİLLASI SATIŞTA,https://www.hepsiemlak.com/manisa-akhisar-medar-satilik/villa/141484-17,"15.750.000
TL",4 + 1,200 m²,Manisa / Akhisar / Medar Mah.,Akhisar
SALİHLİ LUNAAVM ARKASINDA3+1EBEBEYN BANYOLU ÖZEL OTOPARKLI DAİRE,https://www.hepsiemlak.com/manisa-salihli-sehitler-satilik/daire/139685-213,"5.175.000
TL",3 + 1,145 m²,Manisa / Salihli / Şehitler Mah.,Salihli
ATLAS'TAN ERGENEKON MH'DE SATILIK 3+1 HARİKA DAİRE,https://www.hepsiemlak.com/manisa-turgutlu-ergenekon-satilik/daire/156738-78,"6.500.000
TL",3 + 1,135 m²,Manisa / Turgutlu / Ergenekon Mah.,Turgutlu
MERGENDEN GÖLET BÖLGESİNDE ÇOK KULLANIŞLI 5+1 300m2 DUBLEKS,https://www.hepsiemlak.com/manisa-akhisar-ataturk-satilik/daire/160594-47,"7.000.000
TL",5 + 1,300 m²,Manisa / Akhisar / Atatürk Mah.,Akhisar
Manisa Turgutlu Ergenekon mahallesi Barış sitesinde satılık 3+1,https://www.hepsiemlak.com/manisa-turgutlu-ergenekon-satilik/daire/154320-249,"6.050.000
TL",3 + 1,155 m²,Manisa / Turgutlu / Ergenekon Mah.,Turgutlu
SİNAN EMLAK'TAN SUBAŞI MAHALLESİNDE 3+1 SATILIK DAİRE,https://www.hepsiemlak.com/manisa-turgutlu-subasi-satilik/daire/159995-6,"3.050.000
TL",3 + 1,120 m²,Manisa / Turgutlu / Subaşı Mah.,Turgutlu
SEZGİN ASLAN'DAN MANİSA KIRKAĞAÇ TA SATILIK DAİRE,https://www.hepsiemlak.com/manisa-kirkagac-tevfikiye-satilik/daire/138367-800,"3.600.000
TL",3 + 1,125 m²,Manisa / Kırkağaç / Tevfikiye Mah.,Kırkağaç
Mütevellide Müstakil 2+1 bahçeli merkezi konum SATILIK,https://www.hepsiemlak.com/manisa-saruhanli-mutevelli-satilik/mustakil-ev/163278-65,"3.725.000
TL",2 + 1,400 m²,Manisa / Saruhanlı / Mütevelli Mah.,Saruhanlı
ÖZGÜN GM'DEN MURADİYE VİLLALAR BÖLG. SATILIK 3+1 YÜKSEK GİRİŞ,https://www.hepsiemlak.com/manisa-yunusemre-muradiye-satilik/daire/122193-677,"9.095.000
TL",3 + 1,150 m²,Manisa / Yunusemre / Muradiye Mah.,Yunusemre
Manisa Muradiye Mah. Havuzlu Site İçi Sıfır 1+1 Daire ⭕️,https://www.hepsiemlak.com/manisa-yunusemre-muradiye-satilik/daire/95753-2081,"2.950.000
TL",1 + 1,70 m²,Manisa / Yunusemre / Muradiye Mah.,Yunusemre
ZEKİ EMLAK'TAN MURADİYE'DE SİTE İÇİNDE SATILIK 2+1 DAİRE,https://www.hepsiemlak.com/manisa-yunusemre-muradiye-satilik/daire/156185-456,"4.000.000
TL",2 + 1,100 m²,Manisa / Yunusemre / Muradiye Mah.,Yunusemre
MANİSA TURGUTLU ERGENEKON M SATILIK 4+1 DAİRE,https://www.hepsiemlak.com/manisa-turgutlu-ergenekon-satilik/daire/164007-19,"9.750.000
TL",3 + 1,202 m²,Manisa / Turgutlu / Ergenekon Mah.,Turgutlu
ARAS YAPI'DAN ÖNÜ AÇIK ARA KAT 2+1 SATILIK DAİRE,https://www.hepsiemlak.com/manisa-yunusemre-muradiye-satilik/daire/159142-80,"3.100.000
TL",2 + 1,90 m²,Manisa / Yunusemre / Muradiye Mah.,Yunusemre
ACİL SATILIK Yıldırım Mahallesi 3+1,https://www.hepsiemlak.com/manisa-turgutlu-yildirim-satilik/daire/160048-87,"3.090.000
TL",3 + 1,120 m²,Manisa / Turgutlu / Yıldırım Mah.,Turgutlu
MEVLANA CAMİ CİVARI 3+1 FIRSAT DAİRE,https://www.hepsiemlak.com/manisa-salihli-zafer-satilik/daire/152193-101,"3.900.000
TL",3 + 1,125 m²,Manisa / Salihli / Zafer Mah.,Salihli
DOĞA EMLAKTAN HOROZ KÖYDE 6+ 2 DUBLEKS,https://www.hepsiemlak.com/manisa-yunusemre-ataturk-satilik/daire/161356-32,"6.250.000
TL",6 + 2,230 m²,Manisa / Yunusemre / Atatürk Mah.,Yunusemre
SatılıkTribleks Balık Keyfi Civarı,https://www.hepsiemlak.com/manisa-yunusemre-guzelyurt-satilik/villa/102443-814,"11.500.000
TL",5 + 1,230 m²,Manisa / Yunusemre / Güzelyurt Mah.,Yunusemre
ACİL AKMAN GAYRİMENKUL'DEN MURADİYE'DE SATILIK SİTEİÇİ 2+1 DAİRE,https://www.hepsiemlak.com/manisa-yunusemre-muradiye-satilik/daire/113243-32,"2.910.000
TL",2 + 1,95 m²,Manisa / Yunusemre / Muradiye Mah.,Yunusemre
Temiz ev pazarlık vardır,https://www.hepsiemlak.com/manisa-turgutlu-altay-satilik/daire/0-45633699,"2.800.000
TL",3 + 1,120 m²,Manisa / Turgutlu / Altay Mah.,Turgutlu
Akdeniz Emlak'tan Satılık Saruhanlı İlç Cumhuriyet Mah 2+1  Daire,https://www.hepsiemlak.com/manisa-saruhanli-cumhuriyet-satilik/daire/22228-10919,"2.650.000
TL",2 + 1,100 m²,Manisa / Saruhanlı / Cumhuriyet Mah.,Saruhanlı
Kethüda Mahallesi Cadde Üzerinden 3+1 130 m2 Satılık Yeni Daire,https://www.hepsiemlak.com/manisa-akhisar-kethuda-satilik/daire/86919-626,"4.200.000
TL",3 + 1,130 m²,Manisa / Akhisar / Kethüda Mah.,Akhisar
TURPADAN CUMHURİYET CAD ÜZERİNDE SATILIK FIRSAT 3+1 ARAKAT DAİRE,https://www.hepsiemlak.com/manisa-turgutlu-yildirim-satilik/daire/144722-282,"3.800.000
TL",3 + 1,155 m²,Manisa / Turgutlu / Yıldırım Mah.,Turgutlu
TURAN MH CUMHURİYET CADDESİNDE 235 M2 TERASLI DUBLEKS SATILIK,https://www.hepsiemlak.com/manisa-turgutlu-turan-satilik/daire/161345-7,"4.100.000
TL",5 + 1,250 m²,Manisa / Turgutlu / Turan Mah.,Turgutlu
Saruhanlı meydanda Lokasyonu güzel 3+1 Konut,https://www.hepsiemlak.com/manisa-saruhanli-cumhuriyet-satilik/daire/9333-1813,"2.750.000
TL",2 + 1,125 m²,Manisa / Saruhanlı / Cumhuriyet Mah.,Saruhanlı
ÇARŞI MERKEZDE SATILIK 3+1  DAİRE ARAKAT DOĞALGAZLI,https://www.hepsiemlak.com/manisa-saruhanli-cengiz-topel-satilik/daire/90814-374,"3.900.000
TL",3 + 1,153 m²,Manisa / Saruhanlı / Cengiz Topel Mah.,Saruhanlı
NOVA'DAN 2+1 SIFIR SATILIK DAİRELER,https://www.hepsiemlak.com/manisa-turgutlu-turgutlar-satilik/daire/123058-1831,"3.200.000
TL",2 + 1,90 m²,Manisa / Turgutlu / Turgutlar Mah.,Turgutlu
Manisa lalelide satılık dubleks,https://www.hepsiemlak.com/manisa-yunusemre-laleli-satilik/daire/22991-772,"3.900.000
TL",3 + 1,115 m²,Manisa / Yunusemre / Laleli Mah.,Yunusemre
EMRAH EMLAKTAN MEDAR MAHALLESİNDE LÜKS SATILIK VİLLA,https://www.hepsiemlak.com/manisa-akhisar-medar-satilik/villa/141484-3,"10.000.000
TL",4 + 1,240 m²,Manisa / Akhisar / Medar Mah.,Akhisar
SALİHLİ GÜMÜŞÇAYINA YAKIN CAM BALKONLU DOĞALGAZLI 2+1 DAİRE,https://www.hepsiemlak.com/manisa-salihli-gunes-satilik/daire/139685-212,"3.675.000
TL",2 + 1,110 m²,Manisa / Salihli / Güneş Mah.,Salihli
ATLAS'TAN ERGENEKON MH'DE SATILIK 4+1 DUBLEKS DAİRE,https://www.hepsiemlak.com/manisa-turgutlu-ergenekon-satilik/daire/156738-77,"5.500.000
TL",4 + 1,185 m²,Manisa / Turgutlu / Ergenekon Mah.,Turgutlu
SİNAN EMLAK'TAN ÇATALÇEŞME PARKI YAKINI SATILIK DAİRE,https://www.hepsiemlak.com/manisa-turgutlu-turan-satilik/daire/159995-1,"1.890.000
TL",2 + 1,110 m²,Manisa / Turgutlu / Turan Mah.,Turgutlu
Satılık iki katlı Mustakil Ev Necatibey Mah.,https://www.hepsiemlak.com/manisa-sehzadeler-nisancipasa-satilik/mustakil-ev/15578-398,"4.400.000
TL",4 + 2,150 m²,Manisa / Şehzadeler / Nişancıpaşa Mah.,Şehzadeler
AKHİSAR HÜRRİYET MAH. BORSA YOLU YAKINI SATILIK 2+1 DAİRE,https://www.hepsiemlak.com/manisa-akhisar-hurriyet-satilik/daire/94123-2668,"3.500.000
TL",2 + 1,90 m²,Manisa / Akhisar / Hürriyet Mah.,Akhisar
İBRAHİM ÇELEBİ MH 2+1 AÇIK MUTFAK 96M² SON KAT DOĞALGAZ PİMAPEN,https://www.hepsiemlak.com/manisa-sehzadeler-ibrahimcelebi-satilik/daire/114523-420,"2.100.000
TL",2 + 1,96 m²,Manisa / Şehzadeler / İbrahimçelebi Mah.,Şehzadeler
Muradiye'de Geniş ve Kullanışlı bir aya Teslim 1+1 Satılık Daire,https://www.hepsiemlak.com/manisa-yunusemre-muradiye-satilik/daire/162776-42,"2.670.000
TL",1 + 1,50 m²,Manisa / Yunusemre / Muradiye Mah.,Yunusemre
Akhisar Reşatbey Mahallesi'nde 2+1 Satılık Daire,https://www.hepsiemlak.com/manisa-akhisar-resat-bey-satilik/daire/94137-1384,"3.200.000
TL",2 + 1,100 m²,Manisa / Akhisar / Reşat Bey Mah.,Akhisar
ZEKİ EMLAK'TAN MURADİYE'DE 2+1 AÇIK MUTFAK SATILIK DAİRE,https://www.hepsiemlak.com/manisa-yunusemre-muradiye-satilik/daire/156185-454,"2.750.000
TL",2 + 1,85 m²,Manisa / Yunusemre / Muradiye Mah.,Yunusemre
TURYAP CENTER'DAN GÜZELYURTTA SATILIK HARİKA DAİRE,https://www.hepsiemlak.com/manisa-yunusemre-guzelyurt-satilik/daire/158110-285,"8.250.000
TL",3 + 1,185 m²,Manisa / Yunusemre / Güzelyurt Mah.,Yunusemre
MANİSA TURGUTLU ERGENEKON M SATILIK KAT DUBLEX,https://www.hepsiemlak.com/manisa-turgutlu-ergenekon-satilik/daire/164007-18,"8.500.000
TL",4 + 3,300 m²,Manisa / Turgutlu / Ergenekon Mah.,Turgutlu
ERGENEKON MAHALLESİNDE LÜKS VE KONFOR BİR ARADA,https://www.hepsiemlak.com/manisa-turgutlu-ergenekon-satilik/daire/160048-84,"7.000.000
TL",3 + 1,175 m²,Manisa / Turgutlu / Ergenekon Mah.,Turgutlu
Manisa Yunusemre Horozköy Merkez Lokasyonda 3+1 Daire,https://www.hepsiemlak.com/manisa-yunusemre-50-yil-satilik/daire/161356-31,"5.250.000
TL",3 + 1,145 m²,Manisa / Yunusemre / 50. Yıl Mah.,Yunusemre
ARAS YAPI'DAN MURADİYE'DE 2+1 ARA KAT SATILIK SIFIR LÜKS DAİRE,https://www.hepsiemlak.com/manisa-yunusemre-muradiye-satilik/daire/159142-79,"3.300.000
TL",2 + 1,70 m²,Manisa / Yunusemre / Muradiye Mah.,Yunusemre
AKMAN GAYRİMENKUL'DEN MURADİYE'DE SİTE İÇİ SATILIK 2+1 DAİRE,https://www.hepsiemlak.com/manisa-yunusemre-muradiye-satilik/daire/113243-21,"3.500.000
TL",2 + 1,90 m²,Manisa / Yunusemre / Muradiye Mah.,Yunusemre
SATILIK MİTHATPAŞADA TADİLATLI 3+1 150M2 JEOTERMALİ GENİŞ DAİRE,https://www.hepsiemlak.com/manisa-salihli-mithatpasa-satilik/daire/150639-37,"2.600.000
TL",3 + 1,150 m²,Manisa / Salihli / Mithatpaşa Mah.,Salihli
MUSTAFA BAŞYİĞİT EMLAKTAN REŞATBEY MAHALLESİNDE SATILIK LÜX 3+1,https://www.hepsiemlak.com/manisa-akhisar-resat-bey-satilik/daire/162406-229,"4.250.000
TL",3 + 1,135 m²,Manisa / Akhisar / Reşat Bey Mah.,Akhisar
Cumhuriyet mahallesi 2+1 KAPALI MUTF,https://www.hepsiemlak.com/manisa-saruhanli-cumhuriyet-satilik/daire/146877-79,"2.950.000
TL",2 + 1,105 m²,Manisa / Saruhanlı / Cumhuriyet Mah.,Saruhanlı
Salihli Gümüşçayı'na Cephe 130 M2 Teraslı Dubleks Daire E-30,https://www.hepsiemlak.com/manisa-salihli-yoruk-satilik/daire/8447-485,"3.950.000
TL",3 + 1,140 m²,Manisa / Salihli / Yörük Mah.,Salihli
Manisa Turgutlu Çarşı Yakını Arakat 2 +1 DAİRE,https://www.hepsiemlak.com/manisa-turgutlu-istiklal-satilik/daire/136231-14,"2.850.000
TL",2 + 1,110 m²,Manisa / Turgutlu / İstiklal Mah.,Turgutlu
BEYAZ GAYRİMENKUL’DEN ARDA MAH FIRSATTT 2+1,https://www.hepsiemlak.com/manisa-sehzadeler-arda-satilik/daire/119915-560,"6.200.000
TL",2 + 1,215 m²,Manisa / Şehzadeler / Arda Mah.,Şehzadeler
Manisa Şehzadeler Ege Mah. Sıfır Bina Çarşıya Yakın Arakat 2+1 Satılık,https://www.hepsiemlak.com/manisa-sehzadeler-ege-satilik/daire/95753-1933,"3.600.000
TL",2 + 1,70 m²,Manisa / Şehzadeler / Ege Mah.,Şehzadeler
FOR SALE & FOR RENTTEN 3+1 MANİSADA 1100M2 ARSA İÇİNDE 250M2 VİLLA,https://www.hepsiemlak.com/manisa-yunusemre-karakoca-satilik/villa/32982-4506,"35.000.000
TL",3 + 1,1.100 m²,Manisa / Yunusemre / Karakoca Mah.,Yunusemre
SATILIK DUBLEKS,https://www.hepsiemlak.com/manisa-soma-ataturk-satilik/daire/691819-1097,"3.750.000
TL",4 + 1,180 m²,Manisa / Soma / Atatürk Mah.,Soma
MERGENDEN REŞATBEYDE SATILIK 2+1 DAİRE,https://www.hepsiemlak.com/manisa-akhisar-resat-bey-satilik/daire/160594-56,"3.075.000
TL",2 + 1,105 m²,Manisa / Akhisar / Reşat Bey Mah.,Akhisar
FATİH CADDESİ ÜZERİ 2+1 90 M2 OTOPARKLI DAİRE,https://www.hepsiemlak.com/manisa-salihli-namik-kemal-satilik/daire/152193-112,"4.000.000
TL",2 + 1,92 m²,Manisa / Salihli / Namık Kemal Mah.,Salihli
TURPA'DAN BAYRAM YERİ CİVARI SATILIK FIRSAT DAİRELER,https://www.hepsiemlak.com/manisa-turgutlu-turgutlar-satilik/daire/144722-279,"3.500.000
TL",2 + 1,110 m²,Manisa / Turgutlu / Turgutlar Mah.,Turgutlu
!!!ŞOK ŞOK!!! SALİHLİ CUMHURİYET MAHALLESİNDE 1+1 FİYATINA 3+1,https://www.hepsiemlak.com/manisa-salihli-cumhuriyet-satilik/daire/139685-211,"2.675.000
TL",3 + 1,155 m²,Manisa / Salihli / Cumhuriyet Mah.,Salihli
Eroğlu-Taşkın Emlak Ofisinden Ursavaş Villarında Son Triplex,https://www.hepsiemlak.com/manisa-akhisar-resat-bey-satilik/villa/160552-24,"15.000.000
TL",5 + 1,225 m²,Manisa / Akhisar / Reşat Bey Mah.,Akhisar
ATLAS’TAN CUMHURİYET MH’DE HARİKA KONUMDA 3+1 SATILIK DAİRE,https://www.hepsiemlak.com/manisa-turgutlu-cumhuriyet-satilik/daire/156738-76,"3.350.000
TL",3 + 1,125 m²,Manisa / Turgutlu / Cumhuriyet Mah.,Turgutlu
manisa muradiye 23 nisan parkında 2+1 satılık daire,https://www.hepsiemlak.com/manisa-yunusemre-muradiye-satilik/daire/150932-79,"3.400.000
TL",2 + 1,85 m²,Manisa / Yunusemre / Muradiye Mah.,Yunusemre
PLUS+ GAYRİMENKUL'den MUSAL EVLERİ'nde 150m2 - 3+1,https://www.hepsiemlak.com/manisa-turgutlu-selvilitepe-satilik/daire/154320-231,"6.500.000
TL",3 + 1,170 m²,Manisa / Turgutlu / Selvilitepe Mah.,Turgutlu
RAGIPBEY HARİKA KONUMDA 180 M2 4+1 FULL TADİLATLI DUBLEKS DAİRE,https://www.hepsiemlak.com/manisa-akhisar-ragip-bey-satilik/daire/86919-608,"3.750.000
TL",4 + 1,180 m²,Manisa / Akhisar / Ragıp Bey Mah.,Akhisar
MERKEZ EFENDİ MAHALLESİ 3+1 145m2 KELEPİR ASANSÖRLÜ SATILIK DAİRE,https://www.hepsiemlak.com/manisa-yunusemre-merkez-efendi-satilik/daire/163278-43,"5.195.000
TL",3 + 1,165 m²,Manisa / Yunusemre / Merkez Efendi Mah.,Yunusemre
İBRAHİM ÇELEBİ MAHALLESİNDE SATILIK 3+1 arakat,https://www.hepsiemlak.com/manisa-sehzadeler-ibrahimcelebi-satilik/daire/104090-22,"3.975.000
TL",3 + 1,110 m²,Manisa / Şehzadeler / İbrahimçelebi Mah.,Şehzadeler
Akhisar Efendi Mahallesi'nde 2+1 Satılık Daire,https://www.hepsiemlak.com/manisa-akhisar-efendi-satilik/daire/94137-1366,"2.950.000
TL",2 + 1,90 m²,Manisa / Akhisar / Efendi Mah.,Akhisar
Uncubozköy de Satılık 3+1 Özellikli Daire,https://www.hepsiemlak.com/manisa-yunusemre-uncubozkoy-satilik/daire/102443-807,"4.100.000
TL",3 + 1,125 m²,Manisa / Yunusemre / Uncubozköy Mah.,Yunusemre
ZEKİ EMLAK'TAN YENİ MAHALLE'DE 2+1 KAPALI MUTFAK SATILIK DAİRE,https://www.hepsiemlak.com/manisa-yunusemre-yeni-mahalle-satilik/daire/156185-451,"4.900.000
TL",2 + 1,90 m²,Manisa / Yunusemre / Yeni Mahalle Mah.,Yunusemre
MANİSA TURGUTLU ERGENEKON M SATILIK 3+1 ARAKAT DAİRE,https://www.hepsiemlak.com/manisa-turgutlu-ergenekon-satilik/daire/164007-17,"6.250.000
TL",3 + 1,140 m²,Manisa / Turgutlu / Ergenekon Mah.,Turgutlu
LALE MEYDANI ÖZSARUHAN BULVAR ÜZERİNDE SATILIK 3+1 DAİRE,https://www.hepsiemlak.com/manisa-yunusemre-hafsa-sultan-satilik/daire/163565-107,"4.150.000
TL",3 + 1,115 m²,Manisa / Yunusemre / Hafsa Sultan Mah.,Yunusemre
ERGENEKON MAHALLESİNDE LÜKS DAİRE FIRSATI,https://www.hepsiemlak.com/manisa-turgutlu-ergenekon-satilik/daire/160048-83,"7.000.000
TL",3 + 1,165 m²,Manisa / Turgutlu / Ergenekon Mah.,Turgutlu
50 .yılda kupon 3+1 açıkmutfak daire,https://www.hepsiemlak.com/manisa-yunusemre-50-yil-satilik/daire/161356-30,"4.600.000
TL",3 + 1,115 m²,Manisa / Yunusemre / 50. Yıl Mah.,Yunusemre
ARAS YAPI'DAN MURADİYE'DE 1+1 EŞYALI SATILIK DAİRE,https://www.hepsiemlak.com/manisa-yunusemre-muradiye-satilik/daire/159142-73,"2.499.999
TL",1 + 1,60 m²,Manisa / Yunusemre / Muradiye Mah.,Yunusemre
SATILIK KURTULUŞTA ÖZEL OTOPARKLI 3+1 140 M2 LÜKS ARA KAT,https://www.hepsiemlak.com/manisa-salihli-kurtulus-satilik/daire/150639-36,"5.650.000
TL",3 + 1,140 m²,Manisa / Salihli / Kurtuluş Mah.,Salihli
Saruhanlı Cengiz Topel mah 3+1 arakat,https://www.hepsiemlak.com/manisa-saruhanli-cengiz-topel-satilik/daire/9333-1833,"4.750.000
TL",3 + 1,135 m²,Manisa / Saruhanlı / Cengiz Topel Mah.,Saruhanlı
CUMHURİYET MAH CADDE ÜZERİ 120 M2 2+1 ASANSÖRLÜ D.GAZLI,https://www.hepsiemlak.com/manisa-turgutlu-cumhuriyet-satilik/daire/164247-91,"3.750.000
TL",2 + 1,120 m²,Manisa / Turgutlu / Cumhuriyet Mah.,Turgutlu
MUSTAFA BAŞYİĞİT EMLAKTAN CUMHURİYETMAH SATILIK LÜKS 3+1,https://www.hepsiemlak.com/manisa-akhisar-cumhuriyet-satilik/daire/162406-169,"4.200.000
TL",3 + 1,140 m²,Manisa / Akhisar / Cumhuriyet Mah.,Akhisar
Manisa  Akıncılar Mahallesinde 3+1 Zemin Kat Satılık Daire,https://www.hepsiemlak.com/manisa-sehzadeler-akincilar-satilik/daire/95753-2103,"3.375.000
TL",3 + 1,135 m²,Manisa / Şehzadeler / Akıncılar Mah.,Şehzadeler
SALİHLİ GÖKÇEPINAR CADDESİNDE KÖŞE GENİŞ FERAH 160M2 LÜX DAİRE,https://www.hepsiemlak.com/manisa-salihli-kurtulus-satilik/daire/139685-209,"6.625.000
TL",3 + 1,178 m²,Manisa / Salihli / Kurtuluş Mah.,Salihli
LÜKS SİTEDE SATILIK HAVUZ VE ÇİFT CEPHE DAİRE,https://www.hepsiemlak.com/manisa-turgutlu-selvilitepe-satilik/daire/155066-51,"4.450.000
TL",3 + 1,160 m²,Manisa / Turgutlu / Selvilitepe Mah.,Turgutlu
Satılık Daire Adakale Mah.Zemin daire,https://www.hepsiemlak.com/manisa-sehzadeler-adakale-satilik/daire/15578-373,"3.150.000
TL",3 + 1,100 m²,Manisa / Şehzadeler / Adakale Mah.,Şehzadeler
SARUHANLI 2+1 KAPALI MUTFAK KUPON DAİRE,https://www.hepsiemlak.com/manisa-saruhanli-cengiz-topel-satilik/daire/163278-19,"3.650.000
TL",2 + 1,105 m²,Manisa / Saruhanlı / Cengiz Topel Mah.,Saruhanlı
BEYAZ GAYRİMENKUL’DEN KARAOĞLANLI MAH AVLULU 2+1,https://www.hepsiemlak.com/manisa-sehzadeler-karaoglanli-satilik/mustakil-ev/119915-561,"3.250.000
TL",2 + 1,180 m²,Manisa / Şehzadeler / Karaoğlanlı Mah.,Şehzadeler
"REAL,den SATILIK MUSTAKİL SIFIR VİLLA.",https://www.hepsiemlak.com/manisa-yunusemre-ucpinar-satilik/villa/17068-1353,"16.000.000
TL",4 + 1,210 m²,Manisa / Yunusemre / Üçpınar Mah.,Yunusemre
Akhisar Cumhuriyet Mahallesi'nde 2+1 Satılık Daire,https://www.hepsiemlak.com/manisa-akhisar-cumhuriyet-satilik/daire/94137-1361,"3.450.000
TL",2 + 1,100 m²,Manisa / Akhisar / Cumhuriyet Mah.,Akhisar
Satılık Köy Evi Şehirden Kurtulmak İsteyenler Yeni Yaşam Sürmek İsteyenler için,https://www.hepsiemlak.com/manisa-selendi-akcakertil-satilik/koy-evi/0-45406601,"3.000.000
TL",3 + 1,130 m²,Manisa / Selendi / Akçakertil Mah.,Selendi
"ZEKİ EMLAK'TAN MURADİYE'DE 2+1 SIFIR BİNA, FULL LÜKS SATILIK D.",https://www.hepsiemlak.com/manisa-yunusemre-muradiye-satilik/daire/156185-447,"4.200.000
TL",2 + 1,110 m²,Manisa / Yunusemre / Muradiye Mah.,Yunusemre
ERGENEKONDA 3+1 135 M2 YERDEN ISITMALI SIFIR DAİRE,https://www.hepsiemlak.com/manisa-turgutlu-ergenekon-satilik/daire/156788-240,"5.500.000
TL",3 + 1,145 m²,Manisa / Turgutlu / Ergenekon Mah.,Turgutlu
MANİSA TURGUTLU ACARLAR M ATATÜRK BULVARINDA SATILIK DAİRE,https://www.hepsiemlak.com/manisa-turgutlu-acarlar-satilik/daire/164007-14,"4.000.000
TL",3 + 1,135 m²,Manisa / Turgutlu / Acarlar Mah.,Turgutlu
EMİR GRUP'TAN MURADİYE'DE SATILIK 2+1 ULTRA LÜX ARAKAT DAİRE,https://www.hepsiemlak.com/manisa-yunusemre-muradiye-satilik/daire/163565-104,"4.500.000
TL",2 + 1,115 m²,Manisa / Yunusemre / Muradiye Mah.,Yunusemre
MURADİYE’DE KUPON SATILIK 5+1 DUBLEKS,https://www.hepsiemlak.com/manisa-yunusemre-muradiye-satilik/daire/162376-44,"4.900.000
TL",5 + 1,220 m²,Manisa / Yunusemre / Muradiye Mah.,Yunusemre
MANİSA ŞEHZADLER DİNÇER MAH ULUPARK YANI 2+1 SATILIK DAİRE,https://www.hepsiemlak.com/manisa-sehzadeler-dincer-satilik/daire/158110-275,"3.750.000
TL",2 + 1,90 m²,Manisa / Şehzadeler / Dinçer Mah.,Şehzadeler
Lüks İşçilikli 2+1 Satılık Daire,https://www.hepsiemlak.com/manisa-turgutlu-mustafa-kemal-satilik/daire/160048-82,"3.300.000
TL",2 + 1,110 m²,Manisa / Turgutlu / Mustafa Kemal Mah.,Turgutlu
CUMHURİYET MAHALLESİNDE AKÇAKMAK YOLU CADDESİ ÜZERİNDE GENİŞ 2+1,https://www.hepsiemlak.com/manisa-turgutlu-cumhuriyet-satilik/daire/164247-85,"4.980.000
TL",2 + 1,120 m²,Manisa / Turgutlu / Cumhuriyet Mah.,Turgutlu
Nazar Evler Sitesinde Bireysel Otoparklı 2+1 Satılık Daire.,https://www.hepsiemlak.com/manisa-akhisar-cumhuriyet-satilik/daire/94123-2762,"3.250.000
TL",2 + 1,110 m²,Manisa / Akhisar / Cumhuriyet Mah.,Akhisar
Manisa Şehzadeler Peker Mahallesi 2+1 3.Kat Ara Kat Ful Özellikli Satılık Daire,https://www.hepsiemlak.com/manisa-sehzadeler-peker-satilik/daire/95753-1796,"3.050.000
TL",2 + 1,95 m²,Manisa / Şehzadeler / Peker Mah.,Şehzadeler
"HOROZKÖY 50.YIL MAH.DE SATILIK 2+1,KAPALI MUTFAK",https://www.hepsiemlak.com/manisa-yunusemre-50-yil-satilik/daire/161765-5,"4.800.000
TL",2 + 1,100 m²,Manisa / Yunusemre / 50. Yıl Mah.,Yunusemre
SALİHLİ CUMHURİYET MAHALLESİNDE 2+1 KÖŞE ÇİFT CEPHE 90M2 DAİRE,https://www.hepsiemlak.com/manisa-salihli-cumhuriyet-satilik/daire/139685-208,"3.850.000
TL",2 + 1,108 m²,Manisa / Salihli / Cumhuriyet Mah.,Salihli
3 ADAM EMLAKTAN REŞATBEY MH ÖN CEPHE GENİŞ 3+1 SATILIK DAİRE,https://www.hepsiemlak.com/manisa-akhisar-resat-bey-satilik/daire/143910-125,"4.800.000
TL",3 + 1,152 m²,Manisa / Akhisar / Reşat Bey Mah.,Akhisar
ACİL FYAT DÜŞTÜ PRESTİJ EVLERİNDE TERASLI KÖŞE HAVUZ CEPHE DAİRE,https://www.hepsiemlak.com/manisa-turgutlu-selvilitepe-satilik/daire/155066-34,"4.000.000
TL",2 + 1,140 m²,Manisa / Turgutlu / Selvilitepe Mah.,Turgutlu
MANİSA AKHİSAR HÜRRİYET MAH. SATILIK  3+1  DAİRE 170m² . ‼️ACİL  UYGUN 3.950.000TL,https://www.hepsiemlak.com/manisa-akhisar-hurriyet-satilik/daire/143974-371,"3.950.000
TL",3 + 1,175 m²,Manisa / Akhisar / Hürriyet Mah.,Akhisar
Satılık Dublex Daire Muradiye mah,https://www.hepsiemlak.com/manisa-yunusemre-muradiye-satilik/daire/15578-370,"3.950.000
TL",4 + 1,300 m²,Manisa / Yunusemre / Muradiye Mah.,Yunusemre
Medar Köy Merkezinde Köşe Parsel Dükkan ve Müstakil Ev 2 Tapu,https://www.hepsiemlak.com/manisa-akhisar-medar-satilik/mustakil-ev/86919-605,"6.000.000
TL",2 + 1,321 m²,Manisa / Akhisar / Medar Mah.,Akhisar
"CUMHURİYET MAHALLESİNDE BAHÇELİ, FERAH, KÖŞE BAŞI DAİRE 4+1 198m²",https://www.hepsiemlak.com/manisa-turgutlu-cumhuriyet-satilik/daire/0-45517211,"4.950.000
TL",4 + 1,198 m²,Manisa / Turgutlu / Cumhuriyet Mah.,Turgutlu
SOMA İSTASYON ZAFER MAH.SATILIK MÜSTAKİL EV,https://www.hepsiemlak.com/manisa-soma-zafer-satilik/mustakil-ev/106969-13,"2.600.000
TL",2 + 1,250 m²,Manisa / Soma / Zafer Mah.,Soma
CUMHURİYET MAHALLESİ SATILIK 3+1,https://www.hepsiemlak.com/manisa-salihli-cumhuriyet-satilik/daire/152152-63,"3.000.000
TL",3 + 1,150 m²,Manisa / Salihli / Cumhuriyet Mah.,Salihli
ÖZYURTLAR'DAN YARHASANLAR MAHALLESİNDE ASANSÖRLÜ DUBLEX,https://www.hepsiemlak.com/manisa-sehzadeler-yarhasanlar-satilik/daire/162860-41,"6.950.000
TL",3 + 1,200 m²,Manisa / Şehzadeler / Yarhasanlar Mah.,Şehzadeler
saruhanlı/cengiztopel mah. 3+1 kapalı mutfak ana cadde üzerinde geniş 120M² sıfır daire,https://www.hepsiemlak.com/manisa-saruhanli-cengiz-topel-satilik/daire/137495-197,"3.375.000
TL",3 + 1,130 m²,Manisa / Saruhanlı / Cengiz Topel Mah.,Saruhanlı
Manisa Turgutalpte 6122 m² Kiraz Bahçesi İçinde 3+1 Dubleks Ev,https://www.hepsiemlak.com/manisa-yunusemre-turgutalp-satilik/villa/117461-4352,"22.500.000
TL",3 + 1,180 m²,Manisa / Yunusemre / Turgutalp Mah.,Yunusemre
BEYAZ GAYRİMENKUL’DEN EGE MAH FIRSATT 3+1,https://www.hepsiemlak.com/manisa-sehzadeler-nisancipasa-satilik/daire/119915-558,"3.850.000
TL",3 + 1,140 m²,Manisa / Şehzadeler / Nişancıpaşa Mah.,Şehzadeler
FİLO GAYRİMENKULDEN SATILIK ULTRA LÜX 1+1 LER,https://www.hepsiemlak.com/manisa-alasehir-fatih-satilik/daire/160709-10,"2.100.000
TL",1 + 1,58 m²,Manisa / Alaşehir / Fatih Mah.,Alaşehir
Manisa Kula Gökdere mevkiinde müstakil bahçeli satılık 🏠 ev,https://www.hepsiemlak.com/manisa-kula-gokdere-satilik/mustakil-ev/120009-127,"1.850.000
TL",3 + 1,625 m²,Manisa / Kula / Gökdere Mah.,Kula
Acil Satılık Müstakil Bahçeli Ev 537 m2,https://www.hepsiemlak.com/manisa-salihli-durasilli-satilik/mustakil-ev/0-43027089,"5.750.000
TL",3 + 1,145 m²,Manisa / Salihli / Durasıllı Mah.,Salihli
MUSTAFA BAŞYİĞİT EMLAK'TAN EFENDİDE 130 M2 SATILIK 3+1,https://www.hepsiemlak.com/manisa-akhisar-efendi-satilik/daire/162406-207,"3.350.000
TL",3 + 1,140 m²,Manisa / Akhisar / Efendi Mah.,Akhisar
Yenimahallede Satılık 4+1 Çift Girişli Dubleks,https://www.hepsiemlak.com/manisa-yunusemre-yeni-mahalle-satilik/daire/102443-810,"6.500.000
TL",4 + 1,250 m²,Manisa / Yunusemre / Yeni Mahalle Mah.,Yunusemre
TURPA'DAN BARMANLAR PRİME SİTESİNDE SATILIK DUBLEKS DAİRE,https://www.hepsiemlak.com/manisa-turgutlu-ergenekon-satilik/daire/144722-284,"3.750.000
TL",2 + 1,104 m²,Manisa / Turgutlu / Ergenekon Mah.,Turgutlu
ÖZ ELİT EMLAK'TAN K.SÜMBÜLLERDE SATILIK 6+1 BAHÇELİ VİLLA 7.700.000 TL.,https://www.hepsiemlak.com/manisa-yunusemre-kucuksumbuller-satilik/villa/64671-672,"7.700.000
TL",6 + 1,250 m²,Manisa / Yunusemre / Küçüksümbüller Mah.,Yunusemre
SOMA TOKİ EVLERİ 2+1 DAİRE,https://www.hepsiemlak.com/manisa-soma-turgutalp-satilik/daire/691819-1099,"1.775.000
TL",2 + 1,90 m²,Manisa / Soma / Turgutalp Mah.,Soma
MİMAR SİNAN BULVARI TAM YAPININ ÜSTÜ 3+1 SATILIK DAİRE,https://www.hepsiemlak.com/manisa-yunusemre-yeni-mahalle-satilik/daire/94966-788,"4.650.000
TL",3 + 1,130 m²,Manisa / Yunusemre / Yeni Mahalle Mah.,Yunusemre
ÖZGÜN GM'DEN UNCUBÖZKÖY'DE EN İYİ KONUMDA 3+1+1 TRIPLEKS DAİRE,https://www.hepsiemlak.com/manisa-yunusemre-uncubozkoy-satilik/daire/122193-684,"5.800.000
TL",3 + 2,170 m²,Manisa / Yunusemre / Uncubozköy Mah.,Yunusemre
NORAN 3+1 ARAKAT FIRSAT SATILIK DAİRE,https://www.hepsiemlak.com/manisa-yunusemre-uncubozkoy-satilik/daire/163068-8,"11.450.000
TL",3 + 1,135 m²,Manisa / Yunusemre / Uncubozköy Mah.,Yunusemre
ZEKİ EMLAK'TAN İSTASYON CİVARI SATILIK 2+1 SIFIR DAİRE,https://www.hepsiemlak.com/manisa-yunusemre-muradiye-satilik/daire/156185-442,"4.200.000
TL",2 + 1,95 m²,Manisa / Yunusemre / Muradiye Mah.,Yunusemre
MANİSA TURGUTLU CUMHURİYET M ASANSÖR OTOPARKLI 3+1 SATLIK DAİRE,https://www.hepsiemlak.com/manisa-turgutlu-cumhuriyet-satilik/daire/164007-2,"6.300.000
TL",3 + 1,142 m²,Manisa / Turgutlu / Cumhuriyet Mah.,Turgutlu
MANİSA 2. ANAFARTALAR DA SATILIK DUBLEKS,https://www.hepsiemlak.com/manisa-sehzadeler-2-anafartalar-satilik/daire/156788-236,"9.500.000
TL",6 + 1,300 m²,Manisa / Şehzadeler / 2. Anafartalar Mah.,Şehzadeler
OSMANCALI'DA EŞYALI HAVUZLU FUUL ÖZELİKLİ MÜSTAKİL YAŞAM SATILIK,https://www.hepsiemlak.com/manisa-yunusemre-osmancali-satilik/mustakil-ev/154167-416,"10.700.000
TL",2 + 1,585 m²,Manisa / Yunusemre / Osmancalı Mah.,Yunusemre
MURADİYE MAHALLESİNDE 1+1 ZEMİN KÖŞE SATILIK DAİRE,https://www.hepsiemlak.com/manisa-yunusemre-muradiye-satilik/daire/163565-101,"2.600.000
TL",1 + 1,55 m²,Manisa / Yunusemre / Muradiye Mah.,Yunusemre
Ergenekon Mahallesi 3+1 Uygun Fiyat Sıfır Daire,https://www.hepsiemlak.com/manisa-turgutlu-ergenekon-satilik/daire/160048-81,"4.500.000
TL",3 + 1,120 m²,Manisa / Turgutlu / Ergenekon Mah.,Turgutlu
Manisa Yunusemre Muradiye Mahallesi Satılık Daire,https://www.hepsiemlak.com/manisa-yunusemre-muradiye-satilik/daire/162376-43,"3.180.000
TL",2 + 1,95 m²,Manisa / Yunusemre / Muradiye Mah.,Yunusemre
TURYAP CENTERDAN UNCUBOZKÖYDE 4+1 FULL LÜKS DUBLEX DAİRE,https://www.hepsiemlak.com/manisa-yunusemre-uncubozkoy-satilik/daire/158110-248,"11.850.000
TL",4 + 1,250 m²,Manisa / Yunusemre / Uncubozköy Mah.,Yunusemre
MANİSA SALİHLİ YILMAZ YENİ MAHALLESİNDE  ACİL SATILIK MÜSTAKİL DAİRE,https://www.hepsiemlak.com/manisa-salihli-yilmaz-satilik/mustakil-ev/138755-114,"4.500.000
TL",3 + 1,185 m²,Manisa / Salihli / Yılmaz Mah.,Salihli
KARAOGLANLİDA SATİLİK MÜSTAKİL EV,https://www.hepsiemlak.com/manisa-sehzadeler-karaoglanli-satilik/koy-evi/152027-34,"2.750.000
TL",3 + 1,220 m²,Manisa / Şehzadeler / Karaoğlanlı Mah.,Şehzadeler
2+1 Yüksek Zemin Karanlıksız daire,https://www.hepsiemlak.com/manisa-yunusemre-50-yil-satilik/daire/152909-31,"3.290.000
TL",2 + 1,75 m²,Manisa / Yunusemre / 50. Yıl Mah.,Yunusemre
Akhisar Cumhuriyet Mahallesi'nde 3+1 Satılık Daire,https://www.hepsiemlak.com/manisa-akhisar-cumhuriyet-satilik/daire/94137-1362,"4.200.000
TL",3 + 1,140 m²,Manisa / Akhisar / Cumhuriyet Mah.,Akhisar
Köprübaşı Kıranşeyh'te 340 m² Arsa İçinde 2 Katlı 2+1 Ev + Müştemilat + Ahır!,https://www.hepsiemlak.com/manisa-koprubasi-kiranseyh-satilik/koy-evi/64870-803,"2.700.000
TL",4 + 2,150 m²,Manisa / Köprübaşı / Kıranşeyh Mah.,Koprubasi
C21 LOCA KIRKAĞAÇ ALACALAR MAH.SATILIK MÜKEMMEL EV VE ARSASI,https://www.hepsiemlak.com/manisa-kirkagac-alacalar-satilik/koy-evi/137881-724,"2.100.000
TL",4 + 1,810 m²,Manisa / Kırkağaç / Alacalar Mah.,Kırkağaç
Acilen satılık Depreme dayanıklı Doğayla iç içe manzarası süper inzivaya çekilme yeri,https://www.hepsiemlak.com/manisa-akhisar-haci-ishak-satilik/daire/0-44546838,"2.500.000
TL",3 + 1,362 m²,Manisa / Akhisar / Hacı İshak Mah.,Akhisar
SİNAN EMLAK'TAN ŞEHİTLER MAHALLESİNDE SATILIK SIFIR DAİRELER,https://www.hepsiemlak.com/manisa-turgutlu-sehitler-satilik/daire/159995-56,"3.800.000
TL",3 + 1,120 m²,Manisa / Turgutlu / Şehitler Mah.,Turgutlu
Laleli mah 3+1 doğalgazlı cadde üzerinde çift cephe,https://www.hepsiemlak.com/manisa-yunusemre-hafsa-sultan-satilik/daire/133144-215,"3.100.000
TL",3 + 1,120 m²,Manisa / Yunusemre / Hafsa Sultan Mah.,Yunusemre
3 ADAM EMLAK'TAN TAHİR ÜN CADDESİ SATILIK DUBLEKS DAİRE,https://www.hepsiemlak.com/manisa-akhisar-ragip-bey-satilik/daire/143910-122,"4.000.000
TL",5 + 1,230 m²,Manisa / Akhisar / Ragıp Bey Mah.,Akhisar
Manisa Turgutlu Ergenekon mahallesi Niba Life'ta sıfır 3+1,https://www.hepsiemlak.com/manisa-turgutlu-ergenekon-satilik/daire/154320-127,"6.250.000
TL",3 + 1,160 m²,Manisa / Turgutlu / Ergenekon Mah.,Turgutlu
MANİSA AKHİSAR HÜRRİYET  MAH. ❗️KİRAZOĞLU DEVLET HAS. YANI  SATILIK 3+1 DAİRE,https://www.hepsiemlak.com/manisa-akhisar-hurriyet-satilik/daire/143974-288,"2.950.000
TL",3 + 1,130 m²,Manisa / Akhisar / Hürriyet Mah.,Akhisar
EVREN GAYRİMENKULDEN CUMHURİYET CADDESİNDE SATILIK 3+1 DAİRE.,https://www.hepsiemlak.com/manisa-turgutlu-turan-satilik/daire/163190-11,"3.100.000
TL",3 + 1,150 m²,Manisa / Turgutlu / Turan Mah.,Turgutlu
ÖZYURTLAR'DAN AKINCI MAHALLESİNDE FULL LÜX ARA KAT DAİRE.,https://www.hepsiemlak.com/manisa-sehzadeler-akincilar-satilik/daire/162860-40,"4.950.000
TL",3 + 1,130 m²,Manisa / Şehzadeler / Akıncılar Mah.,Şehzadeler
AHMETLİ İLÇESİNDE SATILIK 240 MT 5+1 DUBLEX...,https://www.hepsiemlak.com/manisa-ahmetli-barbaros-satilik/daire/152152-58,"5.250.000
TL",5 + 1,240 m²,Manisa / Ahmetli / Barbaros Mah.,Ahmetli
BEYAZ GAYRİMENKUL’DEN EGE MAH KUPON 3+1,https://www.hepsiemlak.com/manisa-sehzadeler-dilsikar-satilik/daire/119915-557,"4.750.000
TL",3 + 1,142 m²,Manisa / Şehzadeler / Dilşikar Mah.,Şehzadeler
FİLO GAYRİMENKULDEN İSTASYON MAH. DE SATILIK ULTRA LÜX 2+1 LER,https://www.hepsiemlak.com/manisa-alasehir-istasyon-satilik/daire/160709-6,"4.400.000
TL",2 + 1,110 m²,Manisa / Alaşehir / İstasyon Mah.,Alaşehir
Manisa Şehzadeler Çınarlıkuyu 2+1 Taş Ev + Bahçe,https://www.hepsiemlak.com/manisa-sehzadeler-cinarlikuyu-satilik/koy-evi/95753-2107,"2.980.000
TL",2 + 1,90 m²,Manisa / Şehzadeler / Çınarlıkuyu Mah.,Şehzadeler
PRESTİJ EVLERİ SİTESİNDE SATILIK HAVUZ CEPHE SINIRSIZ KREDİ,https://www.hepsiemlak.com/manisa-turgutlu-selvilitepe-satilik/daire/155066-56,"4.000.000
TL",2 + 1,120 m²,Manisa / Turgutlu / Selvilitepe Mah.,Turgutlu
AKHİSAR DA AKHİSAR LİSESİ KARŞISI SATILIK DUBLEKS,https://www.hepsiemlak.com/manisa-akhisar-kethuda-satilik/daire/156788-235,"6.200.000
TL",5 + 1,380 m²,Manisa / Akhisar / Kethüda Mah.,Akhisar
ZEKİ EMLAK'TAN MURADİYE'DE SATILIK 2+1 K.MUTFAK SIFIR LÜKS DAİRE,https://www.hepsiemlak.com/manisa-yunusemre-muradiye-satilik/daire/156185-424,"4.750.000
TL",2 + 1,114 m²,Manisa / Yunusemre / Muradiye Mah.,Yunusemre
MURADİYE MAHALLESİNDE 2+1 ARA KAT SATILIK DAİRE,https://www.hepsiemlak.com/manisa-yunusemre-muradiye-satilik/daire/163565-100,"3.150.000
TL",2 + 1,75 m²,Manisa / Yunusemre / Muradiye Mah.,Yunusemre
SARUHANLI MERKEZDE İŞ BANKASI ARAKASI PTT YANI SATILIK 2+1 DAİRE,https://www.hepsiemlak.com/manisa-saruhanli-cumhuriyet-satilik/daire/154167-412,"2.870.000
TL",2 + 1,90 m²,Manisa / Saruhanlı / Cumhuriyet Mah.,Saruhanlı
SALİHLİ ERDEM EMLAKTAN ASKERLİK ŞUBESİ KARŞISINDA GENİŞ 3+1 SATILIK DAİRE,https://www.hepsiemlak.com/manisa-salihli-namik-kemal-satilik/daire/158161-125,"4.650.000
TL",3 + 1,185 m²,Manisa / Salihli / Namık Kemal Mah.,Salihli
Mustafa Kemal Mh. Geniş 2+1 Satılık Daire,https://www.hepsiemlak.com/manisa-turgutlu-mustafa-kemal-satilik/daire/160048-80,"3.350.000
TL",2 + 1,110 m²,Manisa / Turgutlu / Mustafa Kemal Mah.,Turgutlu
MANİSA YUNUSEMRE GRANDMEDİKAL YAKINI 3+1 DAİRE,https://www.hepsiemlak.com/manisa-yunusemre-cumhuriyet-satilik/daire/158110-245,"6.390.000
TL",3 + 1,145 m²,Manisa / Yunusemre / Cumhuriyet Mah.,Yunusemre
UNCUBOZKÖY MAHALLESİ 3+1 160M2 KAPALI MUTFAKLI 13 YILLIK DAİRE,https://www.hepsiemlak.com/manisa-yunusemre-uncubozkoy-satilik/daire/162376-37,"6.750.000
TL",3 + 1,160 m²,Manisa / Yunusemre / Uncubozköy Mah.,Yunusemre
YENİ MAH. 3+1 EBEVEYN'Lİ KARANLIK ODASI YOK 130 M2 OTOPARKLI,https://www.hepsiemlak.com/manisa-turgutlu-yeni-satilik/daire/164247-77,"5.350.000
TL",3 + 1,130 m²,Manisa / Turgutlu / Yeni Mah.,Turgutlu
Çift giriş Çift teras Dubleks,https://www.hepsiemlak.com/manisa-yunusemre-kaynak-satilik/daire/152909-37,"5.550.000
TL",4 + 2,200 m²,Manisa / Yunusemre / Kaynak Mah.,Yunusemre
ACARLAR MAHALLESİ'NDE SATILIK 140M2 DAİRE,https://www.hepsiemlak.com/manisa-turgutlu-acarlar-satilik/daire/52577-368,"3.200.000
TL",3 + 1,140 m²,Manisa / Turgutlu / Acarlar Mah.,Turgutlu
MANİSA YUNUSEMRE MUTLU MH UYGUN FİYAT SATILIK DAİRE,https://www.hepsiemlak.com/manisa-yunusemre-mutlu-satilik/daire/162290-22,"3.190.000
TL",3 + 1,115 m²,Manisa / Yunusemre / Mutlu Mah.,Yunusemre
AKHİSAR İNÖNÜ  YENİ BELEDİYE ARKASI FAHRİ SERTEL EMLAKTAN SATILIK 3+1 DAİRE,https://www.hepsiemlak.com/manisa-akhisar-inonu-satilik/daire/144740-96,"1.745.000
TL",3 + 1,130 m²,Manisa / Akhisar / İnönü Mah.,Akhisar
MUSTAFA BAŞYİĞİT EMLAKTAN ATATÜRK MAH SATILIK GENİŞ 2+0,https://www.hepsiemlak.com/manisa-akhisar-ataturk-satilik/daire/162406-46,"2.550.000
TL",2 + 0,92 m²,Manisa / Akhisar / Atatürk Mah.,Akhisar
Manisa Şehzadeler Yarasanlar Mah 2+1 kapalı mutfak Arakat fırsat daire,https://www.hepsiemlak.com/manisa-sehzadeler-yarhasanlar-satilik/daire/95753-2073,"2.750.000
TL",2 + 1,90 m²,Manisa / Şehzadeler / Yarhasanlar Mah.,Şehzadeler
Manisa Yunusemre Barboros Mh Full özellik Satılık Daire,https://www.hepsiemlak.com/manisa-yunusemre-barbaros-satilik/daire/162290-57,"3.080.000
TL",2 + 1,90 m²,Manisa / Yunusemre / Barbaros Mah.,Yunusemre
MANİSA EMLAKDERE SATILIK BAHÇELİ MÜSTAKİL EV,https://www.hepsiemlak.com/manisa-yunusemre-emlakdere-satilik/mustakil-ev/94966-675,"3.000.000
TL",1 + 1,80 m²,Manisa / Yunusemre / Emlakdere Mah.,Yunusemre
3+1 Kapalı mutfak fırsatı PEKER mahallesi,https://www.hepsiemlak.com/manisa-sehzadeler-peker-satilik/daire/95753-1937,"3.285.000
TL",3 + 1,130 m²,Manisa / Şehzadeler / Peker Mah.,Şehzadeler
DAĞYENİKÖY 152 M2 FIRSAT YATIRIMLIK EV ABONELİKLER MEVCUT,https://www.hepsiemlak.com/manisa-turgutlu-karakoy-satilik/mustakil-ev/156788-8,"298.000
TL",3 + 1,152 m²,Manisa / Turgutlu / Karaköy Mah.,Turgutlu
Camiönü Mevkii Satılık 145 m² Daire,https://www.hepsiemlak.com/manisa-turgutlu-albayrak-satilik/daire/160048-88,"3.300.000
TL",3 + 1,145 m²,Manisa / Turgutlu / Albayrak Mah.,Turgutlu
PLUS+ GAYRİMENKUL'DEN ALTAY MAH. KÖŞE KONUMLU MASRAFSIZ 3+1DAİRE,https://www.hepsiemlak.com/manisa-turgutlu-altay-satilik/daire/154320-238,"3.000.000
TL",3 + 1,130 m²,Manisa / Turgutlu / Altay Mah.,Turgutlu
ERSOYDAN HACIRAHMANLIDA KAÇIRILMAYACK FIRSAT SIFIR 2+1 İKİZ VİLA,https://www.hepsiemlak.com/manisa-saruhanli-hacirahmanli-satilik/daire/114523-416,"4.200.000
TL",2 + 1,105 m²,Manisa / Saruhanlı / Hacırahmanlı Mah.,Saruhanlı
IRLAMAZ MH BAHÇELİ TOPLAM 429 M2 ARSA İÇİNDE MÜSTAKİL AVLULU EV,https://www.hepsiemlak.com/manisa-turgutlu-irlamaz-satilik/mustakil-ev/123058-2042,"2.500.000
TL",2 + 1,429 m²,Manisa / Turgutlu / Irlamaz Mah.,Turgutlu
MANİSA SOMADA SATILIK 3+1 JEOTERMALLİ DAİRE,https://www.hepsiemlak.com/manisa-soma-kurtulus-satilik/daire/156747-245,"3.150.000
TL",3 + 1,130 m²,Manisa / Soma / Kurtuluş Mah.,Soma
MANİSA YUNUS EMRE GÖKÇELER 716 m2 ARSA İÇİNDE 3+1 SATILIK MÜSTAKİL DUBLEKS KONUT,https://www.hepsiemlak.com/manisa-yunusemre-gokceler-satilik/mustakil-ev/5311-658,"14.500.000
TL",3 + 1,150 m²,Manisa / Yunusemre / Gökçeler Mah.,Yunusemre
AKHİSAR HASOCA DA SATILIK 104 M2 ARSALI MÜSTAKİL 2+1 EV 1.275.000 TL,https://www.hepsiemlak.com/manisa-akhisar-seyhisa-satilik/mustakil-ev/119726-1395,"1.275.000
TL",1 + 1,103 m²,Manisa / Akhisar / Şeyhisa Mah.,Akhisar
SALİHLİ CİN EMLAK'TAN GÜNEŞ MAH SATILIK 3+1 117 M2 DOĞALGAZLI YÜKSEK ZEMİN,https://www.hepsiemlak.com/manisa-salihli-gunes-satilik/daire/37897-2539,"3.000.000
TL",3 + 1,110 m²,Manisa / Salihli / Güneş Mah.,Salihli
kendine Ait teraslı Geniş 3+1,https://www.hepsiemlak.com/manisa-sehzadeler-ege-satilik/daire/152909-29,"3.775.000
TL",3 + 1,140 m²,Manisa / Şehzadeler / Ege Mah.,Şehzadeler
KARAOĞLANLI KÖY İÇİNDE İMARLI MEVKİİ YERDE 1+1 KÖY EVİ,https://www.hepsiemlak.com/manisa-sehzadeler-karaoglanli-satilik/daire/114523-382,"985.000
TL",1 + 1,120 m²,Manisa / Şehzadeler / Karaoğlanlı Mah.,Şehzadeler
TURGUTLU 'DA SATILIK DAİRE,https://www.hepsiemlak.com/manisa-turgutlu-sehitler-satilik/daire/141766-268,"4.600.000
TL",3 + 1,155 m²,Manisa / Turgutlu / Şehitler Mah.,Turgutlu
Paşa Mahallesi Tahirün Caddesi Arkası 2+1 90 m2 Doğalgazlı Daire,https://www.hepsiemlak.com/manisa-akhisar-pasa-satilik/daire/86919-595,"1.350.000
TL",2 + 1,90 m²,Manisa / Akhisar / Paşa Mah.,Akhisar
AKMAN GAYRİMENKUL'DEN MURADİYE'DE SATILIK 3+1 DAİRE,https://www.hepsiemlak.com/manisa-yunusemre-muradiye-satilik/daire/113243-28,"3.650.000
TL",3 + 1,140 m²,Manisa / Yunusemre / Muradiye Mah.,Yunusemre
Karaduman Emlak’dan saruhanlı’da dublex daire,https://www.hepsiemlak.com/manisa-saruhanli-yilmaz-satilik/daire/104090-8,"4.200.000
TL",6 + 2,260 m²,Manisa / Saruhanlı / Yılmaz Mah.,Saruhanlı
KALENDER EMLAKTAN ALBAYRAK MH. MÜSTAKİL EV,https://www.hepsiemlak.com/manisa-turgutlu-albayrak-satilik/mustakil-ev/162001-21,"2.900.000
TL",2 + 1,130 m²,Manisa / Turgutlu / Albayrak Mah.,Turgutlu
EMİR GRUP'TAN HAFSA SULTAN MH SATILIK ÇİFT CEPHE ARAKAT DAİRE,https://www.hepsiemlak.com/manisa-yunusemre-hafsa-sultan-satilik/daire/163565-46,"3.250.000
TL",2 + 1,96 m²,Manisa / Yunusemre / Hafsa Sultan Mah.,Yunusemre
SERKAN YILMAZ DAN ASANSÖRLÜ FULL LÜX ÖZELLİKLİ ARAKAT DAİRE,https://www.hepsiemlak.com/manisa-sehzadeler-sehitler-satilik/daire/161259-16,"4.650.000
TL",3 + 1,140 m²,Manisa / Şehzadeler / Şehitler Mah.,Şehzadeler
EMİR GRUP'TAN MURADİYE'DE ULTRA LÜX 2+1 SIFIR DAİRE,https://www.hepsiemlak.com/manisa-yunusemre-muradiye-satilik/daire/163565-79,"3.600.000
TL",2 + 1,90 m²,Manisa / Yunusemre / Muradiye Mah.,Yunusemre
Manisa Muradiye Mh. 2+1 Satılık Sıfır Daire,https://www.hepsiemlak.com/manisa-yunusemre-muradiye-satilik/daire/95753-1707,"3.250.000
TL",2 + 1,85 m²,Manisa / Yunusemre / Muradiye Mah.,Yunusemre
"MANİSA TURGUTLU ERGENEKON MH,SİNDE 300m2 ULTRA LÜX DUBLEX",https://www.hepsiemlak.com/manisa-turgutlu-ergenekon-satilik/daire/94181-660,"11.500.000
TL",6 + 1,300 m²,Manisa / Turgutlu / Ergenekon Mah.,Turgutlu
SALİHLİ SATILIK 2 KATLI MÜSTAKİL EV GÜNEŞ MAHALLESİ,https://www.hepsiemlak.com/manisa-salihli-gunes-satilik/mustakil-ev/153067-39,"3.450.000
TL",7 + 2,150 m²,Manisa / Salihli / Güneş Mah.,Salihli
UNCUBOZKÖY NORAN ATRİUM'DA EN GÜZEL KONUMDA SATILIK 3+1 DAİRE,https://www.hepsiemlak.com/manisa-yunusemre-uncubozkoy-satilik/daire/94966-787,"13.400.000
TL",3 + 1,128 m²,Manisa / Yunusemre / Uncubozköy Mah.,Yunusemre
MANİSA YUNUSEMRE ATATÜRK MAHALLESİ 2+1 SATILIK DAİRE,https://www.hepsiemlak.com/manisa-yunusemre-ataturk-satilik/daire/162290-27,"3.420.000
TL",2 + 1,105 m²,Manisa / Yunusemre / Atatürk Mah.,Yunusemre
Akhisar Kethüda Mahallesi'nde Satılık 1+1 Daire,https://www.hepsiemlak.com/manisa-akhisar-kethuda-satilik/daire/94137-1274,"1.600.000
TL",1 + 1,95 m²,Manisa / Akhisar / Kethüda Mah.,Akhisar
EMİR GRUP'TAN SARUHANLI'DA SATILIK 1+1 FULL EŞYALI ARAKAT DAİRE,https://www.hepsiemlak.com/manisa-saruhanli-cengiz-topel-satilik/daire/163565-87,"2.650.000
TL",1 + 1,55 m²,Manisa / Saruhanlı / Cengiz Topel Mah.,Saruhanlı
Şehre çok yakın doğa içerisinde Müstakil Villa | Bahçeli,https://www.hepsiemlak.com/manisa-sehzadeler-veziroglu-satilik/villa/0-45156382,"29.980.000
TL",5 + 1,250 m²,Manisa / Şehzadeler / Veziroğlu Mah.,Şehzadeler
ÖZ DOST EMLAKTAN AKMESCİTTE 2+1 SATILIK SIFIR DAİRE,https://www.hepsiemlak.com/manisa-yunusemre-akmescit-satilik/daire/137460-6,"5.500.000
TL",2 + 1,100 m²,Manisa / Yunusemre / Akmescit Mah.,Yunusemre
"Uygun Fiyatlı 2+1 Daire Yüksek Giriş, Doğalgazlı ve Ferah!",https://www.hepsiemlak.com/manisa-turgutlu-albayrak-satilik/daire/160048-53,"1.650.000
TL",2 + 1,85 m²,Manisa / Turgutlu / Albayrak Mah.,Turgutlu
EVREN GAYRİMENKULDEN ACARLAR MAHALLESİNDE SATILIK 2+1 DAİRE,https://www.hepsiemlak.com/manisa-turgutlu-acarlar-satilik/daire/163190-17,"2.050.000
TL",2 + 1,95 m²,Manisa / Turgutlu / Acarlar Mah.,Turgutlu
MANİSA GÜZELYURT LÜKS 3+1 DAİRE SATILIK,https://www.hepsiemlak.com/manisa-yunusemre-guzelyurt-satilik/daire/162754-10,"12.495.000
TL",3 + 1,200 m²,Manisa / Yunusemre / Güzelyurt Mah.,Yunusemre
ÖZYURTLAR'DAN MURADİYE'DE CADDE ÜZERİNDE FULL ÖZELLİKLİ 1+1,https://www.hepsiemlak.com/manisa-yunusemre-muradiye-satilik/daire/162860-8,"2.650.000
TL",1 + 1,60 m²,Manisa / Yunusemre / Muradiye Mah.,Yunusemre
AKHİSAR NUR CAMİ YAKINI AÇIK MUTFAKLI SATILIK 2+1 SIFIR DAİRE.,https://www.hepsiemlak.com/manisa-akhisar-efendi-satilik/daire/94123-2749,"2.900.000
TL",2 + 1,85 m²,Manisa / Akhisar / Efendi Mah.,Akhisar
Kartal Prime Gayrimenkul 'dan Satılık 5+1 MÜSTAKİL TRİPLEKS,https://www.hepsiemlak.com/manisa-yunusemre-guzelyurt-satilik/villa/163278-31,"12.000.000
TL",5 + 1,350 m²,Manisa / Yunusemre / Güzelyurt Mah.,Yunusemre
TURYAP'tan Sancaklıbozköy TOKİ'de 2+1 Fırsat Daire SATILIK,https://www.hepsiemlak.com/manisa-sehzadeler-sancaklibozkoy-satilik/daire/158110-256,"2.620.000
TL",2 + 1,90 m²,Manisa / Şehzadeler / Sancaklıbozköy Mah.,Şehzadeler
SAHİBİNDEN HOBİ BAHÇESİ,https://www.hepsiemlak.com/manisa-sarigol-ziyanlar-satilik/mustakil-ev/0-45325843,"950.000
TL",1 + 1,4.000 m²,Manisa / Sarıgöl / Ziyanlar Mah.,Sarıgöl
MANİSA YUNUSEMRE MUTLU MH SATILIK DAİRE,https://www.hepsiemlak.com/manisa-yunusemre-mutlu-satilik/daire/162290-54,"2.650.000
TL",2 + 1,85 m²,Manisa / Yunusemre / Mutlu Mah.,Yunusemre
"ATATÜRK MAH. SATILIK 10 YAŞINDA 2+1, 100 M2DAİRE",https://www.hepsiemlak.com/manisa-akhisar-ataturk-satilik/daire/163257-19,"2.750.000
TL",2 + 1,100 m²,Manisa / Akhisar / Atatürk Mah.,Akhisar
SİCAK SULU 2+1 FIRSAT DAİRE,https://www.hepsiemlak.com/manisa-soma-kurtulus-satilik/daire/691819-1046,"1.550.000
TL",2 + 1,90 m²,Manisa / Soma / Kurtuluş Mah.,Soma
Satılık Manisa  Üçpınar  Havuzlu  Lüks Sitede 1+1 Daire,https://www.hepsiemlak.com/manisa-yunusemre-ucpinar-satilik/daire/95753-2039,"2.500.000
TL",Stüdyo,54 m²,Manisa / Yunusemre / Üçpınar Mah.,Yunusemre
SARUHAN MAHALLESİ MASRAFSIZ GÜZEL BİR DAİRE,https://www.hepsiemlak.com/manisa-sehzadeler-saruhan-satilik/daire/162591-11,"3.950.000
TL",3 + 1,120 m²,Manisa / Şehzadeler / Saruhan Mah.,Şehzadeler
SALİHLİ SATILIK 2+1 97 M2 KAPALI OTOPARKLI DAİRE LUNA AVM ARKASI,https://www.hepsiemlak.com/manisa-salihli-yesilyurt-satilik/daire/153067-4,"3.475.000
TL",2 + 1,115 m²,Manisa / Salihli / Yeşilyurt Mah.,Salihli
2+1 105 M2 SIFIR DAİRE ERGENEKON'DA SENE SONU FIRSAT FİYATLI,https://www.hepsiemlak.com/manisa-turgutlu-ergenekon-satilik/daire/156788-16,"3.500.000
TL",2 + 1,125 m²,Manisa / Turgutlu / Ergenekon Mah.,Turgutlu
SALİHLİ SATILIK 3+1 DAİRE DEVLET HASTANESİ KARŞISI,https://www.hepsiemlak.com/manisa-salihli-saglik-satilik/daire/153067-9,"6.500.000
TL",3 + 1,145 m²,Manisa / Salihli / Sağlık Mah.,Salihli
SALİHLİ POYRAZ MAHALLESİNDE SATILIK TAŞ EV,https://www.hepsiemlak.com/manisa-salihli-poyraz-satilik/koy-evi/140101-17,"820.000
TL",2 + 1,115 m²,Manisa / Salihli / Poyraz Mah.,Salihli
Subaşı Mahallesi Satılık Teraslı Dubleks Daire,https://www.hepsiemlak.com/manisa-turgutlu-subasi-satilik/daire/160048-49,"3.749.000
TL",3 + 1,150 m²,Manisa / Turgutlu / Subaşı Mah.,Turgutlu
Selvilitepede Satılık 3+1 Bahçeli Zemin Kat,https://www.hepsiemlak.com/manisa-turgutlu-selvilitepe-satilik/daire/162001-56,"2.250.000
TL",3 + 1,130 m²,Manisa / Turgutlu / Selvilitepe Mah.,Turgutlu
acil satılık köy evi 100 m2 Kabaçınar köyü,https://www.hepsiemlak.com/manisa-turgutlu-kabacinar-satilik/mustakil-ev/154992-23,"550.000
TL",2 + 1,100 m²,Manisa / Turgutlu / Kabaçınar Mah.,Turgutlu
SATILIK DAİRE,https://www.hepsiemlak.com/manisa-salihli-sart-satilik/daire/52577-408,"1.550.000
TL",2 + 1,100 m²,Manisa / Salihli / Sart Mah.,Salihli
EGE MAH SATILIK 3+1 ASANSÖRLÜ ARAKAT,https://www.hepsiemlak.com/manisa-sehzadeler-sakarya-satilik/daire/70124-4059,"3.485.000
TL",3 + 1,115 m²,Manisa / Şehzadeler / Sakarya Mah.,Şehzadeler
ARSA FİYATINA KARGİR EV,https://www.hepsiemlak.com/manisa-soma-zafer-satilik/mustakil-ev/691819-1109,"2.250.000
TL",1 + 1,68 m²,Manisa / Soma / Zafer Mah.,Soma
MERGENDEN HÜRRİYETTE SATILIK GENİŞ 2+1 DAİRE,https://www.hepsiemlak.com/manisa-akhisar-hurriyet-satilik/daire/160594-28,"3.400.000
TL",2 + 1,115 m²,Manisa / Akhisar / Hürriyet Mah.,Akhisar
ÖZYURT MAHALLESİ'NDE ÇARŞIYA YAKIN SATILIK 2+1,https://www.hepsiemlak.com/manisa-turgutlu-ozyurt-satilik/daire/52577-378,"2.600.000
TL",2 + 1,95 m²,Manisa / Turgutlu / Özyurt Mah.,Turgutlu
MANİSA YUNUSEMRE Zirve Emlak Merkez efendi mh Asansörlü Full lüks Satılık Arakat,https://www.hepsiemlak.com/manisa-yunusemre-merkez-efendi-satilik/daire/162290-20,"4.275.000
TL",3 + 1,125 m²,Manisa / Yunusemre / Merkez Efendi Mah.,Yunusemre
CENTURY21 Bal'dan İnönü Mahallesinde Satılık 3+1 Daire,https://www.hepsiemlak.com/manisa-akhisar-inonu-satilik/daire/108245-3756,"2.225.000
TL",3 + 1,130 m²,Manisa / Akhisar / İnönü Mah.,Akhisar
Akhisar Hürriyet Mahallesi'nde satılık 2+1 daire 100 metrekare,https://www.hepsiemlak.com/manisa-akhisar-hurriyet-satilik/daire/143983-86,"2.350.000
TL",2 + 1,105 m²,Manisa / Akhisar / Hürriyet Mah.,Akhisar
Turgutlu Yedieylülde 100 m² Doğalgazlı 2+1 Satılık Daire,https://www.hepsiemlak.com/manisa-turgutlu-yedi-eylul-satilik/daire/162001-53,"2.200.000
TL",2 + 1,100 m²,Manisa / Turgutlu / Yedi Eylül Mah.,Turgutlu
SARUHANBEY OKULU KARŞISI ULTRALÜKS 2+1 DAİRE,https://www.hepsiemlak.com/manisa-yunusemre-topcuasim-satilik/daire/147260-24,"3.150.000
TL",2 + 1,100 m²,Manisa / Yunusemre / Topçuasım Mah.,Yunusemre
Manisa/Yunusemre Hafsa Sultan Mah Satılık 2+1 Arakat Daire ⭕️,https://www.hepsiemlak.com/manisa-yunusemre-hafsa-sultan-satilik/daire/95753-2072,"5.000.000
TL",2 + 1,92 m²,Manisa / Yunusemre / Hafsa Sultan Mah.,Yunusemre
MANİSA YUNUSEMRE Zirve Emlak'tan Tevfikiye Mah Full lüxs Satılık Uygun fiyat !!!,https://www.hepsiemlak.com/manisa-yunusemre-tevfikiye-satilik/daire/162290-24,"2.850.000
TL",2 + 1,100 m²,Manisa / Yunusemre / Tevfikiye Mah.,Yunusemre
efendi mh de 125 m2 3+1 asansörlü otoparklı daire,https://www.hepsiemlak.com/manisa-akhisar-efendi-satilik/daire/158110-251,"3.200.000
TL",3 + 1,130 m²,Manisa / Akhisar / Efendi Mah.,Akhisar
SEYİTAHMET MAHALLESİNDE 3+1 DAİRE,https://www.hepsiemlak.com/manisa-akhisar-seyit-ahmet-satilik/daire/162211-34,"3.400.000
TL",3 + 1,135 m²,Manisa / Akhisar / Seyit Ahmet Mah.,Akhisar
Manisa Turgutlu ACARLAR MAH ÇARŞIYA SIFIR 3+1 DAİRE,https://www.hepsiemlak.com/manisa-turgutlu-acarlar-satilik/daire/136231-17,"4.600.000
TL",3 + 1,295 m²,Manisa / Turgutlu / Acarlar Mah.,Turgutlu
TAŞ EV VE ARSA,https://www.hepsiemlak.com/manisa-alasehir-evrenli-satilik/mustakil-ev/0-45270029,"1.200.000
TL",2 + 1,100 m²,Manisa / Alaşehir / Evrenli Mah.,Alaşehir
şehir merkezinde satılık 3+1,https://www.hepsiemlak.com/manisa-kirkagac-tevfikiye-satilik/daire/158110-261,"3.800.000
TL",3 + 1,140 m²,Manisa / Kırkağaç / Tevfikiye Mah.,Kırkağaç
KALE EMLAK' TAN İNÖNÜ MAH.140 m2 ASANSÖRLÜ FIRSAT DAİRE,https://www.hepsiemlak.com/manisa-akhisar-inonu-satilik/daire/72050-836,"2.750.000
TL",3 + 1,140 m²,Manisa / Akhisar / İnönü Mah.,Akhisar
PALMİYE EMLAK'TAN Hacıishakta 85m2 Ev 181m2 Arsa Sıfır Tadilatlı,https://www.hepsiemlak.com/manisa-akhisar-haci-ishak-satilik/mustakil-ev/156444-27,"1.900.000
TL",2 + 1,181 m²,Manisa / Akhisar / Hacı İshak Mah.,Akhisar
MANİSA ŞEHZADELER PEKER MH UYGUN FİYATA ARAKAT,https://www.hepsiemlak.com/manisa-sehzadeler-peker-satilik/daire/162290-18,"3.250.000
TL",2 + 1,110 m²,Manisa / Şehzadeler / Peker Mah.,Şehzadeler
EMİR GRUP'TAN ANAFARTALAR'DA SATILIK 3+1 FULL LÜX ÖNÜ AÇIK DAİRE,https://www.hepsiemlak.com/manisa-sehzadeler-1-anafartalar-satilik/daire/163565-30,"4.200.000
TL",3 + 1,120 m²,Manisa / Şehzadeler / 1. Anafartalar Mah.,Şehzadeler
Acarlarda Satılık Daire,https://www.hepsiemlak.com/manisa-turgutlu-acarlar-satilik/daire/126164-316,"3.100.000
TL",3 + 1,130 m²,Manisa / Turgutlu / Acarlar Mah.,Turgutlu
NOVA'DAN YILDIRIM MAH'DE 3+1 SATILIK DAİRE,https://www.hepsiemlak.com/manisa-turgutlu-yildirim-satilik/daire/123058-2312,"2.990.000
TL",3 + 1,140 m²,Manisa / Turgutlu / Yıldırım Mah.,Turgutlu
SIFIR UYGUN FİYATLI 2+1 DAİRELER,https://www.hepsiemlak.com/manisa-soma-cuma-satilik/daire/691819-961,"2.750.000
TL",2 + 1,105 m²,Manisa / Soma / Cuma Mah.,Soma
SALİHLİ ERDEM EMLAKTAN ADALA MH. ACİL SATILIK 2 ADET MÜSTAKİL EV,https://www.hepsiemlak.com/manisa-salihli-adala-satilik/mustakil-ev/158161-52,"2.500.000
TL",2 + 1,530 m²,Manisa / Salihli / Adala Mah.,Salihli
ZEKİ EMLAK'TAN MURADİYE BEYAZ İNCİ 2'DE SATILIK LÜKS 2+1 DAİRE..,https://www.hepsiemlak.com/manisa-yunusemre-muradiye-satilik/daire/156185-358,"3.400.000
TL",2 + 1,87 m²,Manisa / Yunusemre / Muradiye Mah.,Yunusemre
Evinburada gayrimenkulden yıldırım mhde 4+1 satılık daire,https://www.hepsiemlak.com/manisa-turgutlu-yildirim-satilik/daire/160048-25,"2.600.000
TL",4 + 1,150 m²,Manisa / Turgutlu / Yıldırım Mah.,Turgutlu
MUSTAFA BAŞYIĞIT EMLAKTAN LÜX 3+1 HÜRRİYET MH,https://www.hepsiemlak.com/manisa-akhisar-hurriyet-satilik/daire/162406-171,"5.200.000
TL",3 + 1,150 m²,Manisa / Akhisar / Hürriyet Mah.,Akhisar
YİĞİTLER MAH. 3+1 GENİŞ SATILIK SIFIR DAİRE,https://www.hepsiemlak.com/manisa-turgutlu-yigitler-satilik/daire/164247-23,"3.650.000
TL",3 + 1,135 m²,Manisa / Turgutlu / Yiğitler Mah.,Turgutlu
SALİHLİ CİN EMLAK'TAN YÖRÜK MAH SATILIK 3+1 125 M2 2 KAT DOĞALGAZLI ASANSÖRLÜ ÖZEL OTOPARKLI DAİRE,https://www.hepsiemlak.com/manisa-salihli-yoruk-satilik/daire/37897-2522,"6.250.000
TL",3 + 1,130 m²,Manisa / Salihli / Yörük Mah.,Salihli
EMİR GRUP'TAN MURADİYE'DE ULTRA LÜX 2+1 SATILIK DAİRE,https://www.hepsiemlak.com/manisa-yunusemre-muradiye-satilik/daire/163565-84,"4.100.000
TL",2 + 1,110 m²,Manisa / Yunusemre / Muradiye Mah.,Yunusemre
"MERCAN EMLAK AŞAĞI ÇOBANİSA 3+1  130 m2 KAPALI MUTFAK ,ARAKAT, TERASLI , 11 YILLIK DAİRE, SATILIKTIR",https://www.hepsiemlak.com/manisa-sehzadeler-asagicobanisa-satilik/daire/106564-500,"4.750.000
TL",3 + 1,130 m²,Manisa / Şehzadeler / Aşağıçobanisa Mah.,Şehzadeler
ERSOY'DAN YARHASANLAR MAHALLESİNDE 3+1 K.MUTFAKLI GENİŞ DAİRE,https://www.hepsiemlak.com/manisa-sehzadeler-yarhasanlar-satilik/daire/114523-417,"3.125.000
TL",3 + 1,130 m²,Manisa / Şehzadeler / Yarhasanlar Mah.,Şehzadeler
AKHİSAR HÜRRİYET MAHALLESİ'NDE 3+1 AÇIK MUTFAKLI SATILIK DUBLEKS,https://www.hepsiemlak.com/manisa-akhisar-hurriyet-satilik/daire/94123-2741,"4.100.000
TL",3 + 1,170 m²,Manisa / Akhisar / Hürriyet Mah.,Akhisar
Bahçeli Balkonlu Çardaklı Genç Bina,https://www.hepsiemlak.com/manisa-yunusemre-kuyualan-satilik/daire/152909-38,"3.875.000
TL",3 + 1,160 m²,Manisa / Yunusemre / Kuyualan Mah.,Yunusemre
AKMAN GAYRİMENKULDEN MURADİYE MAH.2+1 KAPALI MUTFAK SIFIR DAİRE,https://www.hepsiemlak.com/manisa-yunusemre-muradiye-satilik/daire/113243-54,"3.900.000
TL",2 + 1,95 m²,Manisa / Yunusemre / Muradiye Mah.,Yunusemre
EMRAH EMLAKTAN MEDAR MAH SAKLI KENT SİTESİNDE SATILIK VİLLA,https://www.hepsiemlak.com/manisa-akhisar-medar-satilik/villa/141484-1,"9.500.000
TL",6 + 1,350 m²,Manisa / Akhisar / Medar Mah.,Akhisar
ŞEHRİN GÜRÜLTÜSÜNDEN UZAK ŞEHRE YAKIN OLMAK İSTEYENLERE,https://www.hepsiemlak.com/manisa-salihli-karaagac-satilik/mustakil-ev/152193-95,"5.300.000
TL",3 + 1,200 m²,Manisa / Salihli / Karaağaç Mah.,Salihli
KARAALİ MAH. 2+1 AÇIK MUTFAK YATIRIMLIK FULL ÖZELLİKLİ DAİRE,https://www.hepsiemlak.com/manisa-yunusemre-muradiye-satilik/daire/163278-35,"3.250.000
TL",2 + 1,105 m²,Manisa / Yunusemre / Muradiye Mah.,Yunusemre
ÖZ DOST EMLAKTAN MURADİYEDE SATILIK 3+1 DAİRE,https://www.hepsiemlak.com/manisa-yunusemre-muradiye-satilik/daire/137460-62,"5.250.000
TL",3 + 1,120 m²,Manisa / Yunusemre / Muradiye Mah.,Yunusemre
ARAS YAPI'DAN MURADİYE'DE BAHÇELİ 3+1 SATILIK DAİRE,https://www.hepsiemlak.com/manisa-yunusemre-muradiye-satilik/daire/159142-77,"4.250.000
TL",3 + 1,160 m²,Manisa / Yunusemre / Muradiye Mah.,Yunusemre
SERKAN YILMAZ'DAN MALTADA UYGUN PARA 3+1 ARAKAT DAİRE,https://www.hepsiemlak.com/manisa-yunusemre-tevfikiye-satilik/daire/161259-3,"4.100.000
TL",3 + 1,130 m²,Manisa / Yunusemre / Tevfikiye Mah.,Yunusemre
3 ADAM EMLAK'TAN HÜRRİYET MH GENİŞ 5+1 DUBLEKS DAİRE,https://www.hepsiemlak.com/manisa-akhisar-hurriyet-satilik/daire/143910-118,"8.250.000
TL",5 + 1,320 m²,Manisa / Akhisar / Hürriyet Mah.,Akhisar
ÖZYURTLAR'DAN MUTLU'DA FULL ÖZELLİKLİ DUBLEX,https://www.hepsiemlak.com/manisa-yunusemre-mutlu-satilik/daire/162860-26,"6.850.000
TL",5 + 1,240 m²,Manisa / Yunusemre / Mutlu Mah.,Yunusemre
Manisa Merkez de İş Yeri Olarak da Kullanılabilir Satılık Daire,https://www.hepsiemlak.com/manisa-sehzadeler-utku-satilik/daire/58372-5972,"5.300.000
TL",3 + 1,125 m²,Manisa / Şehzadeler / Utku Mah.,Şehzadeler
MANİSA AKHİSAR SATILIK DAİRE,https://www.hepsiemlak.com/manisa-akhisar-resat-bey-satilik/daire/160589-10,"3.850.000
TL",3 + 1,120 m²,Manisa / Akhisar / Reşat Bey Mah.,Akhisar
TURPA'DAN ALTAY MAH. SATILIK 3+1 ARAKAT DAİRE,https://www.hepsiemlak.com/manisa-turgutlu-altay-satilik/daire/144722-239,"3.150.000
TL",3 + 1,130 m²,Manisa / Turgutlu / Altay Mah.,Turgutlu
Akhisar Cumhuriyet Mahallesinde 2+1 Dubleks,https://www.hepsiemlak.com/manisa-akhisar-cumhuriyet-satilik/daire/162211-28,"3.150.000
TL",3 + 1,180 m²,Manisa / Akhisar / Cumhuriyet Mah.,Akhisar
NOVA'DAN IRLAMAZ VADİSİ MANZARALI 3+1 AÇIK MUTFAKLI ARA KAT DAİRE,https://www.hepsiemlak.com/manisa-turgutlu-subasi-satilik/daire/123058-2318,"5.250
TL",3 + 1,140 m²,Manisa / Turgutlu / Subaşı Mah.,Turgutlu
Akhisar Cumhuriyet Mahallesi'nde Satılık 2+1 Daire,https://www.hepsiemlak.com/manisa-akhisar-cumhuriyet-satilik/daire/94137-1315,"2.850.000
TL",2 + 1,105 m²,Manisa / Akhisar / Cumhuriyet Mah.,Akhisar
SALİHLİ SARIPINAR MAHALLESİNDE 3+1  2 KATLI SATILIK MÜSTAKİL EV,https://www.hepsiemlak.com/manisa-salihli-saripinar-satilik/mustakil-ev/158161-80,"4.900.000
TL",3 + 1,141 m²,Manisa / Salihli / Sarıpınar Mah.,Salihli
MANİSA AKHİSAR HÜRRİYET MH.❗️KİRAZOĞLU DEVLET. HAST YANI SATILIK 3+1 DAİRE 1.850.0000TL.,https://www.hepsiemlak.com/manisa-akhisar-hurriyet-satilik/daire/143974-343,"1.850.000
TL",2 + 1,135 m²,Manisa / Akhisar / Hürriyet Mah.,Akhisar
Akhisar İnönü Mahallesi'nde 3+1 Satılık Daire,https://www.hepsiemlak.com/manisa-akhisar-inonu-satilik/daire/94137-1382,"2.500.000
TL",3 + 1,125 m²,Manisa / Akhisar / İnönü Mah.,Akhisar
BEYAZ GAYRIMENKULDEN YUNUSEMRE SARMA MH 2+1 MÜSTAKİL 188 M2 EV,https://www.hepsiemlak.com/manisa-yunusemre-sarma-satilik/mustakil-ev/119915-404,"1.650.000
TL",2 + 1,189 m²,Manisa / Yunusemre / Sarma Mah.,Yunusemre
Akhisar Efendi mh.Alhatoğlu karşısı Satılık Sıfır 1+1 Daire,https://www.hepsiemlak.com/manisa-akhisar-efendi-satilik/daire/72047-1495,"2.390.000
TL",1 + 1,55 m²,Manisa / Akhisar / Efendi Mah.,Akhisar
SALİHLİ PAZAR KÖY MAHALLESİNDE SATILIK PREFABRİK EV VEARSA,https://www.hepsiemlak.com/manisa-salihli-pazarkoy-satilik/prefabrik/138755-38,"3.200.000
TL",1 + 1,50 m²,Manisa / Salihli / Pazarköy Mah.,Salihli
ALTAY MAHALLESİ'NDE SATILIK 3+1 DAİRE,https://www.hepsiemlak.com/manisa-turgutlu-altay-satilik/daire/52577-362,"2.290.000
TL",3 + 1,110 m²,Manisa / Turgutlu / Altay Mah.,Turgutlu
Alibeyli mah. Köyiçinde 248 m2 satılık avlulu ev,https://www.hepsiemlak.com/manisa-saruhanli-alibeyli-satilik/mustakil-ev/90814-459,"1.650.000
TL",2 + 1,100 m²,Manisa / Saruhanlı / Alibeyli Mah.,Saruhanlı
Muradiye Belediye Hizmet Binası Yakını 2+1 Kapalı Mutfaklı Daireler,https://www.hepsiemlak.com/manisa-yunusemre-muradiye-satilik/daire/162278-35,"4.250.000
TL",2 + 1,80 m²,Manisa / Yunusemre / Muradiye Mah.,Yunusemre
Efendi mh satılık 3+1 otoparklı asansörlü,https://www.hepsiemlak.com/manisa-akhisar-efendi-satilik/daire/158110-264,"3.180.000
TL",3 + 1,130 m²,Manisa / Akhisar / Efendi Mah.,Akhisar
PLUS+ GAYRİMENKUL'den LİDYA GARDEN CİTY'de YATIRIMLIK 1+1,https://www.hepsiemlak.com/manisa-turgutlu-selvilitepe-satilik/daire/154320-6,"3.125.000
TL",1 + 1,55 m²,Manisa / Turgutlu / Selvilitepe Mah.,Turgutlu
YILDIRIM MAHALLESİNDE 221 METREKARE ÜZERİNDE SATILIK DAİRELER,https://www.hepsiemlak.com/manisa-turgutlu-yildirim-satilik/daire/161345-16,"1.950.000
TL",3 + 1,120 m²,Manisa / Turgutlu / Yıldırım Mah.,Turgutlu
ATLAS'TAN ÇATALKÖPRÜ'DE DOĞANIN İÇİNDE İYİ KONUMDA MÜSTAKİL EV,https://www.hepsiemlak.com/manisa-turgutlu-catalkopru-satilik/mustakil-ev/156738-70,"1.500.000
TL",2 + 0,70 m²,Manisa / Turgutlu / Çatalköprü Mah.,Turgutlu
Manisa SancaklıBozköy de 175 m2 Satılık 2 Katlı Bahçeli Villa,https://www.hepsiemlak.com/manisa-sehzadeler-sancaklibozkoy-satilik/villa/158110-97,"8.150.000
TL",4 + 1,175 m²,Manisa / Şehzadeler / Sancaklıbozköy Mah.,Şehzadeler
Manisa Salihli Durasıllı mahallesi merkezde satılık iki katlı bahçeli dairemiz satılıktır..,https://www.hepsiemlak.com/manisa-salihli-durasilli-satilik/daire/139585-120,"4.500.000
TL",3 + 1,160 m²,Manisa / Salihli / Durasıllı Mah.,Salihli
GOLDEN TOWERS'DA SATILIK 4+1 DAİRE,https://www.hepsiemlak.com/manisa-turgutlu-selvilitepe-satilik/daire/52577-377,"6.500.000
TL",4 + 1,179 m²,Manisa / Turgutlu / Selvilitepe Mah.,Turgutlu
EMİR GRUPTAN ACİL SATILIK MURADİYEDE 3+1 ARAKAT ÇİFT CEPHE DAİRE,https://www.hepsiemlak.com/manisa-yunusemre-muradiye-satilik/daire/163565-16,"4.350.000
TL",3 + 1,150 m²,Manisa / Yunusemre / Muradiye Mah.,Yunusemre
EMİR GRUP'TAN SİTE İÇİNDE OTOPARKLI 1+1 ULTRA LÜX ARAKAT DAİRE,https://www.hepsiemlak.com/manisa-yunusemre-muradiye-satilik/daire/163565-81,"2.900.000
TL",1 + 1,58 m²,Manisa / Yunusemre / Muradiye Mah.,Yunusemre
PRESTİJ EVLERİNDE SATILIK GENİŞ 2+1 HAVUZ CEPHE ŞOK FİYATA,https://www.hepsiemlak.com/manisa-turgutlu-selvilitepe-satilik/daire/155066-15,"3.950.000
TL",2 + 1,110 m²,Manisa / Turgutlu / Selvilitepe Mah.,Turgutlu
Ergenekon'da 162m2 Giyinme Odalı 3+1 Lüks Daire,https://www.hepsiemlak.com/manisa-turgutlu-ergenekon-satilik/daire/154320-146,"8.000.000
TL",3 + 1,162 m²,Manisa / Turgutlu / Ergenekon Mah.,Turgutlu
BEFT GAYRİMENKUL DEN AKINCILAR MH SATILIK 3+1 130 M2 +BAHÇELİ GİRİŞ KAT,https://www.hepsiemlak.com/manisa-sehzadeler-akincilar-satilik/daire/162044-100,"3.875.000
TL",3 + 1,160 m²,Manisa / Şehzadeler / Akıncılar Mah.,Şehzadeler
MANİSA TURGUTLU IRLAMAZ VADİSİ MANZARALI 3+1 150m2 ULTRA LÜX DAİRE,https://www.hepsiemlak.com/manisa-turgutlu-subasi-satilik/daire/94181-655,"5.250.000
TL",3 + 1,153 m²,Manisa / Turgutlu / Subaşı Mah.,Turgutlu
ŞEHZADELER DİNÇER DE SATILIK 3+1 2.KAT 115 M2 FULLÜKS DAİRE 3.500.000 TL,https://www.hepsiemlak.com/manisa-sehzadeler-dincer-satilik/daire/119726-1421,"3.500.000
TL",3 + 0,130 m²,Manisa / Şehzadeler / Dinçer Mah.,Şehzadeler
AKMAN GAYRİMENKULDEN MURADİYE MERKEZDE SATILIK 2+1 DAİRE,https://www.hepsiemlak.com/manisa-yunusemre-muradiye-satilik/daire/113243-3,"2.685.000
TL",2 + 1,100 m²,Manisa / Yunusemre / Muradiye Mah.,Yunusemre
MURADİYE MAH. 3+1 KAPALI MUTFAK 1.BALKON 125 m2 ASANSÖRLÜ  DAİRE SATILIKTIR.,https://www.hepsiemlak.com/manisa-yunusemre-muradiye-satilik/daire/106564-472,"4.100.000
TL",3 + 1,125 m²,Manisa / Yunusemre / Muradiye Mah.,Yunusemre
Yiğitlerde Cadde Üzeri Sıfır 3+1 Daire Asansör & Otoparklı,https://www.hepsiemlak.com/manisa-turgutlu-yigitler-satilik/daire/162001-48,"3.450.000
TL",3 + 1,130 m²,Manisa / Turgutlu / Yiğitler Mah.,Turgutlu
SALİHLİ CİN EMLAK'TAN GÜNEŞ MAH SATILIK 3+1 117 M2 DOĞALGAZLI DAİRE,https://www.hepsiemlak.com/manisa-salihli-gunes-satilik/daire/37897-2540,"3.300.000
TL",3 + 1,117 m²,Manisa / Salihli / Güneş Mah.,Salihli
MURADİYE MAH HAVUZLU SİTE İÇİNDE SATILIK 2+1 A.MUTFAKLI ARAKAT,https://www.hepsiemlak.com/manisa-yunusemre-muradiye-satilik/daire/70124-4033,"6.575.000
TL",2 + 1,110 m²,Manisa / Yunusemre / Muradiye Mah.,Yunusemre
ÖZGÜN GM'DEN 8 HAVUZU CİVARINDA KOMPLE SATILIK BİNA,https://www.hepsiemlak.com/manisa-sehzadeler-1-anafartalar-satilik/bina/122193-631,"145.000.000
TL",14 + 5,1.420 m²,Manisa / Şehzadeler / 1. Anafartalar Mah.,Şehzadeler
YUNUSEMRE  KEÇİLİKÖY MAH 2+1 KAPALI MUTFAK 95 M2 ASANSÖRLÜ ARAKAT DAİRE SATILIKTIR,https://www.hepsiemlak.com/manisa-yunusemre-kecili-koy-satilik/daire/106564-454,"3.400.000
TL",2 + 1,95 m²,Manisa / Yunusemre / Keçili Köy Mah.,Yunusemre
MURADİYE  MAH  60M m2 İKİ KATLI DÜKKAN SATIIKTIR,https://www.hepsiemlak.com/manisa-yunusemre-muradiye-satilik/bina/106564-323,"2.500.000
TL",2 + 1,60 m²,Manisa / Yunusemre / Muradiye Mah.,Yunusemre
Cumhuriyet Caddesi'nde - Sadıklar Konfeksiyon Civarında Satılık 2+1 Daire,https://www.hepsiemlak.com/manisa-turgutlu-turan-satilik/daire/141766-279,"1.950.000
TL",2 + 1,95 m²,Manisa / Turgutlu / Turan Mah.,Turgutlu
PLUS+ GAYRİMENKUL FARKIYLA ACARLAR'DA SATILIK KÖŞE DAİRE,https://www.hepsiemlak.com/manisa-turgutlu-acarlar-satilik/daire/154320-240,"2.125.000
TL",2 + 1,90 m²,Manisa / Turgutlu / Acarlar Mah.,Turgutlu
MUSTAFA BAŞYİĞİT EMLAKTAN GAZİ OKULU YOLUNDA SATILIK DAİRE,https://www.hepsiemlak.com/manisa-akhisar-kethuda-satilik/daire/162406-158,"1.925.000
TL",3 + 1,118 m²,Manisa / Akhisar / Kethüda Mah.,Akhisar
"Satılık 3+1 Daire Şehitler Mahallesi, Adliye Yakını",https://www.hepsiemlak.com/manisa-turgutlu-sehitler-satilik/daire/160048-57,"2.380.000
TL",3 + 1,115 m²,Manisa / Turgutlu / Şehitler Mah.,Turgutlu
EMİR GRUP'TAN CENGİZ TOPEL'DE SATILIK 2+1 SIFIR ARAKAT DAİRE,https://www.hepsiemlak.com/manisa-saruhanli-cengiz-topel-satilik/daire/163565-40,"3.050.000
TL",2 + 1,75 m²,Manisa / Saruhanlı / Cengiz Topel Mah.,Saruhanlı
Salihlide satılık daire 3568,https://www.hepsiemlak.com/manisa-salihli-saglik-satilik/daire/57265-8,"4.250.000
TL",3 + 1,150 m²,Manisa / Salihli / Sağlık Mah.,Salihli
YENİ MAHALLEDE 2+1 95M2 ARAKAT ASANSÖRLÜ SIFIR DAİRE,https://www.hepsiemlak.com/manisa-yunusemre-yeni-mahalle-satilik/daire/162376-26,"5.475.000
TL",2 + 1,95 m²,Manisa / Yunusemre / Yeni Mahalle Mah.,Yunusemre
SUBAŞINDA SATILIK SIFIR DAİRE,https://www.hepsiemlak.com/manisa-turgutlu-subasi-satilik/daire/160009-7,"3.800.000
TL",2 + 1,110 m²,Manisa / Turgutlu / Subaşı Mah.,Turgutlu
Ergenekon Mahallesi 140 m2 Geniş Daire,https://www.hepsiemlak.com/manisa-turgutlu-ergenekon-satilik/daire/160048-74,"5.350.000
TL",3 + 1,140 m²,Manisa / Turgutlu / Ergenekon Mah.,Turgutlu
Mergenden Efendi Mahallesinde 3+1,https://www.hepsiemlak.com/manisa-akhisar-efendi-satilik/daire/160594-11,"3.100.000
TL",3 + 1,135 m²,Manisa / Akhisar / Efendi Mah.,Akhisar
SALİHLİ SATILIK 190 M2 3+1 LUX DAİRE MASAL ORMANI CİVARI,https://www.hepsiemlak.com/manisa-salihli-kurtulus-satilik/daire/153067-71,"7.750.000
TL",3 + 1,190 m²,Manisa / Salihli / Kurtuluş Mah.,Salihli
Yedieylül Mahallesinde 2 Katlı Müstakil Ev,https://www.hepsiemlak.com/manisa-turgutlu-yedi-eylul-satilik/daire/154320-270,"2.250.000
TL",2 + 1,142 m²,Manisa / Turgutlu / Yedi Eylül Mah.,Turgutlu
AKHİSAR ATATÜRK GÖLET MANZARALI FAHRİ SERTEL EMLAKTAN SATILIK 3+1,https://www.hepsiemlak.com/manisa-akhisar-ataturk-satilik/daire/144740-229,"2.850.000
TL",3 + 1,135 m²,Manisa / Akhisar / Atatürk Mah.,Akhisar
BEYAZ GAYRİMENKUL’DEN SARUHAN MAH 3+1 BAHÇELİ FIRSAT ZEMİN,https://www.hepsiemlak.com/manisa-sehzadeler-adakale-satilik/daire/119915-544,"3.950.000
TL",3 + 1,130 m²,Manisa / Şehzadeler / Adakale Mah.,Şehzadeler
MANİSA KÖPRÜBAŞI MERKEZDE SATILIK 2.KAT DAİRE,https://www.hepsiemlak.com/manisa-koprubasi-mehmet-akif-ersoy-satilik/daire/138755-42,"2.200.000
TL",3 + 1,130 m²,Manisa / Köprübaşı / Mehmet Akif Ersoy Mah.,Koprubasi
TURGUTLU AVŞAR'DA SATILIK MÜSTAKİL EV,https://www.hepsiemlak.com/manisa-turgutlu-avsar-satilik/mustakil-ev/52577-374,"12.500.000
TL",3 + 1,380 m²,Manisa / Turgutlu / Avşar Mah.,Turgutlu
Mergenden Hurriyet Mahallesinde 2+1 lüx daire,https://www.hepsiemlak.com/manisa-akhisar-hurriyet-satilik/daire/160594-55,"3.100.000
TL",2 + 1,85 m²,Manisa / Akhisar / Hürriyet Mah.,Akhisar
SALİHLİ SATILIK 2+1 DAİRE CUMHURİYET MAHALLESİ,https://www.hepsiemlak.com/manisa-salihli-cumhuriyet-satilik/daire/153067-64,"3.425.000
TL",2 + 1,95 m²,Manisa / Salihli / Cumhuriyet Mah.,Salihli
Ergenekon'da 165M2 / 3+1 Sıfır Daire,https://www.hepsiemlak.com/manisa-turgutlu-ergenekon-satilik/daire/154320-144,"4.390.000
TL",3 + 1,185 m²,Manisa / Turgutlu / Ergenekon Mah.,Turgutlu
SALİHLİ CİN EMLAK'TAN KIRVELİ MAH AVAR CAD ÜZERİNDE SATILIK 3+1 DOĞALGAZLI DAİRE,https://www.hepsiemlak.com/manisa-salihli-yoruk-satilik/daire/37897-2479,"3.400.000
TL",3 + 2,140 m²,Manisa / Salihli / Yörük Mah.,Salihli
MUSTAFA BAŞYİĞİT EMLAK'TAN HÜRRİYET'TE 3+1 ZEMİN KAT,https://www.hepsiemlak.com/manisa-akhisar-hurriyet-satilik/daire/162406-146,"1.750.000
TL",3 + 1,130 m²,Manisa / Akhisar / Hürriyet Mah.,Akhisar
Akhisar Kethüda Mahallesi Lise Yakını Merkezi Konumda Satılık Müstakil Ev,https://www.hepsiemlak.com/manisa-akhisar-kethuda-satilik/mustakil-ev/94123-2768,"1.550.000
TL",2 + 1,67 m²,Manisa / Akhisar / Kethüda Mah.,Akhisar
Manisa Yunus Emre Muradiye • Satılık 2+1 Daireler • Su Deposu Yakını,https://www.hepsiemlak.com/manisa-yunusemre-muradiye-satilik/daire/95753-2041,"2.950.000
TL",2 + 0,95 m²,Manisa / Yunusemre / Muradiye Mah.,Yunusemre
Manisa  Şehzadeler  İbrahim Çelebi  Mahallesinde  3+1 Satılık Daire,https://www.hepsiemlak.com/manisa-sehzadeler-ibrahimcelebi-satilik/bina/95753-2101,"4.800.000
TL",3 + 1,130 m²,Manisa / Şehzadeler / İbrahimçelebi Mah.,Şehzadeler
Çobanisa merkez,https://www.hepsiemlak.com/manisa-sehzadeler-asagicobanisa-satilik/daire/161356-16,"2.450.000
TL",2 + 1,100 m²,Manisa / Şehzadeler / Aşağıçobanisa Mah.,Şehzadeler
Manisa Turgutlu Şehitler mahallesinde 2+1 satılık daire,https://www.hepsiemlak.com/manisa-turgutlu-yildirim-satilik/daire/154320-282,"3.850.000
TL",3 + 1,114 m²,Manisa / Turgutlu / Yıldırım Mah.,Turgutlu
Manisa Gülbahçe'De Müstakil Havuzlu 5+1 Satılık Villa,https://www.hepsiemlak.com/manisa-yunusemre-gulbahce-satilik/villa/160489-20,"22.000.000
TL",5 + 1,280 m²,Manisa / Yunusemre / Gülbahçe Mah.,Yunusemre
KALE EMLAK TAN ATATÜRK MAH. PARK ÖNÜ 145 m2 3+1 SATILIK DAİRE,https://www.hepsiemlak.com/manisa-akhisar-ataturk-satilik/daire/72050-861,"4.350.000
TL",3 + 1,145 m²,Manisa / Akhisar / Atatürk Mah.,Akhisar
DOMBAYLI MAH. SATILIK MÜSTAKİL KÖY EVİ,https://www.hepsiemlak.com/manisa-salihli-dombayli-satilik/mustakil-ev/114169-28,"2.150.000
TL",2 + 1,614 m²,Manisa / Salihli / Dombaylı Mah.,Salihli
Manisa Alaybey Mah. Satılık 3+1 Dublex Daire 170m²,https://www.hepsiemlak.com/manisa-sehzadeler-alaybey-satilik/daire/155351-77,"5.750.000
TL",3 + 1,170 m²,Manisa / Şehzadeler / Alaybey Mah.,Şehzadeler
Ana cadde üzeri 3+1 - 130 m² full özellikli harika daire,https://www.hepsiemlak.com/manisa-saruhanli-cumhuriyet-satilik/daire/137495-178,"3.600.000
TL",3 + 1,140 m²,Manisa / Saruhanlı / Cumhuriyet Mah.,Saruhanlı
acil satılık bakımlı daire kat 2 teraslı İstiklal Mahallesi,https://www.hepsiemlak.com/manisa-turgutlu-istiklal-satilik/daire/154992-33,"2.250.000
TL",2 + 1,105 m²,Manisa / Turgutlu / İstiklal Mah.,Turgutlu
SALİHLİ STİL EMLAKTAN SATILIK 190 M2 3+1 LUX DAİRE MASAL ORMANI CİVARI,https://www.hepsiemlak.com/manisa-salihli-kurtulus-satilik/daire/153067-70,"7.750.000
TL",3 + 1,190 m²,Manisa / Salihli / Kurtuluş Mah.,Salihli
YARHASANLAR MAH MEVKİ YERDE SATILIK 1+1 KAPALI MUTFAK BAHÇELİ DAİRE,https://www.hepsiemlak.com/manisa-sehzadeler-yarhasanlar-satilik/daire/70124-3983,"2.750.000
TL",1 + 1,55 m²,Manisa / Şehzadeler / Yarhasanlar Mah.,Şehzadeler
EMİR GRUP'TAN MURADİYE'DE 1+1 ULTRA LÜX SIFIR ARAKAT DAİRE,https://www.hepsiemlak.com/manisa-yunusemre-muradiye-satilik/daire/163565-73,"2.950.000
TL",1 + 1,55 m²,Manisa / Yunusemre / Muradiye Mah.,Yunusemre
DEMA EMLAKTAN KUPON DUBLEX,https://www.hepsiemlak.com/manisa-salihli-kurtulus-satilik/daire/152193-67,"5.900.000
TL",3 + 1,200 m²,Manisa / Salihli / Kurtuluş Mah.,Salihli
KARAKÖYDE ÖNÜ AÇIK TADILATLI 3+1 DAİRE,https://www.hepsiemlak.com/manisa-yunusemre-topcuasim-satilik/daire/158110-239,"5.100.000
TL",3 + 1,120 m²,Manisa / Yunusemre / Topçuasım Mah.,Yunusemre
Manisa Şehzadeler Peker Mahallesinde 3+1 Satılık Daire,https://www.hepsiemlak.com/manisa-sehzadeler-peker-satilik/daire/95753-2096,"3.950.000
TL",3 + 1,130 m²,Manisa / Şehzadeler / Peker Mah.,Şehzadeler
SARIGÖL BAĞLICA KÖY İÇİNDE SATILIK MUSTAKİL EV VE BAHÇE HİSESİ,https://www.hepsiemlak.com/manisa-sarigol-baglica-satilik/mustakil-ev/43406-570,"340.000
TL",2 + 1,300 m²,Manisa / Sarıgöl / Bağlıca Mah.,Sarıgöl
TURPA'DAN CUMHURİYET MH. SATILIK FIRSAT 7 YILLIK LÜKS 2+1 DAİRE,https://www.hepsiemlak.com/manisa-turgutlu-cumhuriyet-satilik/daire/144722-266,"3.500.000
TL",2 + 1,100 m²,Manisa / Turgutlu / Cumhuriyet Mah.,Turgutlu
YK GROUP'TAN MURADİYE'DE SATILIK 2+1 AÇIK MUTFAK,https://www.hepsiemlak.com/manisa-yunusemre-muradiye-satilik/daire/153592-33,"2.850.000
TL",2 + 1,95 m²,Manisa / Yunusemre / Muradiye Mah.,Yunusemre
Manisa Şehzadeler 1. Anafartalar Mh. Merkezi Konumda Lux 3+1 Arakat Satılık,https://www.hepsiemlak.com/manisa-sehzadeler-1-anafartalar-satilik/daire/95753-1927,"3.590.000
TL",3 + 1,105 m²,Manisa / Şehzadeler / 1. Anafartalar Mah.,Şehzadeler
Çift Girişe Uygun 5+1 Dubleks,https://www.hepsiemlak.com/manisa-yunusemre-muradiye-satilik/daire/152909-27,"4.750.000
TL",5 + 1,250 m²,Manisa / Yunusemre / Muradiye Mah.,Yunusemre
Turgutlu Turgutlar Mh 2+1 Sıfır Satılık Daire,https://www.hepsiemlak.com/manisa-turgutlu-yeni-satilik/daire/123058-2090,"3.150.000
TL",2 + 1,95 m²,Manisa / Turgutlu / Yeni Mah.,Turgutlu
TURGUTLU PRESTİJ EVLERİNDE 3+1 ARAKAT HAVUZ CEPHELİ SATILIK,https://www.hepsiemlak.com/manisa-turgutlu-selvilitepe-satilik/daire/123058-2091,"4.650.000
TL",3 + 1,152 m²,Manisa / Turgutlu / Selvilitepe Mah.,Turgutlu
M&Ş Gayrumenkulden satılık dublex daire,https://www.hepsiemlak.com/manisa-salihli-karaagac-satilik/daire/139585-161,"4.400.000
TL",4 + 1,210 m²,Manisa / Salihli / Karaağaç Mah.,Salihli
CUMHURİYET MAHALLESİ TÜRKMEN YOLU ÜZERİNDE SIFIR DAİRE!,https://www.hepsiemlak.com/manisa-turgutlu-cumhuriyet-satilik/daire/160048-8,"4.500.000
TL",3 + 1,127 m²,Manisa / Turgutlu / Cumhuriyet Mah.,Turgutlu
"ARI EMLAK'TAN ÇARŞI MERKEZİNDE, ASANSÖRLÜ, DOĞALGAZLI, 145 m2, 3+1, CADDE ÜZERİNDE, FERAH DAİRE",https://www.hepsiemlak.com/manisa-turgutlu-yilmazlar-satilik/daire/155616-31,"4.500.000
TL",3 + 1,155 m²,Manisa / Turgutlu / Yılmazlar Mah.,Turgutlu
CUMHURİYET MAH. ÇAĞLAK PARKI KARŞISI 3+1 SATILIK DUBLEKS DAİRE,https://www.hepsiemlak.com/manisa-akhisar-cumhuriyet-satilik/daire/94123-2609,"3.850.000
TL",4 + 1,200 m²,Manisa / Akhisar / Cumhuriyet Mah.,Akhisar
Manisa Yunus Emre Muradiye 3+1 Vadeli Daire • 8 Aya Teslim • Su Deposu Yakını,https://www.hepsiemlak.com/manisa-yunusemre-muradiye-satilik/daire/95753-2046,"3.500.000
TL",3 + 0,110 m²,Manisa / Yunusemre / Muradiye Mah.,Yunusemre
Atatürk MH satılık daire,https://www.hepsiemlak.com/manisa-akhisar-ataturk-satilik/daire/124874-249,"4.750.000
TL",2 + 1,105 m²,Manisa / Akhisar / Atatürk Mah.,Akhisar
MANİSA ŞEHZADELER 2.ANAFARTALAR MAH SATILIK 3+1 FULLÜKS BAHÇELİ YÜKSEK ZEMİN,https://www.hepsiemlak.com/manisa-sehzadeler-2-anafartalar-satilik/daire/147260-31,"4.450.000
TL",3 + 1,130 m²,Manisa / Şehzadeler / 2. Anafartalar Mah.,Şehzadeler
Manisa Güzelyurt Mh. 3+1 Kapalı Mutfak Asansörlü Boş Kullanıma Hazır Ara Kat Satılık Daire,https://www.hepsiemlak.com/manisa-yunusemre-guzelyurt-satilik/daire/95753-2055,"6.875.000
TL",3 + 1,135 m²,Manisa / Yunusemre / Güzelyurt Mah.,Yunusemre
EPA Rüzgar Gayrimenkul’den Muradiye’de Satılık 3+1 Kapalı Mutfak Daire ⭕️,https://www.hepsiemlak.com/manisa-yunusemre-muradiye-satilik/daire/95753-1934,"3.950.000
TL",3 + 1,130 m²,Manisa / Yunusemre / Muradiye Mah.,Yunusemre
AKMESCİT MAHALLESİNDE 3 YAŞINDA SATILIK DUBLEKS DAİRE,https://www.hepsiemlak.com/manisa-yunusemre-akmescit-satilik/daire/94966-602,"5.250.000
TL",4 + 1,245 m²,Manisa / Yunusemre / Akmescit Mah.,Yunusemre
AKHİSAR RAGIPBEY FAHRİ SERTEL EMLAKTAN SATLIK 2+1 DAİRE,https://www.hepsiemlak.com/manisa-akhisar-ragip-bey-satilik/daire/144740-241,"1.685.000
TL",2 + 1,90 m²,Manisa / Akhisar / Ragıp Bey Mah.,Akhisar
PLUS+ GAYRİMENKUL FARKIYLA BAYRAM YERİNDE KÖŞE KONUM DAİRE,https://www.hepsiemlak.com/manisa-turgutlu-kurtulus-satilik/daire/154320-232,"2.850.000
TL",3 + 1,135 m²,Manisa / Turgutlu / Kurtuluş Mah.,Turgutlu
ARAS YAPI'DAN CADDE'DE RAİNBOW YAPI 2+1 K.MUTFAK SATILIK DAİRE,https://www.hepsiemlak.com/manisa-yunusemre-muradiye-satilik/daire/159142-56,"3.650.000
TL",2 + 1,90 m²,Manisa / Yunusemre / Muradiye Mah.,Yunusemre
TOPÇUASIM MAHALLESİNDE ARAKAT SATILIK 3+1 DAİRE,https://www.hepsiemlak.com/manisa-yunusemre-topcuasim-satilik/daire/162376-24,"4.350.000
TL",3 + 1,135 m²,Manisa / Yunusemre / Topçuasım Mah.,Yunusemre
SİNAN EMLAK'TAN ALTAY MEYDANI YAKINI ARA KAT DAİRE,https://www.hepsiemlak.com/manisa-turgutlu-sehitler-satilik/daire/159995-59,"2.650.000
TL",3 + 1,125 m²,Manisa / Turgutlu / Şehitler Mah.,Turgutlu
ALAŞEHİR SEVGİYOLU YANI KONUMU GÜZEL DAİRE,https://www.hepsiemlak.com/manisa-alasehir-sakarya-satilik/daire/117872-1193,"2.195.000
TL",2 + 1,110 m²,Manisa / Alaşehir / Sakarya Mah.,Alaşehir
MERCAN EMLAK SARUHANLI CENGİZ TOPEL MAH. 2+1 AÇIK MUTFAK YÜKSEK ZEMİN. SATILIKTIR,https://www.hepsiemlak.com/manisa-saruhanli-cengiz-topel-satilik/daire/106564-477,"2.550.000
TL",2 + 1,70 m²,Manisa / Saruhanlı / Cengiz Topel Mah.,Saruhanlı
İdris emlaktan Manisa muradiyeden satılık daire,https://www.hepsiemlak.com/manisa-yunusemre-muradiye-satilik/daire/22991-769,"3.300.000
TL",2 + 1,100 m²,Manisa / Yunusemre / Muradiye Mah.,Yunusemre
EVREN GAYRİMENKULDEN ACARLAR MAHALLESİNDE SATILIK 3+1 LÜKS DAİRE,https://www.hepsiemlak.com/manisa-turgutlu-acarlar-satilik/daire/163190-6,"3.500.000
TL",2 + 1,110 m²,Manisa / Turgutlu / Acarlar Mah.,Turgutlu
3+1 FERAHLIĞINDA 2+1 ARAYANLARA MEVLANA CAMİİ YANINDA DAİRE,https://www.hepsiemlak.com/manisa-salihli-zafer-satilik/daire/114169-14,"3.800.000
TL",2 + 1,110 m²,Manisa / Salihli / Zafer Mah.,Salihli
SALİHLİ SATILIK 3+1 AÇIK MUTFAK SIFIR DAİRE MEVLANA CAMİİ CİVARI,https://www.hepsiemlak.com/manisa-salihli-zafer-satilik/daire/153067-36,"3.425.000
TL",3 + 1,120 m²,Manisa / Salihli / Zafer Mah.,Salihli
"Ulucami Mah. Ring Yolu Cepheli, Köşe Konumlu 3+1 Satılık Daire.",https://www.hepsiemlak.com/manisa-akhisar-ulu-camii-satilik/daire/94123-2747,"3.850.000
TL",3 + 1,125 m²,Manisa / Akhisar / Ulu Camii Mah.,Akhisar
AKHİSAR ÇINARLIKAPI YAKINI BİREYSEL OTOPARKLI 3+1 DAİRE,https://www.hepsiemlak.com/manisa-akhisar-efendi-satilik/daire/94123-2670,"3.500.000
TL",3 + 1,130 m²,Manisa / Akhisar / Efendi Mah.,Akhisar
SALİHLİ CİN EMLAK'TAN DURASILLI MAH SATILIK MÜSTAKİL EV,https://www.hepsiemlak.com/manisa-salihli-durasilli-satilik/mustakil-ev/37897-2051,"7.000.000
TL",3 + 1,120 m²,Manisa / Salihli / Durasıllı Mah.,Salihli
MANİSA SALİHLİ DEVLET HASTANESİ ARKASI  SATILIK DAİRE,https://www.hepsiemlak.com/manisa-salihli-saglik-satilik/daire/138755-97,"5.700.000
TL",3 + 1,135 m²,Manisa / Salihli / Sağlık Mah.,Salihli
Satılık Muradiye Cadde Üzeri 3+1 130 m2 Daire,https://www.hepsiemlak.com/manisa-yunusemre-muradiye-satilik/daire/95753-2047,"4.600.000
TL",3 + 1,140 m²,Manisa / Yunusemre / Muradiye Mah.,Yunusemre
FİLO GAYRİMENKULDEN SATILIK FULL EŞYALI DAİRE,https://www.hepsiemlak.com/manisa-alasehir-kurtulus-satilik/daire/160709-14,"2.100.000
TL",1 + 1,58 m²,Manisa / Alaşehir / Kurtuluş Mah.,Alaşehir
PLUS+ GAYRİMENKUL FARKIYLA GARDALYA'DA HARİKA KONUMDA DAİRE,https://www.hepsiemlak.com/manisa-turgutlu-cumhuriyet-satilik/daire/154320-245,"3.750.000
TL",3 + 1,135 m²,Manisa / Turgutlu / Cumhuriyet Mah.,Turgutlu
MERGENDEN MÜKEMMEL KONUMDA SATILIK 140m2 3+1 DAİRE,https://www.hepsiemlak.com/manisa-akhisar-ataturk-satilik/daire/160594-46,"4.550.000
TL",3 + 1,140 m²,Manisa / Akhisar / Atatürk Mah.,Akhisar
3 ADAM EMLAK'TAN ULUCAMİ MH SATILIK 3+1 DAİRE,https://www.hepsiemlak.com/manisa-akhisar-ulu-camii-satilik/daire/143910-131,"4.100.000
TL",3 + 1,132 m²,Manisa / Akhisar / Ulu Camii Mah.,Akhisar
ERGENEKON'DA SATILIK 150M2 3+1 DAİRE,https://www.hepsiemlak.com/manisa-turgutlu-ergenekon-satilik/daire/52577-369,"6.000.000
TL",3 + 1,150 m²,Manisa / Turgutlu / Ergenekon Mah.,Turgutlu
Akhisar Efendi Mahallesi'nde 2+1 Satılık Daire,https://www.hepsiemlak.com/manisa-akhisar-efendi-satilik/daire/94137-1331,"2.950.000
TL",2 + 1,95 m²,Manisa / Akhisar / Efendi Mah.,Akhisar
ERGENEKON'DA KAÇMAZ FIRSAT 2+1 DAİRE,https://www.hepsiemlak.com/manisa-turgutlu-ergenekon-satilik/daire/52577-371,"3.490.000
TL",2 + 1,100 m²,Manisa / Turgutlu / Ergenekon Mah.,Turgutlu
MANİSA YUNUSEMRE TEVFİKİYE MAHALLESİ SATILIK ARAKAT,https://www.hepsiemlak.com/manisa-yunusemre-tevfikiye-satilik/daire/162290-3,"4.150.000
TL",3 + 1,130 m²,Manisa / Yunusemre / Tevfikiye Mah.,Yunusemre
FIRSAT ! TURPA'DAN SUBAŞI MH.  SATILIK LÜKS KAT DUBLEKSİ,https://www.hepsiemlak.com/manisa-turgutlu-subasi-satilik/daire/144722-236,"4.750.000
TL",3 + 1,180 m²,Manisa / Turgutlu / Subaşı Mah.,Turgutlu
ÖZYURTLAR'DAN AKINCILAR'DA FULL LÜX ARA KAT DAİRE,https://www.hepsiemlak.com/manisa-sehzadeler-akincilar-satilik/daire/162860-36,"3.875.000
TL",3 + 1,115 m²,Manisa / Şehzadeler / Akıncılar Mah.,Şehzadeler
PLUS+ GAYRİMENKUL'den ANAFARTALAR'da Zemin Üstü - 4+1 - 180m2,https://www.hepsiemlak.com/manisa-turgutlu-cumhuriyet-satilik/daire/154320-191,"5.400.000
TL",4 + 1,200 m²,Manisa / Turgutlu / Cumhuriyet Mah.,Turgutlu
Manisa Şehzadeler 2. Anafartalar Mah. 3+1 Asansörlü Ara Kat,https://www.hepsiemlak.com/manisa-sehzadeler-2-anafartalar-satilik/daire/95753-2077,"5.450.000
TL",3 + 1,127 m²,Manisa / Şehzadeler / 2. Anafartalar Mah.,Şehzadeler
MÜSTAKİL GİBİ 3+1 DAİRE,https://www.hepsiemlak.com/manisa-soma-onuc-eylul-satilik/daire/691819-906,"3.875.000
TL",3 + 1,135 m²,Manisa / Soma / Onüç Eylül Mah.,Soma
EMİR GRUP'TAN MURADİYE'DE SATILIK ULTRA LÜX ARAKAT DAİRE,https://www.hepsiemlak.com/manisa-yunusemre-muradiye-satilik/daire/163565-8,"3.900.000
TL",2 + 1,85 m²,Manisa / Yunusemre / Muradiye Mah.,Yunusemre
KURTULUŞ'DA ADLİYE'YE YAKIN KONUMDA TEMİZ DAİRE FIRSATI!,https://www.hepsiemlak.com/manisa-turgutlu-kurtulus-satilik/daire/164247-66,"3.500.000
TL",3 + 1,125 m²,Manisa / Turgutlu / Kurtuluş Mah.,Turgutlu
EVONA GAYRİMENKULDEN SİTE İÇERİSİNDE BAHÇE KATI 2+1 DAİRE,https://www.hepsiemlak.com/manisa-yunusemre-muradiye-satilik/daire/163068-12,"5.750.000
TL",2 + 1,80 m²,Manisa / Yunusemre / Muradiye Mah.,Yunusemre
MANİSA SALİHLİ(KİPA) LUNA  AVM  CİVARINDA SATILIK 5.KAT 3+1 DAİRE,https://www.hepsiemlak.com/manisa-salihli-sehitler-satilik/daire/138755-305,"4.150.000
TL",3 + 1,135 m²,Manisa / Salihli / Şehitler Mah.,Salihli
EMRAH EMLAKTAN ATATÜRK MAH SATILIK DAİRE,https://www.hepsiemlak.com/manisa-akhisar-ataturk-satilik/daire/141484-20,"3.900.000
TL",2 + 1,105 m²,Manisa / Akhisar / Atatürk Mah.,Akhisar
ESLİFE'DAN ACARLAR MAH. 3+1 ARAKAT DAİRE,https://www.hepsiemlak.com/manisa-turgutlu-acarlar-satilik/daire/136231-34,"4.600.000
TL",3 + 1,135 m²,Manisa / Turgutlu / Acarlar Mah.,Turgutlu
Cumhuriyet Mahallesinde Satılık Daire,https://www.hepsiemlak.com/manisa-turgutlu-cumhuriyet-satilik/daire/160048-64,"3.950.000
TL",2 + 1,115 m²,Manisa / Turgutlu / Cumhuriyet Mah.,Turgutlu
LİDYA GARDEN CİTY'DE HAVUZLU LÜX SİTE İÇİNDE,https://www.hepsiemlak.com/manisa-turgutlu-irlamaz-satilik/daire/140379-21,"4.100.000
TL",2 + 1,102 m²,Manisa / Turgutlu / Irlamaz Mah.,Turgutlu
SALİHLİ YÖRÜKDE SATILIK 3+1 DAİRE123456,https://www.hepsiemlak.com/manisa-salihli-yoruk-satilik/daire/104662-630,"6.500.000
TL",3 + 1,175 m²,Manisa / Salihli / Yörük Mah.,Salihli
MANİSA MURADİYE MAH. CUMHURİYET OKULU CİVARINDA 2+1 SATILIK,https://www.hepsiemlak.com/manisa-yunusemre-muradiye-satilik/daire/150932-40,"3.700.000
TL",2 + 1,95 m²,Manisa / Yunusemre / Muradiye Mah.,Yunusemre
Manisa salihli M&Ş Gayrumenkulden satılık ultra lüks dairemiz satılıktır.,https://www.hepsiemlak.com/manisa-salihli-gunes-satilik/daire/139585-96,"5.500.000
TL",3 + 1,160 m²,Manisa / Salihli / Güneş Mah.,Salihli
176 M2 DUBLEKS DAİRE YIL SONU FIRSATI İLE SUBAŞI MAHALLESİNDE,https://www.hepsiemlak.com/manisa-turgutlu-subasi-satilik/daire/156788-223,"4.450.000
TL",4 + 1,200 m²,Manisa / Turgutlu / Subaşı Mah.,Turgutlu
TURGUTLU'DA SATILIK LÜKS DAİRELER,https://www.hepsiemlak.com/manisa-turgutlu-ergenekon-satilik/daire/141766-35,"5.600.000
TL",3 + 1,134 m²,Manisa / Turgutlu / Ergenekon Mah.,Turgutlu
Manisa Şehzadeler Peker Mah. Fırsat 3+1 Arakat Çift Balkonlu,https://www.hepsiemlak.com/manisa-sehzadeler-peker-satilik/daire/95753-2057,"4.700.000
TL",3 + 1,125 m²,Manisa / Şehzadeler / Peker Mah.,Şehzadeler
MANİSA MURADİYE SIFIR 2+1 ÖNÜ AÇIK SATILIK DAİRE,https://www.hepsiemlak.com/manisa-yunusemre-muradiye-satilik/daire/150932-47,"3.500.000
TL",2 + 1,95 m²,Manisa / Yunusemre / Muradiye Mah.,Yunusemre
EMİR GRUP'TAN SATILIK 5+2 ASANSÖRLÜ ÇİFT GİRİŞLİ DUBLEKS,https://www.hepsiemlak.com/manisa-yunusemre-muradiye-satilik/daire/163565-60,"5.250.000
TL",5 + 1,280 m²,Manisa / Yunusemre / Muradiye Mah.,Yunusemre
NOVA'DAN ERGENEKON'DA SATILIK 3+1 ARAKAT SIFIR DAİRE,https://www.hepsiemlak.com/manisa-turgutlu-ergenekon-satilik/daire/123058-1845,"4.750.000
TL",3 + 1,130 m²,Manisa / Turgutlu / Ergenekon Mah.,Turgutlu
şehitler Mh'de ferah bakımlı daire,https://www.hepsiemlak.com/manisa-turgutlu-sehitler-satilik/daire/160048-94,"3.490.000
TL",3 + 1,130 m²,Manisa / Turgutlu / Şehitler Mah.,Turgutlu
TURPA'DAN CUMHURİYET MH. SATILIK FIRSAT 3+1-155 M2 SATILIK DAİRE,https://www.hepsiemlak.com/manisa-turgutlu-cumhuriyet-satilik/daire/144722-272,"4.500.000
TL",3 + 1,155 m²,Manisa / Turgutlu / Cumhuriyet Mah.,Turgutlu
ÖZ DOST EMLAKTAN MURADİYEDE SATILIK 5+1 DUBLEX,https://www.hepsiemlak.com/manisa-yunusemre-muradiye-satilik/daire/137460-23,"5.000.000
TL",5 + 1,250 m²,Manisa / Yunusemre / Muradiye Mah.,Yunusemre
MANİSA YUNUSEMRE Kuyualan Mah. Kumludere Cad. Full Lüx Satılık Daire,https://www.hepsiemlak.com/manisa-yunusemre-kuyualan-satilik/daire/162290-7,"4.500.000
TL",3 + 1,130 m²,Manisa / Yunusemre / Kuyualan Mah.,Yunusemre
MANİSA KAYNAK MAHALLESİNDE SATILIK YÜKSEK ZEMİN DAİRE,https://www.hepsiemlak.com/manisa-yunusemre-kaynak-satilik/daire/158110-234,"4.250.000
TL",2 + 1,95 m²,Manisa / Yunusemre / Kaynak Mah.,Yunusemre
14.000 TL KİRACILI 2.ANAFARTALAR MAH SATILIK 1+1 KAPALI MUTFAK DÜŞÜK ZEMİN,https://www.hepsiemlak.com/manisa-sehzadeler-2-anafartalar-satilik/daire/70124-3978,"2.550.000
TL",1 + 1,60 m²,Manisa / Şehzadeler / 2. Anafartalar Mah.,Şehzadeler
CBÜ Tokide 3+1 Kiracılı Yatırım fırsatı daire SATILIK,https://www.hepsiemlak.com/manisa-yunusemre-muradiye-satilik/daire/158110-201,"3.700.000
TL",3 + 1,130 m²,Manisa / Yunusemre / Muradiye Mah.,Yunusemre
Muradiye de okul karsısında satılık sıfır 2+1,https://www.hepsiemlak.com/manisa-yunusemre-muradiye-satilik/daire/163401-7,"3.050.000
TL",2 + 1,85 m²,Manisa / Yunusemre / Muradiye Mah.,Yunusemre
TREND LİFE Sitesi Müstakil Havuzlu Ultra Lüks Sıfır Villa,https://www.hepsiemlak.com/manisa-yunusemre-muradiye-satilik/villa/158110-7,"25.000.000
TL",8 + 1,550 m²,Manisa / Yunusemre / Muradiye Mah.,Yunusemre
SATILIK YAZLIK 2+1 EV,https://www.hepsiemlak.com/manisa-turgutlu-altay-satilik/yazlik/160009-14,"2.500.000
TL",2 + 1,75 m²,Manisa / Turgutlu / Altay Mah.,Turgutlu
Manisa Yunusemre Topçuasım Mh 3+1 Ara Kat Daire,https://www.hepsiemlak.com/manisa-yunusemre-topcuasim-satilik/daire/95753-2030,"4.350.000
TL",3 + 1,120 m²,Manisa / Yunusemre / Topçuasım Mah.,Yunusemre
DEDE EMLAK'TAN MURADİYE DE SATILIK DAİRE,https://www.hepsiemlak.com/manisa-yunusemre-muradiye-satilik/daire/163401-11,"2.900.000
TL",2 + 1,85 m²,Manisa / Yunusemre / Muradiye Mah.,Yunusemre
MURADİYE MH 3+1 KAP.MUTFAK 120M² 2.BALKON 6 YAŞ FULL LÜKS DAİRE,https://www.hepsiemlak.com/manisa-yunusemre-muradiye-satilik/daire/114523-373,"4.250.000
TL",3 + 1,135 m²,Manisa / Yunusemre / Muradiye Mah.,Yunusemre
ÖZYURTLAR'DAN KUYUALAN'DA FULL ÖZELLİKLİ LÜX 4+1,https://www.hepsiemlak.com/manisa-yunusemre-kuyualan-satilik/daire/162860-7,"6.700.000
TL",4 + 1,180 m²,Manisa / Yunusemre / Kuyualan Mah.,Yunusemre
ZEKİ EMLAK'TAN MURADİYE'DE EŞYALI SATILIK 1+1 ARA KAT DAİRE,https://www.hepsiemlak.com/manisa-yunusemre-muradiye-satilik/daire/156185-459,"2.650.000
TL",1 + 1,50 m²,Manisa / Yunusemre / Muradiye Mah.,Yunusemre
EMİR GRUP'TAN MURADİYE'DE SATILIK 2+1 90M² SIFIR ARAKAT DAİRE,https://www.hepsiemlak.com/manisa-yunusemre-muradiye-satilik/daire/163565-27,"3.900.000
TL",2 + 1,90 m²,Manisa / Yunusemre / Muradiye Mah.,Yunusemre
TokiNin en Güzel Yerinde 3 Cephe Önü Açık,https://www.hepsiemlak.com/manisa-yunusemre-akgedik-satilik/daire/152909-32,"4.970.000
TL",3 + 1,140 m²,Manisa / Yunusemre / Akgedik Mah.,Yunusemre
MERCAN EMLAK KAYNAK MAH. 4+1 DUBLEKS 280 m2  ASANSÖR LÜ DAİRE SATILIKTIR.,https://www.hepsiemlak.com/manisa-yunusemre-kaynak-satilik/daire/106564-436,"6.000.000
TL",4 + 1,280 m²,Manisa / Yunusemre / Kaynak Mah.,Yunusemre
MUSTAFA BAŞYİĞİT EMLAKTAN ATATÜRK MAH SATILIK GENİŞ 2+0,https://www.hepsiemlak.com/manisa-akhisar-ataturk-satilik/daire/162406-140,"2.550.000
TL",2 + 0,92 m²,Manisa / Akhisar / Atatürk Mah.,Akhisar
MANİSA ŞEHZADELER Zirve Emlak'tan Alaybey Mh Uygun Fiyata Full öz satılık Arakat,https://www.hepsiemlak.com/manisa-sehzadeler-alaybey-satilik/daire/162290-19,"2.950.000
TL",2 + 1,80 m²,Manisa / Şehzadeler / Alaybey Mah.,Şehzadeler
SALİHLİ CİN EMLAK'TAN AKSOY MAH SATILIK  EŞYALI 3+1 YÜKSEK ZEMİN DAİRE,https://www.hepsiemlak.com/manisa-salihli-aksoy-satilik/daire/37897-2538,"4.100.000
TL",3 + 1,140 m²,Manisa / Salihli / Aksoy Mah.,Salihli
MERGENDEN HÜRRİYETTE MERKEZİ KONUMDA ARAKAT 2+1 DAİRE,https://www.hepsiemlak.com/manisa-akhisar-hurriyet-satilik/daire/160594-37,"3.600.000
TL",2 + 1,90 m²,Manisa / Akhisar / Hürriyet Mah.,Akhisar
"Ursavaş Villalarında Emsalsiz Sıfır Lüks Villa – Havuz Cepheli, Mükemmel Konumda!",https://www.hepsiemlak.com/manisa-akhisar-resat-bey-satilik/villa/0-45486544,"14.950.000
TL",5 + 1,225 m²,Manisa / Akhisar / Reşat Bey Mah.,Akhisar
Turgutlu Ergenekon Mh. Yerden Isıtmalı 3+1 Sıfır Satılık,https://www.hepsiemlak.com/manisa-turgutlu-ergenekon-satilik/daire/123058-1840,"4.500.000
TL",3 + 1,130 m²,Manisa / Turgutlu / Ergenekon Mah.,Turgutlu
SALİHLİ CİN EMLAKTAN YÖRÜKMAHALLESİNDE 3 NCÜ KAT 3+1 DOGALGAZLI ASANSÖRLÜ SATILIK DAİRE,https://www.hepsiemlak.com/manisa-salihli-yoruk-satilik/daire/37897-2526,"4.600.000
TL",3 + 1,145 m²,Manisa / Salihli / Yörük Mah.,Salihli
Altay Mahallesi satılık daire zeminden ısıtma 5 yıllık 130 M2,https://www.hepsiemlak.com/manisa-turgutlu-altay-satilik/daire/154992-6,"4.250.000
TL",3 + 1,130 m²,Manisa / Turgutlu / Altay Mah.,Turgutlu
SALİHLİ SATILIK 3+1 DOĞALGAZLI ASANSÖRLÜ DAİRE CUMHURİYET MAH,https://www.hepsiemlak.com/manisa-salihli-cumhuriyet-satilik/daire/153067-24,"3.500.000
TL",3 + 1,160 m²,Manisa / Salihli / Cumhuriyet Mah.,Salihli
ŞEHİTLER MAHALLESİ'NDE SATILIK 310M2 DUBLEKS,https://www.hepsiemlak.com/manisa-turgutlu-sehitler-satilik/daire/52577-380,"5.500.000
TL",5 + 1,310 m²,Manisa / Turgutlu / Şehitler Mah.,Turgutlu
ARAS YAPI'DAN MURADİYE'DE 4+2 ÇİFT GİRİŞE UYGUN SATILIK DUBLEX,https://www.hepsiemlak.com/manisa-yunusemre-muradiye-satilik/daire/159142-60,"4.740.000
TL",4 + 2,250 m²,Manisa / Yunusemre / Muradiye Mah.,Yunusemre
Manisa Şehzadeler İbrahim Çelebi MH 3+1 120 M2 Full Ara Kat,https://www.hepsiemlak.com/manisa-sehzadeler-ibrahimcelebi-satilik/daire/95753-2099,"4.800.000
TL",3 + 1,120 m²,Manisa / Şehzadeler / İbrahimçelebi Mah.,Şehzadeler
ÖZYURTLAR'DAN TOPÇUASIM MAHALLESİNDE FIRSAT DAİRE,https://www.hepsiemlak.com/manisa-yunusemre-topcuasim-satilik/daire/162860-37,"3.650.000
TL",3 + 1,100 m²,Manisa / Yunusemre / Topçuasım Mah.,Yunusemre
TURAN MH. MERKEZİ KONUM SATILIK 3+1 DAİRE,https://www.hepsiemlak.com/manisa-turgutlu-turan-satilik/daire/123058-2247,"3.600.000
TL",3 + 1,130 m²,Manisa / Turgutlu / Turan Mah.,Turgutlu
EMİR GRUP'TAN MURADİYE'DE İSTASYON CİV 3+1 SIFIR FULL LÜX DAİRE,https://www.hepsiemlak.com/manisa-yunusemre-muradiye-satilik/daire/163565-13,"3.500.000
TL",3 + 1,115 m²,Manisa / Yunusemre / Muradiye Mah.,Yunusemre
MANİSA YUNUSEMRE ZİRVE EMLAK'TAN TEVFİKİYE MH FULL LÜKS SATILIK ARAKAT DAİRE,https://www.hepsiemlak.com/manisa-yunusemre-tevfikiye-satilik/daire/162290-4,"4.150.000
TL",3 + 1,125 m²,Manisa / Yunusemre / Tevfikiye Mah.,Yunusemre
TAM NOKTA TURGUTLU'DAN MERKEZDE YATIRIMLIK SATILIK KOMPLE BİNA,https://www.hepsiemlak.com/manisa-turgutlu-turan-satilik/bina/156788-155,"21.000.000
TL",10 + 1,1.080 m²,Manisa / Turgutlu / Turan Mah.,Turgutlu
ARAS YAPI'DAN MURADİYE'DE CADDE DE 2+1 SATILIK SIFIR DAİRE,https://www.hepsiemlak.com/manisa-yunusemre-muradiye-satilik/daire/159142-74,"3.450.000
TL",2 + 1,95 m²,Manisa / Yunusemre / Muradiye Mah.,Yunusemre
acil satılık doğalgazlı daire 140m2 Yılmazlar mahallesi,https://www.hepsiemlak.com/manisa-turgutlu-yilmazlar-satilik/daire/154992-26,"2.500.000
TL",3 + 1,141 m²,Manisa / Turgutlu / Yılmazlar Mah.,Turgutlu
MURADİYEDE SÜPER KONUMDA 3+1 DAİRE,https://www.hepsiemlak.com/manisa-yunusemre-muradiye-satilik/daire/153592-35,"4.250.000
TL",3 + 1,125 m²,Manisa / Yunusemre / Muradiye Mah.,Yunusemre
Manisa Muradiye Satılık Ferah 3+1 Kapalı Mutfak 2. Kat Daire,https://www.hepsiemlak.com/manisa-yunusemre-muradiye-satilik/daire/95753-2085,"4.500.000
TL",3 + 1,125 m²,Manisa / Yunusemre / Muradiye Mah.,Yunusemre
EMRAH EMLAKTAN SATILIK DUBLEKS DAİRE,https://www.hepsiemlak.com/manisa-akhisar-efendi-satilik/daire/141484-9,"4.600.000
TL",5 + 1,230 m²,Manisa / Akhisar / Efendi Mah.,Akhisar
SALİHLİ CİN EMLAK'TAN ATATÜRK MAH SATILIK İKİ KATLI MÜSTAKİL EV,https://www.hepsiemlak.com/manisa-salihli-ataturk-satilik/mustakil-ev/37897-2534,"7.200.000
TL",2 + 1,116 m²,Manisa / Salihli / Atatürk Mah.,Salihli
SALİHLİ CİN EMLAK'TAN CUMHURİYET MAH BELEDİYE CAD ÜZERİNDE SATILIK 3+1 230 M2 DUBLEKS,https://www.hepsiemlak.com/manisa-salihli-cumhuriyet-satilik/daire/37897-2386,"3.600.000
TL",3 + 1,231 m²,Manisa / Salihli / Cumhuriyet Mah.,Salihli
SATILIK KIRVELİDE 3+1 135 M2 EBEVEYNLİ ÖZEL OTOPARKLI LÜKS DAİRE,https://www.hepsiemlak.com/manisa-salihli-poyraz-satilik/daire/150639-42,"6.200.000
TL",3 + 1,135 m²,Manisa / Salihli / Poyraz Mah.,Salihli
PLUS+ GAYRİMENKUL'DEN ERGENEKONDA 2+1 FIRSAT DAİRE,https://www.hepsiemlak.com/manisa-turgutlu-ergenekon-satilik/daire/154320-269,"4.200.000
TL",2 + 1,100 m²,Manisa / Turgutlu / Ergenekon Mah.,Turgutlu
EMİR GRUP'TAN MURADİYE'DE 2+1 ÇİFT CEPHELİ SIFIR DAİRE,https://www.hepsiemlak.com/manisa-yunusemre-muradiye-satilik/daire/163565-74,"4.100.000
TL",2 + 1,110 m²,Manisa / Yunusemre / Muradiye Mah.,Yunusemre
ÖZ DOST EMLAKTAN MURADİYEDE SATILIK 2+1 DAİRE,https://www.hepsiemlak.com/manisa-yunusemre-muradiye-satilik/daire/137460-78,"3.600.000
TL",2 + 1,85 m²,Manisa / Yunusemre / Muradiye Mah.,Yunusemre
EMİR GRUP'TAN MURADİYE'DE SATILIK 2+1 SIFIR FULL LÜX DAİRE,https://www.hepsiemlak.com/manisa-yunusemre-muradiye-satilik/daire/163565-5,"3.400.000
TL",2 + 1,100 m²,Manisa / Yunusemre / Muradiye Mah.,Yunusemre
Irlamaz Piknik Alanı Üzeri Satılık 3+1 Ferhat Daire,https://www.hepsiemlak.com/manisa-turgutlu-yeni-satilik/daire/160048-3,"3.950.000
TL",3 + 1,125 m²,Manisa / Turgutlu / Yeni Mah.,Turgutlu
TAM NOKTA TURGUTLU'DAN İNŞAATTAN SATILIK DAİRELER,https://www.hepsiemlak.com/manisa-turgutlu-acarlar-satilik/daire/156788-137,"4.000.000
TL",2 + 1,105 m²,Manisa / Turgutlu / Acarlar Mah.,Turgutlu
EMİR GRUP'TAN MURADİYE MAH. 3+1 FULL LÜKS ÖZELLİKLİ GENİŞ,https://www.hepsiemlak.com/manisa-yunusemre-muradiye-satilik/daire/163565-64,"4.100.000
TL",3 + 1,140 m²,Manisa / Yunusemre / Muradiye Mah.,Yunusemre
BEYAZ GAYRİMENKUL'DEN ALAYBEY MAH FIRSAT 3+1,https://www.hepsiemlak.com/manisa-sehzadeler-alaybey-satilik/daire/119915-534,"3.900.000
TL",3 + 1,140 m²,Manisa / Şehzadeler / Alaybey Mah.,Şehzadeler
evinburada gayrimenkul'den satılık daire,https://www.hepsiemlak.com/manisa-turgutlu-albayrak-satilik/daire/160048-38,"1.600.000
TL",2 + 1,75 m²,Manisa / Turgutlu / Albayrak Mah.,Turgutlu
MERGENDEN SEYİTAHMETTE SATILIK 3+1 135 m2 KAPALI OTOPARK,https://www.hepsiemlak.com/manisa-akhisar-seyit-ahmet-satilik/daire/160594-30,"3.250.000
TL",3 + 1,135 m²,Manisa / Akhisar / Seyit Ahmet Mah.,Akhisar
Manisa Şehzadeler Adakale Mah. Fırsat Sıfır 5+1 Dubleks Daire,https://www.hepsiemlak.com/manisa-sehzadeler-adakale-satilik/daire/95753-2067,"5.200.000
TL",5 + 1,195 m²,Manisa / Şehzadeler / Adakale Mah.,Şehzadeler
EMİR GRUP'TAN KARAALİ'DE 3+1 ULTRA LÜX ARAKAT SATILIK DAİRE,https://www.hepsiemlak.com/manisa-yunusemre-muradiye-satilik/daire/163565-65,"4.650.000
TL",3 + 1,140 m²,Manisa / Yunusemre / Muradiye Mah.,Yunusemre
EMİR GRUP'TAN MURADİYE'DE 2+1 FULL LÜX ÖNÜ AÇIK DAİRE,https://www.hepsiemlak.com/manisa-yunusemre-muradiye-satilik/daire/163565-41,"3.650.000
TL",2 + 1,105 m²,Manisa / Yunusemre / Muradiye Mah.,Yunusemre
NOVA'DAN SELVİLİTEPE MAHALLESİ'NDE SATILIK 2+1 ARAKAT DAİRE,https://www.hepsiemlak.com/manisa-turgutlu-selvilitepe-satilik/daire/123058-2161,"2.690.000
TL",2 + 1,90 m²,Manisa / Turgutlu / Selvilitepe Mah.,Turgutlu
SALİHLİ CİN EMLAK'TAN GÜNEŞ MAH SATILIK 2+1 100 M2 2 KAT DOĞALGAZLI DAİRE,https://www.hepsiemlak.com/manisa-salihli-gunes-satilik/daire/37897-2541,"3.300.000
TL",2 + 1,100 m²,Manisa / Salihli / Güneş Mah.,Salihli
Turgutlu Selvilitepe Mah. Mimar Sinan Cad. SATILIK 3+1 DAİRE,https://www.hepsiemlak.com/manisa-turgutlu-selvilitepe-satilik/daire/156738-57,"3.750.000
TL",3 + 1,120 m²,Manisa / Turgutlu / Selvilitepe Mah.,Turgutlu
KİRVEM EMLAK'TAN CENGİZ TOPEL'DE KÖŞE 3+1 DAİRE,https://www.hepsiemlak.com/manisa-saruhanli-cengiz-topel-satilik/daire/162496-5,"3.695.000
TL",3 + 1,120 m²,Manisa / Saruhanlı / Cengiz Topel Mah.,Saruhanlı
UNCUBOZKÖYDE PARK MANZARALI SATILIK DAİRE,https://www.hepsiemlak.com/manisa-yunusemre-uncubozkoy-satilik/daire/158110-240,"6.600.000
TL",3 + 1,158 m²,Manisa / Yunusemre / Uncubozköy Mah.,Yunusemre
Manisa'nın En Avantajlı Bölgesinde AVM Yanı 3+1 Daire,https://www.hepsiemlak.com/manisa-yunusemre-laleli-satilik/daire/154167-390,"8.600.000
TL",3 + 1,114 m²,Manisa / Yunusemre / Laleli Mah.,Yunusemre
FİT GAYRİMENKUL'DEN SATILIK KÖY EVİ BU FİYATA BÖYLESİ YOK!...,https://www.hepsiemlak.com/manisa-saruhanli-gozlet-satilik/mustakil-ev/163843-2,"2.750.000
TL",3 + 1,140 m²,Manisa / Saruhanlı / Gözlet Mah.,Saruhanlı
AYNI ALİ MAHALLESİ SATILIK 3+1 K.M DAİRE,https://www.hepsiemlak.com/manisa-yunusemre-ayni-ali-satilik/daire/162376-22,"3.950.000
TL",3 + 1,160 m²,Manisa / Yunusemre / Ayni Ali Mah.,Yunusemre
3 ADAM EMLAK'TAN EFENDİ MH RİNG YOLU ÜZERİ SATILIK 3+1 DAİRE,https://www.hepsiemlak.com/manisa-akhisar-efendi-satilik/daire/143910-114,"3.850.000
TL",3 + 1,140 m²,Manisa / Akhisar / Efendi Mah.,Akhisar
Akhisar Cumhuriyet Mahallesi'nde 2+1 Satılık Daire,https://www.hepsiemlak.com/manisa-akhisar-cumhuriyet-satilik/daire/94137-1365,"3.550.000
TL",2 + 1,96 m²,Manisa / Akhisar / Cumhuriyet Mah.,Akhisar
Efendi Mahallesinin En Güzel Dairesi Satılık!,https://www.hepsiemlak.com/manisa-akhisar-efendi-satilik/daire/162211-31,"6.500.000
TL",4 + 1,210 m²,Manisa / Akhisar / Efendi Mah.,Akhisar
EMİR GRUP'TAN MURADİYE'DE 2+1 SIFIR FULL LÜX FIRSAT DAİRE,https://www.hepsiemlak.com/manisa-yunusemre-muradiye-satilik/daire/163565-86,"3.850.000
TL",2 + 1,95 m²,Manisa / Yunusemre / Muradiye Mah.,Yunusemre
EMİR GRUP'TAN MURADİYE'DE 3+1 SİTE İÇERİSİNDE ARAKAT DAİRE,https://www.hepsiemlak.com/manisa-yunusemre-muradiye-satilik/daire/163565-31,"4.500.000
TL",3 + 1,145 m²,Manisa / Yunusemre / Muradiye Mah.,Yunusemre
ZEKİ EMLAK'TAN MURADİYE'DE 2+1 AÇIK MUTFAK SATILIK DAİRE,https://www.hepsiemlak.com/manisa-yunusemre-muradiye-satilik/daire/156185-324,"3.400.000
TL",2 + 1,83 m²,Manisa / Yunusemre / Muradiye Mah.,Yunusemre
PALMİYE EMLAKTAN Atatürk Mah. 250m2 Asansörlü 5+1 Dubleks Daire,https://www.hepsiemlak.com/manisa-akhisar-ataturk-satilik/daire/156444-26,"5.250.000
TL",5 + 1,250 m²,Manisa / Akhisar / Atatürk Mah.,Akhisar
Manisa Muradiye Mah. Su Deposu Civarı Satılık 3+1 Daire,https://www.hepsiemlak.com/manisa-yunusemre-muradiye-satilik/daire/95753-1929,"5.000.000
TL",3 + 1,145 m²,Manisa / Yunusemre / Muradiye Mah.,Yunusemre
23 NİSAN PARKI SATILIK ARAKAT 3+1 FULL TADİLATLI DAİRE,https://www.hepsiemlak.com/manisa-yunusemre-muradiye-satilik/daire/162376-31,"4.350.000
TL",3 + 1,130 m²,Manisa / Yunusemre / Muradiye Mah.,Yunusemre
AYNİ ALİ MAH ASANSÖRLÜ MASRAFSIZ MÜKEMMEL BİR DAİRE,https://www.hepsiemlak.com/manisa-yunusemre-ayni-ali-satilik/daire/162591-12,"3.890.000
TL",2 + 1,105 m²,Manisa / Yunusemre / Ayni Ali Mah.,Yunusemre
ÖZYURTLAR'DAN MURADİYE'DE FULL ÖZELLİKLİ ASANSÖRLÜ ARAKAT,https://www.hepsiemlak.com/manisa-yunusemre-muradiye-satilik/daire/162860-33,"3.200.000
TL",2 + 1,95 m²,Manisa / Yunusemre / Muradiye Mah.,Yunusemre
ÖZ DOST EMLAKTAN MURADİYEDE SATILIK 2+1 DAİRE,https://www.hepsiemlak.com/manisa-yunusemre-muradiye-satilik/daire/137460-89,"3.500.000
TL",2 + 1,80 m²,Manisa / Yunusemre / Muradiye Mah.,Yunusemre
NİLVEST'TEN MANİSA KÖPRÜBAŞI BORLU’DA SATILIK MÜSTAKİL EV VE ARSA,https://www.hepsiemlak.com/manisa-koprubasi-borlu-satilik/mustakil-ev/156663-46,"870.000
TL",2 + 2,188 m²,Manisa / Köprübaşı / Borlu Mah.,Koprubasi
ARAS YAPI'DAN MURADİYE'DE UYGUN FİYATLI GENİŞ 4+1 SATILIK DUBLEX,https://www.hepsiemlak.com/manisa-yunusemre-muradiye-satilik/daire/159142-32,"4.400.000
TL",4 + 1,180 m²,Manisa / Yunusemre / Muradiye Mah.,Yunusemre
ŞEHİTLER YOLU ÜZERİ'NDE SATILIK 135M2 DAİRE,https://www.hepsiemlak.com/manisa-turgutlu-sehitler-satilik/daire/52577-381,"2.500.000
TL",3 + 1,135 m²,Manisa / Turgutlu / Şehitler Mah.,Turgutlu
MURADİYE 23NİSAN PARKI YANI 3+1 150m2 ARAKAT MASRAFSIZ DAİRE,https://www.hepsiemlak.com/manisa-yunusemre-muradiye-satilik/daire/162376-36,"5.750.000
TL",3 + 1,150 m²,Manisa / Yunusemre / Muradiye Mah.,Yunusemre
ÖZYURTLAR'DAN KARAALİ VİLLALAR BÖLGESİ'NDE HAVUZLU 1+1,https://www.hepsiemlak.com/manisa-yunusemre-muradiye-satilik/daire/162860-16,"3.500.000
TL",1 + 1,60 m²,Manisa / Yunusemre / Muradiye Mah.,Yunusemre
ATLAS'TAN MERKEZİ KONUMDA OTOPARKLI ASANSÖRLÜ 3+1 SATILIK DAİRE,https://www.hepsiemlak.com/manisa-turgutlu-acarlar-satilik/daire/156738-71,"4.250.000
TL",3 + 1,130 m²,Manisa / Turgutlu / Acarlar Mah.,Turgutlu
MUSTAFA BAŞYİĞİT EMLAK'TAN CUMARTESİ PAZARI KÖŞESİ LÜKS 3+1,https://www.hepsiemlak.com/manisa-akhisar-pasa-satilik/daire/162406-12,"4.100.000
TL",3 + 1,140 m²,Manisa / Akhisar / Paşa Mah.,Akhisar
EVONA GAYRİMENKULDEN AKGEDİK 2+1 FIRSAT EV,https://www.hepsiemlak.com/manisa-yunusemre-akgedik-satilik/daire/163068-14,"3.950.000
TL",2 + 1,100 m²,Manisa / Yunusemre / Akgedik Mah.,Yunusemre
ÖZ DOST EMLAKTAN MURADİYEDE SATILIK 2+1 DAİRE,https://www.hepsiemlak.com/manisa-yunusemre-muradiye-satilik/daire/137460-67,"3.650.000
TL",2 + 1,85 m²,Manisa / Yunusemre / Muradiye Mah.,Yunusemre
ÖZ DOST EMLAKTAN MURADİYEDE SATILIK 2+1 DAİRE,https://www.hepsiemlak.com/manisa-yunusemre-muradiye-satilik/daire/137460-76,"3.500.000
TL",2 + 1,90 m²,Manisa / Yunusemre / Muradiye Mah.,Yunusemre
TAM NOKTA TURGUTLU'DAN İNŞAATTAN SATILIK DAİRELER,https://www.hepsiemlak.com/manisa-turgutlu-acarlar-satilik/daire/156788-192,"4.000.000
TL",2 + 1,105 m²,Manisa / Turgutlu / Acarlar Mah.,Turgutlu
ÖZ DOST EMLAKTAN MURADİYEDE SATILIK 1+1 DAİRE,https://www.hepsiemlak.com/manisa-yunusemre-muradiye-satilik/daire/137460-90,"2.800.000
TL",1 + 1,65 m²,Manisa / Yunusemre / Muradiye Mah.,Yunusemre
ERGENEKON MAHALLESİNDE KABA İNŞAATTAN SATILIK DAİRE,https://www.hepsiemlak.com/manisa-turgutlu-ergenekon-satilik/daire/156788-204,"6.800.000
TL",3 + 1,140 m²,Manisa / Turgutlu / Ergenekon Mah.,Turgutlu
KALENDER EMLAK'TAN ŞEHİTLER MH. SATILIK DAİRE,https://www.hepsiemlak.com/manisa-turgutlu-sehitler-satilik/daire/162001-7,"2.350.000
TL",3 + 1,130 m²,Manisa / Turgutlu / Şehitler Mah.,Turgutlu
PLUS+ GAYRİMENKUL FARKIYLA CUMHURİYET MAHALLESİNDE HARİKA DAİRE,https://www.hepsiemlak.com/manisa-turgutlu-cumhuriyet-satilik/daire/154320-207,"5.500.000
TL",3 + 1,155 m²,Manisa / Turgutlu / Cumhuriyet Mah.,Turgutlu
Sancaklı Bozköy TOKİ de Mükemmel Konumda 2+1 Satılık,https://www.hepsiemlak.com/manisa-sehzadeler-sancaklibozkoy-satilik/daire/158110-178,"2.850.000
TL",2 + 1,87 m²,Manisa / Şehzadeler / Sancaklıbozköy Mah.,Şehzadeler
ACARLARDA SATILIK DAİRE,https://www.hepsiemlak.com/manisa-turgutlu-acarlar-satilik/daire/126164-290,"2.000.000
TL",2 + 1,115 m²,Manisa / Turgutlu / Acarlar Mah.,Turgutlu
EMİR GRUP'TAN SİTE İÇİNDE SIFIR FULL LÜX 2+1 SATILIK DAİRE,https://www.hepsiemlak.com/manisa-yunusemre-muradiye-satilik/daire/163565-57,"4.000.000
TL",2 + 1,95 m²,Manisa / Yunusemre / Muradiye Mah.,Yunusemre
MURADİYEDE 2+1 AÇIK MUTFAKLI SATILIK DAİRE,https://www.hepsiemlak.com/manisa-yunusemre-muradiye-satilik/daire/94966-776,"3.450.000
TL",2 + 1,85 m²,Manisa / Yunusemre / Muradiye Mah.,Yunusemre
TURYAP CENTERDAN MANİSA ÇARŞI MERKEZDE 3+1 DAİRE,https://www.hepsiemlak.com/manisa-sehzadeler-1-anafartalar-satilik/daire/158110-244,"5.700.000
TL",3 + 1,140 m²,Manisa / Şehzadeler / 1. Anafartalar Mah.,Şehzadeler
MURADİYE'DE SIFIR ARAKAT SATILIK 2+1 A. MUTFAK DAİRE,https://www.hepsiemlak.com/manisa-yunusemre-muradiye-satilik/daire/162376-33,"3.850.000
TL",3 + 1,100 m²,Manisa / Yunusemre / Muradiye Mah.,Yunusemre
ÖZ DOST EMLAKTAN MURADİYEDE SATILIK 3+1 DUBLEKS,https://www.hepsiemlak.com/manisa-yunusemre-muradiye-satilik/daire/137460-68,"5.150.000
TL",3 + 1,150 m²,Manisa / Yunusemre / Muradiye Mah.,Yunusemre
ULUCAMİ MAHALLESİ YENİ GARAJ YAKINI SATILIK 3+1 SIFIR DAİRE.,https://www.hepsiemlak.com/manisa-akhisar-ulu-camii-satilik/daire/94123-2687,"4.000.000
TL",3 + 1,125 m²,Manisa / Akhisar / Ulu Camii Mah.,Akhisar
Manisa Yunusemre Merkezefendi Mah. Lüks 3+1 Asansörlü Arakat,https://www.hepsiemlak.com/manisa-yunusemre-merkez-efendi-satilik/daire/95753-1651,"3.800.000
TL",3 + 1,115 m²,Manisa / Yunusemre / Merkez Efendi Mah.,Yunusemre
MERKEZEFENDİ MAH. FULL TADİLATLI ARAKAT SATILIK 3+1 DAİRE,https://www.hepsiemlak.com/manisa-yunusemre-merkez-efendi-satilik/daire/162376-17,"4.275.000
TL",3 + 1,130 m²,Manisa / Yunusemre / Merkez Efendi Mah.,Yunusemre
AKMAN GAYRİMENKULDEN MURADİYE MAH.2+1KAPALI MUTFAK SATILIK DAİRE,https://www.hepsiemlak.com/manisa-yunusemre-muradiye-satilik/daire/113243-7,"3.350.000
TL",2 + 1,90 m²,Manisa / Yunusemre / Muradiye Mah.,Yunusemre
ERSOY'DAN KARALİ'DE 3+1 K.MUTFAK FUL ÖZELLİKLİ 10 YAŞINDA ARAKAT,https://www.hepsiemlak.com/manisa-yunusemre-muradiye-satilik/daire/114523-378,"4.150.000
TL",3 + 1,120 m²,Manisa / Yunusemre / Muradiye Mah.,Yunusemre
EMİR GRUP'TAN MURADİYE'DE SATILIK 2+1 FULL LÜX SIFIR DAİRE,https://www.hepsiemlak.com/manisa-yunusemre-muradiye-satilik/daire/163565-103,"3.450.000
TL",2 + 1,95 m²,Manisa / Yunusemre / Muradiye Mah.,Yunusemre
SALİHLİ CİN EMLAK'TAN CUMHURİYET MAH SATILIK 3+1 DOĞALGAZLI DAİRE,https://www.hepsiemlak.com/manisa-salihli-cumhuriyet-satilik/daire/37897-2156,"6.000.000
TL",3 + 1,140 m²,Manisa / Salihli / Cumhuriyet Mah.,Salihli
ÖZ DOST EMLAKTAN MURADİYEDE SATILIK 2+1 DAİRE,https://www.hepsiemlak.com/manisa-yunusemre-muradiye-satilik/daire/137460-54,"3.850.000
TL",2 + 1,85 m²,Manisa / Yunusemre / Muradiye Mah.,Yunusemre
Yeni Mahalle Satılık Daire,https://www.hepsiemlak.com/manisa-turgutlu-yeni-satilik/daire/160048-9,"5.250.000
TL",3 + 1,150 m²,Manisa / Turgutlu / Yeni Mah.,Turgutlu
Yıldırım Mh cadde üstünde geniş ferah daire,https://www.hepsiemlak.com/manisa-turgutlu-ataturk-satilik/daire/160048-92,"4.300.000
TL",3 + 1,157 m²,Manisa / Turgutlu / Atatürk Mah.,Turgutlu
ACARLAR MH 3+1 130 m2 ASANSÖRLÜ DOĞALGAZLI OTOPARKLI FERAH DAİRE,https://www.hepsiemlak.com/manisa-turgutlu-acarlar-satilik/daire/123058-2245,"4.000.000
TL",3 + 1,130 m²,Manisa / Turgutlu / Acarlar Mah.,Turgutlu
EMİR GRUP'TAN MURADİYE'DE SATILIK 2+1 SIFIR FUL LÜX ARAKAT DAİRE,https://www.hepsiemlak.com/manisa-yunusemre-muradiye-satilik/daire/163565-6,"3.650.000
TL",2 + 1,85 m²,Manisa / Yunusemre / Muradiye Mah.,Yunusemre
MANİSA TURGUTLU TURAN MH 130m2 3.SON KAT TEK DAİRE ÜZERİNDE,https://www.hepsiemlak.com/manisa-turgutlu-turan-satilik/daire/94181-658,"3.750.000
TL",3 + 1,135 m²,Manisa / Turgutlu / Turan Mah.,Turgutlu
ŞEHİTLER MAHALLESİ TOKİ CIVARI 120 M2 SATILIK DAİRE,https://www.hepsiemlak.com/manisa-turgutlu-sehitler-satilik/daire/155066-37,"3.750.000
TL",3 + 1,120 m²,Manisa / Turgutlu / Şehitler Mah.,Turgutlu
KALE EMLAK 'TAN DİNGİLLER MAH.MANZARALI MUSTAKİL HAVUZLU YAZLIK,https://www.hepsiemlak.com/manisa-akhisar-dingiller-satilik/yazlik/72050-859,"13.500.000
TL",2 + 1,7.320 m²,Manisa / Akhisar / Dingiller Mah.,Akhisar
MANİSA TEVFİKİYE AKGÜN MAH'DE SATILIK İKİ AYRI GİRİŞLİ DUBLEKS,https://www.hepsiemlak.com/manisa-yunusemre-tevfikiye-satilik/daire/158110-233,"8.250.000
TL",5 + 2,240 m²,Manisa / Yunusemre / Tevfikiye Mah.,Yunusemre
acil satılık doğalgazlı daire 95 m2 Acarlar Mahallesi,https://www.hepsiemlak.com/manisa-turgutlu-acarlar-satilik/daire/154992-34,"2.495.000
TL",2 + 1,95 m²,Manisa / Turgutlu / Acarlar Mah.,Turgutlu
Manisa Yunus Emre Muradiye Mah. Sıfır Asansörlü Arakat SATILIK 2+1 Açık Mutfak,https://www.hepsiemlak.com/manisa-yunusemre-muradiye-satilik/daire/95753-1684,"3.400.000
TL",2 + 1,80 m²,Manisa / Yunusemre / Muradiye Mah.,Yunusemre
Surkent'ten satılık Atatürk  Mahallesi'nde çatı dubleksi,https://www.hepsiemlak.com/manisa-turgutlu-ataturk-satilik/daire/143929-11,"4.200.000
TL",5 + 2,300 m²,Manisa / Turgutlu / Atatürk Mah.,Turgutlu
Manisa Şehzadeler Ege Mahallesinde 2+1 Satılık Daire,https://www.hepsiemlak.com/manisa-sehzadeler-ege-satilik/daire/162359-6,"3.050.000
TL",2 + 1,110 m²,Manisa / Şehzadeler / Ege Mah.,Şehzadeler
EMİR GRUP'TAN MURADİYE'DE 2+1 105M² ARAKAT SIFIR FULL LÜX DAİRE,https://www.hepsiemlak.com/manisa-yunusemre-muradiye-satilik/daire/163565-22,"4.100.000
TL",2 + 1,105 m²,Manisa / Yunusemre / Muradiye Mah.,Yunusemre
ZİRVE EMLAK'TAN PANORAMİK MANZARALI ASANSÖRLÜ ARAKAT,https://www.hepsiemlak.com/manisa-yunusemre-ayni-ali-satilik/daire/162290-23,"4.295.000
TL",3 + 1,135 m²,Manisa / Yunusemre / Ayni Ali Mah.,Yunusemre
Altay Mahallesi satılık daire zeminden ısıtma 5 yıllık 130 M2,https://www.hepsiemlak.com/manisa-turgutlu-altay-satilik/daire/154992-42,"4.250.000
TL",3 + 1,130 m²,Manisa / Turgutlu / Altay Mah.,Turgutlu
MANİSA AKHİSR SATILIK DAİRE,https://www.hepsiemlak.com/manisa-akhisar-ataturk-satilik/daire/160589-9,"4.000.000
TL",2 + 1,110 m²,Manisa / Akhisar / Atatürk Mah.,Akhisar
AKMAN GAYRİMENKUL'DEN MURADİYE'DE SATILIK ARAKAT 3+1 SIFIR DAİRE,https://www.hepsiemlak.com/manisa-yunusemre-muradiye-satilik/daire/113243-19,"5.000.000
TL",3 + 1,140 m²,Manisa / Yunusemre / Muradiye Mah.,Yunusemre
EMİR GRUP'TAN MURADİYE'DE 3+1 ULTRA LÜKS ARA KAT SATILIK DAİRE,https://www.hepsiemlak.com/manisa-yunusemre-muradiye-satilik/daire/163565-72,"4.950.000
TL",3 + 1,125 m²,Manisa / Yunusemre / Muradiye Mah.,Yunusemre
SALİHLİ EVİM EMLAK TAN KOCAÇEŞME MAHALLESİNDE 100M2 2+1 DAİRE,https://www.hepsiemlak.com/manisa-salihli-kocacesme-satilik/daire/139685-205,"2.625.000
TL",2 + 1,125 m²,Manisa / Salihli / Kocaçeşme Mah.,Salihli
salihlide satılık 5 katlı bina,https://www.hepsiemlak.com/manisa-salihli-taytan-satilik/bina/57265-18,"65.000.000
TL",3 + 1,600 m²,Manisa / Salihli / Taytan Mah.,Salihli
ARDA MAH ASANSÖRLÜ ÖNÜ AÇIK CADDE ÜZERİ 3+1 DAİRE,https://www.hepsiemlak.com/manisa-sehzadeler-arda-satilik/daire/114523-384,"3.850.000
TL",3 + 1,130 m²,Manisa / Şehzadeler / Arda Mah.,Şehzadeler
Manisa Yunusemre Atatürk Mah. Fırsat 3+1 Kapalı Mutfak Bahçeli Daire,https://www.hepsiemlak.com/manisa-yunusemre-ataturk-satilik/daire/95753-2083,"3.995.000
TL",3 + 1,125 m²,Manisa / Yunusemre / Atatürk Mah.,Yunusemre
PLUS+ GAYRİMENKUL farkıyla Yılmazlar mahallesinde fırsat daire,https://www.hepsiemlak.com/manisa-turgutlu-yilmazlar-satilik/daire/154320-250,"2.550.000
TL",2 + 1,100 m²,Manisa / Turgutlu / Yılmazlar Mah.,Turgutlu
EMİR GRUP'TAN MURADİYE'DE 2+1 95M² FULL ÖZELLİKLİ MEVKİ DAİRE,https://www.hepsiemlak.com/manisa-yunusemre-muradiye-satilik/daire/163565-45,"3.125.000
TL",2 + 1,95 m²,Manisa / Yunusemre / Muradiye Mah.,Yunusemre
İstiklal Mahallesi Altıntaş Mevkiinde Satılık Daire,https://www.hepsiemlak.com/manisa-turgutlu-istiklal-satilik/daire/160048-71,"1.480.000
TL",2 + 1,80 m²,Manisa / Turgutlu / İstiklal Mah.,Turgutlu
Akhisar Ragıpbey'de Satılık Doğalgazlı Sıfır Ayarında Arakat 3+1 Daire,https://www.hepsiemlak.com/manisa-akhisar-ragip-bey-satilik/daire/72047-1507,"2.700.000
TL",3 + 1,130 m²,Manisa / Akhisar / Ragıp Bey Mah.,Akhisar
MANİSA KIRKAĞAÇ DA SATILIK 2+1 DOĞALGAZLI+BALKONLU ÇİĞLİ SERKAN DAN,https://www.hepsiemlak.com/manisa-kirkagac-sair-esref-satilik/daire/21001-18467,"1.350.000
TL",2 + 1,95 m²,Manisa / Kırkağaç / Şair Eşref Mah.,Kırkağaç
Akhisar Atatürk Mahallesi'nde 2+1 Satılık Daire,https://www.hepsiemlak.com/manisa-akhisar-ataturk-satilik/daire/94137-1313,"4.000.000
TL",2 + 1,95 m²,Manisa / Akhisar / Atatürk Mah.,Akhisar
SALİHLİ CİN EMLAKTAN DEDETAŞI MAH. ŞAZİMENT OKULU YANI 3+1 DOGALGAZLI ASANSÖRLÜ SATILIK DAİRE,https://www.hepsiemlak.com/manisa-salihli-kirveli-satilik/daire/37897-2528,"6.500.000
TL",3 + 0,143 m²,Manisa / Salihli / Kırveli Mah.,Salihli
SAFİR EMLAKTAN TURGUTLU MUSAL SİTESİNDE SATILIK 3. KAT DAİRE,https://www.hepsiemlak.com/manisa-turgutlu-selvilitepe-satilik/daire/155031-22,"6.350.000
TL",3 + 1,150 m²,Manisa / Turgutlu / Selvilitepe Mah.,Turgutlu
TURGUTLU EGE KOOP.'TA SATILIK 3+1 SIFIR FIRSAT DAİRESİ,https://www.hepsiemlak.com/manisa-turgutlu-selvilitepe-satilik/daire/161345-6,"5.250.000
TL",3 + 1,160 m²,Manisa / Turgutlu / Selvilitepe Mah.,Turgutlu
MANİSA TURGUTLU IRLAMAZ VADİSİ MANZARALI 3+1 150m2 LÜX DAİRE,https://www.hepsiemlak.com/manisa-turgutlu-yeni-satilik/daire/94181-663,"5.250.000
TL",3 + 1,150 m²,Manisa / Turgutlu / Yeni Mah.,Turgutlu
Altay Mahallesi,https://www.hepsiemlak.com/manisa-turgutlu-altay-satilik/daire/164247-33,"4.750.000
TL",2 + 1,120 m²,Manisa / Turgutlu / Altay Mah.,Turgutlu
AKMAN GAYRİMENKUL'DEN 50.YIL MAH SATILIK 3+1 ARAKAT DAİRE,https://www.hepsiemlak.com/manisa-yunusemre-50-yil-satilik/daire/113243-20,"5.175.000
TL",3 + 1,135 m²,Manisa / Yunusemre / 50. Yıl Mah.,Yunusemre
YILDIRIM MAHALLESİNDE SATILIK 3+1 DAİRE,https://www.hepsiemlak.com/manisa-turgutlu-yildirim-satilik/daire/156788-242,"4.550.000
TL",3 + 1,178 m²,Manisa / Turgutlu / Yıldırım Mah.,Turgutlu
NOVA'DAN PAVİLİON GARDEN'DA SATILIK 2+1 EBEVEYN BAYOLU DAİRE,https://www.hepsiemlak.com/manisa-turgutlu-ergenekon-satilik/daire/123058-1732,"5.250.000
TL",2 + 1,130 m²,Manisa / Turgutlu / Ergenekon Mah.,Turgutlu
MANİSA ÇARŞI SEVGİ YOLU ÜZERİ TERASLI SATILIK 2+1 DAİRE,https://www.hepsiemlak.com/manisa-sehzadeler-utku-satilik/daire/163068-6,"8.600.000
TL",2 + 1,110 m²,Manisa / Şehzadeler / Utku Mah.,Şehzadeler
EVREN GAYRİMENKULDEN 8. MINTIKA BOSTANLI MEVKİİ SATILIK ÇİFTLİK.,https://www.hepsiemlak.com/manisa-turgutlu-istasyonalti-satilik/ciftlik-evi/163190-3,"6.500.000
TL",2 + 0,110 m²,Manisa / Turgutlu / İstasyonaltı Mah.,Turgutlu
MANİSA TURGUTLU SUBAŞI MH YEŞİLLİK ALANI DİBİ 2+1 SIFIR DAİRE,https://www.hepsiemlak.com/manisa-turgutlu-subasi-satilik/daire/94181-695,"3.800.000
TL",3 + 0,100 m²,Manisa / Turgutlu / Subaşı Mah.,Turgutlu
MANİSA AYNİALİ MH CADDE ÜZERİ ESKİ GARAJ KONUMLU 3+1 150m2 DAİRE,https://www.hepsiemlak.com/manisa-yunusemre-ayni-ali-satilik/daire/162754-16,"8.750.000
TL",3 + 1,165 m²,Manisa / Yunusemre / Ayni Ali Mah.,Yunusemre
CUMHURİYET MAH. ÇAĞLAK PARKI KARŞISI SATILIK 3+1 DAİRE.,https://www.hepsiemlak.com/manisa-akhisar-cumhuriyet-satilik/daire/94123-2713,"3.750.000
TL",3 + 1,115 m²,Manisa / Akhisar / Cumhuriyet Mah.,Akhisar
EMİR GRUP'TAN SİTE İÇİNDE SIFIR FUL LÜX 3+1 OTOPARKLI DAİRE,https://www.hepsiemlak.com/manisa-yunusemre-muradiye-satilik/daire/163565-59,"4.750.000
TL",3 + 1,125 m²,Manisa / Yunusemre / Muradiye Mah.,Yunusemre
ATLAS GAYRİMENKUL'DEN SELVİLİTEPEDE DOĞALGAZLI 2+1 SATILIK DAİRE,https://www.hepsiemlak.com/manisa-turgutlu-selvilitepe-satilik/daire/156738-53,"2.950.000
TL",2 + 1,90 m²,Manisa / Turgutlu / Selvilitepe Mah.,Turgutlu
GARANTİ EMLAK ALTAY MAHALLESİ SATILIK KÖŞE DAİRE,https://www.hepsiemlak.com/manisa-turgutlu-altay-satilik/daire/137655-327,"5.450.000
TL",3 + 1,155 m²,Manisa / Turgutlu / Altay Mah.,Turgutlu
MANİSA TURGUTLU ERGENEKON MH 170m2 SIFIR ARA KAT DAİRE,https://www.hepsiemlak.com/manisa-turgutlu-ergenekon-satilik/daire/94181-688,"6.500.000
TL",4 + 1,170 m²,Manisa / Turgutlu / Ergenekon Mah.,Turgutlu
SELVİTEPE mahallesi,https://www.hepsiemlak.com/manisa-turgutlu-selvilitepe-satilik/daire/164247-24,"3.650.000
TL",2 + 1,115 m²,Manisa / Turgutlu / Selvilitepe Mah.,Turgutlu
EMİR GRUP'TAN MURADİYEDE 2+1 SIFIR KAPALI OTOPARKLI ARAKAT DAİRE,https://www.hepsiemlak.com/manisa-yunusemre-muradiye-satilik/daire/163565-47,"3.400.000
TL",2 + 1,95 m²,Manisa / Yunusemre / Muradiye Mah.,Yunusemre
3 ADAM GAYRİMENKUL REŞATBEY MH DUTLULU SATILIK TRİPLEKS VİLLA,https://www.hepsiemlak.com/manisa-akhisar-resat-bey-satilik/villa/143910-90,"14.500.000
TL",5 + 1,227 m²,Manisa / Akhisar / Reşat Bey Mah.,Akhisar
ERGENEKON MAHALLESİ MERKEZİ KONUMDA LÜKS 3+1 DAİRE,https://www.hepsiemlak.com/manisa-turgutlu-ergenekon-satilik/daire/164247-5,"5.490.000
TL",3 + 1,130 m²,Manisa / Turgutlu / Ergenekon Mah.,Turgutlu
PLUS+ GAYRİMENKUL'den PRESTİJ EVLERİ'nde HAVUZ CEPHE 3+1,https://www.hepsiemlak.com/manisa-turgutlu-selvilitepe-satilik/daire/154320-181,"4.475.000
TL",3 + 1,140 m²,Manisa / Turgutlu / Selvilitepe Mah.,Turgutlu
BEYAZ GAYRİMENKUL'DEN TOPÇU ASIM MAH 3+1 FIRSATT,https://www.hepsiemlak.com/manisa-yunusemre-topcuasim-satilik/daire/119915-549,"4.350.000
TL",3 + 1,140 m²,Manisa / Yunusemre / Topçuasım Mah.,Yunusemre
ÖZ DOST EMLAKTAN MURADİYEDE SATILIK 2+1 DAİRE,https://www.hepsiemlak.com/manisa-yunusemre-muradiye-satilik/daire/137460-52,"3.495.000
TL",2 + 1,85 m²,Manisa / Yunusemre / Muradiye Mah.,Yunusemre
ALTAY MEYDANI YAKINI SATILIK DAİRE,https://www.hepsiemlak.com/manisa-turgutlu-altay-satilik/daire/160009-11,"1.900.000
TL",3 + 1,120 m²,Manisa / Turgutlu / Altay Mah.,Turgutlu
NOVA'DAN SELVİLİTEPE MAHALLESİ'NDE 2+1 OTOPARKLI SIFIR DAİRELER,https://www.hepsiemlak.com/manisa-turgutlu-selvilitepe-satilik/daire/123058-2185,"3.650.000
TL",2 + 1,115 m²,Manisa / Turgutlu / Selvilitepe Mah.,Turgutlu
Manisa yagcilarda 750 M2 bahçeli imarlı ev,https://www.hepsiemlak.com/manisa-yunusemre-yagcilar-satilik/mustakil-ev/110165-1024,"7.950.000
TL",3 + 1,750 m²,Manisa / Yunusemre / Yağcılar Mah.,Yunusemre
MANİSA 50. YIL’DA ARAKAT FULL ÖZELLİKLİ SATILIK 3+1 DAİRE,https://www.hepsiemlak.com/manisa-yunusemre-50-yil-satilik/daire/162376-47,"4.975.000
TL",3 + 1,120 m²,Manisa / Yunusemre / 50. Yıl Mah.,Yunusemre
Manisa Hafsa Sultan Mah. 3+1 130m2 Asansörlü Satılık Daire ⭕️,https://www.hepsiemlak.com/manisa-yunusemre-hafsa-sultan-satilik/daire/95753-2054,"5.450.000
TL",3 + 1,140 m²,Manisa / Yunusemre / Hafsa Sultan Mah.,Yunusemre
YENİ MAHALLEDE SATILIK KAÇIRILMAYACAK 3+1 LÜX DAİRE,https://www.hepsiemlak.com/manisa-turgutlu-yeni-satilik/daire/156788-214,"3.850.000
TL",3 + 1,145 m²,Manisa / Turgutlu / Yeni Mah.,Turgutlu
Cumhuriyet Mahallesi 140 m2 yüksek giriş zemin kat doğalgazlı Bahçeli,https://www.hepsiemlak.com/manisa-turgutlu-cumhuriyet-satilik/daire/154992-45,"4.500.000
TL",3 + 1,140 m²,Manisa / Turgutlu / Cumhuriyet Mah.,Turgutlu
beft gayrimenkul den yarhasanlar mh cadde üzeri satılık full 3+1 arakat daire,https://www.hepsiemlak.com/manisa-sehzadeler-yarhasanlar-satilik/daire/162044-92,"4.350.000
TL",3 + 1,125 m²,Manisa / Şehzadeler / Yarhasanlar Mah.,Şehzadeler
ZEKİ EMLAK'TAN MURADİYE'DE 1. SINIF İŞÇİLİKLİ 2+1 SATILIK DAİRE,https://www.hepsiemlak.com/manisa-yunusemre-muradiye-satilik/daire/156185-416,"4.500.000
TL",2 + 1,100 m²,Manisa / Yunusemre / Muradiye Mah.,Yunusemre
ÖZ DOST EMLAKTAN MURADİYEDE SATILIK 2+1 DAİRE,https://www.hepsiemlak.com/manisa-yunusemre-muradiye-satilik/daire/137460-74,"4.250.000
TL",2 + 1,75 m²,Manisa / Yunusemre / Muradiye Mah.,Yunusemre
MURADİYE'DE GENİŞ BAHÇELİ TADİLATLI SATILIK 3+1 DAİRE,https://www.hepsiemlak.com/manisa-yunusemre-muradiye-satilik/daire/162376-32,"4.100.000
TL",3 + 1,160 m²,Manisa / Yunusemre / Muradiye Mah.,Yunusemre
Yeni Mahalle Satılık Daire,https://www.hepsiemlak.com/manisa-turgutlu-yeni-satilik/daire/164247-19,"5.250.000
TL",3 + 1,150 m²,Manisa / Turgutlu / Yeni Mah.,Turgutlu
ZEKİ EMLAK'TAN GÜZELYURT TOKİ 2'DE ARA KAT 3+1 SATILIK DAİRE,https://www.hepsiemlak.com/manisa-yunusemre-guzelyurt-satilik/daire/156185-392,"6.800.000
TL",3 + 1,120 m²,Manisa / Yunusemre / Güzelyurt Mah.,Yunusemre
MUSTAFA BAŞYİĞİT EMLAK'TAN NOVADA YOLU ÜZERİ 4+1 DUBLEKS,https://www.hepsiemlak.com/manisa-akhisar-pasa-satilik/daire/162406-79,"4.000.000
TL",4 + 1,275 m²,Manisa / Akhisar / Paşa Mah.,Akhisar
EMİR GRUP'TAN MURADİYE'DE 3+1 125M ÖNÜ AÇIK SATILIK DAİRE,https://www.hepsiemlak.com/manisa-yunusemre-muradiye-satilik/daire/163565-12,"3.550.000
TL",3 + 1,125 m²,Manisa / Yunusemre / Muradiye Mah.,Yunusemre
Manisa Muradiyede Satılık 3+1 Kapalı Mutfak Daire,https://www.hepsiemlak.com/manisa-yunusemre-muradiye-satilik/daire/162754-19,"5.250.000
TL",3 + 1,120 m²,Manisa / Yunusemre / Muradiye Mah.,Yunusemre
EMİR GRUP'TAN MURADİYE'DE OTOPARKLI 3+1 ARAKAT SATILIK DAİRE,https://www.hepsiemlak.com/manisa-yunusemre-muradiye-satilik/daire/163565-71,"4.700.000
TL",3 + 1,125 m²,Manisa / Yunusemre / Muradiye Mah.,Yunusemre
ATATÜRK MAHALLESİNDE SATILIK 3 KATLI BİNA,https://www.hepsiemlak.com/manisa-turgutlu-ataturk-satilik/daire/164247-73,"6.500.000
TL",3 + 1,130 m²,Manisa / Turgutlu / Atatürk Mah.,Turgutlu
EMİR GRUP'TAN MURADİYE'DE 3+1 FULL LÜX ÖNÜ AÇIK SATILIK DAİRE,https://www.hepsiemlak.com/manisa-yunusemre-muradiye-satilik/daire/163565-61,"4.500.000
TL",3 + 1,135 m²,Manisa / Yunusemre / Muradiye Mah.,Yunusemre
EMİR GRUP'TAN MURADİYE'DE SATILIK 3+1 FUL LÜX ARAKAT GENİŞ DAİRE,https://www.hepsiemlak.com/manisa-yunusemre-muradiye-satilik/daire/163565-10,"4.100.000
TL",3 + 1,145 m²,Manisa / Yunusemre / Muradiye Mah.,Yunusemre
KALE EMLAK'TAN ASFALT YOL CEPHELİ MÜSTAKİL HAVUZLU FIRSAT YAZLIK,https://www.hepsiemlak.com/manisa-akhisar-karaborklu-satilik/yazlik/72050-860,"11.750.000
TL",2 + 1,4.785 m²,Manisa / Akhisar / Karabörklü Mah.,Akhisar
ZEKİ EMLAK'TAN MURADİYE'DE SATILIK 2+1 KAPALI MUTFAK SIFIR DAİRE,https://www.hepsiemlak.com/manisa-yunusemre-muradiye-satilik/daire/156185-346,"4.100.000
TL",2 + 1,100 m²,Manisa / Yunusemre / Muradiye Mah.,Yunusemre
MANİSA MURADİYE SIFIR ARAKAT 2+1 K.MUTFAK FIRSAT SATILIK DAİRE,https://www.hepsiemlak.com/manisa-yunusemre-muradiye-satilik/daire/150932-48,"4.500.000
TL",2 + 1,92 m²,Manisa / Yunusemre / Muradiye Mah.,Yunusemre
ÖZ DOST EMLAKTAN MURADİYEDE SATILIK 3+1 DAİRE,https://www.hepsiemlak.com/manisa-yunusemre-muradiye-satilik/daire/137460-53,"5.300.000
TL",3 + 1,135 m²,Manisa / Yunusemre / Muradiye Mah.,Yunusemre
ERGENEKON MAHALLESİNDE BİLGİKENT OKULUNA YAKIN SATILIK 2+1 DAİRE,https://www.hepsiemlak.com/manisa-turgutlu-ergenekon-satilik/daire/164247-28,"4.100.000
TL",2 + 1,100 m²,Manisa / Turgutlu / Ergenekon Mah.,Turgutlu
Yedieylül mahallesi,https://www.hepsiemlak.com/manisa-turgutlu-yedi-eylul-satilik/daire/164247-34,"5.000.000
TL",3 + 1,150 m²,Manisa / Turgutlu / Yedi Eylül Mah.,Turgutlu
NOVA'DAN YİĞİTLER MAH'DE 4+1 SATILIK SIFIR DAİRE,https://www.hepsiemlak.com/manisa-turgutlu-yigitler-satilik/daire/123058-2316,"4.250.000
TL",4 + 1,180 m²,Manisa / Turgutlu / Yiğitler Mah.,Turgutlu
ÖZYURTLAR'DAN FULL LÜX EGE'DE ASANSÖRLÜ ARA KAT,https://www.hepsiemlak.com/manisa-sehzadeler-ege-satilik/daire/162860-31,"4.950.000
TL",3 + 1,136 m²,Manisa / Şehzadeler / Ege Mah.,Şehzadeler
Manisa Turgutlu Cafeler Caddesi'nde A sınıfı dubleks,https://www.hepsiemlak.com/manisa-turgutlu-cumhuriyet-satilik/daire/154320-93,"10.250.000
TL",4 + 1,250 m²,Manisa / Turgutlu / Cumhuriyet Mah.,Turgutlu
SELVİLİTEPEDE MERKEZE EN YAKIN KONUMDA,https://www.hepsiemlak.com/manisa-turgutlu-selvilitepe-satilik/daire/156738-50,"4.150.000
TL",3 + 1,125 m²,Manisa / Turgutlu / Selvilitepe Mah.,Turgutlu
Dağ Evi Zeytinlik ve İncir Bahçesi + kamyonet hediyeli...,https://www.hepsiemlak.com/manisa-saruhanli-saricam-satilik/dag-evi/0-44982791,"12.500.000
TL",1 + 1,64 m²,Manisa / Saruhanlı / Sarıçam Mah.,Saruhanlı
MANİSA AKMESCİT 2+1 3+1 LÜKS DAİRELER KAPALI OTOPARKLI,https://www.hepsiemlak.com/manisa-yunusemre-akmescit-satilik/daire/162754-2,"5.495.000
TL",2 + 1,100 m²,Manisa / Yunusemre / Akmescit Mah.,Yunusemre
MANİSA YUNUSEMRE UYGUN FİYAT!! TEVFİKİYE MAHALLESİ 3+1 ÖZELLİKLİ ARAKAT DAİRE,https://www.hepsiemlak.com/manisa-yunusemre-tevfikiye-satilik/daire/162290-15,"3.500.000
TL",3 + 1,125 m²,Manisa / Yunusemre / Tevfikiye Mah.,Yunusemre
ÖZ DOST EMLAKTAN MURADİYEDE SATILIK 5+1 DUBLEX DAİRE,https://www.hepsiemlak.com/manisa-yunusemre-muradiye-satilik/daire/137460-61,"6.250.000
TL",5 + 1,200 m²,Manisa / Yunusemre / Muradiye Mah.,Yunusemre
Yiğitler mahallesi,https://www.hepsiemlak.com/manisa-turgutlu-yigitler-satilik/daire/164247-25,"3.900.000
TL",3 + 1,150 m²,Manisa / Turgutlu / Yiğitler Mah.,Turgutlu
SY YILMAZ'DAN MUTLU MAH. 3+1 ULTRA LÜX ARAKAT DAİRE,https://www.hepsiemlak.com/manisa-yunusemre-mutlu-satilik/daire/161259-4,"4.575.000
TL",3 + 1,130 m²,Manisa / Yunusemre / Mutlu Mah.,Yunusemre
Yedi Eylül Mahallesi,https://www.hepsiemlak.com/manisa-turgutlu-yedi-eylul-satilik/daire/164247-82,"3.350.000
TL",2 + 1,105 m²,Manisa / Turgutlu / Yedi Eylül Mah.,Turgutlu
1+1 Cengiz Topel mh satılık daire,https://www.hepsiemlak.com/manisa-saruhanli-cengiz-topel-satilik/daire/163108-7,"2.100.000
TL",1 + 1,65 m²,Manisa / Saruhanlı / Cengiz Topel Mah.,Saruhanlı
UNCUBOZKÖY'DE GÜZEL LOKASYONDA 4+1 ASANSÖRLÜ SATILIK DAİRE,https://www.hepsiemlak.com/manisa-yunusemre-uncubozkoy-satilik/daire/94966-604,"8.300.000
TL",4 + 1,180 m²,Manisa / Yunusemre / Uncubozköy Mah.,Yunusemre
KONUTLARDA ARAKAT SATILIK DAİRE FIRSATI,https://www.hepsiemlak.com/manisa-turgutlu-ergenekon-satilik/daire/156788-28,"5.000.000
TL",3 + 1,145 m²,Manisa / Turgutlu / Ergenekon Mah.,Turgutlu
SALİHLİ CİN EMLAK'TAN GÜNEŞ MAH SATILIK MÜSTAKİL İKİ KATLI EV VE ARSASI,https://www.hepsiemlak.com/manisa-salihli-gunes-satilik/mustakil-ev/37897-2506,"7.500.000
TL",3 + 1,357 m²,Manisa / Salihli / Güneş Mah.,Salihli
PALMİYE EMLAK'TAN Reşatbey Umut Parkı Yanı 200m2 4+1 Dubleks,https://www.hepsiemlak.com/manisa-akhisar-resat-bey-satilik/daire/156444-30,"4.500.000
TL",4 + 1,200 m²,Manisa / Akhisar / Reşat Bey Mah.,Akhisar
Turan Mahallesi,https://www.hepsiemlak.com/manisa-turgutlu-turan-satilik/daire/164247-30,"3.599.000
TL",3 + 1,140 m²,Manisa / Turgutlu / Turan Mah.,Turgutlu
Cami Önü Mevkii 3+1 Daire,https://www.hepsiemlak.com/manisa-turgutlu-yigitler-satilik/daire/164247-51,"3.300.000
TL",3 + 1,140 m²,Manisa / Turgutlu / Yiğitler Mah.,Turgutlu
Ergenekon mahallesi satılık Daire,https://www.hepsiemlak.com/manisa-turgutlu-ergenekon-satilik/daire/164247-32,"6.750.000
TL",3 + 1,160 m²,Manisa / Turgutlu / Ergenekon Mah.,Turgutlu
Manisa Yunusemre Muradiye’de Site İçinde Satılık 2+1 Daire,https://www.hepsiemlak.com/manisa-yunusemre-muradiye-satilik/daire/95753-2061,"3.350.000
TL",2 + 1,90 m²,Manisa / Yunusemre / Muradiye Mah.,Yunusemre
UTKU MAHALLESİNDE FULL TADİLATLI SATILIK 3+1 DAİRE,https://www.hepsiemlak.com/manisa-sehzadeler-utku-satilik/daire/162376-25,"3.680.000
TL",3 + 1,125 m²,Manisa / Şehzadeler / Utku Mah.,Şehzadeler
DERE MAH 2008 YAPIMI 3+1 FULLÜKS 140 M2 ASANSÖRLÜ FERAH DAİRE,https://www.hepsiemlak.com/manisa-sehzadeler-dere-satilik/daire/147260-12,"4.350.000
TL",3 + 1,140 m²,Manisa / Şehzadeler / Dere Mah.,Şehzadeler
NOVA'DAN SİTE İÇERİSİNDE SATILIK 2+1 SIFIR DAİRE,https://www.hepsiemlak.com/manisa-turgutlu-ergenekon-satilik/daire/123058-2046,"4.250.000
TL",2 + 1,130 m²,Manisa / Turgutlu / Ergenekon Mah.,Turgutlu
7 EYLÜL MAH. ÇATALÇEŞME YAKINI 3+1 SATILIK DAİRE,https://www.hepsiemlak.com/manisa-turgutlu-yedi-eylul-satilik/daire/164247-68,"2.350.000
TL",3 + 1,125 m²,Manisa / Turgutlu / Yedi Eylül Mah.,Turgutlu
BEFT GAYRİMENKUL DEN YARHASANLAR MH SATILIK 3+1 ARAKAT,https://www.hepsiemlak.com/manisa-sehzadeler-yarhasanlar-satilik/daire/162044-88,"3.350.000
TL",3 + 1,125 m²,Manisa / Şehzadeler / Yarhasanlar Mah.,Şehzadeler
GÜMÜLCELİ MAH. 475 m2 MÜSTAKİL EV SATILIKTIR.,https://www.hepsiemlak.com/manisa-saruhanli-gumulceli-satilik/mustakil-ev/106564-521,"2.550.000
TL",2 + 1,480 m²,Manisa / Saruhanlı / Gümülceli Mah.,Saruhanlı
ALPHARD CİVARI ASANSÖRLÜ ARAKAT DAİRE!,https://www.hepsiemlak.com/manisa-turgutlu-selvilitepe-satilik/daire/164247-64,"2.950.000
TL",3 + 1,135 m²,Manisa / Turgutlu / Selvilitepe Mah.,Turgutlu
AKGEDİK FIRSAT YATIRIMLIK 0 BİNA 1+1,https://www.hepsiemlak.com/manisa-yunusemre-akgedik-satilik/daire/163068-9,"2.650.000
TL",1 + 1,60 m²,Manisa / Yunusemre / Akgedik Mah.,Yunusemre
Manisa Akhisar'da Satılık 3+1 Daire,https://www.hepsiemlak.com/manisa-akhisar-pasa-satilik/daire/125162-479,"2.950.000
TL",3 + 1,145 m²,Manisa / Akhisar / Paşa Mah.,Akhisar
ÖZ DOST EMLAKTAN MURADİYEDE SATILIK 3+1 DAİRE,https://www.hepsiemlak.com/manisa-yunusemre-muradiye-satilik/daire/137460-56,"3.470.000
TL",3 + 1,89 m²,Manisa / Yunusemre / Muradiye Mah.,Yunusemre
Manisa Akhisar Doktorlar Sitesi’nde Havuzlu ve Geniş Villa!,https://www.hepsiemlak.com/manisa-akhisar-ulu-camii-satilik/villa/107888-3022,"14.000.000
TL",4 + 1,280 m²,Manisa / Akhisar / Ulu Camii Mah.,Akhisar
Ergenekon Mahallesi,https://www.hepsiemlak.com/manisa-turgutlu-ergenekon-satilik/daire/164247-75,"4.150.000
TL",2 + 1,105 m²,Manisa / Turgutlu / Ergenekon Mah.,Turgutlu
Selvilitepe Mahallesi Kaçırılmayacak Fırsat!,https://www.hepsiemlak.com/manisa-turgutlu-selvilitepe-satilik/daire/160048-104,"3.650.000
TL",2 + 1,105 m²,Manisa / Turgutlu / Selvilitepe Mah.,Turgutlu
SİNAN EMLAK'TAN YEDİEYLÜL MAHALLESİNDE SATILIK KÖŞE DAİRE,https://www.hepsiemlak.com/manisa-turgutlu-yedi-eylul-satilik/daire/159995-30,"2.550.000
TL",2 + 1,95 m²,Manisa / Turgutlu / Yedi Eylül Mah.,Turgutlu
SOMA İSTASYON ZAFER MAH.SATILIK MÜSTAKİL EV,https://www.hepsiemlak.com/manisa-soma-zafer-satilik/mustakil-ev/106969-14,"1.500.000
TL",2 + 1,316 m²,Manisa / Soma / Zafer Mah.,Soma
AKgedik Toki Geniş Kullanışlı 3+1 Daire,https://www.hepsiemlak.com/manisa-yunusemre-akgedik-satilik/daire/152909-33,"4.500.000
TL",3 + 1,135 m²,Manisa / Yunusemre / Akgedik Mah.,Yunusemre
SATLIK MANİSA EGE MH 3+1 KAPALI MUTFAK YENİ BİNA,https://www.hepsiemlak.com/manisa-sehzadeler-ege-satilik/daire/162754-15,"4.950.000
TL",3 + 1,135 m²,Manisa / Şehzadeler / Ege Mah.,Şehzadeler
Manisa Yunusemre Hafsa Sultan Mahallesinde Satılık 4+1 Daire,https://www.hepsiemlak.com/manisa-yunusemre-hafsa-sultan-satilik/daire/162359-14,"8.000.000
TL",4 + 1,180 m²,Manisa / Yunusemre / Hafsa Sultan Mah.,Yunusemre
Manisa Saruhanlı da Satılık Hazır Çiftlik,https://www.hepsiemlak.com/manisa-saruhanli-apak-satilik/ciftlik-evi/58372-5848,"29.900.000
TL",3 + 0,200 m²,Manisa / Saruhanlı / Apak Mah.,Saruhanlı
BAHÇELİEVLER AKTÜRK SOKAK 2+1 ZEMİN KAT DAİRE,https://www.hepsiemlak.com/manisa-turgutlu-cumhuriyet-satilik/daire/156788-193,"2.700.000
TL",2 + 1,100 m²,Manisa / Turgutlu / Cumhuriyet Mah.,Turgutlu
Ergenekon Mahallesi,https://www.hepsiemlak.com/manisa-turgutlu-ergenekon-satilik/daire/164247-93,"4.750.000
TL",2 + 1,110 m²,Manisa / Turgutlu / Ergenekon Mah.,Turgutlu
Manisa Şehzadeler Çamköy'de 2 katlı villa,https://www.hepsiemlak.com/manisa-sehzadeler-camkoy-satilik/villa/158110-185,"8.500.000
TL",3 + 2,250 m²,Manisa / Şehzadeler / Çamköy Mah.,Şehzadeler
MANİSA KULA EMRE KÖYÜNDE SATILIK TAŞ EV VE ARSASI,https://www.hepsiemlak.com/manisa-kula-emre-satilik/daire/77108-887,"650.000
TL",2 + 0,360 m²,Manisa / Kula / Emre Mah.,Kula
EMİR GRUP'TAN MURADİYE'DE 2+1 SIFIR FULL LÜX SATILIK DAİRE,https://www.hepsiemlak.com/manisa-yunusemre-muradiye-satilik/daire/163565-67,"3.650.000
TL",2 + 1,90 m²,Manisa / Yunusemre / Muradiye Mah.,Yunusemre
YILMAZLAR MAHALLESİ MERKEZE YAKIN FERAH 3+1 DAİRE,https://www.hepsiemlak.com/manisa-turgutlu-yilmazlar-satilik/daire/164247-2,"3.225.000
TL",3 + 1,150 m²,Manisa / Turgutlu / Yılmazlar Mah.,Turgutlu
AKMAN GAYRİMENKULDEN MURADİYEDE SİTE İÇİNDE SATILIK 2+1 DAİRE,https://www.hepsiemlak.com/manisa-yunusemre-muradiye-satilik/daire/113243-16,"3.450.000
TL",2 + 1,85 m²,Manisa / Yunusemre / Muradiye Mah.,Yunusemre
KİRVEM EMLAK'TAN ARA KAT 3+1 DAİRELER,https://www.hepsiemlak.com/manisa-saruhanli-cengiz-topel-satilik/daire/162496-6,"3.800.000
TL",3 + 1,135 m²,Manisa / Saruhanlı / Cengiz Topel Mah.,Saruhanlı
MEDİGÜN HASTANESİ YANI 3+1 137 M² SATILIK FERAH DAİRE,https://www.hepsiemlak.com/manisa-akhisar-kethuda-satilik/daire/156788-244,"3.000.000
TL",3 + 1,150 m²,Manisa / Akhisar / Kethüda Mah.,Akhisar
SATILIK AKMESCİT LÜKS 3+1 KAPALI OTOPARKLI DARİE SIFIR,https://www.hepsiemlak.com/manisa-yunusemre-akmescit-satilik/daire/162754-5,"7.500.000
TL",3 + 1,140 m²,Manisa / Yunusemre / Akmescit Mah.,Yunusemre
Kayalıoğlu Villalar Bölgesi'nde Eşsiz Bir Yaşam Alanı!,https://www.hepsiemlak.com/manisa-akhisar-kayalioglu-satilik/villa/158857-15,"11.950.000
TL",3 + 1,155 m²,Manisa / Akhisar / Kayalıoğlu Mah.,Akhisar
TURGUTLU TURGUTLAR MH.2+1 KULLANIŞLI SATILIK DAİRE,https://www.hepsiemlak.com/manisa-turgutlu-turgutlar-satilik/daire/123058-1827,"2.500.000
TL",2 + 1,100 m²,Manisa / Turgutlu / Turgutlar Mah.,Turgutlu
MANİSA ŞEHZADELER Akıncılar Mah. Full Lüx Bahçeli Yüksek Zemin Satılık Daire,https://www.hepsiemlak.com/manisa-sehzadeler-akincilar-satilik/daire/162290-14,"3.850.000
TL",3 + 1,140 m²,Manisa / Şehzadeler / Akıncılar Mah.,Şehzadeler
ERSOY'DAN CENGİZ TOPEL'DE CADDE ÜZERİ 3+1 10 YAS ASANSÖRLÜ DAİRE,https://www.hepsiemlak.com/manisa-saruhanli-cengiz-topel-satilik/daire/114523-398,"3.950.000
TL",3 + 1,135 m²,Manisa / Saruhanlı / Cengiz Topel Mah.,Saruhanlı
SERKAN YILMAZ DAN 2.ANAFARTALAR DA ARAKAT DAİRE,https://www.hepsiemlak.com/manisa-sehzadeler-2-anafartalar-satilik/daire/161259-11,"3.950.000
TL",2 + 1,130 m²,Manisa / Şehzadeler / 2. Anafartalar Mah.,Şehzadeler
Cuma Pazarı Yakını 95 m2 Asansörlü Doğalgazlı Otoparklı,https://www.hepsiemlak.com/manisa-turgutlu-bozkurt-satilik/daire/162001-50,"3.100.000
TL",2 + 1,95 m²,Manisa / Turgutlu / Bozkurt Mah.,Turgutlu
ÖZYURTLAR'DAN ARDA'DA FULL ÖZELLİKLİ LÜX DAİRE,https://www.hepsiemlak.com/manisa-sehzadeler-arda-satilik/daire/162860-6,"4.220.000
TL",3 + 1,125 m²,Manisa / Şehzadeler / Arda Mah.,Şehzadeler
TURPA'DAN SUBAŞI MAH. SATILIK ASANSÖRLÜ OTOPARKLI SIFIR DAİRELER,https://www.hepsiemlak.com/manisa-turgutlu-subasi-satilik/daire/144722-254,"3.800.000
TL",2 + 1,102 m²,Manisa / Turgutlu / Subaşı Mah.,Turgutlu
ŞEHİR MERKEZİ BELEDİYE YAKINI SATILIK 3+1 ARAKAT DAİRE.,https://www.hepsiemlak.com/manisa-akhisar-ragip-bey-satilik/daire/94123-2750,"2.450.000
TL",3 + 1,115 m²,Manisa / Akhisar / Ragıp Bey Mah.,Akhisar
Salihli Adala da 41.220 m2 Satılık Çiftlik Evi Müstakil Tapulu,https://www.hepsiemlak.com/manisa-salihli-adala-satilik/ciftlik-evi/155797-12,"23.500.000
TL",4 + 0,300 m²,Manisa / Salihli / Adala Mah.,Salihli
75. Yıl Mahallesinde Yatırımlık 3+1 Fırsat Daire!,https://www.hepsiemlak.com/manisa-yunusemre-75-yil-satilik/daire/160648-20,"4.650.000
TL",3 + 1,110 m²,Manisa / Yunusemre / 75. Yıl Mah.,Yunusemre
ALAYBEY MAH SATILIK 3+1 ASANSÖRLÜ ARAKAT,https://www.hepsiemlak.com/manisa-sehzadeler-alaybey-satilik/daire/162044-42,"3.750.000
TL",3 + 1,130 m²,Manisa / Şehzadeler / Alaybey Mah.,Şehzadeler
Yılmazlar Mahallesi,https://www.hepsiemlak.com/manisa-turgutlu-yilmazlar-satilik/daire/164247-43,"2.400.000
TL",2 + 1,130 m²,Manisa / Turgutlu / Yılmazlar Mah.,Turgutlu
TURYAP CENTER'DAN FIRSAT DAİRE,https://www.hepsiemlak.com/manisa-sehzadeler-sakarya-satilik/daire/158110-278,"2.950.000
TL",2 + 1,100 m²,Manisa / Şehzadeler / Sakarya Mah.,Şehzadeler
Manisa Yunusemre Merkez Efendi Mahallesi 3+1 Açık Mutfak Full Lüks,https://www.hepsiemlak.com/manisa-yunusemre-merkez-efendi-satilik/daire/95753-2071,"3.750.000
TL",3 + 1,120 m²,Manisa / Yunusemre / Merkez Efendi Mah.,Yunusemre
TAM NOKTA TURGUTLU'DAN CUMHURİYET CAD. SATILIK DAİRE,https://www.hepsiemlak.com/manisa-turgutlu-turan-satilik/daire/156788-101,"3.500.000
TL",3 + 1,135 m²,Manisa / Turgutlu / Turan Mah.,Turgutlu
AKMAN GAYRİMENKUL DEN MURADİYE DECADDE ÜZERİ SATILIK 3+1 DAİRE,https://www.hepsiemlak.com/manisa-yunusemre-muradiye-satilik/daire/113243-26,"3.975.000
TL",3 + 1,140 m²,Manisa / Yunusemre / Muradiye Mah.,Yunusemre
ERGENEKON MAH. SATILIK TEK DAİRE ÜZERİ OTOPARKLI DAİRE,https://www.hepsiemlak.com/manisa-turgutlu-ergenekon-satilik/daire/123058-2016,"5.500.000
TL",3 + 1,150 m²,Manisa / Turgutlu / Ergenekon Mah.,Turgutlu
SALİHLİ CİN EMLAK'TAN KULA BALIBEY MAH DOĞAYLA İÇ İÇE SATLIK   İKİ KATLI MÜSTAKİL EV,https://www.hepsiemlak.com/manisa-kula-balibey-satilik/mustakil-ev/37897-2354,"1.950.000
TL",2 + 1,200 m²,Manisa / Kula / Balıbey Mah.,Kula
Ergenekon Mahallesi 4+1 giyinme odalı,https://www.hepsiemlak.com/manisa-turgutlu-ergenekon-satilik/daire/164247-71,"6.000.000
TL",4 + 1,200 m²,Manisa / Turgutlu / Ergenekon Mah.,Turgutlu
SUBAŞI MAHALLESİ'NDE ULTRA LÜKS DUBLEKS!,https://www.hepsiemlak.com/manisa-turgutlu-subasi-satilik/daire/164247-50,"6.149.000
TL",3 + 1,200 m²,Manisa / Turgutlu / Subaşı Mah.,Turgutlu
MUSTAFA BAŞYIĞIT EMLAKTAN HASHOCA KÖYLÜ PARKI YANİ KOMPLE BİNA,https://www.hepsiemlak.com/manisa-akhisar-has-hoca-satilik/daire/162406-91,"2.700.000
TL",2 + 1,103 m²,Manisa / Akhisar / Has Hoca Mah.,Akhisar
Ergenekon Mahallesi'nde 2+1 Dubleks Fırsatı,https://www.hepsiemlak.com/manisa-turgutlu-ergenekon-satilik/daire/154320-251,"3.500.000
TL",2 + 1,104 m²,Manisa / Turgutlu / Ergenekon Mah.,Turgutlu
EMİR GRUP'TAN SİTE İÇİNDE OTOPARKLI 1+1 ULTRA LÜX ARAKAT DAİRE,https://www.hepsiemlak.com/manisa-yunusemre-muradiye-satilik/daire/163565-15,"2.900.000
TL",1 + 1,58 m²,Manisa / Yunusemre / Muradiye Mah.,Yunusemre
MANİSA KARAALİ HAVUZLU SİTE İÇERİSİ 1+1,https://www.hepsiemlak.com/manisa-yunusemre-karaali-satilik/daire/162754-9,"4.450.000
TL",1 + 1,65 m²,Manisa / Yunusemre / Karaali Mah.,Yunusemre
STADYUM KARŞISINDA 3+1 DAİRE,https://www.hepsiemlak.com/manisa-turgutlu-cumhuriyet-satilik/daire/164247-74,"4.900.000
TL",3 + 1,160 m²,Manisa / Turgutlu / Cumhuriyet Mah.,Turgutlu
PLUS+ GAYRİMENKUL farkıyla Yayla köyünde havuzlu dubleks villa,https://www.hepsiemlak.com/manisa-turgutlu-yayla-satilik/villa/154320-267,"18.500.000
TL",8 + 1,350 m²,Manisa / Turgutlu / Yayla Mah.,Turgutlu
TURGUTLU'DA SATILIK DAİRE,https://www.hepsiemlak.com/manisa-turgutlu-yilmazlar-satilik/daire/141766-262,"2.500.000
TL",3 + 1,135 m²,Manisa / Turgutlu / Yılmazlar Mah.,Turgutlu
KERVAN YOLUNA CEPHELİ 165M2 3+1 LÜKS SATILIK ARA KAT DAİRE,https://www.hepsiemlak.com/manisa-turgutlu-cumhuriyet-satilik/daire/164247-14,"7.650.000
TL",3 + 1,165 m²,Manisa / Turgutlu / Cumhuriyet Mah.,Turgutlu
ZEKİ EMLAKTAN LALE MEYDANI ÖZSARUHAN BLV ÜZERİ SATILIK 3+1 DAİRE,https://www.hepsiemlak.com/manisa-yunusemre-mesir-satilik/daire/156185-421,"4.150.000
TL",3 + 1,125 m²,Manisa / Yunusemre / Mesir Mah.,Yunusemre
SATILIK FATİH CADDESİNDE 2+1 90 M2 OTOPARKLI SIFIR ARA KAT DAİRE,https://www.hepsiemlak.com/manisa-salihli-seyrantepe-satilik/daire/150639-30,"3.400.000
TL",2 + 1,90 m²,Manisa / Salihli / Seyrantepe Mah.,Salihli
Turgutlar mahallesi,https://www.hepsiemlak.com/manisa-turgutlu-turgutlar-satilik/daire/164247-38,"3.500.000
TL",2 + 1,120 m²,Manisa / Turgutlu / Turgutlar Mah.,Turgutlu
SUBAŞI MAHALASİNDE MERKEZE YAKIN GENİŞ 2+1 DAİRE,https://www.hepsiemlak.com/manisa-turgutlu-subasi-satilik/daire/164247-42,"3.630.000
TL",2 + 1,110 m²,Manisa / Turgutlu / Subaşı Mah.,Turgutlu
CBÜ TOKİ de Fırsat 4+1,https://www.hepsiemlak.com/manisa-yunusemre-muradiye-satilik/daire/158110-252,"4.650.000
TL",4 + 1,190 m²,Manisa / Yunusemre / Muradiye Mah.,Yunusemre
AKHİSAR FAHRİ SERTEL EMLAKTAN SATILIK MÜSTAKİL EV TAKAS OLUR,https://www.hepsiemlak.com/manisa-akhisar-cumhuriyet-satilik/mustakil-ev/144740-71,"5.450.000
TL",3 + 1,230 m²,Manisa / Akhisar / Cumhuriyet Mah.,Akhisar
İTFAİYE ARKASINDA 2+1 YÜKSEK ZEMİN EŞYALI 17000 KİRACILI,https://www.hepsiemlak.com/manisa-yunusemre-merkez-efendi-satilik/daire/162776-28,"2.980.000
TL",2 + 1,140 m²,Manisa / Yunusemre / Merkez Efendi Mah.,Yunusemre
MANİSA ŞEHZADELER Akıncılar Mah. Full Lüx Ebeveny Banyolu Otoparklı Satılık Daire,https://www.hepsiemlak.com/manisa-sehzadeler-akincilar-satilik/daire/162290-13,"3.850.000
TL",3 + 1,130 m²,Manisa / Şehzadeler / Akıncılar Mah.,Şehzadeler
Manisa Kula Encekler Köyünde//Tektapu Bahçeli/620m2/2Ev Ve Ahır,https://www.hepsiemlak.com/manisa-kula-encekler-satilik/mustakil-ev/85846-2060,"1.750.000
TL",2 + 1,620 m²,Manisa / Kula / Encekler Mah.,Kula
Ergenekon Mahallesi,https://www.hepsiemlak.com/manisa-turgutlu-ergenekon-satilik/daire/164247-22,"5.950.000
TL",3 + 1,130 m²,Manisa / Turgutlu / Ergenekon Mah.,Turgutlu
"Manisa Çamköy 'de , Doğa içinde Fırsat Müstakil Ev",https://www.hepsiemlak.com/manisa-sehzadeler-camkoy-satilik/mustakil-ev/154167-111,"6.500.000
TL",4 + 1,120 m²,Manisa / Şehzadeler / Çamköy Mah.,Şehzadeler
MUSTAFA BAŞYİĞİT EMLAKTAN ERZURUMLULAR DERNEĞİ KARŞISI 2+1,https://www.hepsiemlak.com/manisa-akhisar-resat-bey-satilik/daire/162406-196,"3.200.000
TL",2 + 1,95 m²,Manisa / Akhisar / Reşat Bey Mah.,Akhisar
ERGENEKON MAHALLESİ 6+2 DUBLEKS,https://www.hepsiemlak.com/manisa-turgutlu-ergenekon-satilik/daire/164247-89,"15.000.000
TL",6 + 2,400 m²,Manisa / Turgutlu / Ergenekon Mah.,Turgutlu
3 ADAM EMLAK'TAN DÜKKAN&OFİS YAPINA UYGUN 3+1 DAİRE,https://www.hepsiemlak.com/manisa-akhisar-hurriyet-satilik/daire/143910-105,"2.300.000
TL",3 + 1,140 m²,Manisa / Akhisar / Hürriyet Mah.,Akhisar
Cengiz topel mahallesinde hükümet caddesi üzerinde satılık daire,https://www.hepsiemlak.com/manisa-saruhanli-cengiz-topel-satilik/daire/137495-189,"3.375.000
TL",3 + 1,130 m²,Manisa / Saruhanlı / Cengiz Topel Mah.,Saruhanlı
TAM NOKTA TURGUTLU'DAN KONUTLARDA SATILIK SIFIR DAİRE,https://www.hepsiemlak.com/manisa-turgutlu-ergenekon-satilik/daire/156788-126,"8.000.000
TL",3 + 1,160 m²,Manisa / Turgutlu / Ergenekon Mah.,Turgutlu
AKMAN GAYRİMENKULDEN KARAALİDE 3+1 KAPALI MUTFAK 130 M2 DAİRE,https://www.hepsiemlak.com/manisa-yunusemre-muradiye-satilik/daire/113243-2,"4.450.000
TL",3 + 1,140 m²,Manisa / Yunusemre / Muradiye Mah.,Yunusemre
Şehir Merkezinde Ulupark yakını 3+1 Otoparklı Daire,https://www.hepsiemlak.com/manisa-sehzadeler-akincilar-satilik/daire/154167-346,"4.500.000
TL",3 + 1,116 m²,Manisa / Şehzadeler / Akıncılar Mah.,Şehzadeler
Salihli Cumhuriyet Mahallesinde Satılık daire,https://www.hepsiemlak.com/manisa-salihli-cumhuriyet-satilik/daire/138755-290,"4.450.000
TL",3 + 1,130 m²,Manisa / Salihli / Cumhuriyet Mah.,Salihli
3 ADAM EMLAK'TAN REŞATBEY MH. SATILIK 5+1 DUBLEKS DAİRE,https://www.hepsiemlak.com/manisa-akhisar-resat-bey-satilik/daire/143910-107,"8.500.000
TL",5 + 1,191 m²,Manisa / Akhisar / Reşat Bey Mah.,Akhisar
Çarşı Merkezde 2+1 Satılık Daire,https://www.hepsiemlak.com/manisa-turgutlu-yedi-eylul-satilik/daire/160048-42,"2.199.000
TL",2 + 1,100 m²,Manisa / Turgutlu / Yedi Eylül Mah.,Turgutlu
yedi Eylül mahallesi de satılık yüksek zemin acil.satilik,https://www.hepsiemlak.com/manisa-turgutlu-yedi-eylul-satilik/daire/154559-28,"3.150.000
TL",3 + 1,130 m²,Manisa / Turgutlu / Yedi Eylül Mah.,Turgutlu
"ÖZGÜN GM'DEN-GÜZELYURT'TA SATILIK 4+1 FIRSAT ""TEK YETKİLİ"" ARAKAT DAİRE. FİYAT DÜŞTÜ",https://www.hepsiemlak.com/manisa-yunusemre-guzelyurt-satilik/daire/122193-585,"12.600.000
TL",4 + 1,240 m²,Manisa / Yunusemre / Güzelyurt Mah.,Yunusemre
3+1 CUMHURİYET MH SATILIK DAİRE,https://www.hepsiemlak.com/manisa-saruhanli-ataturk-satilik/daire/163108-3,"3.600.000
TL",3 + 1,120 m²,Manisa / Saruhanlı / Atatürk Mah.,Saruhanlı
TURPADAN YEDİEYLÜL MH.TERASLI ASANSÖRLÜ ULTRA LÜKS SATILIK DAİRE,https://www.hepsiemlak.com/manisa-turgutlu-yedi-eylul-satilik/daire/144722-196,"5.980.000
TL",3 + 1,230 m²,Manisa / Turgutlu / Yedi Eylül Mah.,Turgutlu
ayniali mh 4+1 200m2 asansörlü doğalgazlı teraslı dubleks,https://www.hepsiemlak.com/manisa-yunusemre-ayni-ali-satilik/daire/110165-1065,"5.500.000
TL",4 + 1,200 m²,Manisa / Yunusemre / Ayni Ali Mah.,Yunusemre
Ergenekon Mahallesi 3+1,https://www.hepsiemlak.com/manisa-turgutlu-ergenekon-satilik/daire/164247-92,"4.700.000
TL",3 + 1,130 m²,Manisa / Turgutlu / Ergenekon Mah.,Turgutlu
MUSTAFA BAŞYİĞİT EMLAKTAN CUMHURİYET MH SATILIK 2+1,https://www.hepsiemlak.com/manisa-akhisar-cumhuriyet-satilik/daire/162406-111,"2.550.000
TL",2 + 1,90 m²,Manisa / Akhisar / Cumhuriyet Mah.,Akhisar
TURGUTLU MERKEZDE SATILIK DAİRE,https://www.hepsiemlak.com/manisa-turgutlu-yilmazlar-satilik/daire/141766-251,"4.500.000
TL",3 + 1,145 m²,Manisa / Turgutlu / Yılmazlar Mah.,Turgutlu
Manisa Meydan Sitesi Havuz Cephe 2+1 Kapalı Mutfak Satılık Daire,https://www.hepsiemlak.com/manisa-yunusemre-uncubozkoy-satilik/daire/58372-5817,"9.980.000
TL",2 + 1,106 m²,Manisa / Yunusemre / Uncubozköy Mah.,Yunusemre
TAM NOKTA TURGUTLU'DAN ANKARA ASFALTINDA SATILIK DAİRE,https://www.hepsiemlak.com/manisa-turgutlu-selvilitepe-satilik/daire/156788-118,"6.000.000
TL",3 + 1,130 m²,Manisa / Turgutlu / Selvilitepe Mah.,Turgutlu
Manisa salihli M&Ş Gayrumenkulden satılık 4+1 ultra  lüks daire.....,https://www.hepsiemlak.com/manisa-salihli-saglik-satilik/daire/139585-111,"9.400.000
TL",4 + 1,210 m²,Manisa / Salihli / Sağlık Mah.,Salihli
160 METREKARE 3+1 DAİRE YIL SONU FIRSATI,https://www.hepsiemlak.com/manisa-turgutlu-yilmazlar-satilik/daire/156788-220,"3.140.000
TL",3 + 1,170 m²,Manisa / Turgutlu / Yılmazlar Mah.,Turgutlu
TURPA'DAN TURAN MH. SADIKLAR CİVARI SATILIK 3+1 GENİŞ DAİRE,https://www.hepsiemlak.com/manisa-turgutlu-turan-satilik/daire/144722-217,"3.100.000
TL",3 + 1,160 m²,Manisa / Turgutlu / Turan Mah.,Turgutlu
ZEKİ EMLAK'TAN MURADİYE'DE PANOROMA 2'DE SATILIK 2+1 K.MUTFAK D.,https://www.hepsiemlak.com/manisa-yunusemre-muradiye-satilik/daire/156185-384,"4.950.000
TL",2 + 1,100 m²,Manisa / Yunusemre / Muradiye Mah.,Yunusemre
MURADİYEDE ÇOK GÜZEL BİR DAİRE,https://www.hepsiemlak.com/manisa-yunusemre-muradiye-satilik/daire/162591-7,"4.250.000
TL",3 + 0,120 m²,Manisa / Yunusemre / Muradiye Mah.,Yunusemre
Turgutlar mahallesinde Satılık Sıfır Daire,https://www.hepsiemlak.com/manisa-turgutlu-turgutlar-satilik/daire/126164-317,"3.600.000
TL",2 + 1,115 m²,Manisa / Turgutlu / Turgutlar Mah.,Turgutlu
ÖZYURTLAR'DAN AKINCILAR'DA FULL LÜX YÜKSEK ZEMİN DAİRE,https://www.hepsiemlak.com/manisa-sehzadeler-akincilar-satilik/daire/162860-32,"3.850.000
TL",3 + 1,120 m²,Manisa / Şehzadeler / Akıncılar Mah.,Şehzadeler
Muradiye mah. 2+1 Açık Mutfak SIFIR DAİRE,https://www.hepsiemlak.com/manisa-yunusemre-muradiye-satilik/daire/163278-4,"3.150.000
TL",2 + 1,80 m²,Manisa / Yunusemre / Muradiye Mah.,Yunusemre
Manisa Şehzadeler Peker Mah. Full Lüks Geniş 3+1 Arakat,https://www.hepsiemlak.com/manisa-sehzadeler-peker-satilik/daire/95753-2036,"4.800.000
TL",3 + 1,130 m²,Manisa / Şehzadeler / Peker Mah.,Şehzadeler
3 ADAM EMLAK'TAN SÜLEYMANLI MH SATILIK HARİKA VİLLA,https://www.hepsiemlak.com/manisa-akhisar-suleymanli-satilik/villa/143910-97,"13.500.000
TL",4 + 1,390 m²,Manisa / Akhisar / Süleymanlı Mah.,Akhisar
MANİSA TURGUTLU KURTULUŞ M SATILIK 2+1 DAİRE,https://www.hepsiemlak.com/manisa-turgutlu-kurtulus-satilik/daire/164007-25,"2.500.000
TL",2 + 1,100 m²,Manisa / Turgutlu / Kurtuluş Mah.,Turgutlu
EMİR GRUP'TAN ÇAKRA PARK YANI 3+1 140M OTOPARKLI 9.YILLIK ARAKAT,https://www.hepsiemlak.com/manisa-yunusemre-merkez-efendi-satilik/daire/163565-23,"5.950.000
TL",3 + 1,140 m²,Manisa / Yunusemre / Merkez Efendi Mah.,Yunusemre
PAVİLİON GARDEN'DA 2+1 AÇIK MUTFAKLI DAİRE,https://www.hepsiemlak.com/manisa-turgutlu-ergenekon-satilik/daire/123058-1833,"4.250.000
TL",2 + 1,105 m²,Manisa / Turgutlu / Ergenekon Mah.,Turgutlu
