Baslik,Fiyat,Il,Ilce,Mahalle,Konum,Oda,M2,Banyo,Kat,Bina_Yasi,Isinma,Balkon,Asansor,Garaj,Yapı Durumu,Kullanım Durumu,Tapu Durumu,Cephe,Yön,Aidat,Krediye Uygun,Takas,Site İçinde,Güvenlik,Eşya Durumu,İlan Durumu,Ilan_No,Ilan_Tarihi,Link,Cekilme_Tarihi
ALAŞEHİR YENİCE MH DE ARA KAT SATILIK GAR KARŞISINDA DAİRE,3.500.000 TL,Manisa,Alasehir,Yenice Mah.,Manisa / Alasehir / Yenice Mah.,3 + 1,120,1,3. Kat,7 Yaşında,Merkezi,Var,Var,Yok,İkinci El,Boş,Kat İrtifakı,-,etin,-,...,-,Haritası,Hatırlatmaları,Eşyalı Değil,Satılık,160695-51,02-12-2025,https://www.hepsiemlak.com/manisa-alasehir-yenice-satilik/daire/160695-51,2025-12-02 15:02:13
Yatırımlık fırsat daire,2.150.000 TL,Manisa,Turgutlu,Istiklal Mah.,Manisa / Turgutlu / Istiklal Mah.,2 + 1,85,1,4. Kat,31 Yaşında,Isıtma Yok,Yok,Yok,Yok,-,Boş,Kat Mülkiyeti,"Güney, Batı",etin,-,...,Hayır,Haritası,Hatırlatmaları,Eşyalı Değil,Satılık,164247-104,02-12-2025,https://www.hepsiemlak.com/manisa-turgutlu-istiklal-satilik/daire/164247-104,2025-12-02 15:02:37
MUSTAFA BAŞYİĞİT EMLAK'TAN SATILIK DAİRE TAHİR ÜN CADDESİNDE,3.850.000 TL,Manisa,Akhisar,Pasa Mah.,Manisa / Akhisar / Pasa Mah.,3 + 1,165,1,1. Kat,21 Yaşında,Kombi,Yok,Yok,Yok,-,Boş,Kat Mülkiyeti,-,etin,-,...,Hayır,Haritası,Hatırlatmaları,Eşyalı Değil,Satılık,162406-244,02-12-2025,https://www.hepsiemlak.com/manisa-akhisar-pasa-satilik/daire/162406-244,2025-12-02 15:02:59
Ragıpbey'de 150 m² 3+1 Doğalgazlı ve Asansörlü Geniş Daire,3.500.000 TL,Manisa,Akhisar,Ragip Mah.,Manisa / Akhisar / Ragip Mah.,3 + 1,150,1,3. Kat,6 Yaşında,Kombi,Yok,Var,Yok,-,Boş,Kat İrtifakı,"Doğu, Batı",etin,-,...,Hayır,Haritası,Hatırlatmaları,Eşyalı Değil,Satılık,86919-650,02-12-2025,https://www.hepsiemlak.com/manisa-akhisar-ragip-bey-satilik/daire/86919-650,2025-12-02 15:03:24
Muradiye Merkezi konum 2+1 Bahçeli Yüksek Zemin,3.500.000 TL,Manisa,Yunusemre,Muradiye Mah.,Manisa / Yunusemre / Muradiye Mah.,2 + 1,110,1,Yüksek Giriş,5 Yaşında,Kombi,Var,Var,Yok,-,Boş,Kat Mülkiyeti,-,etin,-,...,Evet,Haritası,Hatırlatmaları,Eşyalı Değil,Satılık,163278-68,02-12-2025,https://www.hepsiemlak.com/manisa-yunusemre-muradiye-satilik/daire/163278-68,2025-12-02 17:19:45
Mimar sinan parkı yanı geniş ferah harika bir daire,3.550.000 TL,Manisa,Turgutlu,Selvilitepe Mah.,Manisa / Turgutlu / Selvilitepe Mah.,3 + 1,145,1,3. Kat,17 Yaşında,Kombi,Yok,Var,Var,İkinci El,Boş,Kat İrtifakı,"Güney, Batı",etin,1 TL,...,Hayır,Haritası,Hatırlatmaları,-,Satılık,131579-6,28-11-2025,https://www.hepsiemlak.com/manisa-turgutlu-selvilitepe-satilik/daire/131579-6,2025-12-02 17:20:03
"Cumhuriyet Mahallesi'nde Asansörlü, Köşe Konum 3+1 Fırsat Daire",4.600.000 TL,Manisa,Turgutlu,Cumhuriyet Mah.,Manisa / Turgutlu / Cumhuriyet Mah.,3 + 1,130,1,2. Kat,6 Yaşında,Kombi,Var,Var,Yok,-,Boş,Kat İrtifakı,-,etin,-,...,Hayır,Haritası,Hatırlatmaları,Eşyalı Değil,Satılık,164259-15,01-12-2025,https://www.hepsiemlak.com/manisa-turgutlu-cumhuriyet-satilik/daire/164259-15,2025-12-02 17:20:23
ALAŞEHİR GARANTİ EMLAKTA SATILIK 1+1,1.700.000 TL,Manisa,Alasehir,Fatih Mah.,Manisa / Alasehir / Fatih Mah.,1 + 1,47,1,2. Kat,Sıfır Bina,Kombi,Yok,Yok,Yok,-,Boş,Kat İrtifakı,-,etin,-,...,Hayır,Haritası,Hatırlatmaları,Eşyalı Değil,Satılık,155862-30,26-11-2025,https://www.hepsiemlak.com/manisa-alasehir-fatih-satilik/daire/155862-30,2025-12-02 17:20:42
GÜZEL KONUMDA KALİTELİ İŞÇİLİK 2+1 GENİŞ SATILIK SIFIR DAİRE,3.100.000 TL,Manisa,Turgutlu,Mustafa Mah.,Manisa / Turgutlu / Mustafa Mah.,2 + 1,107,1,2. Kat,Sıfır Bina,Kombi,Yok,Var,Var,-,Boş,Kat İrtifakı,"Güney, Doğu",etin,-,...,Evet,Haritası,Hatırlatmaları,Eşyalı Değil,Satılık,164247-13,27-11-2025,https://www.hepsiemlak.com/manisa-turgutlu-mustafa-kemal-satilik/daire/164247-13,2025-12-02 17:21:05
MANİSA GÜZELYURT ÖZGE SİTESİNDE SATILIK TRİPLEKS VİLLA,15.500.000 TL,Manisa,Yunusemre,Guzelyurt Mah.,Manisa / Yunusemre / Guzelyurt Mah.,4 + 1,270,3,-,25 Yaşında,Kombi,Yok,Yok,Var,İkinci El,Kiracılı,Kat İrtifakı,"Kuzey, Güney, Doğu, Batı",etin,-,...,Hayır,İçerisinde,Hatırlatmaları,Eşyalı Değil,Satılık,94966-814,01-12-2025,https://www.hepsiemlak.com/manisa-yunusemre-guzelyurt-satilik/villa/94966-814,2025-12-02 17:21:24
AKMAN GAYRİMENKUL'DEN ÜÇPINAR MH'DE SATILIK MÜSTAKİL EV,4.200.000 TL,Manisa,Yunusemre,Ucpinar Mah.,Manisa / Yunusemre / Ucpinar Mah.,4 + 1,130,1,Bahçe Katı,4 Yaşında,Soba,Yok,Yok,Var,-,Mülk Sahibi,Müstakil Tapulu,-,etin,-,...,Evet,Haritası,Hatırlatmaları,Eşyalı Değil,Satılık,113243-68,18-11-2025,https://www.hepsiemlak.com/manisa-yunusemre-ucpinar-satilik/mustakil-ev/113243-68,2025-12-02 17:21:47
Pazar pazarında 2+1 geniş kilerli sahibinden satılık,2.400.000 TL,Manisa,Akhisar,Ataturk Mah.,Manisa / Akhisar / Ataturk Mah.,2 + 1,120,1,1. Kat,15 Yaşında,Kombi,Yok,Yok,Yok,İkinci El,Mülk Sahibi,Kat İrtifakı,"Güney, Batı",etin,-,...,Hayır,Haritası,Hatırlatmaları,Eşyalı Değil,Satılık,0-39148217,05-10-2025,https://www.hepsiemlak.com/manisa-akhisar-ataturk-satilik/daire/0-39148217,2025-12-02 17:22:06
PEKER MAHALLESİNDE EMSALSİZ ASANSÖRLÜ ARAKAT DAİRE,4.750.000 TL,Manisa,Sehzadeler,Peker Mah.,Manisa / Sehzadeler / Peker Mah.,3 + 1,130,1,2. Kat,16 Yaşında,Kombi,Var,Var,Yok,-,Boş,Kat Mülkiyeti,-,etin,-,...,Evet,Haritası,Hatırlatmaları,Eşyalı Değil,Satılık,161259-10,22-10-2025,https://www.hepsiemlak.com/manisa-sehzadeler-peker-satilik/daire/161259-10,2025-12-02 17:22:27
GÖKTAŞLI MAH. 3+1 KAPALI MUTFAK ÖZELLİKLİ DAİRE,3.295.000 TL,Manisa,Sehzadeler,Goktasli Mah.,Manisa / Sehzadeler / Goktasli Mah.,3 + 1,135,1,2. Kat,21 Yaşında,Kombi,Yok,Yok,Yok,-,Boş,Kat İrtifakı,-,etin,-,...,Evet,Haritası,Hatırlatmaları,Eşyalı Değil,Satılık,163278-7,24-11-2025,https://www.hepsiemlak.com/manisa-sehzadeler-goktasli-satilik/daire/163278-7,2025-12-02 17:23:07
MANİSA ŞEHZADELER PEKER MAHALLESİ 2+1 SATILIK DAİRE,3.375.000 TL,Manisa,Sehzadeler,Peker Mah.,Manisa / Sehzadeler / Peker Mah.,2 + 1,110,1,4. Kat,16 Yaşında,Kombi,Var,Var,Var,-,Boş,Müstakil Tapulu,-,etin,1 TL,...,Hayır,Haritası,Hatırlatmaları,Eşyalı Değil,Satılık,162290-28,18-09-2025,https://www.hepsiemlak.com/manisa-sehzadeler-peker-satilik/daire/162290-28,2025-12-02 17:23:48
GÖKAYLAR GAYRİMENKUL'den DUBLEKS SATILIK DAİRE,3.200.000 TL,Manisa,Alasehir,Fatih Mah.,Manisa / Alasehir / Fatih Mah.,3 + 1,145,2,3. Kat,Sıfır Bina,Kombi,Yok,Yok,Yok,-,Boş,Müstakil Tapulu,"Kuzey, Güney, Batı",etin,-,...,Hayır,Haritası,Hatırlatmaları,Eşyalı Değil,Satılık,156372-49,03-11-2025,https://www.hepsiemlak.com/manisa-alasehir-fatih-satilik/daire/156372-49,2025-12-02 17:24:11
MANİSA KIRKAĞAÇ FAHRİ SERTEL EMLAKTAN 3+1 SATILIK DAİRE,2.075.000 TL,Manisa,Kirkagac,Sair Mah.,Manisa / Kirkagac / Sair Mah.,3 + 1,115,1,Ara Kat,28 Yaşında,Kombi,Yok,Yok,Var,-,-,Müstakil Tapulu,-,etin,-,...,-,Haritası,Hatırlatmaları,-,Satılık,144740-251,30-11-2025,https://www.hepsiemlak.com/manisa-kirkagac-sair-esref-satilik/daire/144740-251,2025-12-02 17:24:31
ALAYBEY MAH. 15 YILLIK BİNADA 2+1 KAPALI MUTFAK SATILIK DAİRE,3.490.000 TL,Manisa,Sehzadeler,Alaybey Mah.,Manisa / Sehzadeler / Alaybey Mah.,2 + 1,105,1,1. Kat,11 Yaşında,Kombi,Yok,Yok,Yok,-,Boş,Kat İrtifakı,-,etin,-,...,Evet,Haritası,Hatırlatmaları,Eşyalı,Satılık,163278-33,24-11-2025,https://www.hepsiemlak.com/manisa-sehzadeler-alaybey-satilik/daire/163278-33,2025-12-02 17:24:53
Manisa Yunusemre Atatürk Mah. Full Lüks 2+1 Arakat Asansörlü Cadde Üstünde,3.695.000 TL,Manisa,Yunusemre,Ataturk Mah.,Manisa / Yunusemre / Ataturk Mah.,2 + 1,90,1,Ara Kat,5 Yaşında,Kombi,Var,Var,Var,Sıfır,Mülk Sahibi,Kat Mülkiyeti,"Kuzey, Güney, Doğu, Batı",etin,200 TL,...,Hayır,Haritası,Hatırlatmaları,Eşyalı Değil,Satılık,95753-2086,13-11-2025,https://www.hepsiemlak.com/manisa-yunusemre-ataturk-satilik/daire/95753-2086,2025-12-02 17:25:23
YENİ MAH CADDE ÜZERİNDE FULL TADİLATLI SATILIK 3+1 DAİRE,3.700.000 TL,Manisa,Yunusemre,Yeni Mah.,Manisa / Yunusemre / Yeni Mah.,3 + 1,130,1,4. Kat,30 Yaşında,Kombi,Yok,Yok,Var,İkinci El,-,Kat İrtifakı,-,etin,-,...,Evet,Haritası,Hatırlatmaları,Eşyalı Değil,Satılık,162376-16,20-11-2025,https://www.hepsiemlak.com/manisa-yunusemre-yeni-mahalle-satilik/daire/162376-16,2025-12-02 17:25:48
ÖZYURTLAR'DAN YENİ HARMANDALI'DA FULL LÜX MÜSTAKİL,4.650.000 TL,Manisa,Sehzadeler,Yeniharmandali Mah.,Manisa / Sehzadeler / Yeniharmandali Mah.,2 + 1,300,1,Villa Katı,1 Yaşında,Yerden Isıtma,Yok,Var,Yok,-,Mülk Sahibi,Kat İrtifakı,-,etin,-,...,Evet,Haritası,Hatırlatmaları,Eşyalı Değil,Satılık,162860-29,06-10-2025,https://www.hepsiemlak.com/manisa-sehzadeler-yeniharmandali-satilik/daire/162860-29,2025-12-02 17:26:19
MANİSA KIRKAĞAÇ MERKEZDE ALYAPSATA UYGUN GENİŞ FERAH daire,1.190.000 TL,Manisa,Kirkagac,Sair Mah.,Manisa / Kirkagac / Sair Mah.,2 + 1,115,1,4. Kat,21 Yaşında,Kombi,Yok,Yok,Yok,-,Boş,Kat Mülkiyeti,"Doğu, Batı",etin,10 TL,...,Evet,Haritası,Hatırlatmaları,Eşyalı Değil,Satılık,113856-724,15-10-2025,https://www.hepsiemlak.com/manisa-kirkagac-sair-esref-satilik/daire/113856-724,2025-12-02 17:26:44
MANİSA ŞEHZADELER AKINÇILAR MAHALLESİ SATILIK DAİRE,3.875.000 TL,Manisa,Sehzadeler,Akincilar Mah.,Manisa / Sehzadeler / Akincilar Mah.,3 + 1,115,1,3. Kat,26 Yaşında,Kombi,Yok,Var,Var,-,Boş,Müstakil Tapulu,-,etin,-,...,Hayır,Haritası,Hatırlatmaları,Eşyalı Değil,Satılık,162290-52,25-09-2025,https://www.hepsiemlak.com/manisa-sehzadeler-akincilar-satilik/daire/162290-52,2025-12-02 17:27:17
KIRKAĞAÇ BAKIR KÖYÜN'DE SATILIK MÜSTAKİL EV,3.500.000 TL,Manisa,Kirkagac,Bakir Mah.,Manisa / Kirkagac / Bakir Mah.,2 + 1,100,1,-,50 Yaşında,Soba,Yok,Yok,Yok,İkinci El,Mülk Sahibi,Müstakil Tapulu,-,etin,-,...,Hayır,Haritası,Hatırlatmaları,Eşyalı,Satılık,21655-3647,30-11-2025,https://www.hepsiemlak.com/manisa-kirkagac-bakir-satilik/mustakil-ev/21655-3647,2025-12-02 17:27:40
ÖZEL TASARIM 6+1 HAVUZLU KÖŞE KONUMLU VİLLA,24.990.000 TL,Manisa,Turgutlu,Ergenekon Mah.,Manisa / Turgutlu / Ergenekon Mah.,6 + 1,370,3,Bahçe Katı,6 Yaşında,Yerden Isıtma,Yok,Yok,Yok,-,Mülk Sahibi,Müstakil Tapulu,"Kuzey, Güney, Doğu, Batı",etin,-,...,Hayır,Haritası,Hatırlatmaları,Eşyalı,Satılık,155797-74,17-11-2025,https://www.hepsiemlak.com/manisa-turgutlu-ergenekon-satilik/villa/155797-74,2025-12-02 17:28:36
Turgutlu MUSTAFA KEMAL Mahallesi'nde SATILIK 2+1 DAİRE,2.750.000 TL,Manisa,Turgutlu,Mustafa Mah.,Manisa / Turgutlu / Mustafa Mah.,2 + 1,85,1,3. Kat,5 Yaşında,Kombi,Var,Var,Var,-,Kiracılı,Kat İrtifakı,"Kuzey, Doğu",etin,-,...,Hayır,Haritası,Hatırlatmaları,Eşyalı Değil,Satılık,156738-58,01-12-2025,https://www.hepsiemlak.com/manisa-turgutlu-mustafa-kemal-satilik/daire/156738-58,2025-12-02 17:29:08
Yunus Emre -Barbaros Mahallesi'nde Satılık 2+1 Yeni Daire,3.100.000 TL,Manisa,Yunusemre,Barbaros Mah.,Manisa / Yunusemre / Barbaros Mah.,2 + 1,80,1,2. Kat,4 Yaşında,Kombi,Var,Var,Yok,-,Kiracılı,Kat Mülkiyeti,"Doğu, Batı",etin,100 TL,...,Evet,Satılık 2+1 Daire,Hatırlatmaları,Eşyalı Değil,Satılık,151707-48,24-10-2025,https://www.hepsiemlak.com/manisa-yunusemre-barbaros-satilik/daire/151707-48,2025-12-02 17:29:36
ANADOLU LİSESİ ARKASINDA ARAKAT SATILIK 1+1 DAİRE,1.150.000 TL,Manisa,Ahmetli,Guldede Mah.,Manisa / Ahmetli / Guldede Mah.,1 + 1,80,1,2. Kat,5 Yaşında,Kombi,Yok,Yok,Yok,-,Boş,Kat Mülkiyeti,Doğu,etin,-,...,Hayır,Haritası,Hatırlatmaları,Eşyalı Değil,Satılık,159252-20,05-11-2025,https://www.hepsiemlak.com/manisa-ahmetli-guldede-satilik/daire/159252-20,2025-12-02 17:29:58
ERSOY'DAN İBRAHİM ÇELEBİ MH 3+1 ARA KAT 115M² FULL TADİLATLI UYGUN FİYATLI KAÇIRILMAYACAK DAİRE,3.550.000 TL,Manisa,Sehzadeler,Ibrahimcelebi Mah.,Manisa / Sehzadeler / Ibrahimcelebi Mah.,3 + 1,120,1,3. Kat,25 Yaşında,Kombi,Var,Var,Yok,İkinci El,-,Kat İrtifakı,-,etin,-,...,Hayır,Haritası,Hatırlatmaları,Eşyalı Değil,Satılık,114523-388,12-09-2025,https://www.hepsiemlak.com/manisa-sehzadeler-ibrahimcelebi-satilik/daire/114523-388,2025-12-02 17:30:25
Manisa Şehzadeler Saruhan Mh 3+1 Bahçeli Yüksek Zemin,3.975.000 TL,Manisa,Sehzadeler,Mimar Mah.,Manisa / Sehzadeler / Mimar Mah.,3 + 1,120,1,Bahçe Katı,21 Yaşında,Kombi,Yok,Var,Yok,İkinci El,Boş,Kat Mülkiyeti,"Kuzey, Güney, Doğu, Batı",etin,300 TL,...,Evet,Haritası,Hatırlatmaları,-,Satılık,95753-2065,08-11-2025,https://www.hepsiemlak.com/manisa-sehzadeler-mimar-sinan-satilik/daire/95753-2065,2025-12-02 17:30:59
ESLİFE'DAN ACİL 3.KAT FIRSAT 3+1 DAİRE,1.595.000 TL,Manisa,Turgutlu,Yildirim Mah.,Manisa / Turgutlu / Yildirim Mah.,3 + 1,120,1,2. Kat,26 Yaşında,Isıtma Yok,Yok,Yok,Yok,-,Boş,Kat Mülkiyeti,"Kuzey, Güney",etin,-,...,Evet,Haritası,Hatırlatmaları,Eşyalı Değil,Satılık,136231-35,16-10-2025,https://www.hepsiemlak.com/manisa-turgutlu-yildirim-satilik/daire/136231-35,2025-12-02 17:31:26
sahibinden satılık daire,3.950.000 TL,Manisa,Sehzadeler,2 Mah.,Manisa / Sehzadeler / 2 Mah.,3 + 1,120,1,Ara Kat,25 Yaşında,Kombi,Var,Var,Var,İkinci El,Boş,Kat Mülkiyeti,Batı,etin,130 TL,...,Hayır,Haritası,Hatırlatmaları,Eşyalı Değil,Satılık,0-45542350,04-11-2025,https://www.hepsiemlak.com/manisa-sehzadeler-2-anafartalar-satilik/daire/0-45542350,2025-12-02 17:31:54
MANİSA ŞEHZADELER Zirve Emlak'tan Alaybey Mh Kaçırılmayacak fırsat lüxs Arakat,3.495.000 TL,Manisa,Sehzadeler,Alaybey Mah.,Manisa / Sehzadeler / Alaybey Mah.,3 + 1,130,1,4. Kat,21 Yaşında,Kombi,Yok,Var,Var,-,Boş,Kat İrtifakı,"Kuzey, Güney, Doğu, Batı",etin,-,...,Evet,Haritası,Hatırlatmaları,Eşyalı Değil,Satılık,162290-17,28-09-2025,https://www.hepsiemlak.com/manisa-sehzadeler-alaybey-satilik/daire/162290-17,2025-12-02 17:32:19
AKHİSAR ŞEYHİSA MAHALLESİNDE 73m2 SATILIK MÜSTAKİL,565.000 TL,Manisa,Akhisar,Seyhisa Mah.,Manisa / Akhisar / Seyhisa Mah.,1 + 1,73,-,Bahçe Katı,31 Yaşında,Isıtma Yok,Yok,Yok,Yok,-,Boş,Müstakil Tapulu,-,etin,-,...,Hayır,Haritası,Hatırlatmaları,Eşyalı Değil,Satılık,162211-40,11-11-2025,https://www.hepsiemlak.com/manisa-akhisar-seyhisa-satilik/mustakil-ev/162211-40,2025-12-02 17:32:47
Merkezi yerde Müstakil Ev,1.725.000 TL,Manisa,Akhisar,Seyhisa Mah.,Manisa / Akhisar / Seyhisa Mah.,3 + 1,91,1,-,40 Yaşında,Soba,Yok,Yok,Yok,İkinci El,Kiracılı,Müstakil Tapulu,"Kuzey, Güney, Batı",etin,-,...,Hayır,Haritası,Hatırlatmaları,Eşyalı Değil,Satılık,0-45677862,02-12-2025,https://www.hepsiemlak.com/manisa-akhisar-seyhisa-satilik/mustakil-ev/0-45677862,2025-12-02 17:33:32
Turgutlar Mahallesi Satılık Uygun Fiyat Daire,2.680.000 TL,Manisa,Turgutlu,Turgutlar Mah.,Manisa / Turgutlu / Turgutlar Mah.,3 + 1,115,1,3. Kat,1 Yaşında,Kombi,Yok,Yok,Yok,-,Mülk Sahibi,Kat Mülkiyeti,-,etin,-,...,Hayır,Haritası,Hatırlatmaları,Eşyalı Değil,Satılık,160048-62,09-11-2025,https://www.hepsiemlak.com/manisa-turgutlu-turgutlar-satilik/daire/160048-62,2025-12-02 17:34:00
İdris emlaktan satılık dubleks Tevfikiye mah,7.100.000 TL,Manisa,Yunusemre,Tevfikiye Mah.,Manisa / Yunusemre / Tevfikiye Mah.,4 + 1,160,2,Çatı Katı,16 Yaşında,Kombi,Var,Var,Var,-,Kiracılı,Kat İrtifakı,-,etin,200 TL,...,Evet,Haritası,Hatırlatmaları,Eşyalı Değil,Satılık,22991-768,23-10-2025,https://www.hepsiemlak.com/manisa-yunusemre-tevfikiye-satilik/daire/22991-768,2025-12-02 17:34:26
MANİSA SALİHLİ YÖRÜK MAHALLESİ CAN HASTANESİ DOĞUSUNDA SATILIK 1.KAT 3+1 DAİRE,3.400.000 TL,Manisa,Salihli,Yoruk Mah.,Manisa / Salihli / Yoruk Mah.,3 + 1,125,1,Yüksek Giriş,18 Yaşında,Kombi,Yok,Yok,Yok,-,Boş,Kat Mülkiyeti,"Kuzey, Doğu, Batı",etin,-,...,-,içerisinde 5 nci kat Satılık Daire,Hatırlatmaları,Eşyalı Değil,Satılık,138755-303,02-12-2025,https://www.hepsiemlak.com/manisa-salihli-yoruk-satilik/daire/138755-303,2025-12-02 17:34:54
SARUHANLI CENGİZ TOPEL MAH. 50m2 CADDE ÜZERİ DÜKKAN SATILIKTIR,2.700.000 TL,Manisa,Saruhanli,Cengiz Mah.,Manisa / Saruhanli / Cengiz Mah.,1 + 1,50,1,Yüksek Giriş,1 Yaşında,Isıtma Yok,Yok,Yok,Yok,-,-,Müstakil Tapulu,-,etin,-,...,-,Haritası,Hatırlatmaları,-,Satılık,106564-492,16-10-2025,https://www.hepsiemlak.com/manisa-saruhanli-cengiz-topel-satilik/daire/106564-492,2025-12-02 17:35:22
MANİSA AKHİSAR EFENDİ MAH. SATILIK 1+1 MUSTAKİL EV 750.000TL,750.000 TL,Manisa,Akhisar,Efendi Mah.,Manisa / Akhisar / Efendi Mah.,1 + 1,34,1,-,10 Yaşında,Soba,Yok,Yok,Yok,İkinci El,Boş,Arsa,-,etin,-,...,-,Haritası,Hatırlatmaları,Eşyalı Değil,Satılık,143974-316,06-11-2025,https://www.hepsiemlak.com/manisa-akhisar-efendi-satilik/mustakil-ev/143974-316,2025-12-02 17:35:47
Fırsat! Kaynak Mah 120 m² Şehir Manzaralı 3+1 Daire,2.950.000 TL,Manisa,Yunusemre,Kaynak Mah.,Manisa / Yunusemre / Kaynak Mah.,3 + 1,125,1,5. Kat,26 Yaşında,Kombi,Yok,Yok,Yok,-,Mülk Sahibi,Kat İrtifakı,-,etin,-,...,Evet,Haritası,Hatırlatmaları,-,Satılık,162376-2,18-10-2025,https://www.hepsiemlak.com/manisa-yunusemre-kaynak-satilik/daire/162376-2,2025-12-02 17:36:18
SAHİBİNDEN....Manisa'nın en güzel konumunda 3+1karanlık odası olmayan çift cepheli ferah daire.,4.650.000 TL,Manisa,Sehzadeler,2 Mah.,Manisa / Sehzadeler / 2 Mah.,3 + 1,135,1,4. Kat,26 Yaşında,Kombi,Var,Var,Yok,İkinci El,Boş,Kat Mülkiyeti,Doğu,etin,-,...,-,Haritası,Hatırlatmaları,Eşyalı Değil,Satılık,0-45297612,29-11-2025,https://www.hepsiemlak.com/manisa-sehzadeler-2-anafartalar-satilik/daire/0-45297612,2025-12-02 17:36:45
CUMHURİYET MAHALLESİ ZEMİN ÜSTÜ KERVAN YOLU DİBİNDE FIRSAT DAİRE,2.475.000 TL,Manisa,Turgutlu,Cumhuriyet Mah.,Manisa / Turgutlu / Cumhuriyet Mah.,2 + 1,90,1,1. Kat,6 Yaşında,Kombi,Yok,Var,Var,-,Boş,Kat İrtifakı,"Kuzey, Güney",etin,-,...,Hayır,Haritası,Hatırlatmaları,Eşyalı Değil,Satılık,164247-83,21-11-2025,https://www.hepsiemlak.com/manisa-turgutlu-cumhuriyet-satilik/daire/164247-83,2025-12-02 17:37:20
"ZEKİ EMLAK'TAN MURADİYE'DE SATILIK 3+1 AYRI MUTFAK,ARAKAT DAİRE",3.950.000 TL,Manisa,Yunusemre,Muradiye Mah.,Manisa / Yunusemre / Muradiye Mah.,3 + 1,130,1,2. Kat,8 Yaşında,Kombi,Yok,Var,Var,İkinci El,Boş,Kat İrtifakı,-,etin,-,...,Hayır,Haritası,Hatırlatmaları,Eşyalı Değil,Satılık,156185-408,24-11-2025,https://www.hepsiemlak.com/manisa-yunusemre-muradiye-satilik/daire/156185-408,2025-12-02 17:37:49
SALİHLİ CİN EMLAK'TAN ÇAPAKLI MAH SATILIK MÜSTAKİL EV VE ARSASI,2.000.000 TL,Manisa,Salihli,Capakli Mah.,Manisa / Salihli / Capakli Mah.,2 + 1,345,1,-,15 Yaşında,Soba,Yok,Yok,Yok,İkinci El,Mülk Sahibi,Kat Mülkiyeti,"Kuzey, Güney, Doğu, Batı",etin,-,...,-,içerisinde 5 nci kat Satılık Daire,Hatırlatmaları,Eşyalı Değil,Satılık,37897-2546,27-09-2025,https://www.hepsiemlak.com/manisa-salihli-capakli-satilik/mustakil-ev/37897-2546,2025-12-02 17:38:37
EMSALSİZ FIRSAT EŞYALI 1+1 DAİREMİZ,2.340.000 TL,Manisa,Yunusemre,Muradiye Mah.,Manisa / Yunusemre / Muradiye Mah.,1 + 1,70,1,3. Kat,Sıfır Bina,Kombi,Yok,Yok,Yok,-,Boş,Kat İrtifakı,-,etin,100 TL,...,Hayır,Haritası,Hatırlatmaları,Eşyalı,Satılık,153592-32,03-11-2025,https://www.hepsiemlak.com/manisa-yunusemre-muradiye-satilik/daire/153592-32,2025-12-02 17:39:09
Çınarlıkuyu mahallesi 2+1 Sıfır Taş Köy Evi,3.290.000 TL,Manisa,Sehzadeler,Cinarlikuyu Mah.,Manisa / Sehzadeler / Cinarlikuyu Mah.,2 + 1,130,1,-,Sıfır Bina,Klima,Yok,Yok,Yok,Sıfır,Mülk Sahibi,Müstakil Tapulu,"Güney, Doğu",etin,-,...,Evet,Haritası,Hatırlatmaları,Eşyalı Değil,Satılık,0-45497369,01-11-2025,https://www.hepsiemlak.com/manisa-sehzadeler-cinarlikuyu-satilik/mustakil-ev/0-45497369,2025-12-02 17:39:32
OSMANCALI ARSA İÇİNDE KÖY EVİ VAR,3.500.000 TL,Manisa,Yunusemre,Osmancali Mah.,Manisa / Yunusemre / Osmancali Mah.,3 + 1,430,1,-,25 Yaşında,Klima,Yok,Yok,Yok,İkinci El,Boş,Müstakil Tapulu,-,etin,-,...,Hayır,Haritası,Hatırlatmaları,Eşyalı Değil,Satılık,86276-1242,26-11-2025,https://www.hepsiemlak.com/manisa-yunusemre-osmancali-satilik/koy-evi/86276-1242,2025-12-02 17:39:57
SAKARYA MAH SATILIK 2+1 KAPALI MUTFAK EŞYALI YÜKSEK ZEMİN,2.950.000 TL,Manisa,Sehzadeler,Sakarya Mah.,Manisa / Sehzadeler / Sakarya Mah.,2 + 1,85,1,Yüksek Giriş,25 Yaşında,Klima,Yok,Yok,Yok,İkinci El,Kiracılı,Kat İrtifakı,"Doğu, Batı",etin,-,...,Evet,Haritası,Hatırlatmaları,Eşyalı,Satılık,70124-3984,25-11-2025,https://www.hepsiemlak.com/manisa-sehzadeler-sakarya-satilik/daire/70124-3984,2025-12-02 17:40:21
ALTIEYLÜL OKULU KARŞISI SATILIK FIRSAT NİTELİĞİNDE 3+1 DAİRE,2.100.000 TL,Manisa,Akhisar,Haci Mah.,Manisa / Akhisar / Haci Mah.,3 + 1,140,1,1. Kat,26 Yaşında,Klima,Yok,Var,Yok,İkinci El,Boş,Kat Mülkiyeti,"Doğu, Batı",etin,-,...,-,Haritası,Hatırlatmaları,Eşyalı Değil,Satılık,94123-2738,06-11-2025,https://www.hepsiemlak.com/manisa-akhisar-haci-ishak-satilik/daire/94123-2738,2025-12-02 17:40:41
Manisa Çarşı Merkezde Acil Satılık Özellikli Daire,2.950.000 TL,Manisa,Sehzadeler,Akincilar Mah.,Manisa / Sehzadeler / Akincilar Mah.,3 + 1,105,1,En Üst Kat,25 Yaşında,Kombi,Var,Yok,Yok,İkinci El,Mülk Sahibi,Kat İrtifakı,"Doğu, Batı",etin,100 TL,...,Evet,Haritası,Hatırlatmaları,Eşyalı Değil,Satılık,0-40616978,04-11-2025,https://www.hepsiemlak.com/manisa-sehzadeler-akincilar-satilik/daire/0-40616978,2025-12-02 17:41:03
MANİSA YUNUSEMRE 225 M2 4+1 DUBLEKS DAİRE,8.850.000 TL,Manisa,Yunusemre,Kuyualan Mah.,Manisa / Yunusemre / Kuyualan Mah.,4 + 1,225,2,4. Kat,16 Yaşında,Kombi,Yok,Var,Yok,-,Mülk Sahibi,Kat İrtifakı,"Kuzey, Doğu",etin,400 TL,...,Hayır,içerisinde Satılık geniş 3+1 Daire,Hatırlatmaları,Eşyalı Değil,Satılık,70723-6801,29-09-2025,https://www.hepsiemlak.com/manisa-yunusemre-kuyualan-satilik/daire/70723-6801,2025-12-02 17:41:30
EMRAH EMLAKTAN İNÖNÜ MAH SATILIK DAİRE,1.700.000 TL,Manisa,Akhisar,Inonu Mah.,Manisa / Akhisar / Inonu Mah.,2 + 1,90,1,2. Kat,21 Yaşında,Kombi,Yok,Yok,Yok,-,Kiracılı,Kat İrtifakı,"Güney, Batı",etin,-,...,Hayır,Haritası,Hatırlatmaları,Eşyalı Değil,Satılık,141484-4,16-11-2025,https://www.hepsiemlak.com/manisa-akhisar-inonu-satilik/daire/141484-4,2025-12-02 17:41:54
SALİHLİ ALTINORDU OKULU YANİ ŞAKUZİLİ DUBLEX 2+1 TERASLI DAİRE,2.850.000 TL,Manisa,Salihli,Mithatpasa Mah.,Manisa / Salihli / Mithatpasa Mah.,2 + 1,145,2,4. Kat,1 Yaşında,Kombi,Yok,Var,Var,-,Mülk Sahibi,Kat Mülkiyeti,"Kuzey, Güney",etin,11 TL,...,Hayır,Haritası,Hatırlatmaları,Eşyalı Değil,Satılık,139685-216,27-10-2025,https://www.hepsiemlak.com/manisa-salihli-mithatpasa-satilik/daire/139685-216,2025-12-02 17:42:16
TURPA'DAN ACARLAR MH. SATILIK MASRAFSIZ ARAKAT DAİRE,2.950.000 TL,Manisa,Turgutlu,Acarlar Mah.,Manisa / Turgutlu / Acarlar Mah.,2 + 1,115,1,3. Kat,25 Yaşında,Kombi,Var,Yok,Yok,İkinci El,Boş,Kat Mülkiyeti,-,etin,-,...,Hayır,Haritası,Hatırlatmaları,Eşyalı Değil,Satılık,144722-270,30-10-2025,https://www.hepsiemlak.com/manisa-turgutlu-acarlar-satilik/daire/144722-270,2025-12-02 17:45:02
TEVFİKİYE MAH SATILIK 3+1 ÖNÜ AÇIK ÖZELLİKLİ DAİRE,2.850.000 TL,Manisa,Yunusemre,Tevfikiye Mah.,Manisa / Yunusemre / Tevfikiye Mah.,3 + 1,100,1,Çatı Katı,29 Yaşında,Kombi,Var,Var,Var,İkinci El,Boş,Kat İrtifakı,Doğu,etin,-,...,Hayır,Haritası,Hatırlatmaları,Eşyalı Değil,Satılık,150956-58,05-11-2025,https://www.hepsiemlak.com/manisa-yunusemre-tevfikiye-satilik/daire/150956-58,2025-12-02 17:45:21
EFENDİ MAH. SATILIK DAİRE,2.500.000 TL,Manisa,Akhisar,Efendi Mah.,Manisa / Akhisar / Efendi Mah.,2 + 1,100,1,3. Kat,Sıfır Bina,Kombi,Yok,Yok,Var,-,Boş,Kat İrtifakı,-,etin,-,...,Hayır,Haritası,Hatırlatmaları,Eşyalı Değil,Satılık,163472-1,20-11-2025,https://www.hepsiemlak.com/manisa-akhisar-efendi-satilik/daire/163472-1,2025-12-02 17:45:42
ÖZYURTLAR'DAN HAFSASULTAN'DA ASANSÖRLÜ FULL ÖZELLİKLİ ARA KAT,4.850.000 TL,Manisa,Yunusemre,Hafsa Mah.,Manisa / Yunusemre / Hafsa Mah.,3 + 1,135,1,4. Kat,11 Yaşında,Kombi,Yok,Var,Yok,-,Mülk Sahibi,Kat İrtifakı,-,etin,-,...,Hayır,Haritası,Hatırlatmaları,Eşyalı Değil,Satılık,162860-25,06-10-2025,https://www.hepsiemlak.com/manisa-yunusemre-hafsa-sultan-satilik/daire/162860-25,2025-12-02 17:46:04
Acil SATILIK İSTASYON MAHALLESİ 3+1. 140 metre kare daire,3.000.000 TL,Manisa,Alasehir,Istasyon Mah.,Manisa / Alasehir / Istasyon Mah.,3 + 1,150,1,En Üst Kat,15 Yaşında,Kombi,Yok,Yok,Var,İkinci El,Mülk Sahibi,Kat İrtifakı,-,etin,-,...,Hayır,Haritası,Hatırlatmaları,Eşyalı Değil,Satılık,0-45556445,18-11-2025,https://www.hepsiemlak.com/manisa-alasehir-istasyon-satilik/daire/0-45556445,2025-12-02 17:46:22
GÜZELYURTTA HAVUZLU SİTE İÇERİSİNDE 3+1 EŞSİZ DAİRE,7.950.000 TL,Manisa,Yunusemre,Guzelyurt Mah.,Manisa / Yunusemre / Guzelyurt Mah.,3 + 1,160,2,Yüksek Giriş,1 Yaşında,Kombi,Var,Var,Var,-,Kiracılı,Kat İrtifakı,"Kuzey, Güney, Doğu, Batı",etin,-,...,Evet,İçerisinde,Hatırlatmaları,Eşyalı Değil,Satılık,114523-381,10-09-2025,https://www.hepsiemlak.com/manisa-yunusemre-guzelyurt-satilik/daire/114523-381,2025-12-02 17:46:43
Cumhuriyet Caddesi Üzeri Satılık Arakat Daire,2.300.000 TL,Manisa,Turgutlu,Yildirim Mah.,Manisa / Turgutlu / Yildirim Mah.,2 + 1,100,1,Ara Kat,25 Yaşında,Kombi,Var,Yok,Yok,-,-,Kat Mülkiyeti,-,etin,-,...,-,Haritası,Hatırlatmaları,Eşyalı Değil,Satılık,154871-25,29-10-2025,https://www.hepsiemlak.com/manisa-turgutlu-yildirim-satilik/daire/154871-25,2025-12-02 17:47:07
SARUHANLI MERKEZ'de SATILIK SIFIR 2+1 DAİRE,2.300.000 TL,Manisa,Saruhanli,Saruhan Mah.,Manisa / Saruhanli / Saruhan Mah.,2 + 1,101,1,Ara Kat,Sıfır Bina,Kombi,Yok,Yok,Yok,Sıfır,Boş,Kat İrtifakı,"Kuzey, Güney",etin,-,...,Evet,Haritası,Hatırlatmaları,Eşyalı Değil,Satılık,104090-5,23-11-2025,https://www.hepsiemlak.com/manisa-saruhanli-saruhan-satilik/daire/104090-5,2025-12-02 17:47:27
MANİSA SARUHAN MH ULUCAMİ ALTI LÜKS 2+1 DARİE YERDEN ISITMALI,4.150.000 TL,Manisa,Sehzadeler,Saruhan Mah.,Manisa / Sehzadeler / Saruhan Mah.,2 + 1,105,2,Yüksek Giriş,2 Yaşında,Yerden Isıtma,Var,Yok,Var,-,Boş,Kat İrtifakı,"Doğu, Batı",etin,-,...,Evet,Haritası,Hatırlatmaları,Eşyalı Değil,Satılık,162754-7,23-10-2025,https://www.hepsiemlak.com/manisa-sehzadeler-saruhan-satilik/daire/162754-7,2025-12-02 17:47:48
ARAS YAPI'DAN İSTASYON CADDESİNDE 1+1 KAPALI OTOPARKLI DAİRE,2.450.000 TL,Manisa,Yunusemre,Muradiye Mah.,Manisa / Yunusemre / Muradiye Mah.,1 + 1,65,1,4. Kat,Sıfır Bina,Kombi,Yok,Yok,Var,-,Boş,Kat İrtifakı,-,etin,-,...,Hayır,Haritası,Hatırlatmaları,Eşyalı Değil,Satılık,159142-69,20-10-2025,https://www.hepsiemlak.com/manisa-yunusemre-muradiye-satilik/daire/159142-69,2025-12-02 17:48:11
HAFSASULTAN MAH SATILIK DAİRE,3.950.000 TL,Manisa,Yunusemre,Hafsa Mah.,Manisa / Yunusemre / Hafsa Mah.,3 + 1,140,1,Giriş Katı,30 Yaşında,Kombi,Var,Var,Var,İkinci El,Kiracılı,Müstakil Tapulu,-,etin,250 TL,...,Hayır,İçerisinde,Hatırlatmaları,Eşyalı Değil,Satılık,152027-35,27-11-2025,https://www.hepsiemlak.com/manisa-yunusemre-hafsa-sultan-satilik/daire/152027-35,2025-12-02 17:48:57
KÖŞE DAİRE,2.650.000 TL,Manisa,Soma,Turgutalp Mah.,Manisa / Soma / Turgutalp Mah.,2 + 1,95,1,3. Kat,5 Yaşında,Merkezi,Yok,Yok,Var,İkinci El,Mülk Sahibi,Kat İrtifakı,-,etin,-,...,-,Haritası,Hatırlatmaları,-,Satılık,691819-1107,27-11-2025,https://www.hepsiemlak.com/manisa-soma-turgutalp-satilik/daire/691819-1107,2025-12-02 17:49:16
BEYAZ GAYRIMENKULDEN KARAYENİCE MH DE SATILIK 483 M2 MÜSTAKİL EV,3.950.000 TL,Manisa,Sehzadeler,Karayenice Mah.,Manisa / Sehzadeler / Karayenice Mah.,4 + 1,498,1,-,49 Yaşında,Soba,Yok,Yok,Var,İkinci El,Boş,Arsa,"Kuzey, Güney, Doğu, Batı",etin,-,...,Hayır,Haritası,Hatırlatmaları,Eşyalı Değil,Satılık,119915-441,12-11-2025,https://www.hepsiemlak.com/manisa-sehzadeler-karayenice-satilik/mustakil-ev/119915-441,2025-12-02 17:49:37
Ragıpbey Mah. 1. Kat 2+1 Teraslı Daire Asansörlü / Doğalgazlı,2.550.000 TL,Manisa,Akhisar,Ragip Mah.,Manisa / Akhisar / Ragip Mah.,2 + 1,90,1,1. Kat,31 Yaşında,Kombi,Yok,Var,Yok,-,Mülk Sahibi,Kat İrtifakı,"Kuzey, Güney",etin,-,...,Evet,Haritası,Hatırlatmaları,Eşyalı Değil,Satılık,86919-646,27-11-2025,https://www.hepsiemlak.com/manisa-akhisar-ragip-bey-satilik/daire/86919-646,2025-12-02 17:50:01
MANİSA MERKEZ EFENDİ SATILIK TERASLI 3+1 DAİRE,4.250.000 TL,Manisa,Yunusemre,Merkez Mah.,Manisa / Yunusemre / Merkez Mah.,3 + 1,120,1,6. Kat,21 Yaşında,Kombi,Yok,Var,Var,-,Mülk Sahibi,Kat Mülkiyeti,"Doğu, Batı",etin,200 TL,...,Hayır,Haritası,Hatırlatmaları,Eşyalı Değil,Satılık,94966-644,01-12-2025,https://www.hepsiemlak.com/manisa-yunusemre-merkez-efendi-satilik/daire/94966-644,2025-12-02 17:50:21
ŞEHİR MERKEZİNE YAKIN SIFIR LÜKS DAİRELER,3.150.000 TL,Manisa,Yunusemre,Ayni Mah.,Manisa / Yunusemre / Ayni Mah.,1 + 1,60,1,2. Kat,1 Yaşında,Kombi,Yok,Yok,Var,-,Boş,Kat Mülkiyeti,-,etin,100 TL,...,Hayır,Haritası,Hatırlatmaları,Eşyalı Değil,Satılık,162376-11,25-09-2025,https://www.hepsiemlak.com/manisa-yunusemre-ayni-ali-satilik/daire/162376-11,2025-12-02 17:50:41
SERKAN YILMAZ'DAN EGE MAH. 2+1 95m2 4.KAT FULL ÖZ.,2.650.000 TL,Manisa,Sehzadeler,Ege Mah.,Manisa / Sehzadeler / Ege Mah.,2 + 1,100,1,4. Kat,26 Yaşında,Kombi,Var,Yok,Yok,-,Boş,Kat Mülkiyeti,-,etin,-,...,Hayır,Haritası,Hatırlatmaları,Eşyalı Değil,Satılık,161259-15,28-11-2025,https://www.hepsiemlak.com/manisa-sehzadeler-ege-satilik/daire/161259-15,2025-12-02 17:51:01
M.KEMAL'DE 5 KAT İMARLI ARSADA 2 DAİRE 1 DÜKKAN KOMPLE SATILIK,6.750.000 TL,Manisa,Turgutlu,Mustafa Mah.,Manisa / Turgutlu / Mustafa Mah.,3 + 1,209,1,Bahçe Katı,11 Yaşında,Doğalgaz Sobası,Yok,Yok,Yok,-,Mülk Sahibi,Müstakil Tapulu,-,etin,-,...,Hayır,Haritası,Hatırlatmaları,Eşyalı Değil,Satılık,154559-29,30-10-2025,https://www.hepsiemlak.com/manisa-turgutlu-mustafa-kemal-satilik/mustakil-ev/154559-29,2025-12-02 17:51:24
Akdeniz Emlak'tan Satılık Şehzadeler İlç Arda Mah 3+1 115 m2 Ara Kat Daire,3.200.000 TL,Manisa,Sehzadeler,Arda Mah.,Manisa / Sehzadeler / Arda Mah.,3 + 1,115,1,Ara Kat,35 Yaşında,Kombi,Var,Var,Var,İkinci El,Boş,Kat Mülkiyeti,"Kuzey, Güney",etin,-,...,Hayır,Haritası,Hatırlatmaları,Eşyalı Değil,Satılık,22228-10926,19-11-2025,https://www.hepsiemlak.com/manisa-sehzadeler-arda-satilik/daire/22228-10926,2025-12-02 17:51:48
MANİSA SALİHLİ MERKEZİNDE SATILIK EŞYALI 1+1 DAİRE !,2.100.000 TL,Manisa,Salihli,Ataturk Mah.,Manisa / Salihli / Ataturk Mah.,1 + 1,52,1,5. Kat,6 Yaşında,Klima,Var,Var,Yok,-,Kiracılı,Kat Mülkiyeti,"Kuzey, Güney",etin,-,...,Hayır,içerisinde 5 nci kat Satılık Daire,Hatırlatmaları,Eşyalı Değil,Satılık,119344-268,15-11-2025,https://www.hepsiemlak.com/manisa-salihli-ataturk-satilik/daire/119344-268,2025-12-02 17:52:08
Reşatbey Mah. Ring Yolu Arkasında Satılık 2+1 Sıfır Daire.,3.150.000 TL,Manisa,Akhisar,Resat Mah.,Manisa / Akhisar / Resat Mah.,2 + 1,110,1,En Üst Kat,Sıfır Bina,Kombi,Var,Var,Var,Sıfır,Boş,Kat İrtifakı,"Kuzey, Batı",etin,-,...,Hayır,de Satılık 3+1 Daire,Hatırlatmaları,Eşyalı Değil,Satılık,94123-2781,01-12-2025,https://www.hepsiemlak.com/manisa-akhisar-resat-bey-satilik/daire/94123-2781,2025-12-02 17:52:51
Manisa Yunusemre Karaali Villalar Bölgesinde Satılık 2+1 Eşyalı Daire,6.250.000 TL,Manisa,Yunusemre,Karaali Mah.,Manisa / Yunusemre / Karaali Mah.,2 + 1,120,1,Kot 3,15 Yaşında,Kombi,Var,Var,Yok,İkinci El,Boş,Kat İrtifakı,Batı,etin,-,...,Hayır,Haritası,Hatırlatmaları,Eşyalı,Satılık,95753-2106,30-11-2025,https://www.hepsiemlak.com/manisa-yunusemre-karaali-satilik/daire/95753-2106,2025-12-02 17:53:12
YİĞİTLER'DE ATATÜRK BUL. 6 YILLIK DAİRE BAHÇELİ YÜKSEK ZEMİN,2.550.000 TL,Manisa,Turgutlu,Yigitler Mah.,Manisa / Turgutlu / Yigitler Mah.,2 + 1,130,2,Yüksek Giriş,1 Yaşında,Klima,Yok,Var,Var,-,Boş,Kat Mülkiyeti,"Kuzey, Güney",etin,-,...,Evet,Haritası,Hatırlatmaları,Eşyalı Değil,Satılık,154559-33,30-10-2025,https://www.hepsiemlak.com/manisa-turgutlu-yigitler-satilik/daire/154559-33,2025-12-02 17:53:33
SATILIK ÇİFTLİK EVİ DAMI 28700 METREKARE İCİNDE,4.000.000 TL,Manisa,Gordes,Kayacik Mah.,Manisa / Gordes / Kayacik Mah.,3 + 0,110,1,Bahçe Katı,30 Yaşında,Soba,Yok,Yok,Yok,-,-,Müstakil Tapulu,-,etin,-,...,Hayır,Haritası,Hatırlatmaları,-,Satılık,163779-14,26-11-2025,https://www.hepsiemlak.com/manisa-gordes-kayacik-satilik/ciftlik-evi/163779-14,2025-12-02 17:53:54
GARANTİ EMLAK ERGENEKON MAHALLESİ SATILIK MÜSTAKİL VİLLA,16.000.000 TL,Manisa,Turgutlu,Ergenekon Mah.,Manisa / Turgutlu / Ergenekon Mah.,4 + 1,342,1,-,27 Yaşında,Kombi,Yok,Yok,Var,İkinci El,Boş,Kat İrtifakı,"Kuzey, Güney, Doğu",etin,-,...,Hayır,ye Hakim Tripleks,Hatırlatmaları,Eşyalı Değil,Satılık,137655-321,19-11-2025,https://www.hepsiemlak.com/manisa-turgutlu-ergenekon-satilik/villa/137655-321,2025-12-02 17:54:16
SAHİBİNDEN 3+1 GENİŞ FIRSAT DAİRE,3.480.000 TL,Manisa,Salihli,Yoruk Mah.,Manisa / Salihli / Yoruk Mah.,3 + 1,150,1,8. Kat,25 Yaşında,Klima,Var,Var,Var,İkinci El,Boş,Kat Mülkiyeti,"Güney, Batı",etin,250 TL,...,Hayır,İçerisinde,Hatırlatmaları,Eşyalı Değil,Satılık,0-45633664,27-11-2025,https://www.hepsiemlak.com/manisa-salihli-yoruk-satilik/daire/0-45633664,2025-12-02 17:54:35
Turgutlu Merkez'de 2+1 100 m2 Satılık Daire,2.600.000 TL,Manisa,Turgutlu,Selvilitepe Mah.,Manisa / Turgutlu / Selvilitepe Mah.,2 + 1,110,1,En Üst Kat,20 Yaşında,Kombi,Yok,Yok,Yok,İkinci El,Kiracılı,Kat İrtifakı,"Güney, Doğu, Batı",etin,100 TL,...,Hayır,Haritası,Hatırlatmaları,Eşyalı Değil,Satılık,164377-1,02-12-2025,https://www.hepsiemlak.com/manisa-turgutlu-selvilitepe-satilik/daire/164377-1,2025-12-02 17:54:55
Manisa sehzadeler sultan cami ağaçlı yol 2+1 kombili kapalı mutfak satılık daire,3.500.000 TL,Manisa,Sehzadeler,Utku Mah.,Manisa / Sehzadeler / Utku Mah.,2 + 1,90,1,2. Kat,35 Yaşında,Kombi,Yok,Var,Yok,İkinci El,Kiracılı,Kat İrtifakı,Güney,etin,-,...,Hayır,Haritası,Hatırlatmaları,Eşyalı Değil,Satılık,49173-193,05-11-2025,https://www.hepsiemlak.com/manisa-sehzadeler-utku-satilik/daire/49173-193,2025-12-02 17:55:14
TUNCA MAHALLESİNDE SATILIK 2+1 EŞYALI DAİRE,2.650.000 TL,Manisa,Sehzadeler,Tunca Mah.,Manisa / Sehzadeler / Tunca Mah.,2 + 1,70,1,Zemin,30 Yaşında,Kombi,Yok,Yok,Yok,İkinci El,Kiracılı,Kat İrtifakı,Doğu,etin,-,...,Evet,Haritası,Hatırlatmaları,Eşyalı,Satılık,104090-32,10-11-2025,https://www.hepsiemlak.com/manisa-sehzadeler-tunca-satilik/daire/104090-32,2025-12-02 17:55:36
"Message: invalid session id: session deleted as the browser has closed the connection
from disconnected: not connected to DevTools
  (Session info: chrome=142.0.7444.176); For documentation on this error, please visit: https://www.selenium.dev/documentation/webdriver/troubleshooting/errors#invalidsessionidexception
Stacktrace:
Symbols not available. Dumping unresolved backtrace:
	0x664103
	0x664144
	0x46e71d
	0x45d910
	0x47c714
	0x4e3475
	0x4fe749
	0x4dc706
	0x4ada30
	0x4aed54
	0x8d57b4
	0x8d098a
	0x68c392
	0x67c4c8
	0x68324d
	0x66c478
	0x66c63c
	0x6567ca
	0x75c15d49
	0x76ecd6db
	0x76ecd661
"
AVŞAR EMLAK'TAN ÇARŞIDA MERKEZDE TERASLI 3+1,2.200.000 TL,Manisa,Sehzadeler,1 Mah.,Manisa / Sehzadeler / 1 Mah.,3 + 1,150,1,Çatı Katı,31 Yaşında,Soba,Yok,Yok,Yok,-,Kiracılı,Kat İrtifakı,Doğu,etin,-,...,Hayır,Haritası,Hatırlatmaları,Eşyalı Değil,Satılık,111103-124,25-11-2025,https://www.hepsiemlak.com/manisa-sehzadeler-1-anafartalar-satilik/daire/111103-124,2025-12-03 13:48:25
MANİSA YUNUSEMRE 50.YIL MH 110 m2 LÜKS SATILIK DAİRE,3.450.000 TL,Manisa,Yunusemre,50 Mah.,Manisa / Yunusemre / 50 Mah.,2 + 1,115,1,3. Kat,3 Yaşında,Kombi,Yok,Var,Var,-,Mülk Sahibi,Kat İrtifakı,"Kuzey, Güney, Doğu, Batı",etin,-,...,Hayır,Haritası,Hatırlatmaları,Eşyalı Değil,Satılık,162290-53,26-09-2025,https://www.hepsiemlak.com/manisa-yunusemre-50-yil-satilik/daire/162290-53,2025-12-03 13:49:16
MERKEZEFENDİ MAH. 3+1 KAPALI MUTFAK SATILIK,5.750.000 TL,Manisa,Yunusemre,Merkez Mah.,Manisa / Yunusemre / Merkez Mah.,3 + 1,170,2,4. Kat,11 Yaşında,Kombi,Yok,Var,Var,-,Boş,Kat İrtifakı,-,etin,-,...,Evet,İçerisinde,Hatırlatmaları,Eşyalı Değil,Satılık,163278-29,20-11-2025,https://www.hepsiemlak.com/manisa-yunusemre-merkez-efendi-satilik/daire/163278-29,2025-12-03 13:50:03
ÇOK ACİL SALİHLİ İSTASTONDA FERAH CADDESİNDE TADİLATLI 3+1 110M2 ARAKAT,2.350.000 TL,Manisa,Salihli,Sehitler Mah.,Manisa / Salihli / Sehitler Mah.,3 + 1,110,1,Ara Kat,50 Yaşında,Klima,Yok,Yok,Yok,-,Boş,Kat İrtifakı,"Doğu, Batı",etin,-,...,-,Haritası,Hatırlatmaları,Eşyalı Değil,Satılık,6945-1079,27-11-2025,https://www.hepsiemlak.com/manisa-salihli-sehitler-satilik/daire/6945-1079,2025-12-03 13:52:32
MURADİYE MAHALLESİNDE 2+1 KÖŞE DAİRE SATILIK DAİRE,3.350.000 TL,Manisa,Yunusemre,Muradiye Mah.,Manisa / Yunusemre / Muradiye Mah.,2 + 1,85,1,Yüksek Giriş,5 Yaşında,Kombi,Yok,Yok,Var,-,Boş,Kat Mülkiyeti,-,etin,-,...,Hayır,Haritası,Hatırlatmaları,Eşyalı Değil,Satılık,163565-125,28-11-2025,https://www.hepsiemlak.com/manisa-yunusemre-muradiye-satilik/daire/163565-125,2025-12-03 13:52:55
SALİHLİ SEVGİ YOLUNDA EŞYALI 3+1 KLİMALI DAİRE,2.725.000 TL,Manisa,Salihli,Mithatpasa Mah.,Manisa / Salihli / Mithatpasa Mah.,3 + 1,120,1,3. Kat,21 Yaşında,Klima,Yok,Yok,Var,-,Kiracılı,Kat Mülkiyeti,"Kuzey, Güney",etin,-,...,Hayır,Haritası,Hatırlatmaları,Eşyalı,Satılık,139685-214,24-10-2025,https://www.hepsiemlak.com/manisa-salihli-mithatpasa-satilik/daire/139685-214,2025-12-03 13:53:16
VİLLALAR BÖLGESİNDE EMSALSİZ SATILIK 2+1 DAİREMİZ,5.750.000 TL,Manisa,Yunusemre,Karaali Mah.,Manisa / Yunusemre / Karaali Mah.,2 + 1,100,1,En Üst Kat,4 Yaşında,Kombi,Yok,Var,Var,İkinci El,Kiracılı,Kat İrtifakı,-,etin,-,...,Hayır,İçerisinde,Hatırlatmaları,Eşyalı Değil,Satılık,163278-27,01-11-2025,https://www.hepsiemlak.com/manisa-yunusemre-karaali-satilik/daire/163278-27,2025-12-03 13:53:40
Aynıali mah ara kat 3.kat asansörlü önü açık 3+1,4.700.000 TL,Manisa,Yunusemre,Ayni Mah.,Manisa / Yunusemre / Ayni Mah.,3 + 1,130,1,3. Kat,15 Yaşında,Kombi,Var,Var,Yok,İkinci El,Mülk Sahibi,Kat Mülkiyeti,-,etin,-,...,Evet,Haritası,Hatırlatmaları,Eşyalı Değil,Satılık,86276-1250,26-11-2025,https://www.hepsiemlak.com/manisa-yunusemre-ayni-ali-satilik/daire/86276-1250,2025-12-03 13:54:00
MUSTAFA BAŞYİĞİT EMLAKTAN SATILIK SEYİT AHMET TUR YOLUNDA DAİRE,2.780.000 TL,Manisa,Akhisar,Medar Mah.,Manisa / Akhisar / Medar Mah.,2 + 1,108,1,2. Kat,1 Yaşında,Kombi,Yok,Yok,Yok,-,Boş,Kat Mülkiyeti,-,etin,-,...,Evet,Haritası,Hatırlatmaları,Eşyalı Değil,Satılık,162406-168,26-10-2025,https://www.hepsiemlak.com/manisa-akhisar-medar-satilik/daire/162406-168,2025-12-03 13:54:21
SATILIK KERVANYOLU ÜZERİ DAİRE,1.750.000 TL,Manisa,Turgutlu,Yildirim Mah.,Manisa / Turgutlu / Yildirim Mah.,2 + 1,110,1,3. Kat,30 Yaşında,Soba,Yok,Yok,Yok,-,Boş,Kat Mülkiyeti,-,etin,-,...,-,Haritası,Hatırlatmaları,Eşyalı Değil,Satılık,154871-14,21-11-2025,https://www.hepsiemlak.com/manisa-turgutlu-yildirim-satilik/daire/154871-14,2025-12-03 13:55:01
Eslife'dan Çarşı Yakını Arakat 2+1 Daire,2.850.000 TL,Manisa,Turgutlu,Istiklal Mah.,Manisa / Turgutlu / Istiklal Mah.,2 + 1,102,1,3. Kat,4 Yaşında,Kombi,Yok,Yok,Yok,-,Boş,Kat İrtifakı,"Doğu, Batı",etin,-,...,Evet,Haritası,Hatırlatmaları,Eşyalı,Satılık,136231-28,14-10-2025,https://www.hepsiemlak.com/manisa-turgutlu-istiklal-satilik/daire/136231-28,2025-12-03 13:55:24
İSTASYON MAHALLESİNDE SATİLİK EVLER,2.900.000 TL,Manisa,Soma,Istasyon Mah.,Manisa / Soma / Istasyon Mah.,3 + 1,110,1,1. Kat,4 Yaşında,Merkezi,Yok,Yok,Var,-,Boş,Kat İrtifakı,-,etin,-,...,Evet,Haritası,Hatırlatmaları,Eşyalı Değil,Satılık,691819-967,20-11-2025,https://www.hepsiemlak.com/manisa-soma-istasyon-satilik/daire/691819-967,2025-12-03 13:55:45
TOKİ TURGUTLU’DA GİRİŞ KAT 3+1 FERAH DAİRE MERKEZİ LOKASYON,2.500.000 TL,Manisa,Turgutlu,Sehitler Mah.,Manisa / Turgutlu / Sehitler Mah.,3 + 1,135,1,Giriş Katı,15 Yaşında,Kombi,Var,Var,Var,-,Kiracılı,Kat Mülkiyeti,"Kuzey, Doğu",etin,-,...,Hayır,İçerisinde,Hatırlatmaları,Eşyalı Değil,Satılık,0-44540662,15-11-2025,https://www.hepsiemlak.com/manisa-turgutlu-sehitler-satilik/daire/0-44540662,2025-12-03 13:56:07
DE-MA EMLAKTAN SATILIK DAİRE,3.400.000 TL,Manisa,Salihli,Kirveli Mah.,Manisa / Salihli / Kirveli Mah.,2 + 1,87,1,En Üst Kat,5 Yaşında,Kombi,Var,Var,Var,İkinci El,Mülk Sahibi,Kat İrtifakı,Doğu,etin,1 TL,...,Hayır,Haritası,Hatırlatmaları,Eşyalı Değil,Satılık,152193-83,29-09-2025,https://www.hepsiemlak.com/manisa-salihli-kirveli-satilik/daire/152193-83,2025-12-03 13:56:25
Dazyurt'ta sahibinden sıfır dubleks ev,5.700.000 TL,Manisa,Yunusemre,Dazyurt Mah.,Manisa / Yunusemre / Dazyurt Mah.,3 + 1,120,3,-,Sıfır Bina,Klima,Var,Yok,Var,Sıfır,Boş,Kat Mülkiyeti,"Güney, Batı",etin,-,...,Hayır,Haritası,Hatırlatmaları,Eşyalı Değil,Satılık,0-45528631,02-11-2025,https://www.hepsiemlak.com/manisa-yunusemre-dazyurt-satilik/mustakil-ev/0-45528631,2025-12-03 13:56:44
Akdeniz Emlak'tan Satılık Manisa Yunus Emre Avdal Mah 7500 m2 İçinde bahçeli Daire,10.400.000 TL,Manisa,Yunusemre,Avdal Mah.,Manisa / Yunusemre / Avdal Mah.,3 + 1,150,2,Yüksek Giriş,4 Yaşında,Güneş Enerjisi,Yok,Var,Yok,İkinci El,Mülk Sahibi,Kat Mülkiyeti,Güney,etin,-,...,Hayır,Haritası,Hatırlatmaları,-,Satılık,22228-10910,21-11-2025,https://www.hepsiemlak.com/manisa-yunusemre-avdal-satilik/daire/22228-10910,2025-12-03 13:57:04
BALIKESİR YOLUNDA İÇİNDE 2+1 EV OLAN HOBİ BAHÇESİ.,5.850.000 TL,Manisa,Akhisar,Seyit Mah.,Manisa / Akhisar / Seyit Mah.,2 + 1,1,1,2. Kat,6 Yaşında,Soba,Yok,Yok,Yok,İkinci El,Boş,Kat İrtifakı,"Kuzey, Güney, Doğu, Batı",etin,-,...,-,Haritası,Hatırlatmaları,Eşyalı,Satılık,0-44762133,29-11-2025,https://www.hepsiemlak.com/manisa-akhisar-seyit-ahmet-satilik/ciftlik-evi/0-44762133,2025-12-03 13:57:26
HESAPL BAKIMLI BAHCELI DAIRE,2.900.000 TL,Manisa,Turgutlu,Sehitler Mah.,Manisa / Turgutlu / Sehitler Mah.,2 + 1,105,1,Zemin,11 Yaşında,Kombi,Yok,Var,Var,İkinci El,Boş,Kat Mülkiyeti,"Doğu, Batı",etin,-,...,Hayır,sinde 2+1 Satılık Köşe Daire,Hatırlatmaları,Eşyalı Değil,Satılık,160009-67,21-11-2025,https://www.hepsiemlak.com/manisa-turgutlu-sehitler-satilik/daire/160009-67,2025-12-03 13:57:53
3 ADAM EMLAK'TAN ATATÜRK MH 3+1 SATILIK DAİRE,2.100.000 TL,Manisa,Akhisar,Ataturk Mah.,Manisa / Akhisar / Ataturk Mah.,3 + 1,130,1,1. Kat,26 Yaşında,Kombi,Var,Yok,Yok,-,Kiracılı,Kat İrtifakı,-,etin,-,...,Hayır,Haritası,Hatırlatmaları,Eşyalı Değil,Satılık,143910-164,27-11-2025,https://www.hepsiemlak.com/manisa-akhisar-ataturk-satilik/daire/143910-164,2025-12-03 13:58:14
KALE EMLAK'TAN HÜRRİYET MAH. 3+1 İÇİ TADİLATLI FIRSAT DAİRE,2.450.000 TL,Manisa,Akhisar,Hurriyet Mah.,Manisa / Akhisar / Hurriyet Mah.,3 + 1,140,2,4. Kat,26 Yaşında,Kombi,Var,Var,Yok,-,Boş,Tapu Yok,-,etin,-,...,Hayır,Haritası,Hatırlatmaları,Eşyalı Değil,Satılık,72050-864,05-11-2025,https://www.hepsiemlak.com/manisa-akhisar-hurriyet-satilik/daire/72050-864,2025-12-03 14:00:19
MUSTAFA BAŞYİĞİT EMLAK'TAN HÜRRİYET'TE 3+1 ZEMİN KAT,1.750.000 TL,Manisa,Akhisar,Hurriyet Mah.,Manisa / Akhisar / Hurriyet Mah.,3 + 1,130,1,Zemin,26 Yaşında,Soba,Yok,Yok,Yok,-,Boş,Kat İrtifakı,Güney,etin,-,...,Hayır,Haritası,Hatırlatmaları,Eşyalı Değil,Satılık,162406-41,26-09-2025,https://www.hepsiemlak.com/manisa-akhisar-hurriyet-satilik/daire/162406-41,2025-12-03 14:00:40
M&Ş Gayrumenkulden yeni pazarda satılık lüx villa....,8.500.000 TL,Manisa,Salihli,Yenipazar Mah.,Manisa / Salihli / Yenipazar Mah.,3 + 1,795,2,-,Sıfır Bina,Kat Kaloriferi,Yok,Yok,Yok,Sıfır,Boş,Kat İrtifakı,-,etin,-,...,Evet,Haritası,Hatırlatmaları,-,Satılık,139585-152,26-11-2025,https://www.hepsiemlak.com/manisa-salihli-yenipazar-satilik/villa/139585-152,2025-12-03 14:01:04
Manisa Karaoğlanlıda Satılık Avlulu Ev Hissesi,950.000 TL,Manisa,Sehzadeler,Karaoglanli Mah.,Manisa / Sehzadeler / Karaoglanli Mah.,3 + 1,2,1,-,25 Yaşında,Belirtilmemiş,Yok,Yok,Yok,-,-,Hisseli Tapu,-,etin,-,...,-,Haritası,Hatırlatmaları,-,Satılık,154466-68,25-11-2025,https://www.hepsiemlak.com/manisa-sehzadeler-karaoglanli-satilik/mustakil-ev/154466-68,2025-12-03 14:01:28
YATIRIMLIK MANZARALI MÜSTAKİL EV,2.100.000 TL,Manisa,Sehzadeler,Ishakcelebi Mah.,Manisa / Sehzadeler / Ishakcelebi Mah.,2 + 1,119,1,Bahçe Katı,31 Yaşında,Soba,Yok,Yok,Yok,-,Boş,Müstakil Tapulu,-,etin,-,...,Evet,Haritası,Hatırlatmaları,Eşyalı Değil,Satılık,162591-10,31-10-2025,https://www.hepsiemlak.com/manisa-sehzadeler-ishakcelebi-satilik/mustakil-ev/162591-10,2025-12-03 14:01:47
AKHİSAR ZEYTİNLİOVA DA SATILIK 226 M2 ARSA FİYATINA KÖY EVİ,810.000 TL,Manisa,Akhisar,Zeytinliova Mah.,Manisa / Akhisar / Zeytinliova Mah.,3 + 1,226,1,-,32 Yaşında,Soba,Yok,Yok,Yok,İkinci El,Kiracılı,Müstakil Tapulu,Güney,etin,-,...,Hayır,Haritası,Hatırlatmaları,Eşyalı Değil,Satılık,119726-1406,03-12-2025,https://www.hepsiemlak.com/manisa-akhisar-zeytinliova-satilik/mustakil-ev/119726-1406,2025-12-03 14:02:11
SATILIK DAİRE CUMHURİYET MAHALLESİ / AKHİSAR,1.975.000 TL,Manisa,Akhisar,Cumhuriyet Mah.,Manisa / Akhisar / Cumhuriyet Mah.,3 + 1,130,1,3. Kat,26 Yaşında,Soba,Yok,Yok,Yok,-,Kiracılı,Kat İrtifakı,-,etin,-,...,Hayır,Haritası,Hatırlatmaları,-,Satılık,162211-41,03-12-2025,https://www.hepsiemlak.com/manisa-akhisar-cumhuriyet-satilik/daire/162211-41,2025-12-03 14:02:34
TURPADAN DUTLU YOL ÜZERİNDE FIRSAT SATILIK 2+1 DAİRE,2.250.000 TL,Manisa,Turgutlu,Yildirim Mah.,Manisa / Turgutlu / Yildirim Mah.,2 + 1,900,1,3. Kat,15 Yaşında,Kombi,Yok,Yok,Yok,İkinci El,Boş,Kat Mülkiyeti,-,etin,-,...,Hayır,Haritası,Hatırlatmaları,Eşyalı Değil,Satılık,144722-286,10-11-2025,https://www.hepsiemlak.com/manisa-turgutlu-yildirim-satilik/daire/144722-286,2025-12-03 14:02:55
AKDENİZ Emlak'tan Satılık Saruhanlı İlç Gözlet Mah 354 m² Müstakil Köy Evi,1.780.000 TL,Manisa,Saruhanli,Gozlet Mah.,Manisa / Saruhanli / Gozlet Mah.,2 + 1,354,1,Yüksek Giriş,32 Yaşında,Klima,Yok,Yok,Yok,İkinci El,Mülk Sahibi,Kat Mülkiyeti,Güney,etin,-,...,Evet,Haritası,Hatırlatmaları,Eşyalı,Satılık,22228-10962,20-11-2025,https://www.hepsiemlak.com/manisa-saruhanli-gozlet-satilik/daire/22228-10962,2025-12-03 14:03:16
SALİHLİ SATILIK 3+1 SİTE İÇİ DAİRE CUMHURİYET MAHALLESİ,2.750.000 TL,Manisa,Salihli,Cumhuriyet Mah.,Manisa / Salihli / Cumhuriyet Mah.,3 + 1,160,1,5. Kat,21 Yaşında,Kombi,Var,Var,Var,-,Kiracılı,Kat Mülkiyeti,-,etin,75 TL,...,Hayır,Haritası,Hatırlatmaları,Eşyalı Değil,Satılık,153067-35,19-09-2025,https://www.hepsiemlak.com/manisa-salihli-cumhuriyet-satilik/daire/153067-35,2025-12-03 14:03:41
"Doğa'nın içinde,dere manzaralı,Merkez'e 5 dakika mesafede bahçeli villa.",7.300.000 TL,Manisa,Salihli,Yenipazar Mah.,Manisa / Salihli / Yenipazar Mah.,2 + 1,174,2,-,3 Yaşında,Belirtilmemiş,Yok,Yok,Yok,İkinci El,Mülk Sahibi,Arsa,Doğu,etin,-,...,Evet,Haritası,Hatırlatmaları,Eşyalı Değil,Satılık,0-42949681,27-11-2025,https://www.hepsiemlak.com/manisa-salihli-yenipazar-satilik/villa/0-42949681,2025-12-03 14:04:18
altay mahallesi acil satılık daire 100 m2 iki kat 2 doğalgazlı bakımlı daire,2.099.000 TL,Manisa,Turgutlu,Altay Mah.,Manisa / Turgutlu / Altay Mah.,2 + 1,100,1,4. Kat,20 Yaşında,Kombi,Yok,Yok,Yok,İkinci El,Kiracılı,Kat İrtifakı,Kuzey,etin,-,...,Hayır,Haritası,Hatırlatmaları,Eşyalı Değil,Satılık,154992-50,12-10-2025,https://www.hepsiemlak.com/manisa-turgutlu-altay-satilik/daire/154992-50,2025-12-03 14:04:41
MUSTAFA BAŞYİĞİT EMLAK'TAN ATATÜRK MAH. SATILIK ZEMİN KAT,1.980.000 TL,Manisa,Akhisar,Ataturk Mah.,Manisa / Akhisar / Ataturk Mah.,3 + 1,130,1,Giriş Katı,21 Yaşında,Kombi,Yok,Yok,Yok,-,Mülk Sahibi,Kat Mülkiyeti,-,etin,-,...,Hayır,Haritası,Hatırlatmaları,Eşyalı,Satılık,162406-202,01-12-2025,https://www.hepsiemlak.com/manisa-akhisar-ataturk-satilik/daire/162406-202,2025-12-03 14:05:03
ferahlık sakinlik arayanlara,2.900.000 TL,Manisa,Ahmetli,Zafer Mah.,Manisa / Ahmetli / Zafer Mah.,3 + 1,145,1,Yüksek Giriş,5 Yaşında,Kombi,Yok,Var,Yok,-,-,Kat İrtifakı,-,etin,-,...,-,Haritası,Hatırlatmaları,-,Satılık,0-45413516,12-10-2025,https://www.hepsiemlak.com/manisa-ahmetli-zafer-satilik/daire/0-45413516,2025-12-03 14:05:25
Atatürk Mahallesi Pazar Pazarı Mevki 5+1 Satılık Dubleks Daire,3.500.000 TL,Manisa,Akhisar,Ataturk Mah.,Manisa / Akhisar / Ataturk Mah.,5 + 1,220,2,2. Kat,11 Yaşında,Kombi,Yok,Var,Var,-,Mülk Sahibi,Kat İrtifakı,"Kuzey, Güney",etin,-,...,Hayır,si Lüks Modern Arakat 3+1,Hatırlatmaları,Eşyalı Değil,Satılık,86919-574,13-11-2025,https://www.hepsiemlak.com/manisa-akhisar-ataturk-satilik/daire/86919-574,2025-12-03 14:05:51
FİYAT DÜŞTÜ HEM EVİN OLSUN HEM DÜKKANIN OLSUN,3.450.000 TL,Manisa,Sehzadeler,Utku Mah.,Manisa / Sehzadeler / Utku Mah.,1 + 1,120,1,Zemin,26 Yaşında,Kombi,Var,Yok,Yok,-,Boş,Müstakil Tapulu,-,etin,150 TL,...,Evet,Haritası,Hatırlatmaları,Eşyalı Değil,Satılık,162591-9,09-11-2025,https://www.hepsiemlak.com/manisa-sehzadeler-utku-satilik/daire/162591-9,2025-12-03 14:06:14
TURPA'DAN BOZKURT OKULU CİVARI SATILIK ARAKAT DAİRE,2.650.000 TL,Manisa,Turgutlu,Bozkurt Mah.,Manisa / Turgutlu / Bozkurt Mah.,2 + 1,110,1,3. Kat,7 Yaşında,Kombi,Var,Yok,Yok,İkinci El,Kiracılı,Kat Mülkiyeti,-,etin,-,...,Hayır,Haritası,Hatırlatmaları,Eşyalı Değil,Satılık,144722-268,05-11-2025,https://www.hepsiemlak.com/manisa-turgutlu-bozkurt-satilik/daire/144722-268,2025-12-03 14:06:43
MANİSA SALİHLİ VERGİ DAİRESİ CİVARINDA SATILIK 2.KAT 1+1 DAİRE,1.900.000 TL,Manisa,Salihli,Ataturk Mah.,Manisa / Salihli / Ataturk Mah.,1 + 1,60,1,3. Kat,10 Yaşında,Klima,Yok,Yok,Yok,İkinci El,Boş,Kat İrtifakı,Kuzey,etin,-,...,Hayır,Haritası,Hatırlatmaları,Eşyalı,Satılık,138755-252,16-11-2025,https://www.hepsiemlak.com/manisa-salihli-ataturk-satilik/daire/138755-252,2025-12-03 14:07:36
Manisa karaalide satılık daire idris emlaktan,13.500.000 TL,Manisa,Yunusemre,Karaali Mah.,Manisa / Yunusemre / Karaali Mah.,4 + 1,220,2,3. Kat,2 Yaşında,Kombi,Yok,Var,Var,-,Boş,Kat Mülkiyeti,"Kuzey, Güney, Doğu",etin,500 TL,...,Hayır,-,Hatırlatmaları,Eşyalı Değil,Satılık,22991-771,24-10-2025,https://www.hepsiemlak.com/manisa-yunusemre-karaali-satilik/daire/22991-771,2025-12-03 14:08:04
YENİ MAHALEDE ULTRALÜKS SATILIK DUBLEKS DAİRE,8.500.000 TL,Manisa,Turgutlu,Yeni Mah.,Manisa / Turgutlu / Yeni Mah.,5 + 1,280,3,6. Kat,Sıfır Bina,Yerden Isıtma,Yok,Var,Yok,-,Boş,Kat İrtifakı,"Doğu, Batı",etin,300 TL,...,Evet,Haritası,Hatırlatmaları,Eşyalı Değil,Satılık,164247-80,21-11-2025,https://www.hepsiemlak.com/manisa-turgutlu-yeni-satilik/daire/164247-80,2025-12-03 14:08:31
MUSTAFA BAŞYİĞİT EMLAK'TAN CUMHURİYET'TE 3+1 135M2 DAİRE,3.075.000 TL,Manisa,Akhisar,Cumhuriyet Mah.,Manisa / Akhisar / Cumhuriyet Mah.,3 + 1,140,1,3. Kat,6 Yaşında,Kombi,Yok,Var,Var,-,Mülk Sahibi,Kat Mülkiyeti,"Kuzey, Batı",etin,-,...,Hayır,Haritası,Hatırlatmaları,Eşyalı Değil,Satılık,162406-122,20-11-2025,https://www.hepsiemlak.com/manisa-akhisar-cumhuriyet-satilik/daire/162406-122,2025-12-03 14:09:29
SATILIK NAMIK KEMALDE 2+1 90 M2 OTOPARKLI KOMBİLİ SIFIR DAİRE,3.675.000 TL,Manisa,Salihli,Namik Mah.,Manisa / Salihli / Namik Mah.,2 + 1,90,1,En Üst Kat,Sıfır Bina,Kombi,Var,Var,Var,Sıfır,Boş,Kat İrtifakı,"Kuzey, Güney",etin,1 TL,...,Evet,Haritası,Hatırlatmaları,Eşyalı Değil,Satılık,150639-45,27-11-2025,https://www.hepsiemlak.com/manisa-salihli-namik-kemal-satilik/daire/150639-45,2025-12-03 14:10:00
Manisa Kırkağaç Mahallesinde 3+1 Satılık Sıfır Daire,3.400.000 TL,Manisa,Kirkagac,Sair Mah.,Manisa / Kirkagac / Sair Mah.,3 + 1,120,2,2. Kat,Sıfır Bina,Kombi,Yok,Var,Var,Sıfır,Boş,Kat İrtifakı,-,etin,-,...,Hayır,3+1 Satılık Lüks Daire,Hatırlatmaları,Eşyalı Değil,Satılık,2186-12398,25-11-2025,https://www.hepsiemlak.com/manisa-kirkagac-sair-esref-satilik/daire/2186-12398,2025-12-03 14:10:29
HÜRRİYET MAH. İZMİR-İSTANBUL KARAYOLU ÜZERİNDE 3+1 SATILIK DAİRE,3.500.000 TL,Manisa,Akhisar,Hurriyet Mah.,Manisa / Akhisar / Hurriyet Mah.,3 + 1,140,1,2. Kat,7 Yaşında,Kombi,Yok,Yok,Var,İkinci El,Boş,Kat İrtifakı,"Kuzey, Doğu",etin,-,...,-,Haritası,Hatırlatmaları,Eşyalı Değil,Satılık,94123-2653,27-10-2025,https://www.hepsiemlak.com/manisa-akhisar-hurriyet-satilik/daire/94123-2653,2025-12-03 14:10:58
2+1 Atatürk mh satılık daire,2.750.000 TL,Manisa,Saruhanli,Ataturk Mah.,Manisa / Saruhanli / Ataturk Mah.,2 + 1,90,1,3. Kat,1 Yaşında,Kombi,Yok,Var,Yok,-,Boş,Müstakil Tapulu,-,etin,-,...,Evet,Haritası,Hatırlatmaları,Eşyalı Değil,Satılık,163108-6,03-11-2025,https://www.hepsiemlak.com/manisa-saruhanli-ataturk-satilik/daire/163108-6,2025-12-03 14:11:34
Manisa / Yeni Mahalle’de Bahçeli 2+1 Satılık Daire ⭕️,4.000.000 TL,Manisa,Yunusemre,Yeni Mah.,Manisa / Yunusemre / Yeni Mah.,2 + 1,110,1,Yüksek Giriş,4 Yaşında,Kombi,Var,Var,Yok,İkinci El,Boş,Kat İrtifakı,"Kuzey, Güney, Doğu, Batı",etin,-,...,Hayır,Haritası,Hatırlatmaları,Eşyalı Değil,Satılık,95753-2060,12-10-2025,https://www.hepsiemlak.com/manisa-yunusemre-yeni-mahalle-satilik/daire/95753-2060,2025-12-03 14:12:18
MANİSA KARAALİDE 1+1 SIFIR KULNILMAMIŞ BAHÇE KATI,3.600.000 TL,Manisa,Yunusemre,Muradiye Mah.,Manisa / Yunusemre / Muradiye Mah.,1 + 1,60,1,Bahçe Katı,3 Yaşında,Kombi,Yok,Yok,Yok,İkinci El,Boş,Kat İrtifakı,Güney,etin,200 TL,...,Hayır,Haritası,Hatırlatmaları,Eşyalı Değil,Satılık,17068-1277,13-11-2025,https://www.hepsiemlak.com/manisa-yunusemre-muradiye-satilik/daire/17068-1277,2025-12-03 14:12:44
MUSTAFA BAŞYİĞİT EMLAKTAN SATILIK ATATÜRK MAHALLESİNDE DAİRE,3.550.000 TL,Manisa,Akhisar,Ataturk Mah.,Manisa / Akhisar / Ataturk Mah.,2 + 1,130,2,1. Kat,Sıfır Bina,Kombi,Yok,Yok,Var,-,Boş,Kat Mülkiyeti,-,etin,-,...,Hayır,Haritası,Hatırlatmaları,Eşyalı Değil,Satılık,162406-163,02-12-2025,https://www.hepsiemlak.com/manisa-akhisar-ataturk-satilik/daire/162406-163,2025-12-03 14:13:21
Mergenden Seyitahmet Mahallesinde (Acil Satılık)2+1 105m2,2.585.000 TL,Manisa,Akhisar,Seyit Mah.,Manisa / Akhisar / Seyit Mah.,2 + 1,115,1,3. Kat,Sıfır Bina,Kombi,Yok,Var,Var,Sıfır,Boş,Kat İrtifakı,"Kuzey, Güney, Batı",etin,20 TL,...,Evet,Haritası,Hatırlatmaları,Eşyalı Değil,Satılık,160594-19,02-10-2025,https://www.hepsiemlak.com/manisa-akhisar-seyit-ahmet-satilik/daire/160594-19,2025-12-03 14:13:52
YILDIZ GAYRİMENKUL'DEN AKSELENDİ MAHALLESİ ÇARŞI MERKEZİNDE ACİL 290 m2 MÜSTAKİL EV VE ARSASI,1.580.000 TL,Manisa,Akhisar,Akselendi Mah.,Manisa / Akhisar / Akselendi Mah.,2 + 1,290,1,-,25 Yaşında,Soba,Yok,Yok,Yok,İkinci El,Kiracılı,Müstakil Tapulu,-,etin,-,...,-,Haritası,Hatırlatmaları,Eşyalı Değil,Satılık,163627-9,22-11-2025,https://www.hepsiemlak.com/manisa-akhisar-akselendi-satilik/mustakil-ev/163627-9,2025-12-03 14:14:22
Satılık Daire 2. Anafartalar Mah.,3.250.000 TL,Manisa,Sehzadeler,2 Mah.,Manisa / Sehzadeler / 2 Mah.,3 + 1,120,1,En Üst Kat,50 Yaşında,Merkezi,Var,Var,Yok,İkinci El,-,Kat Mülkiyeti,"Doğu, Batı",etin,300 TL,...,Hayır,Haritası,Hatırlatmaları,Eşyalı Değil,Satılık,15578-408,25-10-2025,https://www.hepsiemlak.com/manisa-sehzadeler-2-anafartalar-satilik/daire/15578-408,2025-12-03 14:15:12
GENİŞ BAHÇELİ EV,1.850.000 TL,Manisa,Soma,Karamanli Mah.,Manisa / Soma / Karamanli Mah.,2 + 1,460,1,-,25 Yaşında,Soba,Yok,Yok,Var,İkinci El,Boş,Müstakil Tapulu,-,etin,-,...,Hayır,Haritası,Hatırlatmaları,Eşyalı Değil,Satılık,691819-1114,15-11-2025,https://www.hepsiemlak.com/manisa-soma-karamanli-satilik/mustakil-ev/691819-1114,2025-12-03 14:15:38
ŞEHZADELER KARAĞAÇLI BAHÇELİ MÜSTAKİL EV,4.200.000 TL,Manisa,Sehzadeler,Karaagacli Mah.,Manisa / Sehzadeler / Karaagacli Mah.,3 + 1,231,1,-,37 Yaşında,Soba,Yok,Yok,Var,İkinci El,Mülk Sahibi,Müstakil Tapulu,"Kuzey, Güney",etin,-,...,Hayır,Haritası,Hatırlatmaları,Eşyalı Değil,Satılık,109960-213,02-12-2025,https://www.hepsiemlak.com/manisa-sehzadeler-karaagacli-satilik/mustakil-ev/109960-213,2025-12-03 14:16:06
2katlı müstakil ev kapalı otoparklı,11.000.000 TL,Manisa,Akhisar,Resat Mah.,Manisa / Akhisar / Resat Mah.,4 + 2,280,3,-,5 Yaşında,Kombi,Yok,Yok,Var,Sıfır,Boş,Kat Mülkiyeti,Güney,etin,20 TL,...,Evet,si’nde Havuzlu ve Geniş Villa!,Hatırlatmaları,Eşyalı,Satılık,0-38184701,22-09-2025,https://www.hepsiemlak.com/manisa-akhisar-resat-bey-satilik/bina/0-38184701,2025-12-03 14:16:31
Soma 13 Eylül Mh de Satılık müstakil ev,3.500.000 TL,Manisa,Soma,Onuc Mah.,Manisa / Soma / Onuc Mah.,2 + 1,300,1,Bahçe Katı,21 Yaşında,Soba,Yok,Var,Var,-,Kiracılı,Hisseli Tapu,-,etin,-,...,Hayır,Haritası,Hatırlatmaları,-,Satılık,158110-281,21-11-2025,https://www.hepsiemlak.com/manisa-soma-onuc-eylul-satilik/mustakil-ev/158110-281,2025-12-03 14:16:58
SALİHLİ SATILIK 210 M2 DUBLEX DAİRE NAMIK KEMAL MAH.,5.295.000 TL,Manisa,Salihli,Namik Mah.,Manisa / Salihli / Namik Mah.,3 + 1,210,3,4. Kat,2 Yaşında,Kombi,Var,Yok,Var,-,Boş,Kat Mülkiyeti,"Kuzey, Güney",etin,300 TL,...,Evet,Haritası,Hatırlatmaları,Eşyalı Değil,Satılık,153067-55,19-09-2025,https://www.hepsiemlak.com/manisa-salihli-namik-kemal-satilik/daire/153067-55,2025-12-03 14:17:30
ERDEM EMLAK'TAN SATILIK EŞYALI 1+1 DAİRE,1.925.000 TL,Manisa,Salihli,Gaziler Mah.,Manisa / Salihli / Gaziler Mah.,1 + 1,50,1,Ara Kat,8 Yaşında,Klima,Yok,Var,Yok,-,-,Kat Mülkiyeti,-,etin,-,...,-,Haritası,Hatırlatmaları,-,Satılık,158161-92,25-11-2025,https://www.hepsiemlak.com/manisa-salihli-gaziler-satilik/daire/158161-92,2025-12-03 14:17:58
Manisa/ Muradiye Güvenlikli Site içi 2+1 Satılık Daire ⭕️,3.175.000 TL,Manisa,Yunusemre,Muradiye Mah.,Manisa / Yunusemre / Muradiye Mah.,2 + 1,85,1,Yüksek Giriş,4 Yaşında,Kombi,Yok,Var,Var,İkinci El,Kiracılı,Kat İrtifakı,"Kuzey, Güney, Doğu, Batı",etin,750 TL,...,Evet,içi 2+1 Satılık Daire ⭕️,li Site içi 2+1 Satılık Daire ⭕️,Eşyalı Değil,Satılık,95753-2066,10-11-2025,https://www.hepsiemlak.com/manisa-yunusemre-muradiye-satilik/daire/95753-2066,2025-12-03 14:18:28
satılık 1+1 daire,1.650.000 TL,Manisa,Salihli,Gaziler Mah.,Manisa / Salihli / Gaziler Mah.,1 + 1,55,1,5. Kat,10 Yaşında,Klima,Yok,Yok,Yok,-,Boş,Kat Mülkiyeti,Doğu,etin,150 TL,...,-,Haritası,Hatırlatmaları,Eşyalı,Satılık,57265-21,25-11-2025,https://www.hepsiemlak.com/manisa-salihli-gaziler-satilik/daire/57265-21,2025-12-03 14:18:48
Satılık Mustakil Ev Sarma Mah.,2.700.000 TL,Manisa,Yunusemre,Sarma Mah.,Manisa / Yunusemre / Sarma Mah.,2 + 1,180,2,-,20 Yaşında,Soba,Yok,Yok,Yok,İkinci El,Boş,Kat Mülkiyeti,"Kuzey, Güney, Doğu, Batı",etin,-,...,Evet,Haritası,Hatırlatmaları,Eşyalı Değil,Satılık,15578-410,06-11-2025,https://www.hepsiemlak.com/manisa-yunusemre-sarma-satilik/mustakil-ev/15578-410,2025-12-03 14:19:12
Akhisar Kethüda Mahallesi'nde 3+1 Satılık Daire,2.150.000 TL,Manisa,Akhisar,Kethuda Mah.,Manisa / Akhisar / Kethuda Mah.,3 + 1,130,2,2. Kat,35 Yaşında,Kombi,Yok,Yok,Yok,İkinci El,Kiracılı,Kat İrtifakı,"Kuzey, Güney",etin,-,...,Hayır,Haritası,Hatırlatmaları,Eşyalı Değil,Satılık,94137-1378,26-10-2025,https://www.hepsiemlak.com/manisa-akhisar-kethuda-satilik/daire/94137-1378,2025-12-03 14:20:07
SALİHLİ CUMHURİYET MAHALLESİNDE SATILIK 3.KAT 2+1 SATILIK DAİRE,2.600.000 TL,Manisa,Salihli,Cumhuriyet Mah.,Manisa / Salihli / Cumhuriyet Mah.,2 + 1,105,-,Ara Kat,20 Yaşında,Klima,Var,Yok,Yok,İkinci El,Kiracılı,Kat İrtifakı,-,etin,-,...,-,Haritası,Hatırlatmaları,Eşyalı Değil,Satılık,138755-300,01-12-2025,https://www.hepsiemlak.com/manisa-salihli-cumhuriyet-satilik/daire/138755-300,2025-12-03 14:20:32
ŞEHRİN GÖBEĞİNDE ULTRA LÜKS ÖZEL YAPIM DUBLEKS,9.650.000 TL,Manisa,Sehzadeler,Peker Mah.,Manisa / Sehzadeler / Peker Mah.,3 + 1,200,2,4. Kat,6 Yaşında,Kombi,Var,Yok,Var,-,Boş,Kat Mülkiyeti,-,etin,-,...,Evet,Haritası,Hatırlatmaları,Eşyalı Değil,Satılık,163278-48,02-12-2025,https://www.hepsiemlak.com/manisa-sehzadeler-peker-satilik/daire/163278-48,2025-12-03 14:21:01
MANİSA GRAND MEDİKAL CİVARI SİTE İÇİ 185 M2 SATILIK ARAKAT,9.750.000 TL,Manisa,Yunusemre,Cumhuriyet Mah.,Manisa / Yunusemre / Cumhuriyet Mah.,3 + 1,185,2,5. Kat,1 Yaşında,Kombi,Yok,Yok,Yok,-,Boş,Kat İrtifakı,"Kuzey, Güney, Doğu, Batı",etin,-,...,Evet,Haritası,Hatırlatmaları,Eşyalı Değil,Satılık,162290-55,28-09-2025,https://www.hepsiemlak.com/manisa-yunusemre-cumhuriyet-satilik/daire/162290-55,2025-12-03 14:21:26
TAM NOKTA TURGUTLU'DAN CUMHURİYET MAH.SIFIR DUBLEKS DAİRE,4.200.000 TL,Manisa,Turgutlu,Cumhuriyet Mah.,Manisa / Turgutlu / Cumhuriyet Mah.,4 + 1,160,2,4. Kat,6 Yaşında,Kombi,Yok,Var,Var,-,Boş,Kat İrtifakı,-,etin,-,...,Hayır,Haritası,Hatırlatmaları,Eşyalı Değil,Satılık,156788-21,03-12-2025,https://www.hepsiemlak.com/manisa-turgutlu-cumhuriyet-satilik/daire/156788-21,2025-12-03 14:21:56
ÖZ DOST EMLAKTAN MURADİYEDE SATILIK 1+1 OFİS DAİRE,2.900.000 TL,Manisa,Yunusemre,Muradiye Mah.,Manisa / Yunusemre / Muradiye Mah.,1 + 1,46,1,2. Kat,Sıfır Bina,Kombi,Yok,Var,Var,-,Boş,Kat İrtifakı,-,etin,-,...,Evet,Haritası,Hatırlatmaları,Eşyalı Değil,Satılık,137460-69,15-11-2025,https://www.hepsiemlak.com/manisa-yunusemre-muradiye-satilik/daire/137460-69,2025-12-03 14:22:22
POLAT LİVE EMLAK'TAN SOMANIN KALBİNDE SÜPER KONUMLU DAİRE,3.420.000 TL,Manisa,Soma,Kurtulus Mah.,Manisa / Soma / Kurtulus Mah.,3 + 1,180,1,1. Kat,35 Yaşında,Jeotermal Isıtm...,Var,Yok,Yok,İkinci El,Boş,Hisseli Tapu,Güney,etin,200 TL,...,Hayır,Haritası,Hatırlatmaları,Eşyalı Değil,Satılık,144057-582,28-11-2025,https://www.hepsiemlak.com/manisa-soma-kurtulus-satilik/daire/144057-582,2025-12-03 14:22:53
MANİSA SURHANLI MH SIFIR ASANSÖRLÜ SATILIK ARAKAT DAİRE,3.100.000 TL,Manisa,Saruhanli,Sehitler Mah.,Manisa / Saruhanli / Sehitler Mah.,2 + 1,147,2,4. Kat,1 Yaşında,Kombi,Yok,Var,Var,-,Boş,Kat İrtifakı,"Kuzey, Güney, Doğu, Batı",etin,-,...,Hayır,Haritası,Hatırlatmaları,Eşyalı Değil,Satılık,162290-56,25-09-2025,https://www.hepsiemlak.com/manisa-saruhanli-sehitler-satilik/daire/162290-56,2025-12-03 14:23:14
Manisa Güzelyurt Mh. 2+1 Kapalı Mutfak Site İçi Yatırımlık Satılık Daire,3.100.000 TL,Manisa,Yunusemre,Guzelyurt Mah.,Manisa / Yunusemre / Guzelyurt Mah.,2 + 1,85,1,5. Kat,32 Yaşında,Kombi,Yok,Var,Var,İkinci El,Boş,Kat İrtifakı,"Güney, Doğu",etin,-,...,Hayır,İçi Yatırımlık Satılık Daire,Hatırlatmaları,Eşyalı Değil,Satılık,95753-1879,11-10-2025,https://www.hepsiemlak.com/manisa-yunusemre-guzelyurt-satilik/daire/95753-1879,2025-12-03 14:23:36
FIRSAT FIRSAT MANISA KÖPRÜBAŞI MUSTAKIL KÖYEVI FIRSAT,1.350.000 TL,Manisa,Koprubasi,Yabaci Mah.,Manisa / Koprubasi / Yabaci Mah.,3 + 1,180,1,-,40 Yaşında,Soba,Yok,Yok,Yok,İkinci El,Boş,Kat Mülkiyeti,"Kuzey, Güney",etin,-,...,Hayır,Haritası,Hatırlatmaları,Eşyalı Değil,Satılık,119083-1199,23-09-2025,https://www.hepsiemlak.com/manisa-koprubasi-yabaci-satilik/koy-evi/119083-1199,2025-12-03 14:24:04
TURPA'DAN SELVİLİTEP MAH. SATILIK 2 KATLI MÜSTAKİL FIRSAT EV,6.500.000 TL,Manisa,Turgutlu,Selvilitepe Mah.,Manisa / Turgutlu / Selvilitepe Mah.,3 + 1,141,1,-,30 Yaşında,Kat Kaloriferi,Var,Yok,Var,İkinci El,Boş,Müstakil Tapulu,-,etin,-,...,Hayır,Haritası,Hatırlatmaları,Eşyalı Değil,Satılık,144722-283,24-11-2025,https://www.hepsiemlak.com/manisa-turgutlu-selvilitepe-satilik/mustakil-ev/144722-283,2025-12-03 14:26:54
MANİSA SALİHLİDE YOLKENARI İÇİNDE 80m2 EVİ VE HERTÜRLÜ MEYVENİN OLDUĞU 1885m2 TEKTAPU ARAZİ,4.600.000 TL,Manisa,Salihli,Taytan Mah.,Manisa / Salihli / Taytan Mah.,2 + 1,85,1,-,24 Yaşında,Klima,Yok,Yok,Yok,İkinci El,Mülk Sahibi,Müstakil Tapulu,"Kuzey, Güney, Doğu, Batı",etin,-,...,Hayır,Haritası,Hatırlatmaları,Eşyalı Değil,Satılık,116952-251,02-12-2025,https://www.hepsiemlak.com/manisa-salihli-taytan-satilik/koy-evi/116952-251,2025-12-03 14:27:13
ÖZ DOST EMLAKTAN MURADİYEDE SATILIK 2+1 DAİRE,2.849.000 TL,Manisa,Yunusemre,Muradiye Mah.,Manisa / Yunusemre / Muradiye Mah.,2 + 1,70,1,4. Kat,6 Yaşında,Kombi,Var,Var,Yok,-,Boş,Kat İrtifakı,-,etin,-,...,Hayır,Haritası,Hatırlatmaları,Eşyalı Değil,Satılık,137460-63,16-11-2025,https://www.hepsiemlak.com/manisa-yunusemre-muradiye-satilik/daire/137460-63,2025-12-03 14:27:36
Turgutlu Albayrak Mh. Satılık Müstakil Ev,"Fiyat
En Az
TL
En Çok
TL",Manisa,Turgutlu,Albayrak Mah.,Manisa / Turgutlu / Albayrak Mah.,-,-,Seçiniz,Kat Seçiniz,Bina Yaşı,Isınma Tipi Seçiniz,Var,Var,Var,-,Kullanım Durumu Seçiniz,Tapu Durumu Seçiniz,Cephe Seçiniz,etin,-,k,a Uygun,Tümü,-,Tümü,-,-,09-09-2025,https://www.hepsiemlak.com/manisa-turgutlu-albayrak-satilik/mustakil-ev/154992-44,2025-12-03 14:28:00
Subaşı Mahallesi Satılık Daire,2.999.000 TL,Manisa,Turgutlu,Subasi Mah.,Manisa / Turgutlu / Subasi Mah.,3 + 1,120,1,4. Kat,6 Yaşında,Kombi,Yok,Var,Var,-,Boş,Kat Mülkiyeti,-,etin,-,...,Hayır,Haritası,Hatırlatmaları,Eşyalı Değil,Satılık,160048-12,22-11-2025,https://www.hepsiemlak.com/manisa-turgutlu-subasi-satilik/daire/160048-12,2025-12-03 14:28:23
ATATÜRK MAHALLESİNDE 4 YILLIK 2+1 FULLÜKS 85 m2 ARAKAT DAİRE,3.175.000 TL,Manisa,Yunusemre,Ataturk Mah.,Manisa / Yunusemre / Ataturk Mah.,2 + 1,85,1,3. Kat,4 Yaşında,Kombi,Yok,Var,Var,Sıfır,Boş,Kat İrtifakı,-,etin,-,...,Hayır,Haritası,Hatırlatmaları,Eşyalı Değil,Satılık,147260-29,10-09-2025,https://www.hepsiemlak.com/manisa-yunusemre-ataturk-satilik/daire/147260-29,2025-12-03 14:28:51
REŞATBEY MAH. SATILIK SIFIR 2+1 DAİRE,3.050.000 TL,Manisa,Akhisar,Resat Mah.,Manisa / Akhisar / Resat Mah.,2 + 1,90,3,2. Kat,Sıfır Bina,Kombi,Yok,Var,Yok,-,Boş,Kat İrtifakı,Doğu,etin,-,...,Hayır,Haritası,Hatırlatmaları,Eşyalı Değil,Satılık,163257-34,22-11-2025,https://www.hepsiemlak.com/manisa-akhisar-resat-bey-satilik/daire/163257-34,2025-12-03 14:29:17
Has Hoca Mh. Satılık Daire,"Fiyat
En Az
TL
En Çok
TL",Manisa,Akhisar,Has Mah.,Manisa / Akhisar / Has Mah.,-,-,Seçiniz,Kat Seçiniz,Bina Yaşı,Isınma Tipi Seçiniz,Var,Var,Var,-,Kullanım Durumu Seçiniz,Tapu Durumu Seçiniz,Cephe Seçiniz,etin,-,k,a Uygun,Tümü,-,Tümü,-,-,18-10-2025,https://www.hepsiemlak.com/manisa-akhisar-has-hoca-satilik/daire/143974-177,2025-12-03 14:29:41
AKHİSAR ATATÜRK FAHRİ SERTEL EMLAKTAN SATILIK 3+1 DAİRE,2.950.000 TL,Manisa,Akhisar,Ataturk Mah.,Manisa / Akhisar / Ataturk Mah.,3 + 1,145,1,Yüksek Giriş,8 Yaşında,Kombi,Var,Var,Var,-,-,Müstakil Tapulu,-,etin,-,...,Evet,Haritası,Hatırlatmaları,-,Satılık,144740-265,24-11-2025,https://www.hepsiemlak.com/manisa-akhisar-ataturk-satilik/daire/144740-265,2025-12-03 14:30:02
MUSTAFA BAŞYİĞİT EMLAKTAN EFENDİ MAH RİNGYOLU ÜZERİ SATILIK 2+0,2.590.000 TL,Manisa,Akhisar,Efendi Mah.,Manisa / Akhisar / Efendi Mah.,2 + 0,70,1,1. Kat,Sıfır Bina,Kombi,Var,Var,Yok,-,Boş,Kat İrtifakı,"Doğu, Batı",etin,-,...,Evet,Haritası,Hatırlatmaları,Eşyalı Değil,Satılık,162406-201,29-11-2025,https://www.hepsiemlak.com/manisa-akhisar-efendi-satilik/daire/162406-201,2025-12-03 14:30:27
MANİSA MURADİYE'DE 2+1 ZEMİN SATILIK,1.700.000 TL,Manisa,Yunusemre,Muradiye Mah.,Manisa / Yunusemre / Muradiye Mah.,2 + 1,75,1,Zemin,6 Yaşında,Kombi,Var,Yok,Yok,-,Boş,Kat İrtifakı,-,etin,-,...,Hayır,Haritası,Hatırlatmaları,Eşyalı Değil,Satılık,150932-55,11-11-2025,https://www.hepsiemlak.com/manisa-yunusemre-muradiye-satilik/daire/150932-55,2025-12-03 14:31:21
Satılık Daire,4.750.000 TL,Manisa,Yunusemre,Yeni Mah.,Manisa / Yunusemre / Yeni Mah.,2 + 1,110,1,-,15 Yaşında,Kat Kaloriferi,Yok,Yok,Yok,Sıfır,Boş,Kat Mülkiyeti,"Kuzey, Güney, Doğu",etin,400 TL,...,Hayır,Haritası,Hatırlatmaları,Eşyalı Değil,Satılık,0-45392358,29-11-2025,https://www.hepsiemlak.com/manisa-yunusemre-yeni-mahalle-satilik/bina/0-45392358,2025-12-03 14:31:42
SATILIK SIFIR 2+1 DAİRELER,2.750.000 TL,Manisa,Soma,Turgutalp Mah.,Manisa / Soma / Turgutalp Mah.,2 + 1,100,1,Yüksek Giriş,Sıfır Bina,Merkezi,Var,Var,Yok,Sıfır,Boş,Kat İrtifakı,-,etin,-,...,Evet,Haritası,Hatırlatmaları,Eşyalı Değil,Satılık,691819-1035,20-11-2025,https://www.hepsiemlak.com/manisa-soma-turgutalp-satilik/daire/691819-1035,2025-12-03 14:32:06
CUMHURİYET MH DUBLEKS SATILIK DAİRE,8.650.000 TL,Manisa,Saruhanli,Cumhuriyet Mah.,Manisa / Saruhanli / Cumhuriyet Mah.,6 + 1,285,2,4. Kat,5 Yaşında,Kombi,Yok,Yok,Yok,-,Mülk Sahibi,Müstakil Tapulu,"Kuzey, Güney, Doğu, Batı",etin,-,...,Evet,Haritası,Hatırlatmaları,Eşyalı Değil,Satılık,163108-8,06-11-2025,https://www.hepsiemlak.com/manisa-saruhanli-cumhuriyet-satilik/daire/163108-8,2025-12-03 14:32:33
"UYGUN FİYAT, FIRSAT DAİRE, PAZARLIKLI, CUMHURİYET MH.140 M2, BAHÇELİ, 3+1, KOMBİLİ, FERAH, ARAKAT",2.650.000 TL,Manisa,Turgutlu,Cumhuriyet Mah.,Manisa / Turgutlu / Cumhuriyet Mah.,3 + 1,150,1,3. Kat,26 Yaşında,Kombi,Var,Yok,Yok,-,Boş,Kat Mülkiyeti,"Güney, Doğu, Batı",etin,-,...,Hayır,Haritası,Hatırlatmaları,Eşyalı Değil,Satılık,155616-6,29-11-2025,https://www.hepsiemlak.com/manisa-turgutlu-cumhuriyet-satilik/daire/155616-6,2025-12-03 14:32:58
MANİSA AKHİSAR HÜRRİYET MAH.SATILIK SIFIR 3+1 DAİRE 3.350.000TL,3.350.000 TL,Manisa,Akhisar,Hurriyet Mah.,Manisa / Akhisar / Hurriyet Mah.,2 + 1,100,1,Ara Kat,Sıfır Bina,Kombi,Yok,Var,Var,Sıfır,Boş,Kat Mülkiyeti,"Güney, Doğu, Batı",etin,-,...,Hayır,Haritası,Hatırlatmaları,Eşyalı Değil,Satılık,143974-425,02-12-2025,https://www.hepsiemlak.com/manisa-akhisar-hurriyet-satilik/daire/143974-425,2025-12-03 14:33:24
Manisa Yeni Mah. Mahallesi 4+1 Zeminden Asansörlü Önü Açık Satılık Dubleks,4.200.000 TL,Manisa,Yunusemre,Barbaros Mah.,Manisa / Yunusemre / Barbaros Mah.,4 + 1,240,2,5. Kat,20 Yaşında,Kombi,Var,Var,Var,İkinci El,Mülk Sahibi,Kat İrtifakı,"Kuzey, Güney",etin,-,...,Hayır,Haritası,Hatırlatmaları,Eşyalı Değil,Satılık,95753-2093,18-11-2025,https://www.hepsiemlak.com/manisa-yunusemre-barbaros-satilik/daire/95753-2093,2025-12-03 14:33:49
SATILIK YÖRÜKTE 3+1 125 M2 KOMBİLİ ÖZEL OTOPARKLI KÖŞE DAİRE,4.900.000 TL,Manisa,Salihli,Cumhuriyet Mah.,Manisa / Salihli / Cumhuriyet Mah.,3 + 1,125,1,5. Kat,6 Yaşında,Kombi,Var,Var,Var,İkinci El,Kiracılı,Kat İrtifakı,"Doğu, Batı",etin,1 TL,...,Evet,Haritası,Hatırlatmaları,Eşyalı Değil,Satılık,150639-50,24-11-2025,https://www.hepsiemlak.com/manisa-salihli-cumhuriyet-satilik/daire/150639-50,2025-12-03 14:34:13
YILDIZ GAYRİMENKUL'DEN SEYİT AHMET MAHALLESİ TUR YOLUNA 90 METRE UZAKLIKTA 3+1 SATILIK ARA KAT DAİRE,3.625.000 TL,Manisa,Akhisar,Seyit Mah.,Manisa / Akhisar / Seyit Mah.,3 + 1,135,1,2. Kat,Sıfır Bina,Kombi,Var,Var,Var,Sıfır,Boş,Kat İrtifakı,• Lake mutfak ve kapılar,etin,-,...,-,Haritası,Hatırlatmaları,Eşyalı Değil,Satılık,163627-8,26-11-2025,https://www.hepsiemlak.com/manisa-akhisar-seyit-ahmet-satilik/daire/163627-8,2025-12-03 14:34:39
Merkezez efendi mah arakat full,4.900.000 TL,Manisa,Yunusemre,Merkez Mah.,Manisa / Yunusemre / Merkez Mah.,2 + 1,90,1,2. Kat,8 Yaşında,Kombi,Var,Var,Var,İkinci El,Mülk Sahibi,Kat İrtifakı,Güney,etin,-,...,Evet,İçerisinde,Hatırlatmaları,Eşyalı Değil,Satılık,133144-192,24-11-2025,https://www.hepsiemlak.com/manisa-yunusemre-merkez-efendi-satilik/daire/133144-192,2025-12-03 14:35:07
"MANİSA SALİHLİ, HACIBEKTAŞ MAHALLESİNDE SATILIK 2 KATLI EV",6.750.000 TL,Manisa,Salihli,Hacibektasli Mah.,Manisa / Salihli / Hacibektasli Mah.,3 + 1,148,1,Bahçe Katı,15 Yaşında,Soba,Yok,Yok,Var,İkinci El,Mülk Sahibi,Kat Mülkiyeti,"Kuzey, Güney, Doğu, Batı",etin,-,...,Hayır,Haritası,Hatırlatmaları,Eşyalı Değil,Satılık,140101-19,18-11-2025,https://www.hepsiemlak.com/manisa-salihli-hacibektasli-satilik/daire/140101-19,2025-12-03 14:35:53
MANİSA AKHİSAR ULUCAMİ MAH. ‼️DUBLEKS SATILIK 5+1 DAİRE,6.600.000 TL,Manisa,Akhisar,Ulu Mah.,Manisa / Akhisar / Ulu Mah.,5 + 1,150,2,En Üst Kat,Sıfır Bina,Kombi,Yok,Var,Yok,Sıfır,Boş,Kat Mülkiyeti,-,etin,-,...,Evet,Haritası,Hatırlatmaları,Eşyalı Değil,Satılık,143974-302,10-11-2025,https://www.hepsiemlak.com/manisa-akhisar-ulu-camii-satilik/daire/143974-302,2025-12-03 14:36:30
Manisa Demirci'de Üniversiteye 100 Metre Mesafesinde Müstakil Girişli Bahçeli 2+0 Satılık Daire,1.685.000 TL,Manisa,Demirci,Hacihamza Mah.,Manisa / Demirci / Hacihamza Mah.,2 + 1,65,1,Giriş Katı,9 Yaşında,Kat Kaloriferi,Var,Yok,Yok,İkinci El,Kiracılı,Kat İrtifakı,"Güney, Doğu, Batı",etin,500 TL,...,Evet,Haritası,Hatırlatmaları,-,Satılık,51456-7482,03-12-2025,https://www.hepsiemlak.com/manisa-demirci-hacihamza-satilik/daire/51456-7482,2025-12-03 14:36:57
Akdeniz Emlak'tan Satılık Yunus Emre İlç Barbaros Mah 3+1 Daire,3.300.000 TL,Manisa,Yunusemre,Barbaros Mah.,Manisa / Yunusemre / Barbaros Mah.,3 + 1,110,1,En Üst Kat,12 Yaşında,Kombi,Var,Var,Yok,İkinci El,Boş,Kat Mülkiyeti,Güney,etin,-,...,Hayır,Haritası,Hatırlatmaları,-,Satılık,22228-10976,29-11-2025,https://www.hepsiemlak.com/manisa-yunusemre-barbaros-satilik/daire/22228-10976,2025-12-03 14:37:24
SALİHLİ KURTULUŞ MAHALLESİNDE SATILIK 2+1 DAİRE,4.500.000 TL,Manisa,Salihli,Kurtulus Mah.,Manisa / Salihli / Kurtulus Mah.,2 + 1,110,1,En Üst Kat,Sıfır Bina,Kombi,Yok,Yok,Var,Sıfır,Boş,Kat İrtifakı,-,etin,-,...,-,Haritası,Hatırlatmaları,-,Satılık,138755-296,30-11-2025,https://www.hepsiemlak.com/manisa-salihli-kurtulus-satilik/daire/138755-296,2025-12-03 14:37:48
Çarşı Yarhasanlar mah 3+1 ful asansörlü ara kat,5.200.000 TL,Manisa,Sehzadeler,Yarhasanlar Mah.,Manisa / Sehzadeler / Yarhasanlar Mah.,3 + 1,135,1,Ara Kat,16 Yaşında,Kombi,Yok,Var,Yok,İkinci El,Boş,Kat Mülkiyeti,-,etin,-,...,Evet,Haritası,Hatırlatmaları,Eşyalı Değil,Satılık,86276-1251,26-11-2025,https://www.hepsiemlak.com/manisa-sehzadeler-yarhasanlar-satilik/daire/86276-1251,2025-12-03 14:38:15
Manisa Meydan Sitesi Yarı Eşyalı 1+1 Sıfır Daire Satılık(Kira Garantili),4.850.000 TL,Manisa,Yunusemre,Uncubozkoy Mah.,Manisa / Yunusemre / Uncubozkoy Mah.,1 + 1,48,1,12. Kat,1 Yaşında,Merkezi (Pay Öl...,Var,Yok,Var,Sıfır,Kiracılı,Kat Mülkiyeti,Doğu,etin,1.140 TL,...,Hayır,-,Hatırlatmaları,Eşyalı,Satılık,116537-462,21-11-2025,https://www.hepsiemlak.com/manisa-yunusemre-uncubozkoy-satilik/daire/116537-462,2025-12-03 14:38:44
Akhisar Atatürk Mahallesi'nde 2+1 Satılık Daire,3.650.000 TL,Manisa,Akhisar,Ataturk Mah.,Manisa / Akhisar / Ataturk Mah.,2 + 1,105,1,3. Kat,Sıfır Bina,Kombi,Yok,Var,Var,Sıfır,Boş,Kat İrtifakı,Kuzey,etin,-,...,Hayır,Haritası,Hatırlatmaları,Eşyalı Değil,Satılık,94137-1394,21-11-2025,https://www.hepsiemlak.com/manisa-akhisar-ataturk-satilik/daire/94137-1394,2025-12-03 14:39:14
BARAKA GAYRİMENKUL’DEN YENİ MAHALLEDE YENİ DUBLEKS,5.850.000 TL,Manisa,Yunusemre,Yeni Mah.,Manisa / Yunusemre / Yeni Mah.,3 + 1,200,1,Çatı Katı,3 Yaşında,Kombi,Yok,Var,Yok,İkinci El,Boş,Kat Mülkiyeti,"Güney, Batı",etin,-,...,Evet,İçerisinde,Hatırlatmaları,Eşyalı,Satılık,74020-938,03-11-2025,https://www.hepsiemlak.com/manisa-yunusemre-yeni-mahalle-satilik/daire/74020-938,2025-12-03 14:39:41
GÜZELYURT SİTE İÇİ 4+1 HAVUZLU SAUNALI ARAKAT,11.750.000 TL,Manisa,Yunusemre,Guzelyurt Mah.,Manisa / Yunusemre / Guzelyurt Mah.,4 + 1,174,2,Ara Kat,11 Yaşında,Kombi,Var,Var,Var,İkinci El,Boş,Kat İrtifakı,"Güney, Doğu",etin,-,...,Evet,Haritası,Hatırlatmaları,Eşyalı Değil,Satılık,104090-18,14-11-2025,https://www.hepsiemlak.com/manisa-yunusemre-guzelyurt-satilik/daire/104090-18,2025-12-03 14:40:05
MURADİYE CUMHURİYET OKULU CİVARI SATILIK ARAKAT 1+1 DAİRE,2.350.000 TL,Manisa,Yunusemre,Muradiye Mah.,Manisa / Yunusemre / Muradiye Mah.,1 + 1,50,1,2. Kat,6 Yaşında,Kombi,Yok,Yok,Yok,-,Boş,Kat İrtifakı,"Güney, Batı",etin,-,...,Hayır,Haritası,Hatırlatmaları,Eşyalı Değil,Satılık,113593-292,03-12-2025,https://www.hepsiemlak.com/manisa-yunusemre-muradiye-satilik/daire/113593-292,2025-12-03 14:40:51
NOVA'DAN ERGENEKON MAH.SATILIK 3+1 MÜSTAKİL OTOPARKLI LÜKS DAİRE,6.750.000 TL,Manisa,Turgutlu,Ergenekon Mah.,Manisa / Turgutlu / Ergenekon Mah.,3 + 1,155,2,1. Kat,Sıfır Bina,Yerden Isıtma,Var,Var,Var,-,Boş,Kat Mülkiyeti,-,etin,-,...,Hayır,Haritası,Hatırlatmaları,Eşyalı Değil,Satılık,123058-1791,27-11-2025,https://www.hepsiemlak.com/manisa-turgutlu-ergenekon-satilik/daire/123058-1791,2025-12-03 14:41:19
SATILIK YEŞİLYURTTA 2+1 85M2 DOĞALGAZLI OTOPARKLI FIRSAT DAİRE,2.800.000 TL,Manisa,Salihli,Yesilyurt Mah.,Manisa / Salihli / Yesilyurt Mah.,2 + 1,85,1,1. Kat,Sıfır Bina,Kombi,Var,Var,Var,Yapım Aşamasınd...,Boş,Kat İrtifakı,"Doğu, Batı",etin,1 TL,...,Evet,Haritası,Hatırlatmaları,-,Satılık,150639-48,27-11-2025,https://www.hepsiemlak.com/manisa-salihli-yesilyurt-satilik/daire/150639-48,2025-12-03 14:41:43
SALİHLİ CUMHURİYET MAH. 3+1 ARA KAT SATILIK DAİRE,4.100.000 TL,Manisa,Salihli,Cumhuriyet Mah.,Manisa / Salihli / Cumhuriyet Mah.,3 + 1,145,1,4. Kat,20 Yaşında,Jeotermal Isıtm...,Var,Var,Var,İkinci El,Boş,Kat Mülkiyeti,"Doğu, Batı",etin,750 TL,...,-,2000'de Ferah 3+1 Kaçırılmayacak Fırsat!,Hatırlatmaları,Eşyalı Değil,Satılık,154167-410,19-11-2025,https://www.hepsiemlak.com/manisa-salihli-cumhuriyet-satilik/daire/154167-410,2025-12-03 14:42:11
YILDIZ GAYRİMENKUL'DEN HÜRRİYET MAHALLESİ KESKİNOĞLU ORTAOKULU-DOĞUŞ YAKINI 90m2 SATILIK 2+1 DAİRE,3.600.000 TL,Manisa,Akhisar,Hurriyet Mah.,Manisa / Akhisar / Hurriyet Mah.,2 + 1,90,2,1. Kat,Sıfır Bina,Yerden Isıtma,Var,Var,Var,Sıfır,Boş,Kat İrtifakı,"Kuzey, Güney",etin,-,...,-,Haritası,Hatırlatmaları,Eşyalı Değil,Satılık,163627-7,11-11-2025,https://www.hepsiemlak.com/manisa-akhisar-hurriyet-satilik/daire/163627-7,2025-12-03 14:42:34
Manisa Yunusemre Yeni Mahalle 4+1 Açık Mutfak Dubleks 3 Balkonlu Teraslı,4.200.000 TL,Manisa,Yunusemre,Yeni Mah.,Manisa / Yunusemre / Yeni Mah.,4 + 1,240,2,5. Kat,20 Yaşında,Kombi,Var,Var,Yok,İkinci El,Mülk Sahibi,Kat Mülkiyeti,"Kuzey, Güney, Doğu, Batı",etin,200 TL,...,Evet,Haritası,Hatırlatmaları,Eşyalı Değil,Satılık,95753-2076,16-11-2025,https://www.hepsiemlak.com/manisa-yunusemre-yeni-mahalle-satilik/daire/95753-2076,2025-12-03 14:43:03
MANİSA GÜZELYURT TARZAN BULVARINDA SATILIK KÖŞE VİLLA,16.500.000 TL,Manisa,Yunusemre,Guzelyurt Mah.,Manisa / Yunusemre / Guzelyurt Mah.,4 + 1,257,3,Bahçe Katı,26 Yaşında,Kombi,Yok,Yok,Yok,-,Mülk Sahibi,Kat İrtifakı,"Kuzey, Güney, Doğu, Batı",etin,-,...,Evet,İçerisinde,Hatırlatmaları,Eşyalı Değil,Satılık,94966-795,30-11-2025,https://www.hepsiemlak.com/manisa-yunusemre-guzelyurt-satilik/villa/94966-795,2025-12-03 14:43:32
MANİSA SALİHLİ ADALA'DA SATILIK EV VE BAHÇE,3.250.000 TL,Manisa,Salihli,Adala Mah.,Manisa / Salihli / Adala Mah.,3 + 1,165,1,-,20 Yaşında,Soba,Yok,Yok,Yok,İkinci El,Mülk Sahibi,Kat Mülkiyeti,"Kuzey, Güney, Doğu, Batı",etin,-,...,Hayır,Haritası,Hatırlatmaları,Eşyalı Değil,Satılık,140101-33,02-12-2025,https://www.hepsiemlak.com/manisa-salihli-adala-satilik/mustakil-ev/140101-33,2025-12-03 14:43:56
BAŞUSTA GAYRİMENKUL'DEN HALİL KALE CADDE ÜZERİ DAİRE,2.600.000 TL,Manisa,Turgutlu,Subasi Mah.,Manisa / Turgutlu / Subasi Mah.,2 + 1,110,1,4. Kat,21 Yaşında,Kombi,Yok,Yok,Yok,-,Kiracılı,Kat Mülkiyeti,"Kuzey, Güney",etin,-,...,Evet,Haritası,Hatırlatmaları,Eşyalı Değil,Satılık,164377-3,03-12-2025,https://www.hepsiemlak.com/manisa-turgutlu-subasi-satilik/daire/164377-3,2025-12-03 14:44:22
SALİHLİ YENİKÖYDE SATILIK DAĞ EVİ,12.000.000 TL,Manisa,Salihli,Yenikoy Mah.,Manisa / Salihli / Yenikoy Mah.,3 + 1,200,1,-,12 Yaşında,Klima,Yok,Yok,Yok,İkinci El,Mülk Sahibi,Hisseli Tapu,"Kuzey, Güney, Doğu",etin,-,...,Evet,Haritası,Hatırlatmaları,Eşyalı Değil,Satılık,104662-632,02-12-2025,https://www.hepsiemlak.com/manisa-salihli-yenikoy-satilik/dag-evi/104662-632,2025-12-03 14:45:08
Yenimahalle Satılık Daire,3.970.000 TL,Manisa,Yunusemre,Yeni Mah.,Manisa / Yunusemre / Yeni Mah.,2 + 1,83,-,3. Kat,12 Yaşında,Kombi,Yok,Yok,Yok,-,Belirtilmemiş,Kat Mülkiyeti,Doğu,etin,100 TL,...,-,İçerisinde 1+1 Fiyatına 2+1 Satılık Daire,Hatırlatmaları,Eşyalı Değil,Satılık,109960-215,02-12-2025,https://www.hepsiemlak.com/manisa-yunusemre-yeni-mahalle-satilik/daire/109960-215,2025-12-03 14:45:39
Güzelyurt'ta Noran Park Sitesi 3+1 açık mutfak full özellikli satılık daire,6.750.000 TL,Manisa,Yunusemre,Cumhuriyet Mah.,Manisa / Yunusemre / Cumhuriyet Mah.,3 + 1,115,-,9. Kat,11 Yaşında,Kombi,Yok,Yok,Var,-,Mülk Sahibi,Kat İrtifakı,Doğu,etin,1.500 TL,...,Hayır,si 3+1 açık mutfak full özellikli satılık daire,Hatırlatmaları,Eşyalı Değil,Satılık,160440-30,02-12-2025,https://www.hepsiemlak.com/manisa-yunusemre-cumhuriyet-satilik/daire/160440-30,2025-12-03 14:46:07
BAŞUSTA GAYRİMENKUL'DEN CUMHURİYET'TE FIRSAT DAİRE,3.250.000 TL,Manisa,Turgutlu,Cumhuriyet Mah.,Manisa / Turgutlu / Cumhuriyet Mah.,2 + 1,115,1,Yüksek Giriş,6 Yaşında,Kombi,Yok,Yok,Yok,-,Mülk Sahibi,Kat Mülkiyeti,"Kuzey, Güney",etin,1 TL,...,Hayır,Haritası,Hatırlatmaları,Eşyalı Değil,Satılık,164377-2,02-12-2025,https://www.hepsiemlak.com/manisa-turgutlu-cumhuriyet-satilik/daire/164377-2,2025-12-03 14:46:33
MANİSA MERKEZDE TAPU KARŞISI TADİLATLI 3+1 SATILIK DAİRE,3.700.000 TL,Manisa,Sehzadeler,Peker Mah.,Manisa / Sehzadeler / Peker Mah.,3 + 1,140,1,4. Kat,26 Yaşında,Kombi,Yok,Yok,Yok,-,Boş,Kat Mülkiyeti,"Kuzey, Güney",etin,-,...,Hayır,Haritası,Hatırlatmaları,Eşyalı Değil,Satılık,113593-301,02-12-2025,https://www.hepsiemlak.com/manisa-sehzadeler-peker-satilik/daire/113593-301,2025-12-03 14:46:57
TURGUTLU GÜNEY KÖYÜ ŞAHANE ÇİFTLİK EVİ VE MEYVA BAHÇESİ,9.900.000 TL,Manisa,Turgutlu,Guney Mah.,Manisa / Turgutlu / Guney Mah.,1 + 0,160,2,Bahçe Katı,5 Yaşında,Kombi,Yok,Yok,Yok,-,-,Arsa,"Kuzey, Güney, Doğu, Batı",etin,-,...,Hayır,ye Hakim Tripleks,Hatırlatmaları,-,Satılık,153004-248,02-12-2025,https://www.hepsiemlak.com/manisa-turgutlu-guney-satilik/ciftlik-evi/153004-248,2025-12-03 14:47:25
MANİSA TURGUTLU ERGENEKON M SATILIK 3+1(130m)DAİRE,3.300.000 TL,Manisa,Turgutlu,Ergenekon Mah.,Manisa / Turgutlu / Ergenekon Mah.,4 + 1,135,1,3. Kat,20 Yaşında,Kombi,Var,Var,Var,-,Mülk Sahibi,Kat Mülkiyeti,-,etin,-,...,Evet,Haritası,Hatırlatmaları,-,Satılık,164007-37,02-12-2025,https://www.hepsiemlak.com/manisa-turgutlu-ergenekon-satilik/daire/164007-37,2025-12-03 14:47:55
ZEKİ EMLAK'TAN MURADİYE'DE SATILIK 1+1 SIFIR DAİRE,2.575.000 TL,Manisa,Yunusemre,Muradiye Mah.,Manisa / Yunusemre / Muradiye Mah.,1 + 1,50,1,Yüksek Giriş,Sıfır Bina,Kombi,Yok,Var,Var,Sıfır,Boş,Kat İrtifakı,-,etin,-,...,-,Haritası,Hatırlatmaları,Eşyalı Değil,Satılık,156185-466,02-12-2025,https://www.hepsiemlak.com/manisa-yunusemre-muradiye-satilik/daire/156185-466,2025-12-03 14:48:22
DE&MA EMLAK’TAN 3000 M2 ARSA İÇİNDE 7+1 TRİBLEX VİLLA,35.000.000 TL,Manisa,Salihli,Gokkoy Mah.,Manisa / Salihli / Gokkoy Mah.,7 + 1,300,3,-,1 Yaşında,Kat Kaloriferi,Var,Yok,Var,-,Boş,Müstakil Tapulu,-,etin,1 TL,...,Evet,Haritası,Hatırlatmaları,Eşyalı Değil,Satılık,152193-76,02-12-2025,https://www.hepsiemlak.com/manisa-salihli-gokkoy-satilik/villa/152193-76,2025-12-03 14:48:48
ZEKİ EMLAK'TAN MURADİYE MH İSTASYON CİVARINDA 2+1 LÜKS DAİRE,2.990.000 TL,Manisa,Yunusemre,Muradiye Mah.,Manisa / Yunusemre / Muradiye Mah.,2 + 1,75,1,Yüksek Giriş,Sıfır Bina,Yerden Isıtma,Yok,Yok,Yok,Sıfır,Boş,Kat İrtifakı,- Açık Mutfak - Ankastre Set,etin,-,...,Evet,Haritası,Hatırlatmaları,Eşyalı Değil,Satılık,156185-355,02-12-2025,https://www.hepsiemlak.com/manisa-yunusemre-muradiye-satilik/daire/156185-355,2025-12-03 14:49:17
ZEKİ EMLAK'TAN MANİSA MURADİYE'DE SATILIK 2+1 ARA KAT DAİRE..,2.950.000 TL,Manisa,Yunusemre,Muradiye Mah.,Manisa / Yunusemre / Muradiye Mah.,2 + 1,75,1,2. Kat,4 Yaşında,Kombi,Yok,Var,Yok,-,Boş,Kat İrtifakı,-,etin,-,...,Hayır,İçi 1+1 Daire ⭕️,Hatırlatmaları,Eşyalı Değil,Satılık,156185-289,02-12-2025,https://www.hepsiemlak.com/manisa-yunusemre-muradiye-satilik/daire/156185-289,2025-12-03 14:49:46
MUSTAFA KEMAL MAHALLESİ'NDE SATILIK SIFIR 2+1 ARAKAT DAİRE,2.300.000 TL,Manisa,Turgutlu,Mustafa Mah.,Manisa / Turgutlu / Mustafa Mah.,2 + 1,85,1,3. Kat,Sıfır Bina,Kombi,Var,Var,Var,-,Boş,Kat İrtifakı,"Kuzey, Güney, Doğu, Batı",etin,-,...,Evet,Haritası,Hatırlatmaları,Eşyalı Değil,Satılık,164247-105,02-12-2025,https://www.hepsiemlak.com/manisa-turgutlu-mustafa-kemal-satilik/daire/164247-105,2025-12-03 14:50:10
çatı aralı mesken,7.900.000 TL,Manisa,Yunusemre,Muradiye Mah.,Manisa / Yunusemre / Muradiye Mah.,5 + 1,250,2,4. Kat,1 Yaşında,Kombi,Yok,Var,Yok,Sıfır,Boş,Müstakil Tapulu,"Kuzey, Güney",etin,200 TL,...,-,si Havuz Cephe 2+1 Kapalı Mutfak Satılık Daire,Hatırlatmaları,Eşyalı Değil,Satılık,0-45671720,29-11-2025,https://www.hepsiemlak.com/manisa-yunusemre-muradiye-satilik/daire/0-45671720,2025-12-03 14:50:36
Manisa Şehzadeler 2.Anafartalar Mahallesi 4+1 Yüksek Zemin Ful Özellikli Satılık Daire,4.100.000 TL,Manisa,Sehzadeler,2 Mah.,Manisa / Sehzadeler / 2 Mah.,4 + 1,145,1,Yüksek Giriş,30 Yaşında,Kombi,Var,Var,Yok,İkinci El,Boş,Kat Mülkiyeti,"Kuzey, Güney, Doğu, Batı",etin,-,...,Hayır,Haritası,Hatırlatmaları,Eşyalı Değil,Satılık,95753-2034,27-11-2025,https://www.hepsiemlak.com/manisa-sehzadeler-2-anafartalar-satilik/daire/95753-2034,2025-12-03 14:51:07
GARANTİ EMLAK LİDYA GARDEN CİTY SATILIK DAİRE,5.400.000 TL,Manisa,Turgutlu,Irlamaz Mah.,Manisa / Turgutlu / Irlamaz Mah.,3 + 1,130,2,Ara Kat,2 Yaşında,Merkezi (Pay Öl...,Yok,Var,Var,İkinci El,Boş,Kat İrtifakı,"Doğu, Batı",etin,3.000 TL,...,Hayır,İçerisinde,Hatırlatmaları,Eşyalı Değil,Satılık,137655-325,27-11-2025,https://www.hepsiemlak.com/manisa-turgutlu-irlamaz-satilik/daire/137655-325,2025-12-03 14:51:41
Akdeniz Emlak'tan Satılık Yunus Emre Maraşal Fevzi Çakmak Mah 2 kat Bina,8.980.000 TL,Manisa,Yunusemre,Maresal Mah.,Manisa / Yunusemre / Maresal Mah.,6 + 2,275,2,Yüksek Giriş,14 Yaşında,Kombi,Var,Var,Yok,İkinci El,Mülk Sahibi,Kat Mülkiyeti,Güney,etin,-,...,Hayır,Haritası,Hatırlatmaları,-,Satılık,22228-10941,27-11-2025,https://www.hepsiemlak.com/manisa-yunusemre-maresal-fevzi-cakmak-satilik/daire/22228-10941,2025-12-03 14:52:10
"ARI EMLAK‘TAN ADLİYE VE EMNİYET'E YAKIN ASANSÖRLÜ, DOĞALGAZLI, 2+1, MASRAFSIZ, SATILIK LÜKS DAİRE",3.750.000 TL,Manisa,Turgutlu,Sehitler Mah.,Manisa / Turgutlu / Sehitler Mah.,2 + 1,120,1,4. Kat,6 Yaşında,Kombi,Var,Var,Yok,İkinci El,Mülk Sahibi,Kat Mülkiyeti,"Doğu, Batı",etin,-,...,Evet,Haritası,Hatırlatmaları,Eşyalı Değil,Satılık,155616-25,29-11-2025,https://www.hepsiemlak.com/manisa-turgutlu-sehitler-satilik/daire/155616-25,2025-12-03 14:52:39
YATIRIMLIK! ARDA MAH. KENZİ CADDESİNE CEPHE 2+1 İÇİ KOMPLE YENİLENMİŞ DAİRE,3.400.000 TL,Manisa,Sehzadeler,Arda Mah.,Manisa / Sehzadeler / Arda Mah.,2 + 1,75,1,Ara Kat,23 Yaşında,Kombi,Var,Var,Var,İkinci El,Mülk Sahibi,Kat İrtifakı,"Doğu, Batı",etin,-,...,Hayır,Haritası,Hatırlatmaları,Eşyalı Değil,Satılık,154167-329,03-12-2025,https://www.hepsiemlak.com/manisa-sehzadeler-arda-satilik/daire/154167-329,2025-12-03 14:53:06
ERSOY'DAN SATILIK FUL LÜKS 3+1 KAPALI MUTFAK,3.475.000 TL,Manisa,Yunusemre,Cumhuriyet Mah.,Manisa / Yunusemre / Cumhuriyet Mah.,3 + 1,120,1,Zemin,16 Yaşında,Kombi,Var,Var,Yok,-,Mülk Sahibi,Kat İrtifakı,-,etin,-,...,Hayır,Haritası,Hatırlatmaları,Eşyalı Değil,Satılık,114523-424,01-12-2025,https://www.hepsiemlak.com/manisa-yunusemre-cumhuriyet-satilik/daire/114523-424,2025-12-03 14:53:55
TAM NOKTA TURGUTLUDAN SATILIK SELVİLİTEPE DE BAHÇELİ ZEMİN DAİRE,2.100.000 TL,Manisa,Turgutlu,Selvilitepe Mah.,Manisa / Turgutlu / Selvilitepe Mah.,2 + 1,159,1,Zemin,25 Yaşında,Kombi,Yok,Yok,Yok,İkinci El,Mülk Sahibi,Kat Mülkiyeti,-,etin,-,...,Evet,Haritası,Hatırlatmaları,Eşyalı Değil,Satılık,156788-153,02-12-2025,https://www.hepsiemlak.com/manisa-turgutlu-selvilitepe-satilik/daire/156788-153,2025-12-03 14:54:24
MANİSA SALİHLİ YEŞİLOVA MAHALLESİ'NDE SATILIK ARSA VE EVLER,4.800.000 TL,Manisa,Salihli,Yesilova Mah.,Manisa / Salihli / Yesilova Mah.,3 + 1,157,1,Bahçe Katı,10 Yaşında,Soba,Var,Var,Var,İkinci El,Mülk Sahibi,Müstakil Tapulu,"Kuzey, Güney, Doğu, Batı",etin,-,...,Hayır,Haritası,Hatırlatmaları,Eşyalı Değil,Satılık,140101-45,27-11-2025,https://www.hepsiemlak.com/manisa-salihli-yesilova-satilik/daire/140101-45,2025-12-03 14:54:49
Akdeniz Emlaktan Satılık Yunus Emre İlç Muradiye Mah 4+1 Dubleks Daire,4.490.000 TL,Manisa,Yunusemre,Muradiye Mah.,Manisa / Yunusemre / Muradiye Mah.,4 + 1,160,2,En Üst Kat,12 Yaşında,Kombi,Var,Var,Var,İkinci El,Kiracılı,Kat Mülkiyeti,-,etin,-,...,Hayır,Haritası,Hatırlatmaları,Eşyalı,Satılık,22228-10924,29-11-2025,https://www.hepsiemlak.com/manisa-yunusemre-muradiye-satilik/daire/22228-10924,2025-12-03 14:55:20
GARANTİ EMLAK KURTULUŞ MAHALLESİ SATILIK DAİRE,2.350.000 TL,Manisa,Turgutlu,Sehitler Mah.,Manisa / Turgutlu / Sehitler Mah.,3 + 1,105,1,Ara Kat,8 Yaşında,Kombi,Yok,Yok,Yok,İkinci El,Kiracılı,Kat Mülkiyeti,Doğu,etin,-,...,Hayır,Haritası,Hatırlatmaları,-,Satılık,137655-322,03-12-2025,https://www.hepsiemlak.com/manisa-turgutlu-sehitler-satilik/daire/137655-322,2025-12-03 14:55:50
NOVADA AVM ÜZERİ FATİH CAMİ KARŞISINDA SATILIK LÜKS 3+1 DAİRE,4.150.000 TL,Manisa,Akhisar,Seyit Mah.,Manisa / Akhisar / Seyit Mah.,3 + 1,125,1,2. Kat,Sıfır Bina,Yerden Isıtma,Var,Var,Yok,Sıfır,Boş,Kat İrtifakı,"Kuzey, Batı",etin,-,...,Evet,Haritası,Hatırlatmaları,Eşyalı Değil,Satılık,94123-2678,01-12-2025,https://www.hepsiemlak.com/manisa-akhisar-seyit-ahmet-satilik/daire/94123-2678,2025-12-03 14:56:23
MURADİYE MERKEZİ LOKASYONDA ÖZELLİKLİ ARAKAT SATILIK 3+1 DAİRE,4.600.000 TL,Manisa,Yunusemre,Muradiye Mah.,Manisa / Yunusemre / Muradiye Mah.,3 + 1,145,1,2. Kat,6 Yaşında,Kombi,Var,Yok,Yok,-,Kiracılı,Kat İrtifakı,"Doğu, Batı",etin,-,...,Hayır,Haritası,Hatırlatmaları,Eşyalı Değil,Satılık,113593-294,03-12-2025,https://www.hepsiemlak.com/manisa-yunusemre-muradiye-satilik/daire/113593-294,2025-12-03 14:56:52
MURADİYE MAHALLESİ SATILIK 3+1 A.MUTFAK DAİRE,3.950.000 TL,Manisa,Yunusemre,Muradiye Mah.,Manisa / Yunusemre / Muradiye Mah.,3 + 1,115,1,4. Kat,4 Yaşında,Kombi,Var,Var,Yok,İkinci El,Boş,Kat İrtifakı,"Doğu, Batı",etin,-,...,Evet,Haritası,Hatırlatmaları,Eşyalı Değil,Satılık,70124-3991,27-11-2025,https://www.hepsiemlak.com/manisa-yunusemre-muradiye-satilik/daire/70124-3991,2025-12-03 14:57:22
75. YIL MAHALLESİNDE 2+1 SATILIK DAİRE,4.650.000 TL,Manisa,Yunusemre,75 Mah.,Manisa / Yunusemre / 75 Mah.,2 + 1,100,1,3. Kat,11 Yaşında,Kombi,Var,Var,Var,-,Boş,Kat İrtifakı,"Kuzey, Doğu, Batı",etin,-,...,Hayır,Haritası,Hatırlatmaları,Eşyalı Değil,Satılık,94966-792,02-12-2025,https://www.hepsiemlak.com/manisa-yunusemre-75-yil-satilik/daire/94966-792,2025-12-03 14:57:50
Manisa Salihli Kurtuluş Mahallesinde Satılık 2.Kat 3+1 Daire,4.650.000 TL,Manisa,Salihli,Kurtulus Mah.,Manisa / Salihli / Kurtulus Mah.,3 + 1,145,1,Ara Kat,15 Yaşında,Kombi,Var,Var,Var,İkinci El,-,Kat İrtifakı,"Kuzey, Güney",etin,-,...,Hayır,Haritası,Hatırlatmaları,-,Satılık,138755-287,03-12-2025,https://www.hepsiemlak.com/manisa-salihli-kurtulus-satilik/daire/138755-287,2025-12-03 14:58:21
HAFSA SULTAN 3+1 AÇIK MUTFAK FULL ÖZELLİKLİ DAİRE,4.550.000 TL,Manisa,Yunusemre,Hafsa Mah.,Manisa / Yunusemre / Hafsa Mah.,3 + 1,125,1,1. Kat,6 Yaşında,Kombi,Yok,Var,Yok,-,Boş,Kat Mülkiyeti,-,etin,-,...,Evet,Haritası,Hatırlatmaları,Eşyalı Değil,Satılık,163278-71,01-12-2025,https://www.hepsiemlak.com/manisa-yunusemre-hafsa-sultan-satilik/daire/163278-71,2025-12-03 14:59:15
Yeni Mahallede Üst Düzey Dubleks,8.500.000 TL,Manisa,Turgutlu,Yeni Mah.,Manisa / Turgutlu / Yeni Mah.,5 + 1,280,3,5. Kat,Sıfır Bina,Yerden Isıtma,Var,Var,Yok,-,Boş,Kat Mülkiyeti,-,etin,-,...,Hayır,İçi 4+1 Satılık Daireler,Hatırlatmaları,Eşyalı Değil,Satılık,160048-117,01-12-2025,https://www.hepsiemlak.com/manisa-turgutlu-yeni-satilik/daire/160048-117,2025-12-03 14:59:43
GÖKAY GRUP'tan Kupon 3+1 Satılık daire,4.750.000 TL,Manisa,Alasehir,Kurtulus Mah.,Manisa / Alasehir / Kurtulus Mah.,3 + 1,155,2,8. Kat,6 Yaşında,Kombi,Var,Yok,Var,-,Boş,Kat Mülkiyeti,Güney,etin,-,...,Hayır,Haritası,Hatırlatmaları,Eşyalı Değil,Satılık,156372-96,02-12-2025,https://www.hepsiemlak.com/manisa-alasehir-kurtulus-satilik/daire/156372-96,2025-12-03 15:00:16
SATILIK KELİDE 3+1 125 M2 KOMBİLİ ÖZEL OTOPARKLI SIFIR ARA KAT,3.650.000 TL,Manisa,Salihli,Keli Mah.,Manisa / Salihli / Keli Mah.,3 + 1,125,1,3. Kat,Sıfır Bina,Kombi,Var,Var,Var,-,Boş,Kat İrtifakı,"Doğu, Batı",etin,1 TL,...,Evet,Haritası,Hatırlatmaları,Eşyalı Değil,Satılık,150639-56,27-11-2025,https://www.hepsiemlak.com/manisa-salihli-keli-satilik/daire/150639-56,2025-12-03 15:00:40
MANİSA ÖĞRETMEN EVİ YANI 3+1 ARAKAT ASANSÖRLÜ LÜKS DAİRE,7.700.000 TL,Manisa,Sehzadeler,Peker Mah.,Manisa / Sehzadeler / Peker Mah.,3 + 1,145,2,5. Kat,6 Yaşında,Kombi,Var,Var,Yok,-,Mülk Sahibi,Kat İrtifakı,"Kuzey, Doğu, Batı",etin,250 TL,...,Hayır,Haritası,Hatırlatmaları,Eşyalı Değil,Satılık,158110-280,27-11-2025,https://www.hepsiemlak.com/manisa-sehzadeler-peker-satilik/daire/158110-280,2025-12-03 15:01:11
SALİHLİ ERDEM EMLAKTAN SATILIK KÖPRÜBAŞINDA FERAH 2+1 DAİRE,3.150.000 TL,Manisa,Koprubasi,Temrek Mah.,Manisa / Koprubasi / Temrek Mah.,2 + 1,110,1,3. Kat,4 Yaşında,Kat Kaloriferi,Yok,Var,Yok,-,-,Kat Mülkiyeti,-,etin,-,...,Evet,Haritası,Hatırlatmaları,-,Satılık,158161-138,03-12-2025,https://www.hepsiemlak.com/manisa-koprubasi-temrek-satilik/daire/158161-138,2025-12-03 15:01:37
BEFT GAYRİMENKUL DEN HAFSA SULTAN MH SATILIK İZMİR BURSA SÜRAT YOLU FULL 3+1 145 M2 ARAKAT,6.800.000 TL,Manisa,Yunusemre,Hafsa Mah.,Manisa / Yunusemre / Hafsa Mah.,3 + 1,145,1,5. Kat,13 Yaşında,Kombi,Var,Var,Var,İkinci El,Kiracılı,Kat İrtifakı,-,etin,-,...,Hayır,Haritası,Hatırlatmaları,Eşyalı Değil,Satılık,162044-140,02-12-2025,https://www.hepsiemlak.com/manisa-yunusemre-hafsa-sultan-satilik/daire/162044-140,2025-12-03 15:02:12
TARSSA GAYRİMENKUL'DEN MANİSA TURGUTLUDA 2+1 DAİRE!,2.800.000 TL,Manisa,Turgutlu,Yildirim Mah.,Manisa / Turgutlu / Yildirim Mah.,2 + 1,90,2,En Üst Kat,7 Yaşında,Merkezi (Pay Öl...,Yok,Yok,Yok,İkinci El,Mülk Sahibi,Kat İrtifakı,"Kuzey, Güney, Doğu, Batı",etin,250 TL,...,Evet,Haritası,Hatırlatmaları,Eşyalı Değil,Satılık,159897-10,01-12-2025,https://www.hepsiemlak.com/manisa-turgutlu-yildirim-satilik/daire/159897-10,2025-12-03 15:02:42
Yatırımcıya kupon mevki 3+1 masrafsız arakat,4.200.000 TL,Manisa,Sehzadeler,Yarhasanlar Mah.,Manisa / Sehzadeler / Yarhasanlar Mah.,3 + 1,120,1,Ara Kat,20 Yaşında,Kombi,Yok,Yok,Var,İkinci El,Mülk Sahibi,Kat İrtifakı,Güney,etin,100 TL,...,Hayır,Haritası,Hatırlatmaları,Eşyalı Değil,Satılık,133144-220,27-11-2025,https://www.hepsiemlak.com/manisa-sehzadeler-yarhasanlar-satilik/daire/133144-220,2025-12-03 15:03:13
Merkezi Konumda Ultra Lüx Satılık Daire,5.700.000 TL,Manisa,Yunusemre,Muradiye Mah.,Manisa / Yunusemre / Muradiye Mah.,3 + 1,120,2,2. Kat,4 Yaşında,Kombi,Var,Var,Var,-,Boş,Kat İrtifakı,-,etin,-,...,Evet,Haritası,Hatırlatmaları,Eşyalı Değil,Satılık,152164-36,02-12-2025,https://www.hepsiemlak.com/manisa-yunusemre-muradiye-satilik/daire/152164-36,2025-12-03 15:03:45
M&Ş Gayrumenkulden satılık 2+1 satılık daire,2.450.000 TL,Manisa,Salihli,Keli Mah.,Manisa / Salihli / Keli Mah.,2 + 1,85,1,Giriş Katı,4 Yaşında,Kombi,Yok,Yok,Yok,İkinci El,Kiracılı,Kat Mülkiyeti,-,etin,-,...,Evet,Haritası,Hatırlatmaları,Eşyalı Değil,Satılık,139585-167,01-12-2025,https://www.hepsiemlak.com/manisa-salihli-keli-satilik/daire/139585-167,2025-12-03 15:04:33
Manisa Muradiye'de Satılık 3+1 Daire,4.200.000 TL,Manisa,Yunusemre,Muradiye Mah.,Manisa / Yunusemre / Muradiye Mah.,3 + 1,140,1,4. Kat,6 Yaşında,Kombi,Yok,Var,Yok,-,Mülk Sahibi,Kat Mülkiyeti,"Kuzey, Batı",etin,100 TL,...,Evet,İçerisinde 1+1 Fiyatına 2+1 Satılık Daire,Hatırlatmaları,Eşyalı Değil,Satılık,162776-10,29-11-2025,https://www.hepsiemlak.com/manisa-yunusemre-muradiye-satilik/daire/162776-10,2025-12-03 15:05:01
ALTINKENT YATIRIM'DAN SANCAKLIBOZKÖY TOKİ'DE 2+1 SATILIK DAİRE,1.550.000 TL,Manisa,Sehzadeler,Sancaklibozkoy Mah.,Manisa / Sehzadeler / Sancaklibozkoy Mah.,2 + 1,86,1,1. Kat,2 Yaşında,Merkezi,Yok,Yok,Var,-,Boş,Tapu Yok,"Güney, Batı",etin,-,...,Evet,İçerisinde,Hatırlatmaları,Eşyalı Değil,Satılık,161661-32,27-11-2025,https://www.hepsiemlak.com/manisa-sehzadeler-sancaklibozkoy-satilik/daire/161661-32,2025-12-03 15:05:33
CAMİ ÖNÜ CİVARI SATILIK 145 M2 LÜKS DAİRE,3.250.000 TL,Manisa,Turgutlu,Yigitler Mah.,Manisa / Turgutlu / Yigitler Mah.,3 + 1,145,1,Ara Kat,2 Yaşında,Kombi,Var,Var,Var,-,Boş,Kat İrtifakı,Kuzey,etin,-,...,Evet,Haritası,Hatırlatmaları,Eşyalı Değil,Satılık,155066-49,27-11-2025,https://www.hepsiemlak.com/manisa-turgutlu-yigitler-satilik/daire/155066-49,2025-12-03 15:05:59
EROĞLU TAŞKIN EMLAK OFİSİNDEN ATATÜRK'TE SIFIR 2+1 DAİRELER,3.500.000 TL,Manisa,Akhisar,Ataturk Mah.,Manisa / Akhisar / Ataturk Mah.,2 + 1,103,2,2. Kat,Sıfır Bina,Kombi,Yok,Yok,Var,Sıfır,Boş,Kat İrtifakı,"Kuzey, Güney, Doğu, Batı",etin,-,...,Hayır,Haritası,Hatırlatmaları,Eşyalı Değil,Satılık,160552-5,01-12-2025,https://www.hepsiemlak.com/manisa-akhisar-ataturk-satilik/daire/160552-5,2025-12-03 15:06:31
AHMETLİ GÜLDEDE MAHALLESINDE EŞYALI SATILIK 1+1 DAIRE,1.800.000 TL,Manisa,Ahmetli,Guldede Mah.,Manisa / Ahmetli / Guldede Mah.,1 + 1,45,1,Yüksek Giriş,6 Yaşında,Klima,Var,Yok,Yok,İkinci El,-,Kat İrtifakı,"Güney, Batı",etin,200 TL,...,-,Haritası,Hatırlatmaları,Eşyalı,Satılık,134354-2594,03-12-2025,https://www.hepsiemlak.com/manisa-ahmetli-guldede-satilik/daire/134354-2594,2025-12-03 15:06:56
MURADİYE MAH SATILIK 2+1 A.MUTFAKLI ARAKAT,3.150.000 TL,Manisa,Yunusemre,Muradiye Mah.,Manisa / Yunusemre / Muradiye Mah.,2 + 1,80,1,2. Kat,8 Yaşında,Kombi,Yok,Var,Var,İkinci El,Kiracılı,Kat İrtifakı,Güney,etin,-,...,Evet,İçi Sıfır 1+1 Daire ⭕️,Hatırlatmaları,Eşyalı Değil,Satılık,70124-4066,01-12-2025,https://www.hepsiemlak.com/manisa-yunusemre-muradiye-satilik/daire/70124-4066,2025-12-03 15:07:24
Akdeniz Emlak'tan Satılık Yunus Emre 50 Yıl Mah 2+1 Ara Kat,3.550.000 TL,Manisa,Yunusemre,50 Mah.,Manisa / Yunusemre / 50 Mah.,2 + 1,90,1,Ara Kat,2 Yaşında,Kombi,Yok,Var,Var,İkinci El,Kiracılı,Kat Mülkiyeti,Güney,etin,-,...,Hayır,İçerisinde 1+1 Fiyatına 2+1 Satılık Daire,Hatırlatmaları,Eşyalı Değil,Satılık,22228-10993,30-11-2025,https://www.hepsiemlak.com/manisa-yunusemre-50-yil-satilik/daire/22228-10993,2025-12-03 15:07:57
SALİHLİ SAĞLIK MAHALLESİNDE SATILIK 3.KAT 3+1 LÜKS DAİRE,6.100.000 TL,Manisa,Salihli,Saglik Mah.,Manisa / Salihli / Saglik Mah.,3 + 1,135,1,3. Kat,3 Yaşında,Kombi,Yok,Var,Var,İkinci El,-,Kat İrtifakı,-,etin,-,...,Hayır,Haritası,Hatırlatmaları,Eşyalı Değil,Satılık,138755-299,30-11-2025,https://www.hepsiemlak.com/manisa-salihli-saglik-satilik/daire/138755-299,2025-12-03 15:08:27
MANİSA PEKER DE 3+1 135 M2 FULLÜKS 5.KAT KÖŞE DAİRE 3.425.000 TL,3.425.000 TL,Manisa,Sehzadeler,Peker Mah.,Manisa / Sehzadeler / Peker Mah.,3 + 1,145,1,5. Kat,27 Yaşında,Kombi,Var,Var,Var,İkinci El,Mülk Sahibi,Kat Mülkiyeti,"Kuzey, Doğu",etin,-,...,Hayır,Haritası,Hatırlatmaları,Eşyalı Değil,Satılık,119726-1401,30-11-2025,https://www.hepsiemlak.com/manisa-sehzadeler-peker-satilik/daire/119726-1401,2025-12-03 15:08:54
SATILIK ACISUDA 2+1 95M2 DOĞALGAZLI OTOPARKLI LÜKS ARA KAT,3.600.000 TL,Manisa,Salihli,Kocacesme Mah.,Manisa / Salihli / Kocacesme Mah.,2 + 1,95,1,3. Kat,5 Yaşında,Kombi,Var,Var,Var,-,Mülk Sahibi,Kat İrtifakı,Batı,etin,1 TL,...,Evet,Haritası,Hatırlatmaları,Eşyalı Değil,Satılık,150639-54,26-11-2025,https://www.hepsiemlak.com/manisa-salihli-kocacesme-satilik/daire/150639-54,2025-12-03 15:09:38
BEFT GAYRİMENKUL DEN SATILIK UTKU MH KISMI ÖZELLİKLİ EŞYALI KİRACILI SON KAT DAİRE,2.340.000 TL,Manisa,Sehzadeler,Utku Mah.,Manisa / Sehzadeler / Utku Mah.,2 + 1,90,1,En Üst Kat,34 Yaşında,Klima,Yok,Yok,Yok,-,Kiracılı,Kat İrtifakı,-,etin,-,...,Hayır,Haritası,Hatırlatmaları,Eşyalı,Satılık,162044-134,02-12-2025,https://www.hepsiemlak.com/manisa-sehzadeler-utku-satilik/daire/162044-134,2025-12-03 15:10:04
SALİHLİ ERDEM EMLAKTAN SEYRAN TEPE MAHALLESİ SATILIK SIFIR DUBLEKS DAİRE,5.400.000 TL,Manisa,Salihli,Seyrantepe Mah.,Manisa / Salihli / Seyrantepe Mah.,4 + 1,204,2,4. Kat,5 Yaşında,Kombi,Yok,Var,Var,-,Boş,Kat Mülkiyeti,-,etin,-,...,Evet,Haritası,Hatırlatmaları,Eşyalı Değil,Satılık,158161-131,03-12-2025,https://www.hepsiemlak.com/manisa-salihli-seyrantepe-satilik/daire/158161-131,2025-12-03 15:10:32
MUSTAFA BAŞYİĞİT EMLAKTAN REŞATBEY MAHALLESİN DE 4+1 DUBLEKS,5.250.000 TL,Manisa,Akhisar,Resat Mah.,Manisa / Akhisar / Resat Mah.,4 + 1,202,2,3. Kat,Sıfır Bina,Kombi,Yok,Var,Var,-,Boş,Kat İrtifakı,"Doğu, Batı",etin,-,...,Evet,Haritası,Hatırlatmaları,Eşyalı Değil,Satılık,162406-214,28-11-2025,https://www.hepsiemlak.com/manisa-akhisar-resat-bey-satilik/daire/162406-214,2025-12-03 15:11:00
ALAŞEHİR KURTULUŞ MH DENİZPARK EVLERİNDE SATILIK DAİRE,5.250.000 TL,Manisa,Alasehir,Kurtulus Mah.,Manisa / Alasehir / Kurtulus Mah.,3 + 1,170,2,6. Kat,Sıfır Bina,Kombi,Yok,Var,Yok,-,Boş,Kat İrtifakı,Batı,etin,-,...,Evet,Haritası,Hatırlatmaları,Eşyalı Değil,Satılık,160695-49,27-11-2025,https://www.hepsiemlak.com/manisa-alasehir-kurtulus-satilik/daire/160695-49,2025-12-03 15:11:25
"ATATÜRK MAH. SATILIK 2+1, 100 M2 ZEMİN KAT DAİRE",1.705.000 TL,Manisa,Akhisar,Ataturk Mah.,Manisa / Akhisar / Ataturk Mah.,2 + 1,100,1,Zemin,31 Yaşında,Soba,Var,Yok,Yok,-,Kiracılı,Kat İrtifakı,"Kuzey, Güney",etin,-,...,Hayır,Haritası,Hatırlatmaları,Eşyalı Değil,Satılık,163257-17,03-12-2025,https://www.hepsiemlak.com/manisa-akhisar-ataturk-satilik/daire/163257-17,2025-12-03 15:11:51
M&Ş Gayrumenkulden acil satılık 3+1daire…,2.650.000 TL,Manisa,Salihli,Zafer Mah.,Manisa / Salihli / Zafer Mah.,3 + 1,110,1,Kot 3,16 Yaşında,Isıtma Yok,Yok,Yok,Var,İkinci El,Kiracılı,Kat Mülkiyeti,-,etin,-,...,Evet,Haritası,Hatırlatmaları,Eşyalı,Satılık,139585-164,01-12-2025,https://www.hepsiemlak.com/manisa-salihli-zafer-satilik/daire/139585-164,2025-12-03 15:12:16
MEDAR TOKİ KONUTLARINDA SATILIK 3+1 DAİRE,2.890.000 TL,Manisa,Akhisar,Medar Mah.,Manisa / Akhisar / Medar Mah.,3 + 1,130,1,Giriş Katı,1 Yaşında,Merkezi,Yok,Yok,Var,Sıfır,Boş,Kat İrtifakı,"Güney, Batı",etin,1.000 TL,...,Hayır,İçerisinde,Hatırlatmaları,Eşyalı Değil,Satılık,160552-1,01-12-2025,https://www.hepsiemlak.com/manisa-akhisar-medar-satilik/daire/160552-1,2025-12-03 15:12:45
ERGENEKON DA SİTE YANI SATILIK 2+1 ŞOOK FİYAT,3.800.000 TL,Manisa,Turgutlu,Ergenekon Mah.,Manisa / Turgutlu / Ergenekon Mah.,2 + 1,90,2,1. Kat,Sıfır Bina,Yerden Isıtma,Var,Var,Yok,-,Boş,Kat İrtifakı,Batı,etin,-,...,Hayır,Haritası,Hatırlatmaları,Eşyalı Değil,Satılık,155066-22,27-11-2025,https://www.hepsiemlak.com/manisa-turgutlu-ergenekon-satilik/daire/155066-22,2025-12-03 15:13:14
Manisa Karaali ‘de Satılık Dubleks Daire,5.500.000 TL,Manisa,Yunusemre,Karaali Mah.,Manisa / Yunusemre / Karaali Mah.,3 + 1,140,1,En Üst Kat,8 Yaşında,Kombi,Yok,Yok,Yok,İkinci El,Mülk Sahibi,Kat Mülkiyeti,"Doğu, Batı",etin,-,...,Hayır,-,Hatırlatmaları,Eşyalı Değil,Satılık,116537-509,27-11-2025,https://www.hepsiemlak.com/manisa-yunusemre-karaali-satilik/daire/116537-509,2025-12-03 15:13:41
ERGENEKON MAH.'DE MERKEZİ KONUMDA SATILIK DAİRE,5.900.000 TL,Manisa,Turgutlu,Ergenekon Mah.,Manisa / Turgutlu / Ergenekon Mah.,3 + 1,160,2,1. Kat,1 Yaşında,Yerden Isıtma,Var,Yok,Var,Sıfır,Boş,Kat İrtifakı,-,etin,-,...,-,Haritası,Hatırlatmaları,Eşyalı Değil,Satılık,156788-150,29-11-2025,https://www.hepsiemlak.com/manisa-turgutlu-ergenekon-satilik/daire/156788-150,2025-12-03 15:15:55
Uncubozköyde Satılık Dükkan,3.250.000 TL,Manisa,Yunusemre,Uncubozkoy Mah.,Manisa / Yunusemre / Uncubozkoy Mah.,1 + 1,55,1,Zemin,10 Yaşında,Kat Kaloriferi,Yok,Yok,Yok,İkinci El,Boş,Müstakil Tapulu,-,etin,-,...,Hayır,Haritası,Hatırlatmaları,Eşyalı Değil,Satılık,162359-28,02-12-2025,https://www.hepsiemlak.com/manisa-yunusemre-uncubozkoy-satilik/daire/162359-28,2025-12-03 15:16:18
-,-,Manisa,Yunusemre,Muradiye Mah.,Manisa / Yunusemre / Muradiye Mah.,-,-,-,-,-,-,Yok,Yok,Yok,-,-,-,-,-,-,-,-,-,-,-,-,-,-,https://www.hepsiemlak.com/manisa-yunusemre-muradiye-satilik/daire/70124-4012,2025-12-03 15:16:45
SALİHLİ SAĞLIK MAHALLESİNDE SATILIK 2.KAT 3+1 DAİRE,4.750.000 TL,Manisa,Salihli,Saglik Mah.,Manisa / Salihli / Saglik Mah.,3 + 1,130,1,2. Kat,25 Yaşında,Jeotermal Isıtm...,Yok,Var,Var,İkinci El,Boş,Kat İrtifakı,-,etin,-,...,-,Haritası,Hatırlatmaları,Eşyalı Değil,Satılık,138755-295,03-12-2025,https://www.hepsiemlak.com/manisa-salihli-saglik-satilik/daire/138755-295,2025-12-03 15:17:08
BEYAZ GAYRİMENKUL'DEN ALAYBEY MAH KUPONN 3+1,3.950.000 TL,Manisa,Sehzadeler,Alaybey Mah.,Manisa / Sehzadeler / Alaybey Mah.,3 + 1,130,1,1. Kat,26 Yaşında,Kombi,Var,Yok,Yok,İkinci El,Mülk Sahibi,Kat İrtifakı,"Kuzey, Güney, Doğu, Batı",etin,-,...,Hayır,Haritası,Hatırlatmaları,Eşyalı Değil,Satılık,119915-570,01-12-2025,https://www.hepsiemlak.com/manisa-sehzadeler-alaybey-satilik/daire/119915-570,2025-12-03 15:17:33
NOVA'DAN AKÇAKMAK YOLU'NDA SATILIK DAİRE ARAYANLARA ÖZEL YÜKSEK KREDİLİ,6.300.000 TL,Manisa,Turgutlu,Cumhuriyet Mah.,Manisa / Turgutlu / Cumhuriyet Mah.,2 + 1,110,2,En Üst Kat,2 Yaşında,Yerden Isıtma,Var,Var,Yok,İkinci El,Mülk Sahibi,Kat İrtifakı,"Doğu, Batı",etin,-,...,Evet,Haritası,Hatırlatmaları,Eşyalı Değil,Satılık,123058-2324,27-11-2025,https://www.hepsiemlak.com/manisa-turgutlu-cumhuriyet-satilik/daire/123058-2324,2025-12-03 15:18:00
Akdeniz Emlak'tan Satılık Yunus Emre'de 109 m2 Arsa İçi 4 Katlı Bina,8.550.000 TL,Manisa,Yunusemre,Maresal Mah.,Manisa / Yunusemre / Maresal Mah.,8 + 4,404,4,-,26 Yaşında,Kombi,Yok,Var,Var,İkinci El,Mülk Sahibi,Kat Mülkiyeti,-,etin,-,...,Hayır,Haritası,Hatırlatmaları,-,Satılık,22228-10892,27-11-2025,https://www.hepsiemlak.com/manisa-yunusemre-maresal-fevzi-cakmak-satilik/bina/22228-10892,2025-12-03 15:18:28
AKHISARA 4 KM MESAFEDE İSTANBUL YOLU ÜZERI SATILIK BINA,10.250.000 TL,Manisa,Akhisar,Seyit Mah.,Manisa / Akhisar / Seyit Mah.,2 + 0,600,1,-,15 Yaşında,Soba,Yok,Var,Yok,İkinci El,Mülk Sahibi,Müstakil Tapulu,"Kuzey, Güney, Doğu, Batı",etin,-,...,-,İçerisinde Sıfır 4+1 Geniş Daire,Hatırlatmaları,Eşyalı Değil,Satılık,154167-430,26-11-2025,https://www.hepsiemlak.com/manisa-akhisar-seyit-ahmet-satilik/bina/154167-430,2025-12-03 15:18:58
SALİHLİ ERDEM EMLAKTAN KURTULUŞ MAHALLESİNDE SATILIK DAİRE,3.500.000 TL,Manisa,Salihli,Kurtulus Mah.,Manisa / Salihli / Kurtulus Mah.,2 + 1,90,1,1. Kat,7 Yaşında,Kombi,Yok,Var,Var,-,Mülk Sahibi,Kat Mülkiyeti,-,etin,-,...,Evet,Haritası,Hatırlatmaları,Eşyalı Değil,Satılık,158161-117,03-12-2025,https://www.hepsiemlak.com/manisa-salihli-kurtulus-satilik/daire/158161-117,2025-12-03 15:19:24
BEFT GAYRİMENKUL DEN ŞEHİTLER MH ASANSÖRLÜ 3+1 125 M2 ARAKAT DAİRE,3.380.000 TL,Manisa,Sehzadeler,Sehitler Mah.,Manisa / Sehzadeler / Sehitler Mah.,3 + 1,125,1,2. Kat,15 Yaşında,Kombi,Var,Var,Yok,İkinci El,Boş,Kat İrtifakı,-,etin,-,...,Hayır,Haritası,Hatırlatmaları,Eşyalı Değil,Satılık,162044-103,02-12-2025,https://www.hepsiemlak.com/manisa-sehzadeler-sehitler-satilik/daire/162044-103,2025-12-03 15:19:52
"İNŞAATI DEVAM EDEN SATILIK ÇATI DUBLEKSİ, ASANSÖRLÜ, TERASLI, ÖNÜ AÇIK, KAPALI OTOPARKLI",6.500.000 TL,Manisa,Turgutlu,Selvilitepe Mah.,Manisa / Turgutlu / Selvilitepe Mah.,3 + 1,170,2,4. Kat,Sıfır Bina,Kombi,Yok,Var,Var,Yapım Aşamasınd...,Boş,Kat Mülkiyeti,"Güney, Batı",etin,-,...,Hayır,sinde Satılık Arakat 3+1 Daire,Hatırlatmaları,Eşyalı Değil,Satılık,155616-29,28-11-2025,https://www.hepsiemlak.com/manisa-turgutlu-selvilitepe-satilik/daire/155616-29,2025-12-03 15:20:41
ER-SA EMLAKTA ALAŞEHİR KURTULUŞ MH DE GENİŞ SIFIR DAİRE,5.250.000 TL,Manisa,Alasehir,Kurtulus Mah.,Manisa / Alasehir / Kurtulus Mah.,3 + 1,170,2,6. Kat,Sıfır Bina,Kombi,Var,Var,Yok,-,Boş,Kat İrtifakı,Batı,etin,-,...,Hayır,Haritası,Hatırlatmaları,Eşyalı Değil,Satılık,160695-34,27-11-2025,https://www.hepsiemlak.com/manisa-alasehir-kurtulus-satilik/daire/160695-34,2025-12-03 15:21:06
TEVFİKİYE DE SATILIK 3+1 125 M2 FULLÜKS 2.KAT DAİRE,4.050.000 TL,Manisa,Yunusemre,Kuyualan Mah.,Manisa / Yunusemre / Kuyualan Mah.,3 + 1,135,1,2. Kat,15 Yaşında,Kombi,Yok,Yok,Var,İkinci El,Boş,Kat Mülkiyeti,"Güney, Doğu",etin,-,...,Hayır,Haritası,Hatırlatmaları,Eşyalı Değil,Satılık,119726-1430,01-12-2025,https://www.hepsiemlak.com/manisa-yunusemre-kuyualan-satilik/daire/119726-1430,2025-12-03 15:21:33
MANİSA AKHİSAR REŞATBEY SATILIK MÜSTAKİL EV,3.000.000 TL,Manisa,Akhisar,Resat Mah.,Manisa / Akhisar / Resat Mah.,2 + 1,365,1,-,25 Yaşında,Soba,Yok,Yok,Yok,İkinci El,Kiracılı,Arsa,-,etin,-,...,Hayır,Haritası,Hatırlatmaları,Eşyalı Değil,Satılık,128345-167,03-12-2025,https://www.hepsiemlak.com/manisa-akhisar-resat-bey-satilik/mustakil-ev/128345-167,2025-12-03 15:22:03
Devlet Hastanesi karşısı 3+1 arakat,5.000.000 TL,Manisa,Saruhanli,Cumhuriyet Mah.,Manisa / Saruhanli / Cumhuriyet Mah.,3 + 1,148,1,Ara Kat,7 Yaşında,Kombi,Yok,Yok,Yok,İkinci El,Kiracılı,Kat Mülkiyeti,"Doğu, Batı",etin,200 TL,...,Hayır,Haritası,Hatırlatmaları,Eşyalı Değil,Satılık,9333-1837,02-12-2025,https://www.hepsiemlak.com/manisa-saruhanli-cumhuriyet-satilik/daire/9333-1837,2025-12-03 15:22:25
MUSTAFA BAŞYİĞİT EMLAK'TAN HÜRRİYET'TE 140 M2 3+1 DAİRE,4.250.000 TL,Manisa,Akhisar,Hurriyet Mah.,Manisa / Akhisar / Hurriyet Mah.,3 + 1,150,1,3. Kat,3 Yaşında,Kombi,Var,Yok,Yok,-,Boş,Kat Mülkiyeti,-,etin,-,...,Hayır,Haritası,Hatırlatmaları,Eşyalı Değil,Satılık,162406-199,01-12-2025,https://www.hepsiemlak.com/manisa-akhisar-hurriyet-satilik/daire/162406-199,2025-12-03 15:22:56
"ARI EMLAK'TAN SIFIR BİNA, IRLAMAZ VADİSİNE YAKIN, ASANSÖRLÜ, KAPALI OTOPARKLI, 2+1 SATILIK DAİRE",3.850.000 TL,Manisa,Turgutlu,Subasi Mah.,Manisa / Turgutlu / Subasi Mah.,2 + 1,110,1,2. Kat,Sıfır Bina,Kombi,Yok,Var,Var,Sıfır,Boş,Kat Mülkiyeti,"Kuzey, Güney",etin,-,...,Hayır,Haritası,Hatırlatmaları,Eşyalı Değil,Satılık,155616-24,28-11-2025,https://www.hepsiemlak.com/manisa-turgutlu-subasi-satilik/daire/155616-24,2025-12-03 15:23:25
NOVA'DAN ERGENEKON MAHALLESİ'NDE 3+1 ÖZEL TASARIM LÜKS DAİRE,7.000.000 TL,Manisa,Turgutlu,Ergenekon Mah.,Manisa / Turgutlu / Ergenekon Mah.,3 + 0,165,2,1. Kat,1 Yaşında,Yerden Isıtma,Var,Var,Var,Sıfır,Boş,Kat İrtifakı,-,etin,-,...,Hayır,Haritası,Hatırlatmaları,Eşyalı Değil,Satılık,123058-2088,27-11-2025,https://www.hepsiemlak.com/manisa-turgutlu-ergenekon-satilik/daire/123058-2088,2025-12-03 15:24:02
MANİSA UNCUBOZKÖY MEYDAN KARŞISI SATILIK DAİRELER,4.650.000 TL,Manisa,Yunusemre,Uncubozkoy Mah.,Manisa / Yunusemre / Uncubozkoy Mah.,2 + 0,65,1,3. Kat,6 Yaşında,Kombi,Yok,Var,Var,-,Kiracılı,Kat İrtifakı,Batı,etin,-,...,Hayır,Haritası,Hatırlatmaları,Eşyalı Değil,Satılık,94966-810,30-11-2025,https://www.hepsiemlak.com/manisa-yunusemre-uncubozkoy-satilik/daire/94966-810,2025-12-03 15:24:28
MURADİYE MAHALLESİNDE 3+1 FERAH SATILIK DAİRE,4.450.000 TL,Manisa,Yunusemre,Muradiye Mah.,Manisa / Yunusemre / Muradiye Mah.,3 + 1,130,1,3. Kat,6 Yaşında,Kombi,Yok,Yok,Var,-,Boş,Kat Mülkiyeti,Güney,etin,-,...,Hayır,Haritası,Hatırlatmaları,Eşyalı Değil,Satılık,163565-130,01-12-2025,https://www.hepsiemlak.com/manisa-yunusemre-muradiye-satilik/daire/163565-130,2025-12-03 15:24:53
Manisa Şehzadeler Şehitler Mahallesi'nde Satılık Arakat,3.975.000 TL,Manisa,Sehzadeler,Sehitler Mah.,Manisa / Sehzadeler / Sehitler Mah.,2 + 1,100,1,1. Kat,30 Yaşında,Kombi,Var,Var,Yok,İkinci El,Boş,Müstakil Tapulu,Doğu,etin,-,...,Evet,Haritası,Hatırlatmaları,Eşyalı Değil,Satılık,164260-16,29-11-2025,https://www.hepsiemlak.com/manisa-sehzadeler-sehitler-satilik/daire/164260-16,2025-12-03 15:25:52
ACARLAR MH KARPUZKALDIRAN PARKI 95 m2 SIFIR SATILIK 2+1 DAİRE,4.000.000 TL,Manisa,Turgutlu,Acarlar Mah.,Manisa / Turgutlu / Acarlar Mah.,2 + 1,110,1,2. Kat,Sıfır Bina,Yerden Isıtma,Var,Var,Var,-,Boş,Kat Mülkiyeti,-,etin,-,...,Hayır,Haritası,Hatırlatmaları,Eşyalı Değil,Satılık,161345-24,27-11-2025,https://www.hepsiemlak.com/manisa-turgutlu-acarlar-satilik/daire/161345-24,2025-12-03 15:26:37
Manisa Şehzadeler ilçesi satılık 2+1 daire,3.950.000 TL,Manisa,Sehzadeler,Nisancipasa Mah.,Manisa / Sehzadeler / Nisancipasa Mah.,1 + 1,100,1,6. Kat,6 Yaşında,Kombi,Var,Var,Yok,İkinci El,Mülk Sahibi,Kat İrtifakı,"Doğu, Batı",etin,300 TL,...,Hayır,Haritası,Hatırlatmaları,Eşyalı Değil,Satılık,90814-467,24-11-2025,https://www.hepsiemlak.com/manisa-sehzadeler-nisancipasa-satilik/daire/90814-467,2025-12-03 15:26:56
Manisa Akhisar Reşatbey Mahallesinde Satılık 3 cepheli 3+1 köşe daire,3.650.000 TL,Manisa,Akhisar,Resat Mah.,Manisa / Akhisar / Resat Mah.,3 + 1,130,1,2. Kat,6 Yaşında,Kombi,Var,Var,Var,İkinci El,Boş,Kat İrtifakı,"Kuzey, Güney, Batı",etin,500 TL,...,Hayır,Haritası,Hatırlatmaları,Eşyalı Değil,Satılık,78476-519,13-11-2025,https://www.hepsiemlak.com/manisa-akhisar-resat-bey-satilik/daire/78476-519,2025-12-03 15:28:12
YILDIZ GAYRİMENKUL'DEN HÜRRİYET MAHALLESİ 85m2 2+0 AMERİKAN MUTFAKLI SATILIK DAİRE,3.300.000 TL,Manisa,Akhisar,Hurriyet Mah.,Manisa / Akhisar / Hurriyet Mah.,2 + 0,85,1,3. Kat,Sıfır Bina,Kombi,Var,Var,Var,Sıfır,Boş,Kat İrtifakı,"Güney, Doğu",etin,-,...,-,Haritası,Hatırlatmaları,Eşyalı Değil,Satılık,163627-13,11-11-2025,https://www.hepsiemlak.com/manisa-akhisar-hurriyet-satilik/daire/163627-13,2025-12-03 15:28:34
AKMAN GAYRİMENKULDEN VİLLALAR BÖLGESİNDE SATILIK 2+1 DAİRE,7.150.000 TL,Manisa,Yunusemre,Muradiye Mah.,Manisa / Yunusemre / Muradiye Mah.,2 + 1,110,1,2. Kat,4 Yaşında,Kombi,Yok,Yok,Var,-,Kiracılı,Kat İrtifakı,"Kuzey, Güney, Doğu, Batı",etin,-,...,Evet,İçerisinde,Hatırlatmaları,Eşyalı Değil,Satılık,113243-62,24-11-2025,https://www.hepsiemlak.com/manisa-yunusemre-muradiye-satilik/daire/113243-62,2025-12-03 15:29:01
HÜSEYİN EMLAK'TAN YÖRÜK MAH TREN YOLU CEPHELİ 135m2 3+1 DAİRE,5.670.000 TL,Manisa,Salihli,Yoruk Mah.,Manisa / Salihli / Yoruk Mah.,3 + 1,135,1,3. Kat,6 Yaşında,Kombi,Var,Yok,Yok,-,Mülk Sahibi,Kat Mülkiyeti,"Kuzey, Güney",etin,-,...,Evet,Haritası,Hatırlatmaları,Eşyalı Değil,Satılık,154501-76,29-11-2025,https://www.hepsiemlak.com/manisa-salihli-yoruk-satilik/daire/154501-76,2025-12-03 15:29:23
1 NCİ ANAFARTALARDA SATILIK ARA KAT ÖZELLİKLİ DAİRE,4.300.000 TL,Manisa,Sehzadeler,1 Mah.,Manisa / Sehzadeler / 1 Mah.,2 + 1,85,1,1. Kat,35 Yaşında,Kombi,Yok,Var,Var,İkinci El,Mülk Sahibi,Kat İrtifakı,Batı,etin,-,...,Hayır,Haritası,Hatırlatmaları,Eşyalı Değil,Satılık,150956-57,03-11-2025,https://www.hepsiemlak.com/manisa-sehzadeler-1-anafartalar-satilik/daire/150956-57,2025-12-03 15:29:42
Salihlide satılık daire 3591,3.800.000 TL,Manisa,Salihli,Hacibektasli Mah.,Manisa / Salihli / Hacibektasli Mah.,3 + 1,160,-,4. Kat,10 Yaşında,Jeotermal Isıtm...,Var,Yok,Yok,İkinci El,-,Müstakil Tapulu,"Doğu, Batı",etin,150 TL,...,-,Haritası,Hatırlatmaları,Eşyalı Değil,Satılık,57265-29,30-11-2025,https://www.hepsiemlak.com/manisa-salihli-hacibektasli-satilik/daire/57265-29,2025-12-03 15:30:33
MESİR MAHALLESİNDE SATILIK 2+1 DAİRE,3.695.000 TL,Manisa,Yunusemre,Mesir Mah.,Manisa / Yunusemre / Mesir Mah.,2 + 1,120,1,5. Kat,31 Yaşında,Kombi,Var,Yok,Yok,İkinci El,Boş,Kat İrtifakı,Batı,etin,100 TL,...,Hayır,Haritası,Hatırlatmaları,Eşyalı Değil,Satılık,104090-17,23-11-2025,https://www.hepsiemlak.com/manisa-yunusemre-mesir-satilik/daire/104090-17,2025-12-03 15:30:57
DNC EMLAK GAYRİMENKUL'DEN MANİSA DEMİRCİ KERPİÇLİK KÖYÜNDE SATILIK MÜSTAKİL BAHÇELİ KARGİR EV,600.000 TL,Manisa,Demirci,Kerpiclik Mah.,Manisa / Demirci / Kerpiclik Mah.,2 + 1,90,1,-,40 Yaşında,Soba,Yok,Yok,Yok,İkinci El,Boş,Arsa,"Kuzey, Güney, Doğu, Batı",etin,-,...,Evet,Haritası,Hatırlatmaları,Eşyalı Değil,Satılık,142677-434,26-11-2025,https://www.hepsiemlak.com/manisa-demirci-kerpiclik-satilik/mustakil-ev/142677-434,2025-12-03 15:31:19
MUSTAFA BAŞYİĞİT EMLAK'TAN HÜRRİYET'TE 5+1 DUBLEKS,6.700.000 TL,Manisa,Akhisar,Hurriyet Mah.,Manisa / Akhisar / Hurriyet Mah.,5 + 1,300,3,4. Kat,Sıfır Bina,Kombi,Yok,Var,Yok,-,Boş,Müstakil Tapulu,"Güney, Batı",etin,-,...,Hayır,Haritası,Hatırlatmaları,Eşyalı Değil,Satılık,162406-193,29-11-2025,https://www.hepsiemlak.com/manisa-akhisar-hurriyet-satilik/daire/162406-193,2025-12-03 15:31:39
"ARI EMLAK'TAN MUSAL SİTESİNDE LÜKS, 160 M2, 3+1 SATILIK DAİRE, IRLAMAZ VADİSİ MANZARALI",5.250.000 TL,Manisa,Turgutlu,Selvilitepe Mah.,Manisa / Turgutlu / Selvilitepe Mah.,3 + 1,172,2,4. Kat,5 Yaşında,Merkezi (Pay Öl...,Var,Var,Var,-,Kiracılı,Kat Mülkiyeti,"Kuzey, Batı",etin,-,...,Hayır,İçerisinde,Hatırlatmaları,Eşyalı Değil,Satılık,155616-9,26-11-2025,https://www.hepsiemlak.com/manisa-turgutlu-selvilitepe-satilik/daire/155616-9,2025-12-03 15:32:03
🟢 Manisa YunusEmre Muradiye – Satılık 3+1 Açık Mutfak Ara Kat Daire 🏡✨,4.450.000 TL,Manisa,Yunusemre,Muradiye Mah.,Manisa / Yunusemre / Muradiye Mah.,3 + 1,130,2,Ara Kat,6 Yaşında,Kombi,Var,Var,Yok,İkinci El,Kiracılı,Müstakil Tapulu,Güney,etin,-,...,Evet,içi Yüzme havuzlu daire,Hatırlatmaları,Eşyalı Değil,Satılık,95753-2108,01-12-2025,https://www.hepsiemlak.com/manisa-yunusemre-muradiye-satilik/daire/95753-2108,2025-12-03 15:32:48
BEFT GAYRİMENKUL DEN MERKEZ EFENDİ MH SATILIK ASANSÖRLÜ FULL ARAKAT,3.800.000 TL,Manisa,Yunusemre,Merkez Mah.,Manisa / Yunusemre / Merkez Mah.,3 + 1,115,1,2. Kat,28 Yaşında,Kombi,Var,Var,Yok,İkinci El,Boş,Kat İrtifakı,-,etin,-,...,Evet,Haritası,Hatırlatmaları,Eşyalı Değil,Satılık,162044-126,02-12-2025,https://www.hepsiemlak.com/manisa-yunusemre-merkez-efendi-satilik/daire/162044-126,2025-12-03 15:33:12
manisa sehzadeler mükemmel konumda onu acık asansörlu 3+1 120 m2 satılık daire.,4.299.000 TL,Manisa,Sehzadeler,2 Mah.,Manisa / Sehzadeler / 2 Mah.,3 + 1,125,1,2. Kat,40 Yaşında,Merkezi,Yok,Var,Yok,İkinci El,Boş,Kat İrtifakı,-,etin,-,...,Hayır,Haritası,Hatırlatmaları,Eşyalı Değil,Satılık,49173-180,30-11-2025,https://www.hepsiemlak.com/manisa-sehzadeler-2-anafartalar-satilik/daire/49173-180,2025-12-03 15:33:33
MANİSA TURGUTLU YEDİ EYLÜL MH ÖĞRETMENLER EVİ YANI 3+1 GENİŞ DAİRE,3.650.000 TL,Manisa,Turgutlu,Yedi Mah.,Manisa / Turgutlu / Yedi Mah.,3 + 1,125,1,En Üst Kat,7 Yaşında,Kombi,Var,Yok,Yok,İkinci El,-,Kat İrtifakı,"Doğu, Batı",etin,-,...,Hayır,Haritası,Hatırlatmaları,Eşyalı Değil,Satılık,94181-709,28-11-2025,https://www.hepsiemlak.com/manisa-turgutlu-yedi-eylul-satilik/daire/94181-709,2025-12-03 15:33:52
köşe apartmanda ara daire,3.850.000 TL,Manisa,Akhisar,Ataturk Mah.,Manisa / Akhisar / Ataturk Mah.,3 + 1,125,1,4. Kat,5 Yaşında,Kombi,Var,Var,Var,İkinci El,Kiracılı,Kat İrtifakı,"Doğu, Batı",etin,200 TL,...,Hayır,Haritası,Hatırlatmaları,Eşyalı Değil,Satılık,0-45659548,01-12-2025,https://www.hepsiemlak.com/manisa-akhisar-ataturk-satilik/daire/0-45659548,2025-12-03 15:34:15
AKHİSAR DA SATILIK EV MÜSTAKİL ZEYTİN BAHCELİ FULL EŞYALI HAZIR KURULU DÜZEN EKSİKSİZ MERKEZİ KONUM,8.250.000 TL,Manisa,Akhisar,Bekirler Mah.,Manisa / Akhisar / Bekirler Mah.,2 + 0,105,1,-,5 Yaşında,Klima,Yok,Yok,Yok,İkinci El,Boş,Müstakil Tapulu,"Kuzey, Güney, Doğu, Batı",etin,-,...,Hayır,Haritası,Hatırlatmaları,Eşyalı,Satılık,10596-5034,29-11-2025,https://www.hepsiemlak.com/manisa-akhisar-bekirler-satilik/mustakil-ev/10596-5034,2025-12-03 15:34:57
Akhisar Reşatbey Mahallesi'nde 2+1 Satılık Daire,3.600.000 TL,Manisa,Akhisar,Seyit Mah.,Manisa / Akhisar / Seyit Mah.,2 + 1,115,1,2. Kat,Sıfır Bina,Kombi,Var,Var,Var,Sıfır,Boş,Kat İrtifakı,"Kuzey, Güney",etin,-,...,Hayır,Haritası,Hatırlatmaları,Eşyalı Değil,Satılık,94137-1284,05-11-2025,https://www.hepsiemlak.com/manisa-akhisar-seyit-ahmet-satilik/daire/94137-1284,2025-12-03 15:35:20
MANİSA ALAŞEHİR MÜSTAKİL EV TAPU SAHİ PERTA EMLAK ÜMİT,800.000 TL,Manisa,Alasehir,Azitepe Mah.,Manisa / Alasehir / Azitepe Mah.,3 + 1,980,1,-,Sıfır Bina,Soba,Yok,Yok,Yok,Sıfır,Boş,Arsa,"Kuzey, Güney, Doğu, Batı",etin,1 TL,...,Evet,Haritası,Hatırlatmaları,-,Satılık,65028-3878,25-11-2025,https://www.hepsiemlak.com/manisa-alasehir-azitepe-satilik/mustakil-ev/65028-3878,2025-12-03 15:35:40
MURADİYE MAHALLESİNDE 2+1 ÖNÜ AÇIK FERAH SATILIK DAİRE,3.350.000 TL,Manisa,Yunusemre,Muradiye Mah.,Manisa / Yunusemre / Muradiye Mah.,2 + 1,95,1,4. Kat,5 Yaşında,Kombi,Yok,Yok,Var,-,Boş,Kat İrtifakı,Güney,etin,-,...,Hayır,Haritası,Hatırlatmaları,Eşyalı Değil,Satılık,163565-127,29-11-2025,https://www.hepsiemlak.com/manisa-yunusemre-muradiye-satilik/daire/163565-127,2025-12-03 15:36:04
FİT GAYRİMENKUL'DEN 2+1 SATILIK DAİRE,3.975.000 TL,Manisa,Sehzadeler,Sehitler Mah.,Manisa / Sehzadeler / Sehitler Mah.,2 + 1,125,1,2. Kat,21 Yaşında,Kombi,Var,Yok,Yok,-,Boş,Kat İrtifakı,"Kuzey, Güney, Doğu, Batı",etin,-,...,Hayır,Haritası,Hatırlatmaları,Eşyalı Değil,Satılık,163843-25,28-11-2025,https://www.hepsiemlak.com/manisa-sehzadeler-sehitler-satilik/daire/163843-25,2025-12-03 15:36:28
TURAN MH YEDİEYLÜL YOLU ÜZERİ BELEDİYE YAKINI SATILIK 2+1 DAİRE,2.550.000 TL,Manisa,Turgutlu,Turan Mah.,Manisa / Turgutlu / Turan Mah.,2 + 1,115,1,4. Kat,21 Yaşında,Klima,Var,Yok,Yok,-,Kiracılı,Kat Mülkiyeti,Batı,etin,-,...,Hayır,Haritası,Hatırlatmaları,Eşyalı Değil,Satılık,161345-23,27-11-2025,https://www.hepsiemlak.com/manisa-turgutlu-turan-satilik/daire/161345-23,2025-12-03 15:36:50
YILDIZ GAYRİMENKUL'DEN HÜRRİYET MAHALLESİ 180m2 4+1 SATILIK DUBLEKS,6.500.000 TL,Manisa,Akhisar,Hurriyet Mah.,Manisa / Akhisar / Hurriyet Mah.,4 + 1,220,3,3. Kat,Sıfır Bina,Kombi,Yok,Yok,Var,Sıfır,Boş,Kat İrtifakı,"Doğu, Batı",etin,-,...,-,Haritası,Hatırlatmaları,Eşyalı Değil,Satılık,163627-11,11-11-2025,https://www.hepsiemlak.com/manisa-akhisar-hurriyet-satilik/daire/163627-11,2025-12-03 15:37:16
ALAYBEY MAH. SATILIK 3+1 DAİRE,3.075.000 TL,Manisa,Sehzadeler,Alaybey Mah.,Manisa / Sehzadeler / Alaybey Mah.,3 + 1,120,1,En Üst Kat,25 Yaşında,Kombi,Var,Yok,Yok,İkinci El,Kiracılı,Kat İrtifakı,"Doğu, Batı",etin,-,...,Hayır,Haritası,Hatırlatmaları,Eşyalı Değil,Satılık,162376-53,27-11-2025,https://www.hepsiemlak.com/manisa-sehzadeler-alaybey-satilik/daire/162376-53,2025-12-03 15:37:35
ULUPARK KARŞISI 8 EYLÜL CADDESİ ÜZERİ İŞ VE OFİS İÇİN 2+1 DAİRE,7.750.000 TL,Manisa,Sehzadeler,Yarhasanlar Mah.,Manisa / Sehzadeler / Yarhasanlar Mah.,2 + 1,90,1,1. Kat,31 Yaşında,Klima,Yok,Var,Yok,-,Boş,Kat İrtifakı,"Güney, Batı",etin,250 TL,...,Hayır,Haritası,Hatırlatmaları,Eşyalı Değil,Satılık,158110-271,27-11-2025,https://www.hepsiemlak.com/manisa-sehzadeler-yarhasanlar-satilik/daire/158110-271,2025-12-03 15:37:57
Manisa Hafsa Sultan Mahallesi'nde Satılık 3+1 Daire,3.450.000 TL,Manisa,Yunusemre,Hafsa Mah.,Manisa / Yunusemre / Hafsa Mah.,3 + 1,138,1,Yüksek Giriş,31 Yaşında,Kombi,Var,Yok,Yok,-,Boş,Kat Mülkiyeti,"Güney, Doğu",etin,100 TL,...,Hayır,İçerisinde 1+1 Fiyatına 2+1 Satılık Daire,Hatırlatmaları,Eşyalı Değil,Satılık,162776-6,29-11-2025,https://www.hepsiemlak.com/manisa-yunusemre-hafsa-sultan-satilik/daire/162776-6,2025-12-03 15:38:16
MANİSA YUNUNUS EMRE GÜZELYURT❗️ TOKİ KONUT. SATILIK 3+1 DAİRE 💰8.500.000TL,8.500.000 TL,Manisa,Yunusemre,Guzelyurt Mah.,Manisa / Yunusemre / Guzelyurt Mah.,3 + 1,135,31,Ara Kat,16 Yaşında,Kombi,Yok,Var,Var,İkinci El,Mülk Sahibi,Kat Mülkiyeti,"Güney, Doğu, Batı",etin,-,...,Hayır,-,Hatırlatmaları,Eşyalı Değil,Satılık,143974-426,30-11-2025,https://www.hepsiemlak.com/manisa-yunusemre-guzelyurt-satilik/daire/143974-426,2025-12-03 15:40:22
KARADUMAN GAYRİMENKUL'den AKGEDİK MAH. SATILIK MÜSTAKİL VİLLALAR,17.949.000 TL,Manisa,Yunusemre,Akgedik Mah.,Manisa / Yunusemre / Akgedik Mah.,5 + 1,220,4,-,Sıfır Bina,Yerden Isıtma,Yok,Yok,Var,Sıfır,Boş,Müstakil Tapulu,"Doğu, Batı",etin,-,...,Evet,Haritası,Hatırlatmaları,Eşyalı Değil,Satılık,104090-9,04-11-2025,https://www.hepsiemlak.com/manisa-yunusemre-akgedik-satilik/villa/104090-9,2025-12-03 15:40:45
BOZKÖY DE HAYALLERİNİZİ SÜSLEYEN DUBLEX,8.150.000 TL,Manisa,Yunusemre,Uncubozkoy Mah.,Manisa / Yunusemre / Uncubozkoy Mah.,5 + 1,200,2,5. Kat,15 Yaşında,Yerden Isıtma,Yok,Var,Var,İkinci El,Mülk Sahibi,Kat İrtifakı,"Güney, Batı",etin,-,...,Evet,Haritası,Hatırlatmaları,Eşyalı Değil,Satılık,133144-210,18-11-2025,https://www.hepsiemlak.com/manisa-yunusemre-uncubozkoy-satilik/daire/133144-210,2025-12-03 15:41:09
Akdeniz Emlak'tan Kiralık Şehzadeler İlç Şehitler Mah 3+1 120 m2 Daire,14.000 TL,Manisa,Sehzadeler,Sehitler Mah.,Manisa / Sehzadeler / Sehitler Mah.,3 + 1,120,1,En Üst Kat,25 Yaşında,Kombi,Var,Var,Yok,İkinci El,Boş,Kat Mülkiyeti,-,etin,-,...,Hayır,Haritası,Hatırlatmaları,Eşyalı Değil,Satılık,22228-10968,03-12-2025,https://www.hepsiemlak.com/manisa-sehzadeler-sehitler-satilik/daire/22228-10968,2025-12-03 15:41:29
MUSTAFA BAŞYİĞİT EMLAK'TAN SATILIK DUBLEKS ULUCAMİ MAHALLESİ'NDE,3.550.000 TL,Manisa,Akhisar,Ulu Mah.,Manisa / Akhisar / Ulu Mah.,5 + 1,260,2,Zemin,11 Yaşında,Kombi,Yok,Yok,Yok,-,Kiracılı,Kat Mülkiyeti,-,etin,-,...,Hayır,Haritası,Hatırlatmaları,Eşyalı Değil,Satılık,162406-152,01-12-2025,https://www.hepsiemlak.com/manisa-akhisar-ulu-camii-satilik/daire/162406-152,2025-12-03 15:41:48
BARAKA GAYRİMENKUL’DEN MURADIYE MAHALLESİNDE SİTE İÇERİSİNDR SATILIK DAİRE,3.550.000 TL,Manisa,Yunusemre,Muradiye Mah.,Manisa / Yunusemre / Muradiye Mah.,1 + 1,55,1,2. Kat,Sıfır Bina,Yerden Isıtma,Yok,Var,Var,Sıfır,Boş,Kat Mülkiyeti,Güney,etin,-,...,Evet,İçerisinde,Hatırlatmaları,Eşyalı Değil,Satılık,74020-939,03-11-2025,https://www.hepsiemlak.com/manisa-yunusemre-muradiye-satilik/daire/74020-939,2025-12-03 15:42:08
Mütevellide Müstakil 2+1 bahçeli merkezi konum SATILIK,3.725.000 TL,Manisa,Saruhanli,Mutevelli Mah.,Manisa / Saruhanli / Mutevelli Mah.,2 + 1,400,1,-,11 Yaşında,Soba,Yok,Var,Yok,-,Boş,Arsa,-,etin,-,...,Evet,Haritası,Hatırlatmaları,Eşyalı,Satılık,163278-61,30-11-2025,https://www.hepsiemlak.com/manisa-saruhanli-mutevelli-satilik/mustakil-ev/163278-61,2025-12-03 15:42:26
3+1 ARA KAT DAİRE,2.550.000 TL,Manisa,Soma,Turgutalp Mah.,Manisa / Soma / Turgutalp Mah.,3 + 1,115,1,2. Kat,7 Yaşında,Merkezi,Var,Var,Yok,-,Boş,Kat Mülkiyeti,-,etin,-,...,Evet,İçerisinde,Hatırlatmaları,Eşyalı Değil,Satılık,691819-1111,05-11-2025,https://www.hepsiemlak.com/manisa-soma-turgutalp-satilik/daire/691819-1111,2025-12-03 15:42:47
ÖZ ELİT EMLAK'TAN MURADİYE'DE SATILIK 3+1 DOĞALGAZLI DAİRE,3.450.000 TL,Manisa,Yunusemre,Muradiye Mah.,Manisa / Yunusemre / Muradiye Mah.,3 + 1,110,1,Yüksek Giriş,14 Yaşında,Kombi,Var,Yok,Var,İkinci El,Boş,Kat İrtifakı,-,etin,-,...,-,Haritası,Hatırlatmaları,Eşyalı Değil,Satılık,64671-839,25-11-2025,https://www.hepsiemlak.com/manisa-yunusemre-muradiye-satilik/daire/64671-839,2025-12-03 15:43:09
Yarhasanlar mah çarşıda 3+1 ful cadde üzerinde asansörlü,4.500.000 TL,Manisa,Sehzadeler,Yarhasanlar Mah.,Manisa / Sehzadeler / Yarhasanlar Mah.,3 + 1,135,1,En Üst Kat,16 Yaşında,Kombi,Yok,Var,Yok,İkinci El,Boş,Kat Mülkiyeti,-,etin,-,...,Evet,Haritası,Hatırlatmaları,Eşyalı Değil,Satılık,86276-1252,26-11-2025,https://www.hepsiemlak.com/manisa-sehzadeler-yarhasanlar-satilik/daire/86276-1252,2025-12-03 15:43:34
MURADİYE MAHALLESİNDE ÇİFTGİRİŞLİ 6+1 ULTRA LÜX SATILIK DUBLEKS,6.500.000 TL,Manisa,Yunusemre,Muradiye Mah.,Manisa / Yunusemre / Muradiye Mah.,6 + 1,280,2,5. Kat,6 Yaşında,Kombi,Yok,Yok,Var,-,Mülk Sahibi,Kat İrtifakı,Güney,etin,-,...,Hayır,Haritası,Hatırlatmaları,Eşyalı Değil,Satılık,163565-126,28-11-2025,https://www.hepsiemlak.com/manisa-yunusemre-muradiye-satilik/daire/163565-126,2025-12-03 15:44:23
ACARLAR MAHALLESİ 120mt 3+1 SATILIK DAİRE,4.650.000 TL,Manisa,Turgutlu,Acarlar Mah.,Manisa / Turgutlu / Acarlar Mah.,3 + 1,120,1,3. Kat,4 Yaşında,Kombi,Yok,Var,Var,-,Boş,Kat İrtifakı,"Doğu, Batı",etin,300 TL,...,Evet,Haritası,Hatırlatmaları,Eşyalı Değil,Satılık,164247-95,27-11-2025,https://www.hepsiemlak.com/manisa-turgutlu-acarlar-satilik/daire/164247-95,2025-12-03 15:44:46
SATILIK NAMIK KEMALDE 2+1 95M2 GENİŞ ÖZEL OTOPARKLI FIRSAT DAİRE,3.650.000 TL,Manisa,Salihli,Namik Mah.,Manisa / Salihli / Namik Mah.,2 + 1,95,1,5. Kat,2 Yaşında,Kombi,Var,Var,Var,-,Kiracılı,Kat İrtifakı,"Doğu, Batı",etin,1 TL,...,Hayır,Haritası,Hatırlatmaları,Eşyalı Değil,Satılık,150639-53,26-11-2025,https://www.hepsiemlak.com/manisa-salihli-namik-kemal-satilik/daire/150639-53,2025-12-03 15:45:05
SELVİTEPE'de BASETEMUR SİTESİNDE 140 m2 3+1 SATILIK DAİRE !!!,5.500.000 TL,Manisa,Turgutlu,Selvilitepe Mah.,Manisa / Turgutlu / Selvilitepe Mah.,3 + 1,145,1,5. Kat,5 Yaşında,Kombi,Var,Yok,Var,-,Boş,Kat Mülkiyeti,-,etin,-,...,Hayır,İçerisinde,Hatırlatmaları,Eşyalı Değil,Satılık,161345-22,25-11-2025,https://www.hepsiemlak.com/manisa-turgutlu-selvilitepe-satilik/daire/161345-22,2025-12-03 15:45:25
Manisa Yunusemre Uncubozköy Mah. 3+1 Kapalı Mutfak Satılık Daire,6.500.000 TL,Manisa,Yunusemre,Uncubozkoy Mah.,Manisa / Yunusemre / Uncubozkoy Mah.,3 + 1,165,1,3. Kat,19 Yaşında,Kombi,Var,Var,Var,İkinci El,Kiracılı,Kat Mülkiyeti,-,etmeliğe Uygun,-,...,Hayır,Haritası,Hatırlatmaları,Eşyalı Değil,Satılık,95753-2102,24-11-2025,https://www.hepsiemlak.com/manisa-yunusemre-uncubozkoy-satilik/daire/95753-2102,2025-12-03 15:45:45
SATILIK 3+1 280 M2 TERASLI FIRSAT DAİRE,4.500.000 TL,Manisa,Turgutlu,Selvilitepe Mah.,Manisa / Turgutlu / Selvilitepe Mah.,3 + 1,280,2,2. Kat,4 Yaşında,Merkezi (Pay Öl...,Yok,Yok,Var,-,Boş,Kat Mülkiyeti,-,etin,-,...,Hayır,İçerisinde,Hatırlatmaları,Eşyalı Değil,Satılık,156788-217,26-11-2025,https://www.hepsiemlak.com/manisa-turgutlu-selvilitepe-satilik/daire/156788-217,2025-12-03 15:46:06
YILDIZ GAYRİMENKUL'DEN HÜRRİYET MAHALLESİ 3+1 125m2 SIFIR SATILIK DAİRE,4.500.000 TL,Manisa,Akhisar,Hurriyet Mah.,Manisa / Akhisar / Hurriyet Mah.,3 + 1,125,2,2. Kat,Sıfır Bina,Kombi,Var,Var,Var,Sıfır,Boş,Kat İrtifakı,"Güney, Batı",etin,-,...,-,Haritası,Hatırlatmaları,Eşyalı Değil,Satılık,163627-10,11-11-2025,https://www.hepsiemlak.com/manisa-akhisar-hurriyet-satilik/daire/163627-10,2025-12-03 15:46:30
TİCARET LİSESİ YANI 3+1 LÜX BALKONLU ZEMİN DUBLEX DAİRE,4.625.000 TL,Manisa,Yunusemre,Ayni Mah.,Manisa / Yunusemre / Ayni Mah.,3 + 1,185,2,1. Kat,16 Yaşında,Kombi,Var,Var,Var,-,Mülk Sahibi,Kat İrtifakı,-,etin,-,...,Evet,Haritası,Hatırlatmaları,Eşyalı Değil,Satılık,162376-38,01-12-2025,https://www.hepsiemlak.com/manisa-yunusemre-ayni-ali-satilik/daire/162376-38,2025-12-03 15:46:50
Hafsa sultan mah İzmir sürat yolu üzeri 3+1,5.500.000 TL,Manisa,Yunusemre,Merkez Mah.,Manisa / Yunusemre / Merkez Mah.,3 + 1,150,1,Ara Kat,15 Yaşında,Kombi,Var,Var,Yok,İkinci El,Boş,Kat İrtifakı,"Güney, Batı",etin,-,...,Hayır,Haritası,Hatırlatmaları,Eşyalı Değil,Satılık,133144-208,19-11-2025,https://www.hepsiemlak.com/manisa-yunusemre-merkez-efendi-satilik/daire/133144-208,2025-12-03 15:47:14
PRESTİJ EVLERİNDE HAVUZLU LÜKS SİTEDE SATILIK HAVUZ CEPHE,3.950.000 TL,Manisa,Turgutlu,Selvilitepe Mah.,Manisa / Turgutlu / Selvilitepe Mah.,2 + 1,115,2,10. Kat,1 Yaşında,Merkezi (Pay Öl...,Yok,Var,Var,-,Kiracılı,Kat İrtifakı,Kuzey,etin,1.8 TL,...,Hayır,İçerisinde,Hatırlatmaları,Eşyalı Değil,Satılık,155066-50,11-11-2025,https://www.hepsiemlak.com/manisa-turgutlu-selvilitepe-satilik/daire/155066-50,2025-12-03 15:47:34
MANİSA TURGUTALP MAHALLESİNDE EŞYALI SATILIK 2 KATLI VİLLA,6.000.000 TL,Manisa,Yunusemre,Turgutalp Mah.,Manisa / Yunusemre / Turgutalp Mah.,4 + 1,382,2,Bahçe Katı,5 Yaşında,Soba,Var,Var,Yok,-,Boş,Kooperatiften H...,"Kuzey, Güney, Doğu, Batı",etin,1 TL,...,Evet,İçerisinde,li Site içerisindeki Evlerle Takas Düşünülür.,Eşyalı,Satılık,158110-96,27-11-2025,https://www.hepsiemlak.com/manisa-yunusemre-turgutalp-satilik/villa/158110-96,2025-12-03 15:48:07
MANİSA YUNUS EMRE GÜZLEYURT MAH.❗️TOKİ 1 KONUTLARI SATILIK 3+1 DAİRE 6.850.000TL,6.850.000 TL,Manisa,Yunusemre,Guzelyurt Mah.,Manisa / Yunusemre / Guzelyurt Mah.,3 + 1,140,1,Yüksek Giriş,5 Yaşında,Kombi,Var,Var,Var,İkinci El,Kiracılı,Kat Mülkiyeti,"Güney, Doğu, Batı",etin,100 TL,...,Hayır,2000'de Ferah 3+1 Kaçırılmayacak Fırsat!,Hatırlatmaları,Eşyalı Değil,Satılık,143974-373,06-11-2025,https://www.hepsiemlak.com/manisa-yunusemre-guzelyurt-satilik/daire/143974-373,2025-12-03 15:48:36
MANİSA SALİHLİ KURTULUŞ MAHALLESİNDE SATILIK 3+1 DAİRE,3.500.000 TL,Manisa,Salihli,Kurtulus Mah.,Manisa / Salihli / Kurtulus Mah.,3 + 1,148,1,Zemin,9 Yaşında,Soba,Yok,Yok,Var,İkinci El,Kiracılı,Kat İrtifakı,Güney,etin,-,...,Hayır,Haritası,Hatırlatmaları,Eşyalı Değil,Satılık,140101-35,03-12-2025,https://www.hepsiemlak.com/manisa-salihli-kurtulus-satilik/daire/140101-35,2025-12-03 15:49:07
M<Ş Emlaktan salihlide lüx dublex genş daire....,9.750.000 TL,Manisa,Salihli,Kurtulus Mah.,Manisa / Salihli / Kurtulus Mah.,4 + 2,300,2,En Üst Kat,3 Yaşında,Kombi,Var,Yok,Var,-,Mülk Sahibi,Kat Mülkiyeti,"Kuzey, Doğu",etin,425 TL,...,Evet,İçerisinde,Hatırlatmaları,Eşyalı Değil,Satılık,139585-1,24-11-2025,https://www.hepsiemlak.com/manisa-salihli-kurtulus-satilik/daire/139585-1,2025-12-03 15:49:35
Akhisar Atatürk mh.Yeni Hükümet Konağı Yakını Müstakil Bahçeli 1+1 Sıfır Daire,2.435.000 TL,Manisa,Akhisar,Ataturk Mah.,Manisa / Akhisar / Ataturk Mah.,1 + 1,100,1,Yüksek Giriş,Sıfır Bina,Kombi,Var,Yok,Yok,Sıfır,Boş,Kat İrtifakı,"Doğu, Batı",etin,-,...,Evet,Haritası,Hatırlatmaları,Eşyalı Değil,Satılık,72047-1570,22-11-2025,https://www.hepsiemlak.com/manisa-akhisar-ataturk-satilik/daire/72047-1570,2025-12-03 15:49:57
AYNI ALİ MH.DE PARK MANZARALI KUŞÇULARA ÖZEL SATILIK 3+1 DAİRE,3.800.000 TL,Manisa,Yunusemre,Ayni Mah.,Manisa / Yunusemre / Ayni Mah.,3 + 1,120,1,5. Kat,26 Yaşında,Kombi,Yok,Yok,Var,-,Boş,Kat İrtifakı,"Kuzey, Güney",etin,-,...,Evet,Haritası,Hatırlatmaları,Eşyalı Değil,Satılık,113593-295,27-11-2025,https://www.hepsiemlak.com/manisa-yunusemre-ayni-ali-satilik/daire/113593-295,2025-12-03 15:50:18
MANİSA ŞEHZADELERDE ÇARŞIYA YÜRÜME MESAFESİNDE SIFIR 1+1 DAİRE,3.375.000 TL,Manisa,Sehzadeler,Carsi Mah.,Manisa / Sehzadeler / Carsi Mah.,1 + 1,45,1,3. Kat,Sıfır Bina,Kombi,Yok,Yok,Yok,-,Boş,Kat İrtifakı,-,etin,-,...,Hayır,Haritası,Hatırlatmaları,Eşyalı Değil,Satılık,125876-2831,28-11-2025,https://www.hepsiemlak.com/manisa-sehzadeler-carsi-satilik/daire/125876-2831,2025-12-03 15:50:44
CBÜ HASTANESİNE YÜRÜME MESAFESİNDE SATILIK EŞYALI 1+1 DAİRE,4.100.000 TL,Manisa,Yunusemre,Uncubozkoy Mah.,Manisa / Yunusemre / Uncubozkoy Mah.,1 + 1,55,1,Yüksek Giriş,1 Yaşında,Kombi,Var,Var,Var,-,Boş,Kat İrtifakı,"Güney, Doğu",etin,-,...,Hayır,Haritası,Hatırlatmaları,Eşyalı,Satılık,94966-791,02-12-2025,https://www.hepsiemlak.com/manisa-yunusemre-uncubozkoy-satilik/daire/94966-791,2025-12-03 15:51:07
Kırkağaç Merkez'de Yatırımlık 2+1 Satılık Ofis/Daire,1.400.000 TL,Manisa,Kirkagac,Boduroglu Mah.,Manisa / Kirkagac / Boduroglu Mah.,2 + 1,90,1,2. Kat,31 Yaşında,Kombi,Var,Yok,Yok,-,-,Kat Mülkiyeti,-,etin,-,...,-,Haritası,Hatırlatmaları,Eşyalı Değil,Satılık,94123-2780,02-12-2025,https://www.hepsiemlak.com/manisa-kirkagac-boduroglu-satilik/daire/94123-2780,2025-12-03 15:51:26
FİT GAYRİMENKUL'DEN 2+1 SATILIK DAİRE,2.450.000 TL,Manisa,Saruhanli,Cengiz Mah.,Manisa / Saruhanli / Cengiz Mah.,2 + 1,75,1,2. Kat,Sıfır Bina,Kombi,Yok,Yok,Var,-,Boş,Kat İrtifakı,"Doğu, Batı",etin,-,...,Hayır,Haritası,Hatırlatmaları,Eşyalı Değil,Satılık,163843-26,28-11-2025,https://www.hepsiemlak.com/manisa-saruhanli-cengiz-topel-satilik/daire/163843-26,2025-12-03 15:51:45
"Güzelyurt Toki 2'de 3+1, Hemen Taşınabilir Durumda Boş Daire",6.500.000 TL,Manisa,Yunusemre,Guzelyurt Mah.,Manisa / Yunusemre / Guzelyurt Mah.,3 + 1,112,1,2. Kat,16 Yaşında,Kombi,Var,Var,Var,İkinci El,Boş,Kat Mülkiyeti,Güney,etin,-,...,Hayır,İçerisinde,Hatırlatmaları,Eşyalı Değil,Satılık,154167-428,25-11-2025,https://www.hepsiemlak.com/manisa-yunusemre-guzelyurt-satilik/daire/154167-428,2025-12-03 15:52:28
MANİSA AKHİSAR HÜRİYETTE 5+1 SATILIK DUBLEKS DAİRE 8.250.000TL,8.250.000 TL,Manisa,Akhisar,Hurriyet Mah.,Manisa / Akhisar / Hurriyet Mah.,4 + 1,170,2,En Üst Kat,Sıfır Bina,Kombi,Yok,Yok,Var,Sıfır,Boş,Kat Mülkiyeti,"Kuzey, Güney, Doğu",etin,-,...,-,"Yüzme Havuzu, Güvenlik, Otopark",", Otopark",Eşyalı Değil,Satılık,143974-242,07-11-2025,https://www.hepsiemlak.com/manisa-akhisar-hurriyet-satilik/daire/143974-242,2025-12-03 15:52:48
Yiğitler Mahallesi acil satılık doğalgazlı daire 135 m2,3.200.000 TL,Manisa,Turgutlu,Yigitler Mah.,Manisa / Turgutlu / Yigitler Mah.,3 + 1,135,1,4. Kat,11 Yaşında,Kombi,Yok,Var,Yok,-,Kiracılı,Kat İrtifakı,-,etin,-,...,Hayır,Haritası,Hatırlatmaları,Eşyalı Değil,Satılık,154992-61,02-12-2025,https://www.hepsiemlak.com/manisa-turgutlu-yigitler-satilik/daire/154992-61,2025-12-03 15:53:10
MANİSA MURADİYE EVRENOSTA 3+1 KAPLI MUTFAK SATIKIL DAİRE,3.650.000 TL,Manisa,Yunusemre,Muradiye Mah.,Manisa / Yunusemre / Muradiye Mah.,3 + 1,135,1,1. Kat,6 Yaşında,Kombi,Var,Var,Yok,-,Boş,Kat İrtifakı,-,etin,-,...,Hayır,Haritası,Hatırlatmaları,Eşyalı Değil,Satılık,150932-94,30-11-2025,https://www.hepsiemlak.com/manisa-yunusemre-muradiye-satilik/daire/150932-94,2025-12-03 15:53:31
SALİHLİ SATILIK 2+1 AMERİKAN MUTFAK DAİRE LUNA AVM ARKASI,3.150.000 TL,Manisa,Salihli,Sehitler Mah.,Manisa / Salihli / Sehitler Mah.,2 + 1,80,1,Yüksek Giriş,6 Yaşında,Kombi,Var,Yok,Var,-,Boş,Kat Mülkiyeti,-,etin,250 TL,...,Hayır,Haritası,Hatırlatmaları,Eşyalı Değil,Satılık,153067-87,28-11-2025,https://www.hepsiemlak.com/manisa-salihli-sehitler-satilik/daire/153067-87,2025-12-03 15:53:52
EMRAH EMLAKTAN REŞATBEY MAHALLESİNDE SATILIK DAİRE,2.950.000 TL,Manisa,Akhisar,Resat Mah.,Manisa / Akhisar / Resat Mah.,2 + 0,73,2,1. Kat,Sıfır Bina,Kombi,Yok,Yok,Yok,-,Boş,Kat İrtifakı,Doğu,etin,-,...,Evet,Haritası,Hatırlatmaları,Eşyalı Değil,Satılık,141484-29,28-11-2025,https://www.hepsiemlak.com/manisa-akhisar-resat-bey-satilik/daire/141484-29,2025-12-03 15:54:16
MANİSA ŞEHZADELER 8 HAVUZ KONUMLU 2+1 YENİ BİNA,7.200.000 TL,Manisa,Sehzadeler,1 Mah.,Manisa / Sehzadeler / 1 Mah.,2 + 1,120,1,5. Kat,5 Yaşında,Kombi,Yok,Yok,Var,-,Boş,Kat Mülkiyeti,li,etin,-,...,Evet,Haritası,Hatırlatmaları,Eşyalı Değil,Satılık,162754-38,28-11-2025,https://www.hepsiemlak.com/manisa-sehzadeler-1-anafartalar-satilik/daire/162754-38,2025-12-03 15:54:39
SALİHLİDE ANA CADDE ÜZERİNDE 5+1 KUPON VİLLA,7.490.000 TL,Manisa,Salihli,Baris Mah.,Manisa / Salihli / Baris Mah.,5 + 1,250,2,Bahçe Katı,Sıfır Bina,Kombi,Yok,Yok,Yok,-,Boş,Kat Mülkiyeti,li 3+1 Daire,etin,-,...,Hayır,si'nde Kapalı Mutfak 2+1 Sıfır Daire,Hatırlatmaları,Eşyalı Değil,Satılık,112706-8109,28-11-2025,https://www.hepsiemlak.com/manisa-salihli-baris-satilik/villa/112706-8109,2025-12-03 15:54:59
AKHİSAR CUMHURİYET FAHRİ SERTEL EMLAKTAN SİTE İÇİNDE 3+1 SATILIK DAİRE,3.590.000 TL,Manisa,Akhisar,Cumhuriyet Mah.,Manisa / Akhisar / Cumhuriyet Mah.,3 + 1,142,2,En Üst Kat,8 Yaşında,Kombi,Var,Var,Var,-,-,Müstakil Tapulu,-,etin,-,...,-,Haritası,Hatırlatmaları,-,Satılık,144740-268,29-11-2025,https://www.hepsiemlak.com/manisa-akhisar-cumhuriyet-satilik/daire/144740-268,2025-12-03 15:55:17
ERGENEKON MAH. SATILIK 3+1 SIFIR DAİRE,4.650.000 TL,Manisa,Turgutlu,Ergenekon Mah.,Manisa / Turgutlu / Ergenekon Mah.,3 + 1,130,2,3. Kat,Sıfır Bina,Kombi,Var,Var,Var,-,Boş,Kat İrtifakı,-,etin,-,...,Evet,Haritası,Hatırlatmaları,Eşyalı Değil,Satılık,154871-46,27-11-2025,https://www.hepsiemlak.com/manisa-turgutlu-ergenekon-satilik/daire/154871-46,2025-12-03 15:55:37
Engelliler parkı civarı sahibinden 3+1 daire,5.250.000 TL,Manisa,Salihli,Yoruk Mah.,Manisa / Salihli / Yoruk Mah.,3 + 1,145,1,4. Kat,13 Yaşında,Kombi,Yok,Yok,Var,İkinci El,Mülk Sahibi,Kat İrtifakı,-,etin,400 TL,...,-,İçerisinde,Hatırlatmaları,Eşyalı Değil,Satılık,0-45665026,27-11-2025,https://www.hepsiemlak.com/manisa-salihli-yoruk-satilik/daire/0-45665026,2025-12-03 15:56:16
3 ADAM EMLAK'TAN ATATÜRK MH SATILIK 3+1 DAİRE,3.600.000 TL,Manisa,Akhisar,Ataturk Mah.,Manisa / Akhisar / Ataturk Mah.,3 + 1,138,1,2. Kat,11 Yaşında,Kombi,Var,Yok,Yok,-,Mülk Sahibi,Kat İrtifakı,-,etin,-,...,Hayır,Haritası,Hatırlatmaları,Eşyalı Değil,Satılık,143910-165,27-11-2025,https://www.hepsiemlak.com/manisa-akhisar-ataturk-satilik/daire/143910-165,2025-12-03 15:56:36
Satılık Daire – Manisa / Turgutlu / Cumhuriyet Mahallesi,3.750.000 TL,Manisa,Turgutlu,Cumhuriyet Mah.,Manisa / Turgutlu / Cumhuriyet Mah.,3 + 1,135,1,Ara Kat,25 Yaşında,Kombi,Var,Yok,Yok,-,-,Kat Mülkiyeti,-,etin,-,...,-,Haritası,Hatırlatmaları,-,Satılık,141766-288,03-12-2025,https://www.hepsiemlak.com/manisa-turgutlu-cumhuriyet-satilik/daire/141766-288,2025-12-03 15:56:59
ARAS YAPI'DAN MURADİYE'DE 2+1 ARA KAT SATILIK DAİRE,2.950.000 TL,Manisa,Yunusemre,Muradiye Mah.,Manisa / Yunusemre / Muradiye Mah.,2 + 1,75,1,2. Kat,4 Yaşında,Kombi,Yok,Var,Yok,-,Boş,Kat İrtifakı,-,etin,-,...,Hayır,Satılık 2+1 Daire,Hatırlatmaları,Eşyalı Değil,Satılık,159142-92,27-11-2025,https://www.hepsiemlak.com/manisa-yunusemre-muradiye-satilik/daire/159142-92,2025-12-03 15:57:21
birinci kat satılık daire,2.450.000 TL,Manisa,Kirkagac,Sair Mah.,Manisa / Kirkagac / Sair Mah.,3 + 1,134,1,1. Kat,20 Yaşında,Kombi,Yok,Yok,Yok,İkinci El,Mülk Sahibi,Kat İrtifakı,Doğu,etin,-,...,Hayır,Haritası,Hatırlatmaları,Eşyalı Değil,Satılık,0-45626146,24-11-2025,https://www.hepsiemlak.com/manisa-kirkagac-sair-esref-satilik/daire/0-45626146,2025-12-03 15:57:40
Manisa Davutlar’da Full Eşyalı satılık villa,9.700.000 TL,Manisa,Yunusemre,Davutlar Mah.,Manisa / Yunusemre / Davutlar Mah.,4 + 1,720,3,-,7 Yaşında,Kombi,Yok,Yok,Yok,İkinci El,-,Kat Mülkiyeti,"Kuzey, Güney, Doğu, Batı",etin,-,...,-,Haritası,Hatırlatmaları,-,Satılık,160489-47,20-11-2025,https://www.hepsiemlak.com/manisa-yunusemre-davutlar-satilik/villa/160489-47,2025-12-03 15:58:02
SAHİBİNDEN SATILIK / Reşatbey Mahallesinde Lüks 3+1 Daire,4.150.000 TL,Manisa,Akhisar,Resat Mah.,Manisa / Akhisar / Resat Mah.,3 + 1,120,2,3. Kat,Sıfır Bina,Yerden Isıtma,Var,Var,Var,Sıfır,Boş,Kat İrtifakı,"Güney, Doğu",etin,-,...,Evet,İçerisinde,Hatırlatmaları,Eşyalı Değil,Satılık,0-45621633,22-11-2025,https://www.hepsiemlak.com/manisa-akhisar-resat-bey-satilik/daire/0-45621633,2025-12-03 15:58:20
Aksoy da masrafsız bakımlı doğalgazlı,3.600.000 TL,Manisa,Salihli,Aksoy Mah.,Manisa / Salihli / Aksoy Mah.,3 + 1,135,1,Yüksek Giriş,30 Yaşında,Kombi,Yok,Yok,Var,İkinci El,Mülk Sahibi,Kat İrtifakı,-,etin,-,...,Hayır,İçerisinde,Hatırlatmaları,Eşyalı Değil,Satılık,0-45614987,19-11-2025,https://www.hepsiemlak.com/manisa-salihli-aksoy-satilik/daire/0-45614987,2025-12-03 15:58:39
Şehzadeler,10.500.000 TL,Manisa,Sehzadeler,Mimar Mah.,Manisa / Sehzadeler / Mimar Mah.,4 + 1,400,3,5. Kat,21 Yaşında,Kombi,Yok,Yok,Yok,-,Boş,Kat Mülkiyeti,"Doğu, Batı",etin,-,...,Hayır,Haritası,Hatırlatmaları,Eşyalı,Satılık,161356-40,25-11-2025,https://www.hepsiemlak.com/manisa-sehzadeler-mimar-sinan-satilik/daire/161356-40,2025-12-03 15:59:02
Yeni Mahallede'de Satılık Sıfır Çatı Dubleks,5.700.000 TL,Manisa,Yunusemre,Yeni Mah.,Manisa / Yunusemre / Yeni Mah.,3 + 1,230,2,Çatı Katı,1 Yaşında,Kombi,Yok,Var,Yok,-,Boş,Kat İrtifakı,-,etin,-,...,Hayır,İçerisinde,Hatırlatmaları,Eşyalı Değil,Satılık,102443-816,30-11-2025,https://www.hepsiemlak.com/manisa-yunusemre-yeni-mahalle-satilik/daire/102443-816,2025-12-03 15:59:23
🚨 ACİL SATILIK! UYGUN FİYATLI 3+1 YÜKSEK GİRİŞ DAİRE – MURADİYE CUMHURİYET OKULU CİVARI,3.150.000 TL,Manisa,Yunusemre,Muradiye Mah.,Manisa / Yunusemre / Muradiye Mah.,3 + 1,95,1,Yüksek Giriş,10 Yaşında,Kombi,Yok,Var,Yok,İkinci El,Boş,Kat İrtifakı,Güney,etin,200 TL,...,Evet,Haritası,Hatırlatmaları,Eşyalı Değil,Satılık,160648-26,01-12-2025,https://www.hepsiemlak.com/manisa-yunusemre-muradiye-satilik/daire/160648-26,2025-12-03 16:01:38
SERKAN YILMAZ'DAN TOPÇUASIM MAH 3+1 ULTRA LÜX ÖNÜ AÇIK,4.450.000 TL,Manisa,Yunusemre,Topcuasim Mah.,Manisa / Yunusemre / Topcuasim Mah.,3 + 1,125,1,4. Kat,21 Yaşında,Kombi,Yok,Var,Yok,-,Boş,Kat Mülkiyeti,li Arakat Önü Açık 4.450.000₺ Pazarlıklı,etin,-,...,Hayır,Haritası,Hatırlatmaları,Eşyalı Değil,Satılık,161259-12,28-11-2025,https://www.hepsiemlak.com/manisa-yunusemre-topcuasim-satilik/daire/161259-12,2025-12-03 16:01:59
UZUN EMLAK'TAN TEVFİKİYE 'DE 3+1 ÖNÜ AÇIK DAİRE,3.200.000 TL,Manisa,Yunusemre,Tevfikiye Mah.,Manisa / Yunusemre / Tevfikiye Mah.,3 + 1,120,1,4. Kat,25 Yaşında,Kombi,Var,Yok,Yok,-,-,Kat Mülkiyeti,-,etin,-,...,-,Haritası,Hatırlatmaları,-,Satılık,129877-307,29-11-2025,https://www.hepsiemlak.com/manisa-yunusemre-tevfikiye-satilik/daire/129877-307,2025-12-03 16:02:19
KİRVEM EMLAK'TAN 2+1 ÖZELLİKLİ DAİRE-KAPALI MUTFAK,2.995.000 TL,Manisa,Saruhanli,Saruhan Mah.,Manisa / Saruhanli / Saruhan Mah.,2 + 1,105,1,3. Kat,1 Yaşında,Kombi,Yok,Var,Yok,-,Boş,Kat İrtifakı,-,etin,-,...,Evet,Haritası,Hatırlatmaları,Eşyalı Değil,Satılık,162496-25,27-11-2025,https://www.hepsiemlak.com/manisa-saruhanli-saruhan-satilik/daire/162496-25,2025-12-03 16:02:42
"LARİN'DEN DUBLEKS DAİRE TERASLI, KAPALI OTOPARKLI 4+1",4.670.000 TL,Manisa,Akhisar,Ataturk Mah.,Manisa / Akhisar / Ataturk Mah.,4 + 1,240,2,4. Kat,1 Yaşında,Kombi,Var,Yok,Var,-,Boş,Kat Mülkiyeti,"Doğu, Batı",etin,500 TL,...,Evet,Haritası,Hatırlatmaları,Eşyalı Değil,Satılık,158857-22,28-11-2025,https://www.hepsiemlak.com/manisa-akhisar-ataturk-satilik/daire/158857-22,2025-12-03 16:03:05
Manisa Adakale Mah. Satılık 3+1 Daire 140m²,3.375.000 TL,Manisa,Sehzadeler,Adakale Mah.,Manisa / Sehzadeler / Adakale Mah.,3 + 1,140,1,5. Kat,31 Yaşında,Kombi,Var,Var,Var,-,Mülk Sahibi,Kat Mülkiyeti,-,etimi-,-,...,Evet,Haritası,Hatırlatmaları,Eşyalı Değil,Satılık,155351-76,26-11-2025,https://www.hepsiemlak.com/manisa-sehzadeler-adakale-satilik/daire/155351-76,2025-12-03 16:03:30
MANİSA AKHİSAR İLÇESİ SEYİT AHMET MAHALLESİNDE SATILIK 3+1 DAİRE,4.200.000 TL,Manisa,Akhisar,Efendi Mah.,Manisa / Akhisar / Efendi Mah.,3 + 0,148,1,En Üst Kat,3 Yaşında,Kombi,Var,Var,Var,-,Boş,Kat Mülkiyeti,Batı,etin,-,...,Hayır,Haritası,Hatırlatmaları,Eşyalı,Satılık,48336-232,01-12-2025,https://www.hepsiemlak.com/manisa-akhisar-efendi-satilik/daire/48336-232,2025-12-03 16:03:54
MANİSA KIRKAĞAÇTA DOĞALGAZLI SATILIK SIFIR 3+1 DAİRE,3.550.000 TL,Manisa,Kirkagac,Sair Mah.,Manisa / Kirkagac / Sair Mah.,3 + 1,120,2,3. Kat,Sıfır Bina,Kombi,Var,Yok,Var,-,Boş,Kat İrtifakı,-,etin,-,...,Evet,Haritası,Hatırlatmaları,Eşyalı Değil,Satılık,156747-290,19-11-2025,https://www.hepsiemlak.com/manisa-kirkagac-sair-esref-satilik/daire/156747-290,2025-12-03 16:04:16
KERVAN YOLUNA YAKIN SATILIK 2+1 DAİRE,2.500.000 TL,Manisa,Turgutlu,Cumhuriyet Mah.,Manisa / Turgutlu / Cumhuriyet Mah.,2 + 1,132,1,1. Kat,12 Yaşında,Kombi,Yok,Yok,Yok,İkinci El,Boş,Kat Mülkiyeti,-,etin,-,...,-,Haritası,Hatırlatmaları,Eşyalı Değil,Satılık,156788-172,02-12-2025,https://www.hepsiemlak.com/manisa-turgutlu-cumhuriyet-satilik/daire/156788-172,2025-12-03 16:04:36
Akdeniz Emlak'tan Satılık Yunus Emre İlç Barbaros Mah 2+1 112 m2 Daire,2.490.000 TL,Manisa,Yunusemre,Barbaros Mah.,Manisa / Yunusemre / Barbaros Mah.,2 + 1,111,1,Yüksek Giriş,33 Yaşında,Soba,Yok,Var,Var,İkinci El,Kiracılı,Kat Mülkiyeti,Güney,etin,-,...,Hayır,Haritası,Hatırlatmaları,-,Satılık,22228-10986,29-11-2025,https://www.hepsiemlak.com/manisa-yunusemre-barbaros-satilik/daire/22228-10986,2025-12-03 16:04:57
ŞEHZADELER KUŞLUBAHÇEDE FIRSAT TEK TAPU ÇİFT DAİRE HER İKİ TARAFTADA BAHÇE VAR KARANLIK ODASI YOK.,4.550.000 TL,Manisa,Sehzadeler,Sehitler Mah.,Manisa / Sehzadeler / Sehitler Mah.,4 + 2,340,2,Zemin,10 Yaşında,Kombi,Yok,Var,Yok,-,Kiracılı,Kat Mülkiyeti,-,etin,-,...,Evet,Haritası,Hatırlatmaları,Eşyalı Değil,Satılık,109960-176,03-12-2025,https://www.hepsiemlak.com/manisa-sehzadeler-sehitler-satilik/daire/109960-176,2025-12-03 16:05:33
23 NİSAN PARKI CİVARI SATILIK 4+1 ÇATI DUBLEX,5.300.000 TL,Manisa,Yunusemre,Muradiye Mah.,Manisa / Yunusemre / Muradiye Mah.,4 + 1,200,2,5. Kat,8 Yaşında,Kombi,Yok,Var,Yok,İkinci El,Kiracılı,Kat İrtifakı,"Kuzey, Güney",etin,-,...,Evet,Haritası,Hatırlatmaları,Eşyalı Değil,Satılık,70124-4056,24-11-2025,https://www.hepsiemlak.com/manisa-yunusemre-muradiye-satilik/daire/70124-4056,2025-12-03 16:05:56
Şehir merkezinde 17 sk eşyalı satılık 2+1,2.900.000 TL,Manisa,Akhisar,Ragip Mah.,Manisa / Akhisar / Ragip Mah.,2 + 1,85,1,1. Kat,19 Yaşında,Kombi,Yok,Yok,Yok,İkinci El,Kiracılı,Kat Mülkiyeti,"Doğu, Batı",etin,100 TL,...,Evet,Haritası,Hatırlatmaları,Eşyalı,Satılık,0-45599056,15-11-2025,https://www.hepsiemlak.com/manisa-akhisar-ragip-bey-satilik/daire/0-45599056,2025-12-03 16:06:15
Akhisar Reşatbey Mahallesi'nde 2+1 Satılık Daire,3.000.000 TL,Manisa,Akhisar,Resat Mah.,Manisa / Akhisar / Resat Mah.,2 + 1,80,1,1. Kat,Sıfır Bina,Kombi,Yok,Var,Var,Sıfır,Boş,Kat İrtifakı,Doğu,etin,-,...,Hayır,sinde Bireysel Otoparklı 2+1 Satılık Daire.,Hatırlatmaları,Eşyalı Değil,Satılık,94137-1398,25-11-2025,https://www.hepsiemlak.com/manisa-akhisar-resat-bey-satilik/daire/94137-1398,2025-12-03 16:06:33
SARUHANLI CENGİZ TOPEL MAH. 1+1 EŞYALI SATILIK ARAKAT DAİRE,2.650.000 TL,Manisa,Saruhanli,Cengiz Mah.,Manisa / Saruhanli / Cengiz Mah.,1 + 1,55,1,2. Kat,Sıfır Bina,Yerden Isıtma,Yok,Yok,Var,-,Kiracılı,Kat İrtifakı,Doğu,etin,-,...,Hayır,Haritası,Hatırlatmaları,Eşyalı,Satılık,163565-129,01-12-2025,https://www.hepsiemlak.com/manisa-saruhanli-cengiz-topel-satilik/daire/163565-129,2025-12-03 16:06:54
SATILIK KELİDE 3+1 125 M2 KOMBİLİ ÖZEL OTOPARKLI SIFIR ARA KAT,3.650.000 TL,Manisa,Salihli,Keli Mah.,Manisa / Salihli / Keli Mah.,3 + 1,125,1,3. Kat,Sıfır Bina,Kombi,Var,Var,Var,Sıfır,Boş,Kat İrtifakı,"Doğu, Batı",etin,1 TL,...,Evet,Haritası,Hatırlatmaları,-,Satılık,150639-47,27-11-2025,https://www.hepsiemlak.com/manisa-salihli-keli-satilik/daire/150639-47,2025-12-03 16:07:15
Akhisar Atatürk Mah. Prestij Caddesi Arkasında Satılık 3+1 Daire,4.800.000 TL,Manisa,Akhisar,Ataturk Mah.,Manisa / Akhisar / Ataturk Mah.,3 + 1,125,1,1. Kat,1 Yaşında,Yerden Isıtma,Yok,Yok,Var,Sıfır,Boş,Kat İrtifakı,"Kuzey, Güney",etin,-,...,Hayır,Haritası,Hatırlatmaları,Eşyalı Değil,Satılık,94123-2775,28-11-2025,https://www.hepsiemlak.com/manisa-akhisar-ataturk-satilik/daire/94123-2775,2025-12-03 16:07:33
YUNUSEMRE KEÇİLİKÖY'DE 5+2 SATILIK MÜSTAKİL LÜKS VİLLA,58.900.000 TL,Manisa,Yunusemre,Kecili Mah.,Manisa / Yunusemre / Kecili Mah.,5 + 2,480,4,-,11 Yaşında,Yerden Isıtma,Yok,Yok,Var,İkinci El,Mülk Sahibi,Kat İrtifakı,"Kuzey, Güney, Batı",etin,-,...,-,Haritası,Hatırlatmaları,Eşyalı Değil,Satılık,154167-345,11-11-2025,https://www.hepsiemlak.com/manisa-yunusemre-kecili-koy-satilik/villa/154167-345,2025-12-03 16:07:55
bozkurt mahallesi acil satılık müstakil ev 175 m2,2.100.000 TL,Manisa,Turgutlu,Bozkurt Mah.,Manisa / Turgutlu / Bozkurt Mah.,3 + 1,175,1,Bahçe Katı,21 Yaşında,Soba,Yok,Yok,Yok,-,Kiracılı,Müstakil Tapulu,-,etin,-,...,Hayır,Haritası,Hatırlatmaları,-,Satılık,154992-60,02-12-2025,https://www.hepsiemlak.com/manisa-turgutlu-bozkurt-satilik/mustakil-ev/154992-60,2025-12-03 16:08:16
ÇOK HESAPLI KELEPIR DAIRE,2.900.000 TL,Manisa,Turgutlu,Yigitler Mah.,Manisa / Turgutlu / Yigitler Mah.,3 + 1,140,1,5. Kat,7 Yaşında,Kombi,Yok,Var,Yok,İkinci El,Boş,Kat Mülkiyeti,-,etin,-,...,Hayır,Haritası,Hatırlatmaları,Eşyalı Değil,Satılık,160009-71,29-11-2025,https://www.hepsiemlak.com/manisa-turgutlu-yigitler-satilik/daire/160009-71,2025-12-03 16:08:37
Ergenekon Mahallesinde Kaçırılmayacak Uygun Fiyat Dubleks,5.500.000 TL,Manisa,Turgutlu,Ergenekon Mah.,Manisa / Turgutlu / Ergenekon Mah.,3 + 1,170,3,4. Kat,2 Yaşında,Yerden Isıtma,Var,Yok,Var,-,Mülk Sahibi,Kat Mülkiyeti,-,etin,-,...,Hayır,Haritası,Hatırlatmaları,Eşyalı Değil,Satılık,160048-114,01-12-2025,https://www.hepsiemlak.com/manisa-turgutlu-ergenekon-satilik/daire/160048-114,2025-12-03 16:09:29
DIALOG ATA GAYRİMENKUL'DEN YİĞİTLER MAHALLESİ'NDE 2+1 DAİRE,2.700.000 TL,Manisa,Turgutlu,Yigitler Mah.,Manisa / Turgutlu / Yigitler Mah.,2 + 1,95,1,1. Kat,11 Yaşında,Kombi,Yok,Var,Yok,-,Boş,Kat Mülkiyeti,-,etin,-,...,Evet,Haritası,Hatırlatmaları,Eşyalı Değil,Satılık,164259-29,01-12-2025,https://www.hepsiemlak.com/manisa-turgutlu-yigitler-satilik/daire/164259-29,2025-12-03 16:09:46
Manisa Yunusemre Kaynak Mahallesi'nde Satılık Dubleks,6.200.000 TL,Manisa,Yunusemre,Kaynak Mah.,Manisa / Yunusemre / Kaynak Mah.,4 + 1,220,2,5. Kat,17 Yaşında,Kombi,Var,Var,Var,İkinci El,Mülk Sahibi,Müstakil Tapulu,-,etin,-,...,-,Haritası,Hatırlatmaları,Eşyalı,Satılık,164260-15,27-11-2025,https://www.hepsiemlak.com/manisa-yunusemre-kaynak-satilik/daire/164260-15,2025-12-03 16:10:06
YEDİ EYLÜL MAH. SATILIK 3+1 ARAKAT DAİRE,3.500.000 TL,Manisa,Turgutlu,Ataturk Mah.,Manisa / Turgutlu / Ataturk Mah.,3 + 1,130,1,1. Kat,11 Yaşında,Kombi,Var,Var,Var,-,Mülk Sahibi,Kat Mülkiyeti,-,etin,-,...,Evet,Haritası,Hatırlatmaları,-,Satılık,154871-45,27-11-2025,https://www.hepsiemlak.com/manisa-turgutlu-ataturk-satilik/daire/154871-45,2025-12-03 16:10:33
MANİSA TURGUTLU SUBAŞI M SATILIK SIFIR DUBLEX DAİRE ASANSÖRLÜ,7.500.000 TL,Manisa,Turgutlu,Subasi Mah.,Manisa / Turgutlu / Subasi Mah.,4 + 1,255,3,4. Kat,Sıfır Bina,Kombi,Var,Var,Var,-,Boş,Kat Mülkiyeti,-,etin,-,...,Evet,Haritası,Hatırlatmaları,-,Satılık,164007-33,30-11-2025,https://www.hepsiemlak.com/manisa-turgutlu-subasi-satilik/daire/164007-33,2025-12-03 16:11:01
SALİHLİ SATILIK KÖŞE 275 M2 2 KATLI EV VE ARSA KARAOĞLANLI KÖYÜ,3.250.000 TL,Manisa,Salihli,Karaoglanli Mah.,Manisa / Salihli / Karaoglanli Mah.,4 + 1,275,1,Bahçe Katı,31 Yaşında,Isıtma Yok,Yok,Yok,Yok,-,Boş,Müstakil Tapulu,"Güney, Batı",etin,-,...,Hayır,Haritası,Hatırlatmaları,Eşyalı Değil,Satılık,153067-85,25-11-2025,https://www.hepsiemlak.com/manisa-salihli-karaoglanli-satilik/mustakil-ev/153067-85,2025-12-03 16:11:25
AKHİSAR EFENDİ FAHRİ SERTEL EMLAKTAN 2+1 OTOPARKLI SATILIK DAİRE,2.980.000 TL,Manisa,Akhisar,Efendi Mah.,Manisa / Akhisar / Efendi Mah.,2 + 1,95,1,3. Kat,5 Yaşında,Kombi,Var,Var,Var,-,-,Müstakil Tapulu,-,etin,-,...,-,Haritası,Hatırlatmaları,-,Satılık,144740-267,29-11-2025,https://www.hepsiemlak.com/manisa-akhisar-efendi-satilik/daire/144740-267,2025-12-03 16:11:48
ACISU CADDESİ ÜZERİ 4+1 DUBLEKS DAİRE,6.250.000 TL,Manisa,Salihli,Kocacesme Mah.,Manisa / Salihli / Kocacesme Mah.,4 + 1,175,2,4. Kat,2 Yaşında,Kombi,Yok,Var,Var,-,-,Kat İrtifakı,-,etin,-,...,-,Haritası,Hatırlatmaları,Eşyalı Değil,Satılık,152193-108,03-12-2025,https://www.hepsiemlak.com/manisa-salihli-kocacesme-satilik/daire/152193-108,2025-12-03 16:12:12
YILDIZ EMLAK 'tan 2+1 KAPALI MUTFAK ÇİFT CEPHE DAİRE,3.650.000 TL,Manisa,Yunusemre,Muradiye Mah.,Manisa / Yunusemre / Muradiye Mah.,2 + 1,105,1,4. Kat,6 Yaşında,Kombi,Var,Var,Yok,-,Mülk Sahibi,Kat İrtifakı,-,etin,-,...,Hayır,Haritası,Hatırlatmaları,Eşyalı Değil,Satılık,152164-43,26-11-2025,https://www.hepsiemlak.com/manisa-yunusemre-muradiye-satilik/daire/152164-43,2025-12-03 16:12:36
Mavi Emlak'tan Yeni Mahalle'de Yatırıma Uygun Yüksek Zemin,3.250.000 TL,Manisa,Yunusemre,Yeni Mah.,Manisa / Yunusemre / Yeni Mah.,1 + 1,60,1,Yüksek Giriş,2 Yaşında,Kombi,Var,Yok,Yok,-,Boş,Kat İrtifakı,-,etin,-,...,Hayır,İçerisinde,Hatırlatmaları,Eşyalı Değil,Satılık,102443-815,03-12-2025,https://www.hepsiemlak.com/manisa-yunusemre-yeni-mahalle-satilik/daire/102443-815,2025-12-03 16:12:56
SY YILMAZ EMLAKTAN ANA CADDE ÜZERİ ARAKAT DAİRE,3.750.000 TL,Manisa,Sehzadeler,Alaybey Mah.,Manisa / Sehzadeler / Alaybey Mah.,3 + 1,125,1,1. Kat,16 Yaşında,Kombi,Var,Var,Yok,-,Boş,Kat Mülkiyeti,-,etin,-,...,Evet,Haritası,Hatırlatmaları,Eşyalı Değil,Satılık,161259-8,28-11-2025,https://www.hepsiemlak.com/manisa-sehzadeler-alaybey-satilik/daire/161259-8,2025-12-03 16:13:47
KİRVEM EMLAK'TAN 3+1 DAİRE- CENGİZ TOPEL MAH. - KAPALI MUTFAK,4.350.000 TL,Manisa,Saruhanli,Cengiz Mah.,Manisa / Saruhanli / Cengiz Mah.,3 + 1,140,1,2. Kat,1 Yaşında,Kombi,Var,Var,Yok,-,Boş,Kat İrtifakı,-,etin,-,...,Evet,Haritası,Hatırlatmaları,Eşyalı Değil,Satılık,162496-15,27-11-2025,https://www.hepsiemlak.com/manisa-saruhanli-cengiz-topel-satilik/daire/162496-15,2025-12-03 16:14:04
Manisa Karaoğlanlı'da mükemmel manzaraya sahip müstakil ev,6.200.000 TL,Manisa,Sehzadeler,Karaoglanli Mah.,Manisa / Sehzadeler / Karaoglanli Mah.,8 + 3,318,3,-,21 Yaşında,Soba,Yok,Yok,Var,-,Boş,Tapu Yok,-,etin,-,...,Evet,Haritası,Hatırlatmaları,Eşyalı Değil,Satılık,155351-16,26-11-2025,https://www.hepsiemlak.com/manisa-sehzadeler-karaoglanli-satilik/mustakil-ev/155351-16,2025-12-03 16:14:22
MURADİYE SU DEPOSU CİVARİ 2+1 FULL EŞYALI YATIRIMLIK DAİRE,3.050.000 TL,Manisa,Yunusemre,Muradiye Mah.,Manisa / Yunusemre / Muradiye Mah.,2 + 1,80,1,3. Kat,6 Yaşında,Kombi,Yok,Yok,Yok,-,Boş,Kat İrtifakı,"Kuzey, Batı",etin,-,...,Evet,Haritası,Hatırlatmaları,Eşyalı,Satılık,113593-293,27-11-2025,https://www.hepsiemlak.com/manisa-yunusemre-muradiye-satilik/daire/113593-293,2025-12-03 16:14:47
KW den Uncubozköyde Satılık 2+1 Doğa Manzaralı,5.750.000 TL,Manisa,Yunusemre,Uncubozkoy Mah.,Manisa / Yunusemre / Uncubozkoy Mah.,2 + 1,115,1,Yüksek Giriş,11 Yaşında,Kombi,Var,Yok,Var,-,Mülk Sahibi,Kat İrtifakı,Batı,etin,500 TL,...,Hayır,İçerisinde,Hatırlatmaları,Eşyalı Değil,Satılık,112706-8056,28-11-2025,https://www.hepsiemlak.com/manisa-yunusemre-uncubozkoy-satilik/daire/112706-8056,2025-12-03 16:15:21
AKMAN'DAN MURADİYE MAH.%80 KREDİ CIKAN SATILIK 1+1 HAVUZLU DAİRE,3.000.000 TL,Manisa,Yunusemre,Muradiye Mah.,Manisa / Yunusemre / Muradiye Mah.,1 + 1,58,1,2. Kat,Sıfır Bina,Kombi,Yok,Yok,Yok,-,Boş,Kat İrtifakı,"Kuzey, Güney, Doğu, Batı",etin,-,...,Hayır,Haritası,Hatırlatmaları,Eşyalı Değil,Satılık,113243-82,01-12-2025,https://www.hepsiemlak.com/manisa-yunusemre-muradiye-satilik/daire/113243-82,2025-12-03 16:15:41
CUMHURİYET MAHALLESİNDE SATILIK DAİRE,7.500.000 TL,Manisa,Yunusemre,Cumhuriyet Mah.,Manisa / Yunusemre / Cumhuriyet Mah.,3 + 1,160,2,10. Kat,15 Yaşında,Kombi,Yok,Var,Var,İkinci El,Kiracılı,Müstakil Tapulu,-,etin,-,...,Hayır,İçerisinde,Hatırlatmaları,Eşyalı Değil,Satılık,152027-36,27-11-2025,https://www.hepsiemlak.com/manisa-yunusemre-cumhuriyet-satilik/daire/152027-36,2025-12-03 16:16:06
NOVA'DAN ERGENEKON MAHALLESİ'NDE SATILIK 3+1 ARAKAT LÜKS DAİRE,5.800.000 TL,Manisa,Turgutlu,Ergenekon Mah.,Manisa / Turgutlu / Ergenekon Mah.,3 + 1,135,2,Ara Kat,Sıfır Bina,Yerden Isıtma,Var,Var,Var,Sıfır,Boş,Kat İrtifakı,-,etin,-,...,Evet,Haritası,Hatırlatmaları,Eşyalı Değil,Satılık,123058-2131,26-11-2025,https://www.hepsiemlak.com/manisa-turgutlu-ergenekon-satilik/daire/123058-2131,2025-12-03 16:16:27
Akhisar Bekirler Köy İçi Satılık Köşe Müstakil Köy Evi&Çiftlik,5.250.000 TL,Manisa,Akhisar,Bekirler Mah.,Manisa / Akhisar / Bekirler Mah.,4 + 2,677,2,-,25 Yaşında,Soba,Yok,Yok,Yok,İkinci El,Boş,Müstakil Tapulu,"Kuzey, Doğu, Batı",etin,-,...,Evet,Haritası,Hatırlatmaları,Eşyalı Değil,Satılık,72047-1577,11-11-2025,https://www.hepsiemlak.com/manisa-akhisar-bekirler-satilik/mustakil-ev/72047-1577,2025-12-03 16:16:47
"Acarlar Mahallesi’nde Asansörlü, Otoparklı 2+1 Sıfır Daire!",3.750.000 TL,Manisa,Turgutlu,Acarlar Mah.,Manisa / Turgutlu / Acarlar Mah.,2 + 1,100,1,Ara Kat,Sıfır Bina,Yerden Isıtma,Var,Var,Var,Sıfır,Boş,Kat Mülkiyeti,"Kuzey, Güney, Doğu, Batı",etin,1 TL,...,Hayır,Haritası,Hatırlatmaları,Eşyalı Değil,Satılık,162001-69,01-12-2025,https://www.hepsiemlak.com/manisa-turgutlu-acarlar-satilik/daire/162001-69,2025-12-03 16:17:07
ARAS YAPI'DAN MURADİYE'DE ARA KAT 1+1 SATILIK SIFIR DAİRE,2.750.000 TL,Manisa,Yunusemre,Muradiye Mah.,Manisa / Yunusemre / Muradiye Mah.,1 + 1,60,1,3. Kat,Sıfır Bina,Kombi,Var,Var,Var,-,Boş,Kat İrtifakı,-,etin,-,...,Hayır,Satılık 2+1 Daire,Hatırlatmaları,Eşyalı Değil,Satılık,159142-93,25-11-2025,https://www.hepsiemlak.com/manisa-yunusemre-muradiye-satilik/daire/159142-93,2025-12-03 16:17:55
Cengiz Topel mah Ebeveyn banyolu 3+1,4.300.000 TL,Manisa,Saruhanli,Cengiz Mah.,Manisa / Saruhanli / Cengiz Mah.,3 + 1,145,2,1. Kat,5 Yaşında,Kombi,Var,Yok,Yok,İkinci El,Kiracılı,Kat İrtifakı,-,etin,200 TL,...,-,Haritası,Hatırlatmaları,Eşyalı Değil,Satılık,9333-1834,27-11-2025,https://www.hepsiemlak.com/manisa-saruhanli-cengiz-topel-satilik/daire/9333-1834,2025-12-03 16:18:16
Akhisar Ulucamii Mahalllesi Cumartesi Pazar Karşısı 3+1 Satılık Sıfır Daire,4.250.000 TL,Manisa,Akhisar,Ulu Mah.,Manisa / Akhisar / Ulu Mah.,3 + 1,130,1,1. Kat,Sıfır Bina,Kombi,Yok,Var,Var,Sıfır,Boş,Kat İrtifakı,"Güney, Batı",etin,1 TL,...,Hayır,Haritası,Hatırlatmaları,Eşyalı Değil,Satılık,94123-2764,03-12-2025,https://www.hepsiemlak.com/manisa-akhisar-ulu-camii-satilik/daire/94123-2764,2025-12-03 16:18:39
AKHİSAR HÜRRİYET MAH. HASTANE KARŞISI SATILIK 3+1 ARAKAT DAİRE,3.800.000 TL,Manisa,Akhisar,Hurriyet Mah.,Manisa / Akhisar / Hurriyet Mah.,3 + 1,130,1,3. Kat,25 Yaşında,Kombi,Var,Var,Var,İkinci El,Boş,Kat İrtifakı,"Kuzey, Güney, Doğu",etin,111.111 TL,...,-,2000'de Ferah 3+1 Kaçırılmayacak Fırsat!,Hatırlatmaları,Eşyalı Değil,Satılık,154167-317,24-11-2025,https://www.hepsiemlak.com/manisa-akhisar-hurriyet-satilik/daire/154167-317,2025-12-03 16:19:01
DIALOG ATA'dan Acarlar Mahallesinde 3+1 Geniş Metrajlı Ara Kat,4.500.000 TL,Manisa,Turgutlu,Acarlar Mah.,Manisa / Turgutlu / Acarlar Mah.,3 + 1,205,2,2. Kat,16 Yaşında,Kombi,Var,Var,Yok,-,Mülk Sahibi,Kat Mülkiyeti,-,etin,-,...,Hayır,Haritası,Hatırlatmaları,Eşyalı Değil,Satılık,164259-23,01-12-2025,https://www.hepsiemlak.com/manisa-turgutlu-acarlar-satilik/daire/164259-23,2025-12-03 16:19:22
IRLAMAZ KARŞISI SATILIK TERASLI SIFIR DAİRE,6.500.000 TL,Manisa,Turgutlu,Yeni Mah.,Manisa / Turgutlu / Yeni Mah.,3 + 1,190,2,1. Kat,Sıfır Bina,Yerden Isıtma,Yok,Yok,Yok,-,Boş,Kat Mülkiyeti,-,etin,-,...,Evet,İçi 270 m2 4+2 Çatı Dubleks,Hatırlatmaları,Eşyalı Değil,Satılık,154871-42,27-11-2025,https://www.hepsiemlak.com/manisa-turgutlu-yeni-satilik/daire/154871-42,2025-12-03 16:19:43
Yedieylül Mahallesi 160 m2 Satılık Daire,4.800.000 TL,Manisa,Turgutlu,Yedi Mah.,Manisa / Turgutlu / Yedi Mah.,3 + 1,157,2,3. Kat,4 Yaşında,Kombi,Var,Var,Var,-,Mülk Sahibi,Kat Mülkiyeti,-,etin,-,...,Hayır,Haritası,Hatırlatmaları,Eşyalı Değil,Satılık,160048-113,01-12-2025,https://www.hepsiemlak.com/manisa-turgutlu-yedi-eylul-satilik/daire/160048-113,2025-12-03 16:20:09
Manisa Yunusemre Mutlu Mahallesi'nde Satılık Dubleks,5.500.000 TL,Manisa,Yunusemre,Mutlu Mah.,Manisa / Yunusemre / Mutlu Mah.,1 + 1,55,1,3. Kat,15 Yaşında,Kombi,Yok,Var,Yok,İkinci El,Kiracılı,Müstakil Tapulu,-,etin,-,...,-,Haritası,Hatırlatmaları,Eşyalı Değil,Satılık,164260-3,28-11-2025,https://www.hepsiemlak.com/manisa-yunusemre-mutlu-satilik/daire/164260-3,2025-12-03 16:20:31
MANİSA TURGUTLU ALTAY M SATILIK ARAKAT 2+1 DAİRE,1.750.000 TL,Manisa,Turgutlu,Altay Mah.,Manisa / Turgutlu / Altay Mah.,2 + 1,85,1,3. Kat,21 Yaşında,Klima,Var,Yok,Yok,-,Kiracılı,Kat İrtifakı,-,etin,-,...,Hayır,Haritası,Hatırlatmaları,Eşyalı,Satılık,164007-32,30-11-2025,https://www.hepsiemlak.com/manisa-turgutlu-altay-satilik/daire/164007-32,2025-12-03 16:20:53
Karaali Villalarda Müstakil Bahçeli Havuzlu Lüks Villa,18.500.000 TL,Manisa,Yunusemre,Karaali Mah.,Manisa / Yunusemre / Karaali Mah.,4 + 1,170,2,Bahçe Katı,Sıfır Bina,Kombi,Yok,Yok,Var,-,Boş,Kat İrtifakı,"Kuzey, Güney, Doğu, Batı",etin,-,...,Evet,İçerisinde,Hatırlatmaları,Eşyalı Değil,Satılık,162776-53,21-11-2025,https://www.hepsiemlak.com/manisa-yunusemre-karaali-satilik/villa/162776-53,2025-12-03 16:21:11
AKHİSAR KETHÜDA FAHRİ SERTEL EMLAKTAN SATILIK 2+1 DAİRE,1.350.000 TL,Manisa,Akhisar,Kethuda Mah.,Manisa / Akhisar / Kethuda Mah.,2 + 1,95,1,En Üst Kat,28 Yaşında,Kombi,Yok,Yok,Yok,-,-,Müstakil Tapulu,-,etin,-,...,-,Haritası,Hatırlatmaları,-,Satılık,144740-256,30-11-2025,https://www.hepsiemlak.com/manisa-akhisar-kethuda-satilik/daire/144740-256,2025-12-03 16:22:52
SY YILMAZ EMLAKTAN TOPÇU ASIM MAH.de ARAKAT DAİRE,3.650.000 TL,Manisa,Yunusemre,Topcuasim Mah.,Manisa / Yunusemre / Topcuasim Mah.,3 + 1,125,1,5. Kat,21 Yaşında,Kombi,Yok,Var,Yok,-,Boş,Kat Mülkiyeti,-,etin,-,...,Evet,Haritası,Hatırlatmaları,Eşyalı Değil,Satılık,161259-7,28-11-2025,https://www.hepsiemlak.com/manisa-yunusemre-topcuasim-satilik/daire/161259-7,2025-12-03 16:23:13
Cumhuriyet caddesi satılık iki adet daire kiracılı köşe,2.950.000 TL,Manisa,Turgutlu,Yildirim Mah.,Manisa / Turgutlu / Yildirim Mah.,2 + 2,201,2,4. Kat,11 Yaşında,Kombi,Yok,Var,Yok,-,Kiracılı,Kat İrtifakı,-,etin,-,...,Evet,Haritası,Hatırlatmaları,-,Satılık,154992-31,29-11-2025,https://www.hepsiemlak.com/manisa-turgutlu-yildirim-satilik/daire/154992-31,2025-12-03 16:23:33
Salihlide satılık daire,3.250.000 TL,Manisa,Salihli,Saglik Mah.,Manisa / Salihli / Saglik Mah.,2 + 1,95,1,4. Kat,4 Yaşında,Jeotermal Isıtm...,Yok,Yok,Var,İkinci El,Boş,Kat Mülkiyeti,"Doğu, Batı",etin,150 TL,...,Hayır,Haritası,Hatırlatmaları,-,Satılık,57265-9,21-11-2025,https://www.hepsiemlak.com/manisa-salihli-saglik-satilik/daire/57265-9,2025-12-03 16:23:52
EROĞLU-TAŞKIN EMLAK OFİSİNDEN MERKEZDE 3+1 DAİRE,1.875.000 TL,Manisa,Akhisar,Inonu Mah.,Manisa / Akhisar / Inonu Mah.,3 + 1,125,1,4. Kat,30 Yaşında,Kombi,Yok,Yok,Yok,İkinci El,Boş,Kat İrtifakı,Batı,etin,-,...,Hayır,Haritası,Hatırlatmaları,Eşyalı Değil,Satılık,160552-15,22-11-2025,https://www.hepsiemlak.com/manisa-akhisar-inonu-satilik/daire/160552-15,2025-12-03 16:24:17
MANİSA SALİHLİ KIRVELİ MAHALLESİNDE SATILIK MÜSTAKİL EV,6.950.000 TL,Manisa,Salihli,Kirveli Mah.,Manisa / Salihli / Kirveli Mah.,3 + 1,269,1,Bahçe Katı,16 Yaşında,Doğalgaz Sobası,Yok,Var,Var,-,Boş,Müstakil Tapulu,"Güney, Batı",etin,-,...,Hayır,Haritası,Hatırlatmaları,Eşyalı Değil,Satılık,119344-262,28-11-2025,https://www.hepsiemlak.com/manisa-salihli-kirveli-satilik/daire/119344-262,2025-12-03 16:24:37
NİDA CADDE EVLERİNDE 3+1 DUBLEKS SIFIR SATILIK LÜKS DAİRE,6.800.000 TL,Manisa,Akhisar,Ataturk Mah.,Manisa / Akhisar / Ataturk Mah.,3 + 1,175,1,4. Kat,Sıfır Bina,Kombi,Yok,Var,Var,-,Boş,Kat İrtifakı,"Kuzey, Güney, Doğu, Batı",etin,-,...,Hayır,Haritası,Hatırlatmaları,Eşyalı Değil,Satılık,86919-645,25-11-2025,https://www.hepsiemlak.com/manisa-akhisar-ataturk-satilik/daire/86919-645,2025-12-03 16:24:56
Masrafsız Yüksek Satılık Zemin Kat,2.750.000 TL,Manisa,Turgutlu,Turan Mah.,Manisa / Turgutlu / Turan Mah.,3 + 10,140,1,Yüksek Giriş,16 Yaşında,Kombi,Yok,Yok,Yok,İkinci El,Kiracılı,Kat Mülkiyeti,Doğu,etin,-,...,Hayır,Haritası,Hatırlatmaları,Eşyalı Değil,Satılık,126164-320,18-11-2025,https://www.hepsiemlak.com/manisa-turgutlu-turan-satilik/daire/126164-320,2025-12-03 16:25:18
ESLİFE'DAN ERGENEKON MAH. 3+1 TERAS BALKONLU DAİRE,4.499.000 TL,Manisa,Turgutlu,Ergenekon Mah.,Manisa / Turgutlu / Ergenekon Mah.,3 + 1,145,1,Yüksek Giriş,11 Yaşında,Kombi,Var,Var,Var,-,Boş,Kat Mülkiyeti,"Kuzey, Güney, Doğu",etin,-,...,Evet,Haritası,Hatırlatmaları,Eşyalı Değil,Satılık,136231-51,29-11-2025,https://www.hepsiemlak.com/manisa-turgutlu-ergenekon-satilik/daire/136231-51,2025-12-03 16:25:39
Komple Satılık Bina,9.000.000 TL,Manisa,Akhisar,Seyit Mah.,Manisa / Akhisar / Seyit Mah.,4 + 2,135,1,-,9 Yaşında,Kombi,Yok,Var,Yok,İkinci El,Belirtilmemiş,Kat İrtifakı,"Kuzey, Güney, Doğu, Batı",etin,-,...,Hayır,Haritası,Hatırlatmaları,-,Satılık,163472-20,29-11-2025,https://www.hepsiemlak.com/manisa-akhisar-seyit-ahmet-satilik/bina/163472-20,2025-12-03 16:25:59
Mavi Emlak'tan Horozkoy Mah. Cadde Üzerinde Satılık Daire,4.950.000 TL,Manisa,Yunusemre,Cumhuriyet Mah.,Manisa / Yunusemre / Cumhuriyet Mah.,3 + 1,130,1,3. Kat,5 Yaşında,Kombi,Var,Var,Yok,-,Mülk Sahibi,Kat İrtifakı,-,etin,-,...,Hayır,İçerisinde Satılık Arakat Daire,Hatırlatmaları,Eşyalı Değil,Satılık,102443-821,29-11-2025,https://www.hepsiemlak.com/manisa-yunusemre-cumhuriyet-satilik/daire/102443-821,2025-12-03 16:26:47
Manisa Şehzadeler 2.Anafartalar Mah. Fırsat Asansörlü 3+1 Fatih Patih Parkı Manzaralı,3.750.000 TL,Manisa,Sehzadeler,Sakarya Mah.,Manisa / Sehzadeler / Sakarya Mah.,3 + 1,125,2,En Üst Kat,28 Yaşında,Kombi,Yok,Var,Yok,Sıfır,Mülk Sahibi,Kat Mülkiyeti,"Kuzey, Güney, Doğu, Batı",etin,200 TL,...,Hayır,Haritası,Hatırlatmaları,Eşyalı Değil,Satılık,95753-2056,16-11-2025,https://www.hepsiemlak.com/manisa-sehzadeler-sakarya-satilik/daire/95753-2056,2025-12-03 16:27:08
Selvilitepe’de Atatepe Parkı Yakını 3+1 Bahçeli Zemin Kat Daire – 115 m² Doğalgazlı,2.250.000 TL,Manisa,Turgutlu,Selvilitepe Mah.,Manisa / Turgutlu / Selvilitepe Mah.,3 + 1,160,1,Zemin,6 Yaşında,Kombi,Yok,Var,Var,İkinci El,Kiracılı,Kat Mülkiyeti,"Kuzey, Güney, Doğu, Batı",etin,1 TL,...,Hayır,Haritası,Hatırlatmaları,Eşyalı Değil,Satılık,162001-34,06-11-2025,https://www.hepsiemlak.com/manisa-turgutlu-selvilitepe-satilik/daire/162001-34,2025-12-03 16:27:30
Manisa Mutlu Mah. Satılık 3+1 Dublex 196m²,5.000.000 TL,Manisa,Yunusemre,Mutlu Mah.,Manisa / Yunusemre / Mutlu Mah.,3 + 1,196,1,3. Kat,11 Yaşında,Klima,Yok,Var,Yok,-,Mülk Sahibi,Kat Mülkiyeti,-,etimi-,-,...,Evet,Haritası,Hatırlatmaları,Eşyalı Değil,Satılık,155351-72,26-11-2025,https://www.hepsiemlak.com/manisa-yunusemre-mutlu-satilik/daire/155351-72,2025-12-03 16:27:57
ARA KAT 3+1 DAİRE,2.975.000 TL,Manisa,Soma,Turgutalp Mah.,Manisa / Soma / Turgutalp Mah.,3 + 1,135,2,2. Kat,7 Yaşında,Kombi,Var,Yok,Yok,İkinci El,Boş,Kat Mülkiyeti,-,etin,-,...,Hayır,Haritası,Hatırlatmaları,Eşyalı Değil,Satılık,691819-1117,02-12-2025,https://www.hepsiemlak.com/manisa-soma-turgutalp-satilik/daire/691819-1117,2025-12-03 16:28:19
MURADİYE ÇARŞI MERKEZDE 2+1 AÇIK MUTFAK SIFIR LÜX SATILIK ARAKAT,3.400.000 TL,Manisa,Yunusemre,Muradiye Mah.,Manisa / Yunusemre / Muradiye Mah.,2 + 1,90,2,2. Kat,Sıfır Bina,Yerden Isıtma,Var,Yok,Var,-,Boş,Kat İrtifakı,Batı,etin,-,...,Hayır,Haritası,Hatırlatmaları,Eşyalı Değil,Satılık,113593-296,30-11-2025,https://www.hepsiemlak.com/manisa-yunusemre-muradiye-satilik/daire/113593-296,2025-12-03 16:28:39
MUSTAFA BAŞYİĞİT EMLAK'TAN ATATÜRK'TE 160 M2 3+1 SATILIK DAİRE,5.500.000 TL,Manisa,Akhisar,Ataturk Mah.,Manisa / Akhisar / Ataturk Mah.,3 + 1,160,2,1. Kat,4 Yaşında,Kombi,Yok,Yok,Yok,-,Boş,Kat İrtifakı,"Kuzey, Batı",etin,-,...,Hayır,Haritası,Hatırlatmaları,Eşyalı Değil,Satılık,162406-192,28-11-2025,https://www.hepsiemlak.com/manisa-akhisar-ataturk-satilik/daire/162406-192,2025-12-03 16:29:00
HÜRRİYET MAHALLESİ OLİVA GARDEN'DA 4+1 SATILIK SIFIR DAİRE,4.100.000 TL,Manisa,Akhisar,Hurriyet Mah.,Manisa / Akhisar / Hurriyet Mah.,4 + 1,170,2,3. Kat,3 Yaşında,Kombi,Yok,Var,Var,Sıfır,Boş,Kat İrtifakı,"Güney, Doğu",etin,-,...,-,-,li site içerisinde güvenli yaşam,Eşyalı Değil,Satılık,94123-2745,14-11-2025,https://www.hepsiemlak.com/manisa-akhisar-hurriyet-satilik/daire/94123-2745,2025-12-03 16:29:23
CBÜ'YE YÜRÜME MESAFESİNDE TAŞINMAYA HAZIR FULL EŞYALI 1+1 DAİRE,3.550.000 TL,Manisa,Yunusemre,Uncubozkoy Mah.,Manisa / Yunusemre / Uncubozkoy Mah.,-,-,-,-,-,-,Yok,Yok,Yok,-,-,-,-,etin,-,-,-,Haritası,-,-,-,154167-234,03-11-2025,https://www.hepsiemlak.com/manisa-yunusemre-uncubozkoy-satilik/daire/154167-234,2025-12-03 16:29:43
NOVA'DAN ERGENEKON MAH. SATILIK 3+1 YERDEN ISITMALI LÜKS DAİRE,5.650.000 TL,Manisa,Turgutlu,Ergenekon Mah.,Manisa / Turgutlu / Ergenekon Mah.,3 + 1,135,2,3. Kat,Sıfır Bina,Yerden Isıtma,Var,Var,Var,-,Boş,Kat İrtifakı,-,etin,-,...,Hayır,Haritası,Hatırlatmaları,Eşyalı Değil,Satılık,123058-1771,27-11-2025,https://www.hepsiemlak.com/manisa-turgutlu-ergenekon-satilik/daire/123058-1771,2025-12-03 16:30:06
DIALOG ATA GAYRİMENKUL'DEN ATATÜRK MAHALLESİ'NDE SATILIK DAİRE,2.500.000 TL,Manisa,Turgutlu,Ataturk Mah.,Manisa / Turgutlu / Ataturk Mah.,2 + 1,100,1,2. Kat,31 Yaşında,Kombi,Yok,Yok,Yok,-,Mülk Sahibi,Kat Mülkiyeti,-,etin,-,...,Hayır,Haritası,Hatırlatmaları,Eşyalı Değil,Satılık,164259-21,01-12-2025,https://www.hepsiemlak.com/manisa-turgutlu-ataturk-satilik/daire/164259-21,2025-12-03 16:31:02
SALİHLİ ERDEM EMLAKTAN SATILIK KELİ MAHALLESİNDE KAÇIRILMAYACAK DAİRE FIRSATI,2.850.000 TL,Manisa,Salihli,Keli Mah.,Manisa / Salihli / Keli Mah.,2 + 1,95,1,3. Kat,Sıfır Bina,Kombi,Var,Var,Var,Sıfır,-,Kat Mülkiyeti,-,etin,-,...,Hayır,Haritası,Hatırlatmaları,-,Satılık,158161-145,03-12-2025,https://www.hepsiemlak.com/manisa-salihli-keli-satilik/daire/158161-145,2025-12-03 16:31:23
MANİSA DİLŞİKAR MAH. FULL LÜKS 3+1 SATILIK DAİRE,4.500.000 TL,Manisa,Sehzadeler,Dilsikar Mah.,Manisa / Sehzadeler / Dilsikar Mah.,3 + 1,130,1,Ara Kat,25 Yaşında,Kombi,Var,Var,Yok,İkinci El,Boş,Kat İrtifakı,-,etin,-,...,Evet,Haritası,Hatırlatmaları,Eşyalı Değil,Satılık,162376-57,24-11-2025,https://www.hepsiemlak.com/manisa-sehzadeler-dilsikar-satilik/daire/162376-57,2025-12-03 16:31:44
MANİSA TURGUTLU ŞEHİTLER M 3+1 SATILIK DAİRE,3.650.000 TL,Manisa,Turgutlu,Kurtulus Mah.,Manisa / Turgutlu / Kurtulus Mah.,2 + 1,130,1,4. Kat,11 Yaşında,Kombi,Var,Var,Var,-,Mülk Sahibi,Kat İrtifakı,-,etin,-,...,Hayır,Haritası,Hatırlatmaları,Eşyalı Değil,Satılık,164007-24,30-11-2025,https://www.hepsiemlak.com/manisa-turgutlu-kurtulus-satilik/daire/164007-24,2025-12-03 16:32:11
Manisa Y. Çobanisa Örnekköy'de Satılık Dubleks Daire,7.650.000 TL,Manisa,Sehzadeler,Yukaricobanisa Mah.,Manisa / Sehzadeler / Yukaricobanisa Mah.,5 + 2,195,3,Villa Katı,6 Yaşında,Kat Kaloriferi,Var,Yok,Var,-,Boş,Müstakil Tapulu,"Kuzey, Güney, Doğu, Batı",etin,10 TL,...,Evet,Haritası,Hatırlatmaları,Eşyalı Değil,Satılık,162776-49,30-11-2025,https://www.hepsiemlak.com/manisa-sehzadeler-yukaricobanisa-satilik/daire/162776-49,2025-12-03 16:32:30
FİT GAYRİMENKUL'DEN 1+1 BAHÇELİ SATILIK DAİRE,1.995.000 TL,Manisa,Saruhanli,Cengiz Mah.,Manisa / Saruhanli / Cengiz Mah.,1 + 1,55,1,Yüksek Giriş,Sıfır Bina,Kombi,Yok,Yok,Yok,-,Boş,Kat İrtifakı,-,etin,-,...,Evet,Haritası,Hatırlatmaları,Eşyalı Değil,Satılık,163843-19,13-11-2025,https://www.hepsiemlak.com/manisa-saruhanli-cengiz-topel-satilik/daire/163843-19,2025-12-03 16:32:52
Acarlar Mahallesi Satılık Lüks Daireler,3.750.000 TL,Manisa,Turgutlu,Acarlar Mah.,Manisa / Turgutlu / Acarlar Mah.,2 + 1,100,1,1. Kat,Sıfır Bina,Yerden Isıtma,Var,Var,Var,-,Boş,Kat Mülkiyeti,-,etin,-,...,Hayır,Haritası,Hatırlatmaları,Eşyalı Değil,Satılık,160048-90,03-12-2025,https://www.hepsiemlak.com/manisa-turgutlu-acarlar-satilik/daire/160048-90,2025-12-03 16:33:10
Yarhasanlar da ara kat 1.balkon teraslı 3+1 170 m2,4.990.000 TL,Manisa,Sehzadeler,Yarhasanlar Mah.,Manisa / Sehzadeler / Yarhasanlar Mah.,3 + 1,180,1,Ara Kat,25 Yaşında,Kombi,Var,Var,Yok,İkinci El,Mülk Sahibi,Kat İrtifakı,-,etin,-,...,Evet,Haritası,Hatırlatmaları,Eşyalı Değil,Satılık,86276-1254,26-11-2025,https://www.hepsiemlak.com/manisa-sehzadeler-yarhasanlar-satilik/daire/86276-1254,2025-12-03 16:33:31
ŞEHİTLER MAHALLESİNDE FULL LÜKS ARA KAT SATILIK 2+1 KAPALI MUTFAK,3.975.000 TL,Manisa,Sehzadeler,Sehitler Mah.,Manisa / Sehzadeler / Sehitler Mah.,2 + 1,115,1,Ara Kat,25 Yaşında,Kombi,Yok,Var,Yok,İkinci El,Boş,Kat İrtifakı,-,etin,-,...,Evet,Haritası,Hatırlatmaları,Eşyalı Değil,Satılık,163278-39,30-11-2025,https://www.hepsiemlak.com/manisa-sehzadeler-sehitler-satilik/daire/163278-39,2025-12-03 16:33:50
8 Havuzda Mükemmel Konumda Satılık 2+1 Fırsat Daire,5.300.000 TL,Manisa,Sehzadeler,Utku Mah.,Manisa / Sehzadeler / Utku Mah.,2 + 1,100,1,2. Kat,31 Yaşında,Kombi,Yok,Var,Var,-,Mülk Sahibi,Kat Mülkiyeti,Batı,etin,-,...,Hayır,Haritası,Hatırlatmaları,Eşyalı Değil,Satılık,158110-254,27-11-2025,https://www.hepsiemlak.com/manisa-sehzadeler-utku-satilik/daire/158110-254,2025-12-03 16:34:13
SERKAN YILMAZ’DAN ÇARŞININ GÖBEĞİNDE 3+1 ASANSÖRLÜ,5.650.000 TL,Manisa,Sehzadeler,1 Mah.,Manisa / Sehzadeler / 1 Mah.,3 + 1,155,2,Ara Kat,28 Yaşında,Kombi,Var,Var,Yok,-,-,Kat Mülkiyeti,-,etin,-,...,-,Haritası,Hatırlatmaları,-,Satılık,161259-2,28-11-2025,https://www.hepsiemlak.com/manisa-sehzadeler-1-anafartalar-satilik/daire/161259-2,2025-12-03 16:34:48
AKHİSAR REŞATBEY FAHRİ SERTEL EMLAKTAN SATILIK 3+1 SIFIR DAİRE,4.425.000 TL,Manisa,Akhisar,Resat Mah.,Manisa / Akhisar / Resat Mah.,3 + 1,132,2,3. Kat,1 Yaşında,Kombi,Yok,Var,Var,-,Boş,Müstakil Tapulu,-,etin,-,...,Evet,Haritası,Hatırlatmaları,Eşyalı Değil,Satılık,144740-242,29-11-2025,https://www.hepsiemlak.com/manisa-akhisar-resat-bey-satilik/daire/144740-242,2025-12-03 16:35:08
PİYALEOĞLU CADDE ÜZERİ SATILIK ARAKAT DAİRE,2.900.000 TL,Manisa,Turgutlu,Albayrak Mah.,Manisa / Turgutlu / Albayrak Mah.,3 + 1,120,1,2. Kat,7 Yaşında,Kombi,Yok,Var,Yok,-,-,Kat Mülkiyeti,-,etin,-,...,Hayır,Haritası,Hatırlatmaları,Eşyalı Değil,Satılık,154871-34,27-11-2025,https://www.hepsiemlak.com/manisa-turgutlu-albayrak-satilik/daire/154871-34,2025-12-03 16:35:30
ALAŞEHİR kurtuluş mh de SATILIK DAİRE,4.500.000 TL,Manisa,Alasehir,Kurtulus Mah.,Manisa / Alasehir / Kurtulus Mah.,3 + 1,190,2,4. Kat,5 Yaşında,Kombi,Var,Var,Yok,-,Mülk Sahibi,Kat İrtifakı,-,etin,-,...,Hayır,Haritası,Hatırlatmaları,Eşyalı Değil,Satılık,160695-8,27-11-2025,https://www.hepsiemlak.com/manisa-alasehir-kurtulus-satilik/daire/160695-8,2025-12-03 16:35:52
EROĞLU TAŞKIN EMLAK OFİSİ'NDEN SATILIK BAHÇELİ MÜSTAKİL EV,1.150.000 TL,Manisa,Akhisar,Seyhisa Mah.,Manisa / Akhisar / Seyhisa Mah.,3 + 1,109,1,-,40 Yaşında,Soba,Yok,Yok,Yok,İkinci El,Boş,Kat Mülkiyeti,"Kuzey, Güney",etin,-,...,Hayır,Haritası,Hatırlatmaları,Eşyalı Değil,Satılık,160552-3,01-12-2025,https://www.hepsiemlak.com/manisa-akhisar-seyhisa-satilik/mustakil-ev/160552-3,2025-12-03 16:36:11
MERKEZEFENDİ MAH SATILIK 3+1 ASANSÖRLÜ A.MUTFAKLI FULL ÖZELLİKLİ ARAKAT,4.450.000 TL,Manisa,Yunusemre,Merkez Mah.,Manisa / Yunusemre / Merkez Mah.,3 + 1,115,1,2. Kat,25 Yaşında,Kombi,Yok,Var,Var,İkinci El,Boş,Kat İrtifakı,Batı,etin,-,...,Evet,Haritası,Hatırlatmaları,Eşyalı Değil,Satılık,70124-4063,13-11-2025,https://www.hepsiemlak.com/manisa-yunusemre-merkez-efendi-satilik/daire/70124-4063,2025-12-03 16:36:35
Nida Cadde Evleri | 128 m² Yerden Isıtmalı 3+1 Lüks Daire,6.750.000 TL,Manisa,Akhisar,Ataturk Mah.,Manisa / Akhisar / Ataturk Mah.,3 + 1,128,2,1. Kat,Sıfır Bina,Kombi,Yok,Var,Var,-,Boş,Kat İrtifakı,"Kuzey, Batı",etin,-,...,Hayır,Haritası,Hatırlatmaları,Eşyalı Değil,Satılık,86919-639,20-11-2025,https://www.hepsiemlak.com/manisa-akhisar-ataturk-satilik/daire/86919-639,2025-12-03 16:36:55
MURADİYE DE SATILIK 2+1 2.KAT 85 M2 FULLÜKS DAİRE 3.600.000 TL,3.600.000 TL,Manisa,Yunusemre,Muradiye Mah.,Manisa / Yunusemre / Muradiye Mah.,2 + 1,95,1,2. Kat,5 Yaşında,Kombi,Var,Yok,Var,İkinci El,Mülk Sahibi,Kat Mülkiyeti,"Güney, Doğu",etin,-,...,Hayır,Haritası,Hatırlatmaları,Eşyalı Değil,Satılık,119726-1422,08-11-2025,https://www.hepsiemlak.com/manisa-yunusemre-muradiye-satilik/daire/119726-1422,2025-12-03 16:37:14
ESLİFE'DAN YEDİEYLÜL MAH. ESKİ MANİSA YOLU CEPHELİ GENİŞ DAİRE,4.300.000 TL,Manisa,Turgutlu,Yedi Mah.,Manisa / Turgutlu / Yedi Mah.,3 + 1,129,1,4. Kat,11 Yaşında,Kombi,Yok,Var,Yok,-,Boş,Kat Mülkiyeti,"Doğu, Batı",etin,-,...,Evet,Haritası,Hatırlatmaları,Eşyalı Değil,Satılık,136231-50,29-11-2025,https://www.hepsiemlak.com/manisa-turgutlu-yedi-eylul-satilik/daire/136231-50,2025-12-03 16:37:37
Uzun Emlak'tan Güzelyurt Mahallesinde 3+1 170 m2 Arakat Daire,8.200.000 TL,Manisa,Yunusemre,Guzelyurt Mah.,Manisa / Yunusemre / Guzelyurt Mah.,3 + 1,170,1,1. Kat,15 Yaşında,Kombi,Yok,Yok,Var,İkinci El,Mülk Sahibi,Kat Mülkiyeti,"Kuzey, Güney, Batı",etin,500 TL,...,Hayır,Haritası,Hatırlatmaları,-,Satılık,129877-315,18-11-2025,https://www.hepsiemlak.com/manisa-yunusemre-guzelyurt-satilik/daire/129877-315,2025-12-03 16:37:57
DE&MA EMLAK’TAN BELEDİYE CADDESİ ÜZERİ 3+1 FIRSAT DAİRE,3.000.000 TL,Manisa,Salihli,Zafer Mah.,Manisa / Salihli / Zafer Mah.,3 + 1,130,1,Zemin,30 Yaşında,Doğalgaz Sobası,Yok,Yok,Var,İkinci El,Kiracılı,Kat Mülkiyeti,"Kuzey, Güney",etin,1 TL,...,Hayır,Haritası,Hatırlatmaları,Eşyalı Değil,Satılık,152193-93,29-11-2025,https://www.hepsiemlak.com/manisa-salihli-zafer-satilik/daire/152193-93,2025-12-03 16:38:44
Altay Mahallesi satılık doğalgazlı daire 110 m2 üstü çatılı,3.500.000 TL,Manisa,Turgutlu,Altay Mah.,Manisa / Turgutlu / Altay Mah.,3 + 1,110,1,4. Kat,11 Yaşında,Kombi,Yok,Var,Yok,-,Kiracılı,Kat İrtifakı,-,etin,-,...,Hayır,Haritası,Hatırlatmaları,Eşyalı Değil,Satılık,154992-58,29-11-2025,https://www.hepsiemlak.com/manisa-turgutlu-altay-satilik/daire/154992-58,2025-12-03 16:39:03
SATILIK 2750 M2 İÇERİSİNE YAPILMIŞ DUBLEKS EV VE MÜŞTEMİLATI ACİL SATILIKTIR,9.500.000 TL,Manisa,Turgutlu,Dalbahce Mah.,Manisa / Turgutlu / Dalbahce Mah.,5 + 1,2,1,-,3 Yaşında,Kat Kaloriferi,Yok,Yok,Yok,-,-,-,-,etin,-,...,-,Haritası,Hatırlatmaları,Eşyalı Değil,Satılık,48336-199,03-12-2025,https://www.hepsiemlak.com/manisa-turgutlu-dalbahce-satilik/villa/48336-199,2025-12-03 16:39:22
MUSTAFA BAŞYİĞİT EMLAK'TAN REŞATBEY'DE 300 M2 6+1 DUBLEKS,4.850.000 TL,Manisa,Akhisar,Resat Mah.,Manisa / Akhisar / Resat Mah.,6 + 1,300,2,3. Kat,3 Yaşında,Kombi,Yok,Var,Var,-,Kiracılı,Kat İrtifakı,Güney,etin,-,...,Evet,Haritası,Hatırlatmaları,Eşyalı Değil,Satılık,162406-137,26-11-2025,https://www.hepsiemlak.com/manisa-akhisar-resat-bey-satilik/daire/162406-137,2025-12-03 16:39:45
SEYİTAHMET MAHALLESİ RİNG YOLU ÜZERİ 5+1 SATILIK SIFIR DUBLEKS,4.800.000 TL,Manisa,Akhisar,Seyit Mah.,Manisa / Akhisar / Seyit Mah.,5 + 1,270,3,3. Kat,1 Yaşında,Kombi,Yok,Yok,Var,Sıfır,Boş,Kat İrtifakı,"Güney, Doğu",etin,-,...,-,Haritası,Hatırlatmaları,Eşyalı Değil,Satılık,94123-2742,11-11-2025,https://www.hepsiemlak.com/manisa-akhisar-seyit-ahmet-satilik/daire/94123-2742,2025-12-03 16:40:06
MANİSA SALİHLİ CUMHURİYET MAHALLESİNDE SATILIK 2.KAT 3+1 DAİRE,3.850.000 TL,Manisa,Salihli,Cumhuriyet Mah.,Manisa / Salihli / Cumhuriyet Mah.,3 + 1,125,1,2. Kat,26 Yaşında,Soba,Yok,Var,Var,İkinci El,Boş,Kat İrtifakı,"Kuzey, Güney",etin,-,...,-,Haritası,Hatırlatmaları,Eşyalı Değil,Satılık,138755-154,02-12-2025,https://www.hepsiemlak.com/manisa-salihli-cumhuriyet-satilik/daire/138755-154,2025-12-03 16:40:26
Manisa Şehzadeler Akıncılar Mahallesi 3+1 Yüksek Zemin Ful Özellikli Satılık Daire,3.450.000 TL,Manisa,Sehzadeler,Akincilar Mah.,Manisa / Sehzadeler / Akincilar Mah.,3 + 1,125,1,Yüksek Giriş,30 Yaşında,Kombi,Var,Var,Yok,İkinci El,Boş,Kat Mülkiyeti,"Kuzey, Güney, Doğu, Batı",etin,-,...,Hayır,Haritası,Hatırlatmaları,Eşyalı Değil,Satılık,95753-1851,16-11-2025,https://www.hepsiemlak.com/manisa-sehzadeler-akincilar-satilik/daire/95753-1851,2025-12-03 16:40:44
KERVAN YOLU DİBİNDE FULL TADİLATLI 2 KATLI SATILIK MÜSTAKİL,2.990.000 TL,Manisa,Turgutlu,Yedi Mah.,Manisa / Turgutlu / Yedi Mah.,5 + 1,190,2,Bahçe Katı,26 Yaşında,Doğalgaz Sobası,Yok,Yok,Yok,-,Kiracılı,Müstakil Tapulu,-,etin,-,...,Evet,Haritası,Hatırlatmaları,Eşyalı Değil,Satılık,164247-102,01-12-2025,https://www.hepsiemlak.com/manisa-turgutlu-yedi-eylul-satilik/mustakil-ev/164247-102,2025-12-03 16:41:06
BEFT GAYRİMENKUL DEN ÜÇPINAR MH KÖY İÇİNDE SATILIK 435 M2 ARSA İÇİNDE BAHÇELİ EV,3.400.000 TL,Manisa,Yunusemre,Ucpinar Mah.,Manisa / Yunusemre / Ucpinar Mah.,3 + 1,435,1,Bahçe Katı,34 Yaşında,Soba,Yok,Var,Yok,İkinci El,Boş,Müstakil Tapulu,-,etin,-,...,Hayır,Haritası,Hatırlatmaları,Eşyalı Değil,Satılık,162044-152,03-12-2025,https://www.hepsiemlak.com/manisa-yunusemre-ucpinar-satilik/daire/162044-152,2025-12-03 16:41:26
Konforlu Yaşam İçin Eşsiz Dubleks,9.500.000 TL,Manisa,Turgutlu,Acarlar Mah.,Manisa / Turgutlu / Acarlar Mah.,5 + 1,300,3,4. Kat,5 Yaşında,Kombi,Var,Var,Var,-,Mülk Sahibi,Kat Mülkiyeti,-,etin,-,...,Evet,Haritası,Hatırlatmaları,Eşyalı Değil,Satılık,164259-14,01-12-2025,https://www.hepsiemlak.com/manisa-turgutlu-acarlar-satilik/daire/164259-14,2025-12-03 16:41:47
"ZEKİ EMLAK'TAN MURADİYE'DE GENİŞ, FERAH SATILIK 2+1 DAİRE",3.350.000 TL,Manisa,Yunusemre,Muradiye Mah.,Manisa / Yunusemre / Muradiye Mah.,2 + 1,80,1,Yüksek Giriş,4 Yaşında,Kombi,Var,Var,Yok,İkinci El,Boş,Kat İrtifakı,-,etin,-,...,-,Haritası,Hatırlatmaları,Eşyalı Değil,Satılık,156185-470,27-11-2025,https://www.hepsiemlak.com/manisa-yunusemre-muradiye-satilik/daire/156185-470,2025-12-03 16:44:25
SALİHLİ ERDEM EMLAKTAN AKSOY MAHALLESİNDE SATILIK FERAH 3+1 DAİRE,3.550.000 TL,Manisa,Salihli,Aksoy Mah.,Manisa / Salihli / Aksoy Mah.,3 + 1,145,1,1. Kat,30 Yaşında,Kombi,Yok,Yok,Yok,-,Mülk Sahibi,Kat Mülkiyeti,-,etin,-,...,Hayır,içerisinde 5 nci kat Satılık Daire,Hatırlatmaları,-,Satılık,158161-140,03-12-2025,https://www.hepsiemlak.com/manisa-salihli-aksoy-satilik/daire/158161-140,2025-12-03 16:44:46
İbrahim çelebi mah full Tadilatlı,4.800.000 TL,Manisa,Sehzadeler,Ibrahimcelebi Mah.,Manisa / Sehzadeler / Ibrahimcelebi Mah.,3 + 1,120,1,2. Kat,30 Yaşında,Kombi,Yok,Yok,Yok,İkinci El,Boş,Kat İrtifakı,-,etin,-,...,Evet,Haritası,Hatırlatmaları,Eşyalı Değil,Satılık,133144-221,24-11-2025,https://www.hepsiemlak.com/manisa-sehzadeler-ibrahimcelebi-satilik/daire/133144-221,2025-12-03 16:45:07
MANİSA KARAKÖY CADDE ÜZERİ SATILIK 3+1 FULL TADİLATLI ARAKAT DAİRE,4.800.000 TL,Manisa,Yunusemre,Topcuasim Mah.,Manisa / Yunusemre / Topcuasim Mah.,3 + 1,130,1,3. Kat,25 Yaşında,Kombi,Var,Var,Var,İkinci El,Boş,Kat İrtifakı,-,etin,-,...,Evet,Haritası,Hatırlatmaları,Eşyalı Değil,Satılık,162376-56,01-12-2025,https://www.hepsiemlak.com/manisa-yunusemre-topcuasim-satilik/daire/162376-56,2025-12-03 16:45:29
Manisa 75. Yıl Mahallesi'nde Satılık Lüks Dubleks Daire,15.000.000 TL,Manisa,Yunusemre,75 Mah.,Manisa / Yunusemre / 75 Mah.,5 + 1,380,2,3. Kat,11 Yaşında,Kombi,Yok,Yok,Yok,-,Mülk Sahibi,Kat Mülkiyeti,"Doğu, Batı",etin,100 TL,...,Evet,Haritası,Hatırlatmaları,Eşyalı Değil,Satılık,162776-44,25-11-2025,https://www.hepsiemlak.com/manisa-yunusemre-75-yil-satilik/daire/162776-44,2025-12-03 16:45:50
FİT GAYRİMENKUL'DEN 5+1 SATILIK DUBLEKS DAİRE,5.549.000 TL,Manisa,Saruhanli,Cengiz Mah.,Manisa / Saruhanli / Cengiz Mah.,5 + 1,185,1,5. Kat,Sıfır Bina,Kombi,Var,Var,Yok,-,Boş,Kat İrtifakı,Batı,etin,-,...,Evet,Haritası,Hatırlatmaları,Eşyalı Değil,Satılık,163843-16,14-11-2025,https://www.hepsiemlak.com/manisa-saruhanli-cengiz-topel-satilik/daire/163843-16,2025-12-03 16:46:10
GARANTİ EMLAK ERGENEKON MAHALLESİ SATILIK DAİRE,3.950.000 TL,Manisa,Turgutlu,Ergenekon Mah.,Manisa / Turgutlu / Ergenekon Mah.,3 + 1,125,2,Yüksek Giriş,5 Yaşında,Kombi,Yok,Var,Var,İkinci El,Boş,Kat İrtifakı,"Kuzey, Güney",etin,-,...,Hayır,Haritası,Hatırlatmaları,-,Satılık,137655-317,17-11-2025,https://www.hepsiemlak.com/manisa-turgutlu-ergenekon-satilik/daire/137655-317,2025-12-03 16:46:29
TAM NOKTA TURGUTLU'DAN CUMHURİYET CAD. SATILIK DAİRE,5.500.000 TL,Manisa,Turgutlu,Cumhuriyet Mah.,Manisa / Turgutlu / Cumhuriyet Mah.,3 + 1,135,2,Teras Katı,Sıfır Bina,Kombi,Var,Yok,Yok,Sıfır,Boş,Kat Mülkiyeti,-,etin,-,...,-,Haritası,Hatırlatmaları,Eşyalı Değil,Satılık,156788-43,02-12-2025,https://www.hepsiemlak.com/manisa-turgutlu-cumhuriyet-satilik/daire/156788-43,2025-12-03 16:46:52
Akhisar Kethüda Mh.Doğalgazlı Satılık 3+1 Bakımlı Daire,1.950.000 TL,Manisa,Akhisar,Kethuda Mah.,Manisa / Akhisar / Kethuda Mah.,3 + 1,120,-,4. Kat,35 Yaşında,Kombi,Yok,Yok,Yok,İkinci El,Boş,Kat İrtifakı,"Kuzey, Güney",etin,-,...,Evet,Haritası,Hatırlatmaları,Eşyalı Değil,Satılık,72047-1554,16-11-2025,https://www.hepsiemlak.com/manisa-akhisar-kethuda-satilik/daire/72047-1554,2025-12-03 16:47:15
Reşatbey Yeni Yürüyüş Yoluna Komşu Tripleks Asansörlü Lüks Villa,16.250.000 TL,Manisa,Akhisar,Resat Mah.,Manisa / Akhisar / Resat Mah.,6 + 1,282,3,Bahçe Katı,Sıfır Bina,Kombi,Yok,Var,Var,-,Boş,Kat İrtifakı,"Kuzey, Güney, Doğu, Batı",etin,-,...,Evet,Haritası,Hatırlatmaları,Eşyalı Değil,Satılık,86919-630,12-11-2025,https://www.hepsiemlak.com/manisa-akhisar-resat-bey-satilik/villa/86919-630,2025-12-03 16:47:38
SATILIK YATIRIMLIK D.GAZLI DAİRE,1.900.000 TL,Manisa,Turgutlu,Ataturk Mah.,Manisa / Turgutlu / Ataturk Mah.,1 + 1,100,1,4. Kat,16 Yaşında,Kombi,Yok,Yok,Yok,-,Kiracılı,Kat Mülkiyeti,-,etin,-,...,Evet,Haritası,Hatırlatmaları,-,Satılık,154871-39,27-11-2025,https://www.hepsiemlak.com/manisa-turgutlu-ataturk-satilik/daire/154871-39,2025-12-03 16:48:29
Manisa Hürriyet mahallesinde 3+1 Satılık Daire,3.300.000 TL,Manisa,Akhisar,Hurriyet Mah.,Manisa / Akhisar / Hurriyet Mah.,3 + 1,135,1,4. Kat,15 Yaşında,Kombi,Yok,Var,Var,-,Kiracılı,Kat İrtifakı,-,etin,350 TL,...,Hayır,İçerisinde,Hatırlatmaları,Eşyalı Değil,Satılık,162834-22,04-11-2025,https://www.hepsiemlak.com/manisa-akhisar-hurriyet-satilik/daire/162834-22,2025-12-03 16:48:49
3404 m² Arsa İçinde Müstakil Köy Evi + Verimli Zeytinlik + Traktör Dahil!,6.500.000 TL,Manisa,Saruhanli,Alibeyli Mah.,Manisa / Saruhanli / Alibeyli Mah.,4 + 1,140,1,-,15 Yaşında,Soba,Yok,Yok,Yok,İkinci El,Boş,Müstakil Tapulu,"Kuzey, Güney, Doğu, Batı",etin,-,...,Hayır,Haritası,Hatırlatmaları,Eşyalı,Satılık,129073-449,26-11-2025,https://www.hepsiemlak.com/manisa-saruhanli-alibeyli-satilik/mustakil-ev/129073-449,2025-12-03 16:49:12
TORBALI EMLAK'TAN AKHİSAR DOĞANKAYA'DA DOĞA HARİKASI 3200m2 BAHÇEDE 110m2 MÜSTAKİL BAĞ EVİ SATILIK,3.250.000 TL,Manisa,Akhisar,Dogankaya Mah.,Manisa / Akhisar / Dogankaya Mah.,2 + 1,3,1,-,10 Yaşında,Soba,Var,Yok,Yok,İkinci El,Boş,Arsa,"Kuzey, Güney, Doğu, Batı",etin,-,...,Evet,Haritası,Hatırlatmaları,Eşyalı Değil,Satılık,144499-114,03-12-2025,https://www.hepsiemlak.com/manisa-akhisar-dogankaya-satilik/mustakil-ev/144499-114,2025-12-03 16:49:33
ATATÜRKTE 3+1 135 METREKARE SATILIKDAİRE,3.000.000 TL,Manisa,Akhisar,Ataturk Mah.,Manisa / Akhisar / Ataturk Mah.,3 + 0,145,1,Yüksek Giriş,30 Yaşında,Klima,Yok,Yok,Yok,İkinci El,Kiracılı,Kat Mülkiyeti,"Kuzey, Güney, Doğu",etin,50 TL,...,Hayır,İçerisinde,Hatırlatmaları,Eşyalı Değil,Satılık,143983-109,17-10-2025,https://www.hepsiemlak.com/manisa-akhisar-ataturk-satilik/daire/143983-109,2025-12-03 16:49:55
GÖKÇEPINAR CADDESİ CİVARI SATILIK 3+1 DAİRE !!,3.150.000 TL,Manisa,Salihli,Saglik Mah.,Manisa / Salihli / Saglik Mah.,3 + 1,150,1,Bodrum,25 Yaşında,Kombi,Var,Var,Yok,İkinci El,Mülk Sahibi,Kat Mülkiyeti,"Doğu, Batı",etin,-,...,Evet,Haritası,Hatırlatmaları,-,Satılık,155227-41,06-10-2025,https://www.hepsiemlak.com/manisa-salihli-saglik-satilik/daire/155227-41,2025-12-03 16:50:21
"MANİSA KULA BEBEKLİDE 11,5 DÖNÜM EV BADEMLİK ÇİFTLİK SU ELEKTRİK ÇİFTLİK",4.000.000 TL,Manisa,Kula,Bebekli Mah.,Manisa / Kula / Bebekli Mah.,2 + 1,11,1,-,9 Yaşında,Klima,Yok,Yok,Yok,İkinci El,Boş,Müstakil Tapulu,"Kuzey, Güney, Doğu, Batı",etin,-,...,Evet,Haritası,Hatırlatmaları,Eşyalı Değil,Satılık,95739-2519,12-10-2025,https://www.hepsiemlak.com/manisa-kula-bebekli-satilik/ciftlik-evi/95739-2519,2025-12-03 16:50:41
ATATÜRK MAHALLESİ GENİŞ YENİ BİNA ARAKAT 2+1 DAİRE,3.850.000 TL,Manisa,Yunusemre,Ataturk Mah.,Manisa / Yunusemre / Ataturk Mah.,2 + 1,99,1,3. Kat,2 Yaşında,Kombi,Yok,Var,Var,-,Boş,Kat Mülkiyeti,Doğu,etin,-,...,Hayır,İçi Satılık 1+1 Daire ⭕️,Hatırlatmaları,Eşyalı Değil,Satılık,153592-30,03-11-2025,https://www.hepsiemlak.com/manisa-yunusemre-ataturk-satilik/daire/153592-30,2025-12-03 16:51:04
Manisa Yunusemre Muradiyede Satılık Eşyalı 1+1 Arakat,2.600.000 TL,Manisa,Yunusemre,Muradiye Mah.,Manisa / Yunusemre / Muradiye Mah.,1 + 1,55,1,2. Kat,5 Yaşında,Kombi,Yok,Var,Yok,İkinci El,Boş,Müstakil Tapulu,-,etin,-,...,-,Haritası,Hatırlatmaları,Eşyalı,Satılık,164260-8,23-11-2025,https://www.hepsiemlak.com/manisa-yunusemre-muradiye-satilik/daire/164260-8,2025-12-03 16:51:26
Satılık müstakil arsa,40.000 TL,Manisa,Salihli,Mithatpasa Mah.,Manisa / Salihli / Mithatpasa Mah.,3 + 1,285,1,-,40 Yaşında,Klima,Yok,Yok,Yok,-,-,Müstakil Tapulu,-,etin,-,...,-,Haritası,Hatırlatmaları,-,Satılık,57265-30,30-11-2025,https://www.hepsiemlak.com/manisa-salihli-mithatpasa-satilik/mustakil-ev/57265-30,2025-12-03 16:51:49
pazaryerine yakın arakat kiracısı hazır 2+1,2.600.000 TL,Manisa,Saruhanli,Cengiz Mah.,Manisa / Saruhanli / Cengiz Mah.,2 + 1,90,1,3. Kat,6 Yaşında,Kombi,Yok,Var,Yok,İkinci El,Kiracılı,Kat İrtifakı,Kuzey,etin,200 TL,...,Hayır,Haritası,Hatırlatmaları,Eşyalı Değil,Satılık,9333-1825,26-11-2025,https://www.hepsiemlak.com/manisa-saruhanli-cengiz-topel-satilik/daire/9333-1825,2025-12-03 16:52:28
Akhisar Hürriyet Mahallesi'nde Satılık 2+1 Daire,3.200.000 TL,Manisa,Akhisar,Hurriyet Mah.,Manisa / Akhisar / Hurriyet Mah.,2 + 1,110,1,2. Kat,15 Yaşında,Kombi,Yok,Yok,Var,İkinci El,Boş,Kat İrtifakı,"Kuzey, Güney, Batı",etin,-,...,Hayır,de Satılık 3+1 Daire,Hatırlatmaları,Eşyalı,Satılık,94137-1356,05-11-2025,https://www.hepsiemlak.com/manisa-akhisar-hurriyet-satilik/daire/94137-1356,2025-12-03 16:52:49
Cumhuriyet Mh. Sahibinden Satılık 3+1,2.350.000 TL,Manisa,Akhisar,Cumhuriyet Mah.,Manisa / Akhisar / Cumhuriyet Mah.,-,-,-,-,-,-,Yok,Yok,Yok,-,-,-,-,etin,-,-,-,Haritası,-,-,-,-,03-12-2025,https://www.hepsiemlak.com/manisa-akhisar-cumhuriyet-satilik/daire/0-45562311,2025-12-03 16:53:11
Dombaylı mahallesinde havuzlu bahçeli satılık müstakil ev,3.200.000 TL,Manisa,Salihli,Dombayli Mah.,Manisa / Salihli / Dombayli Mah.,2 + 1,940,1,-,5 Yaşında,Kat Kaloriferi,Yok,Yok,Yok,-,Mülk Sahibi,Müstakil Tapulu,"Kuzey, Güney, Doğu, Batı",etin,-,...,Hayır,Haritası,Hatırlatmaları,Eşyalı Değil,Satılık,114169-3,12-11-2025,https://www.hepsiemlak.com/manisa-salihli-dombayli-satilik/mustakil-ev/114169-3,2025-12-03 16:53:32
Akdeniz Emlak'tan Satılık Şehzadeler İlç Ahmet Bedevi Mah 9900 m2 Ev ve Çiftlik Bahçesi,18.000.000 TL,Manisa,Sehzadeler,Ahmet Mah.,Manisa / Sehzadeler / Ahmet Mah.,3 + 1,9,1,-,4 Yaşında,Güneş Enerjisi,Yok,Yok,Yok,İkinci El,Mülk Sahibi,Kat Mülkiyeti,Güney,etin,-,...,Hayır,Haritası,Hatırlatmaları,-,Satılık,22228-10954,22-11-2025,https://www.hepsiemlak.com/manisa-sehzadeler-ahmet-bedevi-satilik/mustakil-ev/22228-10954,2025-12-03 16:53:53
MUSTAFA BAŞYİĞİT EMLAK'TAN NOVADA YOLU ÜZERİ 4+1 DUBLEKS,4.000.000 TL,Manisa,Akhisar,Pasa Mah.,Manisa / Akhisar / Pasa Mah.,4 + 1,275,2,3. Kat,1 Yaşında,Kombi,Yok,Var,Var,-,Boş,Kat İrtifakı,"Güney, Batı",etin,-,...,Evet,Haritası,Hatırlatmaları,Eşyalı Değil,Satılık,162406-123,26-11-2025,https://www.hepsiemlak.com/manisa-akhisar-pasa-satilik/daire/162406-123,2025-12-03 16:54:15
2 KAT İMARLI ÖN VE ARKA BAHÇELİ TERASLI CADDE ÜZERİ,3.050.000 TL,Manisa,Sehzadeler,Yukaricobanisa Mah.,Manisa / Sehzadeler / Yukaricobanisa Mah.,2 + 1,300,1,-,15 Yaşında,Klima,Yok,Yok,Yok,İkinci El,Boş,Arsa,-,etin,-,...,Hayır,Haritası,Hatırlatmaları,Eşyalı Değil,Satılık,86276-1234,26-11-2025,https://www.hepsiemlak.com/manisa-sehzadeler-yukaricobanisa-satilik/koy-evi/86276-1234,2025-12-03 16:54:35
AYNI ALİ MAH SATILIK 3+1 ASANSÖRLÜ FULL LÜX ARAKAT,4.750.000 TL,Manisa,Yunusemre,Ayni Mah.,Manisa / Yunusemre / Ayni Mah.,3 + 1,125,1,3. Kat,22 Yaşında,Kombi,Var,Var,Var,İkinci El,Boş,Kat İrtifakı,Batı,etin,-,...,Evet,Haritası,Hatırlatmaları,Eşyalı Değil,Satılık,70124-4062,13-11-2025,https://www.hepsiemlak.com/manisa-yunusemre-ayni-ali-satilik/daire/70124-4062,2025-12-03 16:54:57
SEHER EMLAKTA DAİRE FİYATINA BİNA,6.300.000 TL,Manisa,Turgutlu,Yigitler Mah.,Manisa / Turgutlu / Yigitler Mah.,3 + 1,155,1,-,30 Yaşında,Soba,Yok,Yok,Yok,İkinci El,Kiracılı,Kat İrtifakı,Güney,etin,-,...,Hayır,Haritası,Hatırlatmaları,Eşyalı Değil,Satılık,131579-3,25-11-2025,https://www.hepsiemlak.com/manisa-turgutlu-yigitler-satilik/bina/131579-3,2025-12-03 16:55:20
SIFIR ARA KAT 3+1 GENİŞ FERAH UYGUN SATILIK DAİRE,3.900.000 TL,Manisa,Turgutlu,Yigitler Mah.,Manisa / Turgutlu / Yigitler Mah.,3 + 1,130,1,2. Kat,Sıfır Bina,Kombi,Var,Var,Var,-,Boş,Kat İrtifakı,-,etin,-,...,Hayır,Haritası,Hatırlatmaları,Eşyalı Değil,Satılık,164247-101,01-12-2025,https://www.hepsiemlak.com/manisa-turgutlu-yigitler-satilik/daire/164247-101,2025-12-03 16:55:38
BEFT GAYRİMENKUL DEN EGE MH 2.BALKON FULL SATILIK 3+1 ARAKAT DAİRE,4.500.000 TL,Manisa,Sehzadeler,Ege Mah.,Manisa / Sehzadeler / Ege Mah.,3 + 1,130,1,3. Kat,25 Yaşında,Kombi,Var,Var,Yok,İkinci El,Boş,Kat İrtifakı,-,etin,-,...,Evet,Haritası,Hatırlatmaları,Eşyalı Değil,Satılık,162044-151,29-11-2025,https://www.hepsiemlak.com/manisa-sehzadeler-ege-satilik/daire/162044-151,2025-12-03 16:56:28
Kervan Yolu Pazartesi Pazarı Yakınında Satılık Arakat Daire,2.250.000 TL,Manisa,Turgutlu,Mustafa Mah.,Manisa / Turgutlu / Mustafa Mah.,3 + 1,120,1,2. Kat,26 Yaşında,Kombi,Yok,Yok,Yok,-,Boş,Kat Mülkiyeti,-,etin,-,...,Hayır,Haritası,Hatırlatmaları,Eşyalı Değil,Satılık,164259-12,01-12-2025,https://www.hepsiemlak.com/manisa-turgutlu-mustafa-kemal-satilik/daire/164259-12,2025-12-03 16:56:46
3+1 135 M2 DAİRE CUMHURİYET MAHALLESİ SAMANYOLU SOKAKTA,3.860.000 TL,Manisa,Turgutlu,Cumhuriyet Mah.,Manisa / Turgutlu / Cumhuriyet Mah.,3 + 1,150,1,2. Kat,21 Yaşında,Kombi,Yok,Yok,Yok,-,Boş,Kat Mülkiyeti,-,etin,-,...,Hayır,Haritası,Hatırlatmaları,Eşyalı Değil,Satılık,156788-229,03-12-2025,https://www.hepsiemlak.com/manisa-turgutlu-cumhuriyet-satilik/daire/156788-229,2025-12-03 17:00:04
SALİHLİ ERDEM EMLAKTAN DOMBAYLI MAHALLESİNDE SATILIK 2+1 MÜSTAKİL EV,3.350.000 TL,Manisa,Salihli,Dombayli Mah.,Manisa / Salihli / Dombayli Mah.,2 + 1,120,1,-,20 Yaşında,Kat Kaloriferi,Yok,Yok,Yok,-,Mülk Sahibi,Müstakil Tapulu,-,etin,-,...,Evet,Haritası,Hatırlatmaları,-,Satılık,158161-136,25-11-2025,https://www.hepsiemlak.com/manisa-salihli-dombayli-satilik/mustakil-ev/158161-136,2025-12-03 17:00:26
YENİ MAHALLE’DE GENİŞ BAHÇELİ SATILIK 2+1 DAİRE,3.750.000 TL,Manisa,Yunusemre,Yeni Mah.,Manisa / Yunusemre / Yeni Mah.,2 + 1,100,1,Yüksek Giriş,18 Yaşında,Kombi,Yok,Yok,Var,-,Mülk Sahibi,Kat İrtifakı,-,etin,-,...,-,Haritası,Hatırlatmaları,Eşyalı Değil,Satılık,162376-51,29-11-2025,https://www.hepsiemlak.com/manisa-yunusemre-yeni-mahalle-satilik/daire/162376-51,2025-12-03 17:00:47
Manisa Güzelyurt 2. TOKİ'de Satılık 3+1 Daire,6.450.000 TL,Manisa,Yunusemre,Guzelyurt Mah.,Manisa / Yunusemre / Guzelyurt Mah.,3 + 1,135,1,5. Kat,16 Yaşında,Kombi,Var,Yok,Yok,-,Mülk Sahibi,Kat Mülkiyeti,"Kuzey, Batı",etin,100 TL,...,Hayır,İçerisinde,Hatırlatmaları,Eşyalı Değil,Satılık,162776-27,25-11-2025,https://www.hepsiemlak.com/manisa-yunusemre-guzelyurt-satilik/daire/162776-27,2025-12-03 17:01:06
145 METREKARE ERGENEKONDA SATILIK 3+1 DAİRE,5.500.000 TL,Manisa,Turgutlu,Ergenekon Mah.,Manisa / Turgutlu / Ergenekon Mah.,3 + 1,170,2,1. Kat,1 Yaşında,Kombi,Yok,Var,Var,-,Boş,Kat Mülkiyeti,-,etin,-,...,Evet,Haritası,Hatırlatmaları,Eşyalı Değil,Satılık,156788-33,03-12-2025,https://www.hepsiemlak.com/manisa-turgutlu-ergenekon-satilik/daire/156788-33,2025-12-03 17:01:27
Ergenekon Mahallesi Fırsat Daire,3.750.000 TL,Manisa,Turgutlu,Ergenekon Mah.,Manisa / Turgutlu / Ergenekon Mah.,2 + 1,110,1,4. Kat,Sıfır Bina,Kombi,Yok,Var,Var,-,Boş,Kat Mülkiyeti,-,etin,-,...,Hayır,Haritası,Hatırlatmaları,Eşyalı Değil,Satılık,160048-115,01-12-2025,https://www.hepsiemlak.com/manisa-turgutlu-ergenekon-satilik/daire/160048-115,2025-12-03 17:01:46
SY YILMAZ EMLAK'TAN MERKEZ EFENDİ MAH. 3+1 ASANSÖRLÜ,3.900.000 TL,Manisa,Yunusemre,Merkez Mah.,Manisa / Yunusemre / Merkez Mah.,3 + 1,125,1,2. Kat,16 Yaşında,Kombi,Var,Var,Yok,-,Boş,Kat Mülkiyeti,-,etin,-,...,Hayır,Haritası,Hatırlatmaları,Eşyalı Değil,Satılık,161259-5,28-11-2025,https://www.hepsiemlak.com/manisa-yunusemre-merkez-efendi-satilik/daire/161259-5,2025-12-03 17:02:10
YILMAZLAR MAH. YÖRÜK SOKAKTA SATILIK DAİRE,1.620.000 TL,Manisa,Turgutlu,Yilmazlar Mah.,Manisa / Turgutlu / Yilmazlar Mah.,2 + 1,95,1,5. Kat,21 Yaşında,Soba,Yok,Yok,Yok,-,Boş,Kat Mülkiyeti,-,etin,-,...,Hayır,Haritası,Hatırlatmaları,Eşyalı Değil,Satılık,154871-38,27-11-2025,https://www.hepsiemlak.com/manisa-turgutlu-yilmazlar-satilik/daire/154871-38,2025-12-03 17:02:52
Şehzadeler,9.000.000 TL,Manisa,Sehzadeler,Sakarya Mah.,Manisa / Sehzadeler / Sakarya Mah.,5 + 1,300,3,5. Kat,5 Yaşında,Kombi,Yok,Yok,Yok,-,Mülk Sahibi,Kat İrtifakı,"Doğu, Batı",etin,-,...,Hayır,Haritası,Hatırlatmaları,Eşyalı Değil,Satılık,161356-48,21-11-2025,https://www.hepsiemlak.com/manisa-sehzadeler-sakarya-satilik/daire/161356-48,2025-12-03 17:03:15
MANİSA BAĞYOLUNDA SİTE İÇİNDE LÜX SATILIK VİLLA,14.000.000 TL,Manisa,Yunusemre,Bagyolu Mah.,Manisa / Yunusemre / Bagyolu Mah.,3 + 1,130,3,Bahçe Katı,Sıfır Bina,Isı Pompası,Yok,Yok,Var,-,Boş,Kat İrtifakı,"Kuzey, Güney, Doğu, Batı",etin,-,...,Evet,İçerisinde,Hatırlatmaları,Eşyalı Değil,Satılık,150932-92,17-11-2025,https://www.hepsiemlak.com/manisa-yunusemre-bagyolu-satilik/villa/150932-92,2025-12-03 17:03:37
Muradiye’de Asansörlü Binada 2+1 Geniş ve Ferah Daire!,3.100.000 TL,Manisa,Yunusemre,Muradiye Mah.,Manisa / Yunusemre / Muradiye Mah.,2 + 1,95,1,3. Kat,6 Yaşında,Kombi,Yok,Var,Yok,İkinci El,Boş,Kat İrtifakı,Kuzey,etin,-,...,Hayır,Haritası,Hatırlatmaları,Eşyalı Değil,Satılık,160648-34,13-11-2025,https://www.hepsiemlak.com/manisa-yunusemre-muradiye-satilik/daire/160648-34,2025-12-03 17:03:56
Muradiye Cumhuriyet Okulu Yakını 2+1 Açık Mutfak 0 Daire,3.250.000 TL,Manisa,Yunusemre,Muradiye Mah.,Manisa / Yunusemre / Muradiye Mah.,2 + 1,85,1,3. Kat,Sıfır Bina,Kombi,Yok,Var,Var,Sıfır,Boş,Kat İrtifakı,Güney,etin,-,...,Evet,Haritası,Hatırlatmaları,Eşyalı Değil,Satılık,162278-32,28-10-2025,https://www.hepsiemlak.com/manisa-yunusemre-muradiye-satilik/daire/162278-32,2025-12-03 17:04:19
Satılık 2 oda 1 salon doğalgazlı 106 m2 net sıfır daire,3.900.000 TL,Manisa,Saruhanli,Cengiz Mah.,Manisa / Saruhanli / Cengiz Mah.,2 + 1,116,1,4. Kat,Sıfır Bina,Kombi,Yok,Var,Var,Sıfır,Boş,Kat İrtifakı,"Güney, Doğu",etin,-,...,Hayır,Haritası,Hatırlatmaları,Eşyalı Değil,Satılık,90814-465,21-11-2025,https://www.hepsiemlak.com/manisa-saruhanli-cengiz-topel-satilik/daire/90814-465,2025-12-03 17:04:40
ESKİCAMİ MAHALLESİNDE MERKEZİ KONUMDA SATILIK 3+1 DAİRE !!,3.650.000 TL,Manisa,Salihli,Eski Mah.,Manisa / Salihli / Eski Mah.,3 + 1,140,1,2. Kat,10 Yaşında,Kombi,Var,Var,Var,İkinci El,Mülk Sahibi,Kat Mülkiyeti,"Kuzey, Güney",etin,-,...,Evet,Haritası,Hatırlatmaları,Eşyalı Değil,Satılık,155227-40,06-10-2025,https://www.hepsiemlak.com/manisa-salihli-eski-cami-satilik/daire/155227-40,2025-12-03 17:05:02
ATATÜRK'TE 14 YILLIK 305M2 4+1 DUBLEKS DAİREMİZ SATILIKTIR,3.750.000 TL,Manisa,Akhisar,Ataturk Mah.,Manisa / Akhisar / Ataturk Mah.,4 + 1,295,3,4. Kat,14 Yaşında,Kombi,Var,Var,Var,İkinci El,Mülk Sahibi,Kat Mülkiyeti,Güney,etin,150 TL,...,Evet,Haritası,Hatırlatmaları,Eşyalı Değil,Satılık,143983-95,06-10-2025,https://www.hepsiemlak.com/manisa-akhisar-ataturk-satilik/daire/143983-95,2025-12-03 17:05:24
Hürriyet Mahallesi Oliva Garden Sitesi Lüks Modern Arakat 3+1,3.850.000 TL,Manisa,Akhisar,Hurriyet Mah.,Manisa / Akhisar / Hurriyet Mah.,3 + 1,140,2,6. Kat,6 Yaşında,Kombi,Var,Var,Var,-,Mülk Sahibi,Kat İrtifakı,"Kuzey, Doğu",etin,-,...,Evet,si Lüks Modern Arakat 3+1,Hatırlatmaları,Eşyalı Değil,Satılık,86919-629,11-11-2025,https://www.hepsiemlak.com/manisa-akhisar-hurriyet-satilik/daire/86919-629,2025-12-03 17:05:46
Manisa Yunusemre Mh Recepli köyü avlulu 2+1 Taş ev,3.500.000 TL,Manisa,Yunusemre,Recepli Mah.,Manisa / Yunusemre / Recepli Mah.,2 + 1,306,1,-,35 Yaşında,Isıtma Yok,Yok,Yok,Yok,İkinci El,Mülk Sahibi,Müstakil Tapulu,"Kuzey, Güney",etin,-,...,Hayır,Haritası,Hatırlatmaları,Eşyalı,Satılık,125716-166,15-11-2025,https://www.hepsiemlak.com/manisa-yunusemre-recepli-satilik/koy-evi/125716-166,2025-12-03 17:06:06
Mavi Emlak'tan Şehitler Mahallesi'nde Satılık Arakat Daire,3.950.000 TL,Manisa,Sehzadeler,Sehitler Mah.,Manisa / Sehzadeler / Sehitler Mah.,2 + 1,85,1,2. Kat,25 Yaşında,Kombi,Var,Yok,Yok,-,Mülk Sahibi,Kat İrtifakı,-,etin,-,...,Hayır,İçerisinde Satılık Arakat Daire,Hatırlatmaları,Eşyalı Değil,Satılık,102443-833,03-12-2025,https://www.hepsiemlak.com/manisa-sehzadeler-sehitler-satilik/daire/102443-833,2025-12-03 17:07:52
Manisa Muradiye'de sıfır 1+1 arakat daire....,3.750.000 TL,Manisa,Yunusemre,Muradiye Mah.,Manisa / Yunusemre / Muradiye Mah.,1 + 1,57,1,2. Kat,Sıfır Bina,Kombi,Yok,Yok,Yok,-,Boş,Kat İrtifakı,"Kuzey, Güney",etin,-,...,Evet,Haritası,Hatırlatmaları,Eşyalı Değil,Satılık,160440-13,17-11-2025,https://www.hepsiemlak.com/manisa-yunusemre-muradiye-satilik/daire/160440-13,2025-12-03 17:08:14
MUSTAFA BAŞYİĞİT EMLAK'TAN REŞATBEY'DE 300 M2 6+1 DUBLEKS,4.850.000 TL,Manisa,Akhisar,Resat Mah.,Manisa / Akhisar / Resat Mah.,6 + 1,300,2,3. Kat,3 Yaşında,Kombi,Yok,Var,Var,-,Kiracılı,Kat İrtifakı,Güney,etin,-,...,Evet,Haritası,Hatırlatmaları,Eşyalı Değil,Satılık,162406-11,28-11-2025,https://www.hepsiemlak.com/manisa-akhisar-resat-bey-satilik/daire/162406-11,2025-12-03 17:08:36
Özyurt Mahallesi 3+1,3.350.000 TL,Manisa,Turgutlu,Ozyurt Mah.,Manisa / Turgutlu / Ozyurt Mah.,3 + 1,125,1,4. Kat,6 Yaşında,Kombi,Yok,Var,Var,-,Mülk Sahibi,Kat Mülkiyeti,-,etin,-,...,Hayır,Haritası,Hatırlatmaları,Eşyalı Değil,Satılık,164247-100,01-12-2025,https://www.hepsiemlak.com/manisa-turgutlu-ozyurt-satilik/daire/164247-100,2025-12-03 17:08:59
DİALOG ATA GAYRİMENKUL'DEN ERGENEKON ARŞİLYA SİTESİNDE 3+1 DAİRE,4.750.000 TL,Manisa,Turgutlu,Ergenekon Mah.,Manisa / Turgutlu / Ergenekon Mah.,3 + 1,160,2,2. Kat,Sıfır Bina,Merkezi,Var,Var,Var,-,Boş,Kat Mülkiyeti,-,etin,-,...,Evet,Haritası,Hatırlatmaları,Eşyalı Değil,Satılık,164259-11,01-12-2025,https://www.hepsiemlak.com/manisa-turgutlu-ergenekon-satilik/daire/164259-11,2025-12-03 17:09:17
BEFT GAYRİMENKUL DEN 1.ANAFARTALAR MH 3+1 AÇIK MUTFAK FULL SATILIK ARAKAT,3.590.000 TL,Manisa,Sehzadeler,1 Mah.,Manisa / Sehzadeler / 1 Mah.,3 + 1,115,1,5. Kat,38 Yaşında,Kombi,Var,Var,Var,İkinci El,Boş,Kat İrtifakı,-,etin,-,...,Evet,Haritası,Hatırlatmaları,Eşyalı Değil,Satılık,162044-149,27-11-2025,https://www.hepsiemlak.com/manisa-sehzadeler-1-anafartalar-satilik/daire/162044-149,2025-12-03 17:09:36
SALİHLİ ERDEM EMLAKTAN KOCAÇEŞME MAHALLESİNDE SATILIK FERAH 2.KAT DAİRE,2.575.000 TL,Manisa,Salihli,Kocacesme Mah.,Manisa / Salihli / Kocacesme Mah.,2 + 1,99,1,2. Kat,23 Yaşında,Kombi,Var,Var,Yok,-,-,Kat Mülkiyeti,-,etin,-,...,Hayır,Haritası,Hatırlatmaları,-,Satılık,158161-134,03-12-2025,https://www.hepsiemlak.com/manisa-salihli-kocacesme-satilik/daire/158161-134,2025-12-03 17:09:56
MERKEZEFENDI MAHALLESİ ARAKAT SATILIK 3+1 DAİRE,4.275.000 TL,Manisa,Yunusemre,Merkez Mah.,Manisa / Yunusemre / Merkez Mah.,3 + 1,125,1,1. Kat,21 Yaşında,Kombi,Var,Var,Var,-,Boş,Kat İrtifakı,-,etin,-,...,Evet,Haritası,Hatırlatmaları,Eşyalı Değil,Satılık,162376-30,01-12-2025,https://www.hepsiemlak.com/manisa-yunusemre-merkez-efendi-satilik/daire/162376-30,2025-12-03 17:10:16
ZEKİ EMLAK'TAN MURADİYE'DE SATILIK 2+1 ARA KAT KÖŞE DAİRE,3.750.000 TL,Manisa,Yunusemre,Muradiye Mah.,Manisa / Yunusemre / Muradiye Mah.,2 + 1,91,1,2. Kat,5 Yaşında,Kombi,Var,Yok,Var,-,Boş,Kat İrtifakı,"Güney, Batı",etin,-,...,Evet,İçerisinde 1+1 Fiyatına 2+1 Satılık Daire,Hatırlatmaları,Eşyalı Değil,Satılık,156185-166,11-11-2025,https://www.hepsiemlak.com/manisa-yunusemre-muradiye-satilik/daire/156185-166,2025-12-03 17:10:39
Karaali Villalar Bölgedinde bahçeli 2+1,5.800.000 TL,Manisa,Yunusemre,Karaali Mah.,Manisa / Yunusemre / Karaali Mah.,2 + 1,80,1,Yüksek Giriş,2 Yaşında,Kombi,Var,Var,Var,İkinci El,Kiracılı,Kat İrtifakı,-,etin,-,...,Evet,İçerisinde,Hatırlatmaları,Eşyalı Değil,Satılık,133144-218,05-11-2025,https://www.hepsiemlak.com/manisa-yunusemre-karaali-satilik/daire/133144-218,2025-12-03 17:11:07
Manisa Salihli 4+1 satılık daire,4.250.000 TL,Manisa,Salihli,Aksoy Mah.,Manisa / Salihli / Aksoy Mah.,4 + 1,220,2,2. Kat,11 Yaşında,Jeotermal Isıtm...,Yok,Var,Var,-,Mülk Sahibi,Kat Mülkiyeti,"Kuzey, Güney",etin,1 TL,...,Hayır,Haritası,Hatırlatmaları,Eşyalı Değil,Satılık,105491-157,06-11-2025,https://www.hepsiemlak.com/manisa-salihli-aksoy-satilik/daire/105491-157,2025-12-03 17:12:00
CUMHURİYET MAH. SATILIK 2+1 125M2 LÜKS DAİRE,3.150.000 TL,Manisa,Akhisar,Cumhuriyet Mah.,Manisa / Akhisar / Cumhuriyet Mah.,2 + 1,135,2,2. Kat,Sıfır Bina,Kombi,Yok,Var,Var,-,Boş,Kat İrtifakı,"Kuzey, Batı",etin,-,...,Hayır,Haritası,Hatırlatmaları,Eşyalı Değil,Satılık,163257-38,24-11-2025,https://www.hepsiemlak.com/manisa-akhisar-cumhuriyet-satilik/daire/163257-38,2025-12-03 17:12:20
Yunusemre muradiye,6.550.000 TL,Manisa,Yunusemre,Muradiye Mah.,Manisa / Yunusemre / Muradiye Mah.,3 + 1,125,2,Yüksek Giriş,Sıfır Bina,Yerden Isıtma,Var,Yok,Var,-,Boş,Kat Mülkiyeti,-,etin,-,...,Hayır,-,Hatırlatmaları,Eşyalı Değil,Satılık,161356-47,25-11-2025,https://www.hepsiemlak.com/manisa-yunusemre-muradiye-satilik/daire/161356-47,2025-12-03 17:12:42
AKMESCİT MAH SATILIK YÜKSEK ZEMİN 2+1 ÖZELLİKLİ,3.200.000 TL,Manisa,Yunusemre,Akmescit Mah.,Manisa / Yunusemre / Akmescit Mah.,2 + 1,90,1,Yüksek Giriş,16 Yaşında,Kombi,Yok,Yok,Yok,-,Mülk Sahibi,Kat İrtifakı,"Doğu, Batı",etin,-,...,Hayır,Haritası,Hatırlatmaları,Eşyalı Değil,Satılık,150956-62,05-11-2025,https://www.hepsiemlak.com/manisa-yunusemre-akmescit-satilik/daire/150956-62,2025-12-03 17:13:04
UZUN EMLAK'TAN TURGUTLU ERGENEKON MAHALLESİNDE( 5.MINTIKA ) SIFIR ARA KAT DAİRE,3.800.000 TL,Manisa,Turgutlu,Ergenekon Mah.,Manisa / Turgutlu / Ergenekon Mah.,2 + 1,86,1,1. Kat,Sıfır Bina,Kombi,Var,Yok,Var,Sıfır,Boş,Kat İrtifakı,"Kuzey, Doğu, Batı",etin,-,...,Evet,Haritası,Hatırlatmaları,-,Satılık,129877-308,17-11-2025,https://www.hepsiemlak.com/manisa-turgutlu-ergenekon-satilik/daire/129877-308,2025-12-03 17:13:28
Manisa Yunusemre'de Satılık 2+1 Daire,3.180.000 TL,Manisa,Yunusemre,Kaynak Mah.,Manisa / Yunusemre / Kaynak Mah.,2 + 1,90,1,2. Kat,11 Yaşında,Kombi,Yok,Yok,Yok,-,Boş,Kat Mülkiyeti,"Güney, Batı",etin,200 TL,...,Hayır,Haritası,Hatırlatmaları,Eşyalı Değil,Satılık,116537-695,30-11-2025,https://www.hepsiemlak.com/manisa-yunusemre-kaynak-satilik/daire/116537-695,2025-12-03 17:13:50
NOVA'DAN Turgutlu Life City 2+1 Peyzaj Cephe SATILIK,3.800.000 TL,Manisa,Turgutlu,Selvilitepe Mah.,Manisa / Turgutlu / Selvilitepe Mah.,2 + 1,120,1,10. Kat,4 Yaşında,Merkezi (Pay Öl...,Var,Yok,Yok,-,Kiracılı,Kat İrtifakı,SATILIK,etin,-,...,Hayır,İçerisinde,Hatırlatmaları,Eşyalı Değil,Satılık,123058-2015,24-11-2025,https://www.hepsiemlak.com/manisa-turgutlu-selvilitepe-satilik/daire/123058-2015,2025-12-03 17:14:11
Ahmetli Hacıköseli köyünde SATILIK ÇİFTLİK VE EVİ,6.500.000 TL,Manisa,Ahmetli,Hacikoseli Mah.,Manisa / Ahmetli / Hacikoseli Mah.,7 + 0,350,3,Bahçe Katı,14 Yaşında,Soba,Yok,Yok,Yok,-,-,Müstakil Tapulu,"Güney, Doğu",etin,-,...,Evet,Haritası,Hatırlatmaları,-,Satılık,162776-1,03-12-2025,https://www.hepsiemlak.com/manisa-ahmetli-hacikoseli-satilik/ciftlik-evi/162776-1,2025-12-03 17:14:30
Yenimahalle'de 2+1 Arakat kapalı mutfaklı full tadilatlı daire,3.740.000 TL,Manisa,Yunusemre,Yeni Mah.,Manisa / Yunusemre / Yeni Mah.,2 + 1,90,1,3. Kat,23 Yaşında,Kombi,Var,Var,Yok,-,Mülk Sahibi,Kat İrtifakı,"Kuzey, Güney, Doğu, Batı",etin,-,...,Evet,Haritası,Hatırlatmaları,Eşyalı Değil,Satılık,0-45562323,14-11-2025,https://www.hepsiemlak.com/manisa-yunusemre-yeni-mahalle-satilik/daire/0-45562323,2025-12-03 17:14:53
ALAŞEHİR İSTASYON MAH. 3+1 LÜKS DAİRE,4.500.000 TL,Manisa,Alasehir,Istasyon Mah.,Manisa / Alasehir / Istasyon Mah.,3 + 1,126,2,Yüksek Giriş,Sıfır Bina,Kombi,Yok,Yok,Yok,-,Boş,Kat İrtifakı,"Kuzey, Batı",etin,-,...,Hayır,Haritası,Hatırlatmaları,Eşyalı Değil,Satılık,155862-31,03-12-2025,https://www.hepsiemlak.com/manisa-alasehir-istasyon-satilik/daire/155862-31,2025-12-03 17:15:13
MANİSA UNCUBOZKÖYDE SİTE İÇİNDE TEK MUSTAKİL VİLLA,35.000.000 TL,Manisa,Yunusemre,Uncubozkoy Mah.,Manisa / Yunusemre / Uncubozkoy Mah.,7 + 1,480,3,-,16 Yaşında,Kombi,Yok,Yok,Yok,-,Boş,Müstakil Tapulu,"Kuzey, Güney, Doğu, Batı",etin,5.000 TL,...,Evet,İçerisinde,Hatırlatmaları,Eşyalı Değil,Satılık,17068-1381,13-11-2025,https://www.hepsiemlak.com/manisa-yunusemre-uncubozkoy-satilik/villa/17068-1381,2025-12-03 17:15:51
SATILIK DAİRE,1.800.000 TL,Manisa,Akhisar,Ragip Mah.,Manisa / Akhisar / Ragip Mah.,3 + 1,137,1,En Üst Kat,25 Yaşında,Kombi,Yok,Yok,Yok,İkinci El,Boş,Kat İrtifakı,Kuzey,etin,50 TL,...,Hayır,Haritası,Hatırlatmaları,Eşyalı Değil,Satılık,124874-251,18-11-2025,https://www.hepsiemlak.com/manisa-akhisar-ragip-bey-satilik/daire/124874-251,2025-12-03 17:16:14
ESLİFE'DAN ALTAY MAH. SEVİNÇ SOKAK SIFIR 1+1 TERASLI LÜKS DAİRE,3.449.000 TL,Manisa,Turgutlu,Altay Mah.,Manisa / Turgutlu / Altay Mah.,1 + 1,78,1,1. Kat,Sıfır Bina,Kombi,Yok,Yok,Yok,-,Boş,Kat Mülkiyeti,-,etin,-,...,Evet,Haritası,Hatırlatmaları,Eşyalı Değil,Satılık,136231-52,29-11-2025,https://www.hepsiemlak.com/manisa-turgutlu-altay-satilik/daire/136231-52,2025-12-03 17:16:37
Akdeniz Emlak'tan Satılık Şahzadeler İlç Şehitler Mah 4+1 160 m² Dubleks,4.990.000 TL,Manisa,Sehzadeler,Sehitler Mah.,Manisa / Sehzadeler / Sehitler Mah.,4 + 1,160,2,En Üst Kat,13 Yaşında,Kombi,Var,Var,Yok,İkinci El,Belirtilmemiş,Kat Mülkiyeti,Güney,etin,1 TL,...,Hayır,Haritası,Hatırlatmaları,-,Satılık,22228-10896,22-11-2025,https://www.hepsiemlak.com/manisa-sehzadeler-sehitler-satilik/daire/22228-10896,2025-12-03 17:17:03
Saruhanlı'nın En Uygun Fiyatlı Satılık Dairesi Mavi Emlak'tan,2.250.000 TL,Manisa,Saruhanli,Kurtulus Mah.,Manisa / Saruhanli / Kurtulus Mah.,2 + 1,60,1,Yüksek Giriş,Sıfır Bina,Kombi,Yok,Yok,Yok,-,Boş,Kat İrtifakı,-,etin,-,...,Hayır,Haritası,Hatırlatmaları,Eşyalı Değil,Satılık,102443-818,28-11-2025,https://www.hepsiemlak.com/manisa-saruhanli-kurtulus-satilik/daire/102443-818,2025-12-03 17:17:26
KERVAN YOLU CİVARI SATILIK ZEMİN DAİRE,1.950.000 TL,Manisa,Turgutlu,Mustafa Mah.,Manisa / Turgutlu / Mustafa Mah.,2 + 1,90,1,Zemin,6 Yaşında,Isıtma Yok,Yok,Yok,Yok,-,Boş,Kat İrtifakı,-,etin,-,...,Evet,Haritası,Hatırlatmaları,Eşyalı Değil,Satılık,154871-41,03-12-2025,https://www.hepsiemlak.com/manisa-turgutlu-mustafa-kemal-satilik/daire/154871-41,2025-12-03 17:17:48
Salihli Cin Emlaktan Kırveli Mahallesi Avar Cad. üzeri Site içerisinde 5 nci kat Satılık Daire,2.800.000 TL,Manisa,Salihli,Kirveli Mah.,Manisa / Salihli / Kirveli Mah.,3 + 1,140,1,5. Kat,35 Yaşında,Klima,Yok,Var,Yok,İkinci El,-,Kat Mülkiyeti,"Doğu, Batı",etin,-,...,Hayır,içerisinde 5 nci kat Satılık Daire,Hatırlatmaları,Eşyalı Değil,Satılık,37897-2557,15-10-2025,https://www.hepsiemlak.com/manisa-salihli-kirveli-satilik/daire/37897-2557,2025-12-03 17:18:06
PAZARTESİ PAZARINA YAKIN 2+1 AÇIK MUTFAKLI,1.440.000 TL,Manisa,Turgutlu,Ataturk Mah.,Manisa / Turgutlu / Ataturk Mah.,2 + 1,85,1,4. Kat,6 Yaşında,Kombi,Yok,Var,Yok,-,Boş,Kat İrtifakı,-,etin,-,...,Hayır,Haritası,Hatırlatmaları,Eşyalı Değil,Satılık,164247-98,30-11-2025,https://www.hepsiemlak.com/manisa-turgutlu-ataturk-satilik/daire/164247-98,2025-12-03 17:18:27
DIALOG ATA GAYRİMENKUL'DEN ŞEHİR MERKEZİNDE SIFIR LÜKS DAİRELER!,4.750.000 TL,Manisa,Turgutlu,Altay Mah.,Manisa / Turgutlu / Altay Mah.,3 + 1,116,1,4. Kat,Sıfır Bina,Yerden Isıtma,Var,Var,Yok,-,Boş,Kat Mülkiyeti,-,etin,-,...,Hayır,Haritası,Hatırlatmaları,Eşyalı Değil,Satılık,164259-10,01-12-2025,https://www.hepsiemlak.com/manisa-turgutlu-altay-satilik/daire/164259-10,2025-12-03 17:18:50
BEFT GAYRİMENKUL DEN 2.ANAFARTALAR MH SATILIK FULL SİTE İÇİ ÖNÜ AÇIK ARAKAT,6.300.000 TL,Manisa,Sehzadeler,2 Mah.,Manisa / Sehzadeler / 2 Mah.,3 + 1,145,1,6. Kat,12 Yaşında,Kombi,Var,Var,Var,İkinci El,Boş,Kat İrtifakı,-,etin,-,...,Evet,Haritası,Hatırlatmaları,Eşyalı Değil,Satılık,162044-147,03-12-2025,https://www.hepsiemlak.com/manisa-sehzadeler-2-anafartalar-satilik/daire/162044-147,2025-12-03 17:19:10
SALİHLİ ERDEM EMLAKTAN ACISU CADDE ÜZERİ 3+1 SATILIK DAİRE,5.200.000 TL,Manisa,Salihli,Kocacesme Mah.,Manisa / Salihli / Kocacesme Mah.,3 + 1,140,1,3. Kat,5 Yaşında,Kombi,Yok,Var,Var,-,-,Kat Mülkiyeti,-,etin,-,...,-,Haritası,Hatırlatmaları,Eşyalı Değil,Satılık,158161-108,01-12-2025,https://www.hepsiemlak.com/manisa-salihli-kocacesme-satilik/daire/158161-108,2025-12-03 17:20:02
Atatürk Mahallesi Pazar Pazarı Arkasında 2+1 120m2 Satılık Daire,2.700.000 TL,Manisa,Akhisar,Ataturk Mah.,Manisa / Akhisar / Ataturk Mah.,2 + 1,120,2,Yüksek Giriş,16 Yaşında,Kombi,Yok,Var,Yok,-,Boş,Hisseli Tapu,"Doğu, Batı",etin,-,...,Hayır,de Satılık 3+1 Daire,Hatırlatmaları,Eşyalı Değil,Satılık,86919-593,20-11-2025,https://www.hepsiemlak.com/manisa-akhisar-ataturk-satilik/daire/86919-593,2025-12-03 17:20:21
Satılık Daire Topçu Asım Mah.Kirazlık mevki,3.500.000 TL,Manisa,Sehzadeler,Yarhasanlar Mah.,Manisa / Sehzadeler / Yarhasanlar Mah.,3 + 1,110,1,2. Kat,25 Yaşında,Kombi,Yok,Var,Yok,İkinci El,Kiracılı,Kat İrtifakı,"Güney, Doğu",etin,250 TL,...,Hayır,Haritası,Hatırlatmaları,Eşyalı Değil,Satılık,15578-385,07-10-2025,https://www.hepsiemlak.com/manisa-sehzadeler-yarhasanlar-satilik/daire/15578-385,2025-12-03 17:20:42
Şehzadeler de 2+1 ara kat uygun fiyata,2.849.000 TL,Manisa,Sehzadeler,Akincilar Mah.,Manisa / Sehzadeler / Akincilar Mah.,2 + 1,85,1,2. Kat,25 Yaşında,Kombi,Var,Var,Yok,İkinci El,Mülk Sahibi,Kat Mülkiyeti,-,etin,-,...,Hayır,Haritası,Hatırlatmaları,Eşyalı Değil,Satılık,86276-1249,03-12-2025,https://www.hepsiemlak.com/manisa-sehzadeler-akincilar-satilik/daire/86276-1249,2025-12-03 17:20:59
"ZEKİ EMLAK'TAN MURADİYE'DE 1+1 OTOPARKLI, ARA KAT SATILIK DAİRE",2.750.000 TL,Manisa,Yunusemre,Muradiye Mah.,Manisa / Yunusemre / Muradiye Mah.,1 + 1,50,1,2. Kat,Sıfır Bina,Kombi,Var,Var,Var,Sıfır,Boş,Kat İrtifakı,-,etin,-,...,-,Haritası,Hatırlatmaları,Eşyalı Değil,Satılık,156185-468,03-12-2025,https://www.hepsiemlak.com/manisa-yunusemre-muradiye-satilik/daire/156185-468,2025-12-03 17:21:16
Manisa / Şehzadeler / Yarhasanlar Mah. 1+1 Ara Kat Sıfır Bina,3.350.000 TL,Manisa,Sehzadeler,Yarhasanlar Mah.,Manisa / Sehzadeler / Yarhasanlar Mah.,1 + 1,40,1,4. Kat,Sıfır Bina,Kombi,Var,Var,Yok,İkinci El,Boş,Kat Mülkiyeti,"Kuzey, Güney, Doğu, Batı",etin,100 TL,...,Evet,Haritası,Hatırlatmaları,Eşyalı Değil,Satılık,95753-2068,15-11-2025,https://www.hepsiemlak.com/manisa-sehzadeler-yarhasanlar-satilik/daire/95753-2068,2025-12-03 17:21:36
MUSTAFA BAŞYİĞİT EMLAK'TAN EFENDİDE 130 M2 SATILIK 3+1,3.450.000 TL,Manisa,Akhisar,Efendi Mah.,Manisa / Akhisar / Efendi Mah.,3 + 1,140,1,2. Kat,4 Yaşında,Kombi,Yok,Var,Var,-,Kiracılı,Kat İrtifakı,"Güney, Batı",etin,-,...,Evet,Haritası,Hatırlatmaları,Eşyalı Değil,Satılık,162406-206,29-11-2025,https://www.hepsiemlak.com/manisa-akhisar-efendi-satilik/daire/162406-206,2025-12-03 17:21:57
İNÖNÜ MAH. SATILIK 3+1 140 M2 DAİRE,2.350.000 TL,Manisa,Akhisar,Inonu Mah.,Manisa / Akhisar / Inonu Mah.,3 + 1,140,1,4. Kat,26 Yaşında,Kombi,Yok,Yok,Yok,-,Mülk Sahibi,Kat İrtifakı,"Kuzey, Güney, Doğu",etin,-,...,Hayır,Haritası,Hatırlatmaları,Eşyalı Değil,Satılık,163257-36,24-11-2025,https://www.hepsiemlak.com/manisa-akhisar-inonu-satilik/daire/163257-36,2025-12-03 17:22:19
TURGUTLU ATATÜRK BULVARINDA 130 m2 3+1 SATILIK DAİRE !!!,4.000.000 TL,Manisa,Turgutlu,Acarlar Mah.,Manisa / Turgutlu / Acarlar Mah.,3 + 1,135,1,4. Kat,16 Yaşında,Kombi,Var,Yok,Yok,-,Kiracılı,Kat Mülkiyeti,Batı,etin,-,...,Hayır,Haritası,Hatırlatmaları,Eşyalı Değil,Satılık,161345-21,20-11-2025,https://www.hepsiemlak.com/manisa-turgutlu-acarlar-satilik/daire/161345-21,2025-12-03 17:22:41
MUTLU MAH SATILIK ÖZELLİKLİ ZEMİN KAT ÖZELLİKLİ,3.150.000 TL,Manisa,Yunusemre,Mutlu Mah.,Manisa / Yunusemre / Mutlu Mah.,2 + 1,110,1,Zemin,21 Yaşında,Kombi,Var,Var,Yok,-,Boş,Kat İrtifakı,"Doğu, Batı",etin,-,...,Hayır,İçerisinde Satılık Arakat Daire,Hatırlatmaları,Eşyalı Değil,Satılık,150956-61,05-11-2025,https://www.hepsiemlak.com/manisa-yunusemre-mutlu-satilik/daire/150956-61,2025-12-03 17:23:02
Atatürk mahallesi,4.500.000 TL,Manisa,Yunusemre,Ataturk Mah.,Manisa / Yunusemre / Ataturk Mah.,4 + 1,220,2,5. Kat,1 Yaşında,Kombi,Yok,Var,Var,-,Mülk Sahibi,Kat Mülkiyeti,-,etin,50 TL,...,Hayır,Haritası,Hatırlatmaları,Eşyalı Değil,Satılık,161356-38,13-11-2025,https://www.hepsiemlak.com/manisa-yunusemre-ataturk-satilik/daire/161356-38,2025-12-03 17:23:48
PRESTİJ EVLERİ SATILIK LÜKS HAVUZLU ÇİFT CEPHE,4.600.000 TL,Manisa,Turgutlu,Selvilitepe Mah.,Manisa / Turgutlu / Selvilitepe Mah.,3 + 1,170,2,3. Kat,Sıfır Bina,Merkezi (Pay Öl...,Var,Var,Var,-,Boş,Kat İrtifakı,"Doğu, Batı",etin,1.8 TL,...,Hayır,İçerisinde,Hatırlatmaları,Eşyalı Değil,Satılık,155066-60,31-10-2025,https://www.hepsiemlak.com/manisa-turgutlu-selvilitepe-satilik/daire/155066-60,2025-12-03 17:24:10
SOMADA İKİ KATLI MÜSTAKİL EV,1.375.000 TL,Manisa,Soma,Karamanli Mah.,Manisa / Soma / Karamanli Mah.,2 + 1,116,1,-,30 Yaşında,Soba,Yok,Yok,Var,-,Boş,Müstakil Tapulu,-,etin,-,...,-,Haritası,Hatırlatmaları,Eşyalı Değil,Satılık,691819-1118,26-11-2025,https://www.hepsiemlak.com/manisa-soma-karamanli-satilik/mustakil-ev/691819-1118,2025-12-03 17:24:32
NOVA'DAN ERGENEKON MH. 3+1 HAVUZLU SİTE İÇİNDE GENİŞ LÜKS,6.000.000 TL,Manisa,Turgutlu,Ergenekon Mah.,Manisa / Turgutlu / Ergenekon Mah.,3 + 1,155,2,6. Kat,Sıfır Bina,Yerden Isıtma,Var,Var,Var,-,Boş,Kat İrtifakı,"Kuzey, Güney",etin,-,...,Evet,İçerisinde,Hatırlatmaları,Eşyalı Değil,Satılık,123058-1848,24-11-2025,https://www.hepsiemlak.com/manisa-turgutlu-ergenekon-satilik/daire/123058-1848,2025-12-03 17:24:50
AVŞAR EMLAK'TAN YARHASANLAR DA 3+1 ASANSÖRLÜ,4.250.000 TL,Manisa,Sehzadeler,Yarhasanlar Mah.,Manisa / Sehzadeler / Yarhasanlar Mah.,3 + 1,120,1,5. Kat,16 Yaşında,Kombi,Var,Var,Yok,-,Mülk Sahibi,Kat İrtifakı,Doğu,etin,-,...,Hayır,Haritası,Hatırlatmaları,Eşyalı Değil,Satılık,111103-126,03-12-2025,https://www.hepsiemlak.com/manisa-sehzadeler-yarhasanlar-satilik/daire/111103-126,2025-12-03 17:25:11
KERVAN YOLUNA YAKIN SATILIK 2+1 8 YILLIK FIRSAT DAİRE,2.475.000 TL,Manisa,Turgutlu,Cumhuriyet Mah.,Manisa / Turgutlu / Cumhuriyet Mah.,2 + 1,132,1,1. Kat,11 Yaşında,Kombi,Yok,Yok,Yok,-,Boş,Kat Mülkiyeti,-,etin,-,...,Hayır,Haritası,Hatırlatmaları,Eşyalı Değil,Satılık,156788-201,26-11-2025,https://www.hepsiemlak.com/manisa-turgutlu-cumhuriyet-satilik/daire/156788-201,2025-12-03 17:25:31
ESLİFE'DAN YEDİEYLÜL MAH. 3+1 DAİRE,2.395.000 TL,Manisa,Turgutlu,Yedi Mah.,Manisa / Turgutlu / Yedi Mah.,3 + 1,135,1,1. Kat,21 Yaşında,Isıtma Yok,Yok,Yok,Yok,-,Boş,Kat Mülkiyeti,"Doğu, Batı",etin,-,...,Evet,Haritası,Hatırlatmaları,Eşyalı Değil,Satılık,136231-48,29-11-2025,https://www.hepsiemlak.com/manisa-turgutlu-yedi-eylul-satilik/daire/136231-48,2025-12-03 17:25:52
Piyaleoğlu Cadde Civarı Satılık 3+1 Daire,1.750.000 TL,Manisa,Turgutlu,Yilmazlar Mah.,Manisa / Turgutlu / Yilmazlar Mah.,3 + 1,112,1,5. Kat,21 Yaşında,Soba,Var,Yok,Yok,-,Boş,Kat Mülkiyeti,-,etin,-,...,Evet,Haritası,Hatırlatmaları,-,Satılık,154871-40,27-11-2025,https://www.hepsiemlak.com/manisa-turgutlu-yilmazlar-satilik/daire/154871-40,2025-12-03 17:26:15
Ara kat havuz manzaları lüx daire,6.650.000 TL,Manisa,Yunusemre,Karaali Mah.,Manisa / Yunusemre / Karaali Mah.,3 + 1,95,1,2. Kat,6 Yaşında,Kombi,Var,Var,Var,İkinci El,Boş,Kat Mülkiyeti,Batı,etin,2.000 TL,...,Hayır,İçerisinde,Hatırlatmaları,Eşyalı Değil,Satılık,162376-49,29-11-2025,https://www.hepsiemlak.com/manisa-yunusemre-karaali-satilik/daire/162376-49,2025-12-03 17:26:33
Şehitler Mahallesi 3+1,3.850.000 TL,Manisa,Turgutlu,Sehitler Mah.,Manisa / Turgutlu / Sehitler Mah.,3 + 1,125,1,4. Kat,Sıfır Bina,Kombi,Yok,Var,Var,-,Boş,Kat Mülkiyeti,-,etin,-,...,Hayır,Haritası,Hatırlatmaları,Eşyalı Değil,Satılık,164247-97,28-11-2025,https://www.hepsiemlak.com/manisa-turgutlu-sehitler-satilik/daire/164247-97,2025-12-03 17:26:53
Dialog Güvencesiyle Ergenekonda Yeni Yuvanız!,6.500.000 TL,Manisa,Turgutlu,Ergenekon Mah.,Manisa / Turgutlu / Ergenekon Mah.,3 + 1,135,2,2. Kat,Sıfır Bina,Yerden Isıtma,Yok,Var,Var,-,Boş,Kat Mülkiyeti,-,etin,-,...,Hayır,Haritası,Hatırlatmaları,Eşyalı Değil,Satılık,164259-3,01-12-2025,https://www.hepsiemlak.com/manisa-turgutlu-ergenekon-satilik/daire/164259-3,2025-12-03 17:29:08
BEFT GAYRİMENKULDEN 1.ANAFARTALAR MH SATILIK FULL ARAKAT,5.500.000 TL,Manisa,Sehzadeler,1 Mah.,Manisa / Sehzadeler / 1 Mah.,3 + 1,200,1,2. Kat,35 Yaşında,Kombi,Yok,Var,Var,İkinci El,Mülk Sahibi,Kat İrtifakı,-,etin,-,...,Evet,Haritası,Hatırlatmaları,-,Satılık,162044-142,27-11-2025,https://www.hepsiemlak.com/manisa-sehzadeler-1-anafartalar-satilik/daire/162044-142,2025-12-03 17:29:29
SALİHLİ ERDEM EMLAKTAN NAMIKKEMAL MAHALLESİ DUBLEKS SATILIK DAİRE,2.500.000 TL,Manisa,Salihli,Namik Mah.,Manisa / Salihli / Namik Mah.,5 + 1,240,2,1. Kat,25 Yaşında,Isıtma Yok,Var,Yok,Yok,-,-,Kat Mülkiyeti,-,etin,-,...,düşünülmemektedir.,içerisinde 5 nci kat Satılık Daire,Hatırlatmaları,-,Satılık,158161-99,25-11-2025,https://www.hepsiemlak.com/manisa-salihli-namik-kemal-satilik/daire/158161-99,2025-12-03 17:29:50
MEDAR SİTELER BÖLGESİNDE KUSURSUZ SIFIR 4+1 HAVUZLU 176 M2 VİLLA,10.500.000 TL,Manisa,Akhisar,Medar Mah.,Manisa / Akhisar / Medar Mah.,4 + 1,176,3,Bahçe Katı,Sıfır Bina,Yerden Isıtma,Var,Var,Yok,-,Boş,Kat İrtifakı,"Kuzey, Güney, Doğu",etin,-,...,Hayır,Haritası,Hatırlatmaları,Eşyalı Değil,Satılık,86919-616,20-11-2025,https://www.hepsiemlak.com/manisa-akhisar-medar-satilik/villa/86919-616,2025-12-03 17:30:10
Mavi Emlak'tan Havuzlu Site İçerisinde Satılık Arakat Daire,3.600.000 TL,Manisa,Yunusemre,Karaali Mah.,Manisa / Yunusemre / Karaali Mah.,1 + 1,55,1,2. Kat,1 Yaşında,Kombi,Var,Yok,Var,-,Boş,Kat İrtifakı,-,etin,-,...,Hayır,İçerisinde Satılık Arakat Daire,-,Eşyalı,Satılık,102443-817,27-11-2025,https://www.hepsiemlak.com/manisa-yunusemre-karaali-satilik/daire/102443-817,2025-12-03 17:30:31
Akdeniz Emlak'tan Satılık Şehzadeler İlç Arda Mah 3+1 140 m2 Ara Kat Daire,4.300.000 TL,Manisa,Sehzadeler,Arda Mah.,Manisa / Sehzadeler / Arda Mah.,3 + 1,140,1,Ara Kat,15 Yaşında,Kombi,Var,Var,Var,İkinci El,Kiracılı,Kat Mülkiyeti,"Doğu, Batı",etin,-,...,Hayır,Haritası,Hatırlatmaları,Eşyalı Değil,Satılık,22228-10850,08-11-2025,https://www.hepsiemlak.com/manisa-sehzadeler-arda-satilik/daire/22228-10850,2025-12-03 17:30:52
"REAL,DEN YATIRIMLIK 2+1 DAİRE LALELİ YAPEK KARŞISI YSE EVLERİNDE",4.600.000 TL,Manisa,Yunusemre,Laleli Mah.,Manisa / Yunusemre / Laleli Mah.,2 + 1,115,1,Yüksek Giriş,31 Yaşında,Kombi,Yok,Yok,Yok,-,Kiracılı,Kat Mülkiyeti,"Doğu, Batı",etin,100 TL,...,Hayır,İçerisinde,Hatırlatmaları,Eşyalı Değil,Satılık,17068-1384,13-11-2025,https://www.hepsiemlak.com/manisa-yunusemre-laleli-satilik/daire/17068-1384,2025-12-03 17:31:11
ALAYBEY de 2+1 köşe daire karanlık odası yok,2.550.000 TL,Manisa,Sehzadeler,Alaybey Mah.,Manisa / Sehzadeler / Alaybey Mah.,2 + 1,100,1,En Üst Kat,30 Yaşında,Kombi,Yok,Var,Yok,İkinci El,Boş,Kat İrtifakı,-,etin,-,...,Evet,Haritası,Hatırlatmaları,Eşyalı Değil,Satılık,86276-1255,03-12-2025,https://www.hepsiemlak.com/manisa-sehzadeler-alaybey-satilik/daire/86276-1255,2025-12-03 17:31:32
TEVFİKİYE MAH.SATILIK 2+1 DAİRE,6.200.000 TL,Manisa,Yunusemre,Tevfikiye Mah.,Manisa / Yunusemre / Tevfikiye Mah.,2 + 1,94,2,2. Kat,4 Yaşında,Kombi,Yok,Var,Yok,-,Mülk Sahibi,Kat İrtifakı,Güney,etin,-,...,Hayır,Haritası,Hatırlatmaları,Eşyalı Değil,Satılık,158110-286,21-11-2025,https://www.hepsiemlak.com/manisa-yunusemre-tevfikiye-satilik/daire/158110-286,2025-12-03 17:31:54
CUMHURİYET MH HANIMELİ SOKAKTA KÖŞE HARİKA 2+1 SATILIK DAİRE !!!,3.500.000 TL,Manisa,Turgutlu,Cumhuriyet Mah.,Manisa / Turgutlu / Cumhuriyet Mah.,2 + 1,130,1,4. Kat,6 Yaşında,Kombi,Var,Yok,Yok,-,Boş,Kat Mülkiyeti,-,etin,-,...,Evet,Haritası,Hatırlatmaları,Eşyalı Değil,Satılık,161345-20,20-11-2025,https://www.hepsiemlak.com/manisa-turgutlu-cumhuriyet-satilik/daire/161345-20,2025-12-03 17:32:15
Şehzadeler Dilşikar mahallesi,3.900.000 TL,Manisa,Sehzadeler,Dilsikar Mah.,Manisa / Sehzadeler / Dilsikar Mah.,3 + 1,170,1,Giriş Katı,11 Yaşında,Kombi,Yok,Yok,Var,-,Mülk Sahibi,Kat Mülkiyeti,"Doğu, Batı",etin,-,...,Evet,Haritası,Hatırlatmaları,Eşyalı Değil,Satılık,161356-37,06-11-2025,https://www.hepsiemlak.com/manisa-sehzadeler-dilsikar-satilik/daire/161356-37,2025-12-03 17:33:03
Salihlide satılık daire,2.400.000 TL,Manisa,Salihli,Kocacesme Mah.,Manisa / Salihli / Kocacesme Mah.,2 + 1,85,1,4. Kat,6 Yaşında,Kombi,Yok,Var,Yok,İkinci El,Boş,Kat Mülkiyeti,Doğu,etin,150 TL,...,Hayır,Haritası,Hatırlatmaları,-,Satılık,57265-24,18-11-2025,https://www.hepsiemlak.com/manisa-salihli-kocacesme-satilik/daire/57265-24,2025-12-03 17:33:22
ERSOY GAYRİMENKUL'DEN SATILIK 3+1 AÇIK MUTFAK,3.200.000 TL,Manisa,Sehzadeler,Yarhasanlar Mah.,Manisa / Sehzadeler / Yarhasanlar Mah.,3 + 1,105,1,4. Kat,31 Yaşında,Kombi,Var,Var,Yok,-,Boş,Kat İrtifakı,"Güney, Batı",etin,-,...,Hayır,Haritası,Hatırlatmaları,Eşyalı Değil,Satılık,114523-422,24-11-2025,https://www.hepsiemlak.com/manisa-sehzadeler-yarhasanlar-satilik/daire/114523-422,2025-12-03 17:33:42
Merkezi konumda Mükkemmel 4+1,5.000.000 TL,Manisa,Akhisar,Haci Mah.,Manisa / Akhisar / Haci Mah.,4 + 1,165,2,2. Kat,11 Yaşında,Kombi,Yok,Var,Yok,-,Mülk Sahibi,Kat İrtifakı,-,etin,-,...,Evet,Haritası,Hatırlatmaları,-,Satılık,163472-21,29-11-2025,https://www.hepsiemlak.com/manisa-akhisar-haci-ishak-satilik/daire/163472-21,2025-12-03 17:34:01
NET 160 M2 HARİKA LOKASYON SARAY GİBİ EV,4.920.000 TL,Manisa,Turgutlu,Subasi Mah.,Manisa / Turgutlu / Subasi Mah.,3 + 1,175,1,2. Kat,13 Yaşında,Kombi,Yok,Yok,Yok,İkinci El,-,Kat Mülkiyeti,"Kuzey, Güney",etin,-,...,Hayır,Haritası,Hatırlatmaları,-,Satılık,131579-5,28-11-2025,https://www.hepsiemlak.com/manisa-turgutlu-subasi-satilik/daire/131579-5,2025-12-03 17:34:21
Manisa Şehzadeler Şehitler Mahallesi 3+1 5.Kat Asansörlü Ful Özellikli Satılık Daire,3.550.000 TL,Manisa,Sehzadeler,Sehitler Mah.,Manisa / Sehzadeler / Sehitler Mah.,3 + 1,130,1,5. Kat,15 Yaşında,Kombi,Var,Var,Yok,İkinci El,Boş,Kat Mülkiyeti,"Kuzey, Güney, Doğu, Batı",etin,-,...,Evet,Haritası,Hatırlatmaları,Eşyalı Değil,Satılık,95753-2069,19-11-2025,https://www.hepsiemlak.com/manisa-sehzadeler-sehitler-satilik/daire/95753-2069,2025-12-03 17:34:40
NOVA'DAN ERGENEKON MAH HAVUZLU SİTEDE SATILIK ÇATI DUBLEKSİ,11.450.000 TL,Manisa,Turgutlu,Ergenekon Mah.,Manisa / Turgutlu / Ergenekon Mah.,5 + 2,280,3,6. Kat,Sıfır Bina,Yerden Isıtma,Var,Var,Var,-,Boş,Kat İrtifakı,-,etin,-,...,Evet,İçerisinde,-,Eşyalı Değil,Satılık,123058-1805,21-11-2025,https://www.hepsiemlak.com/manisa-turgutlu-ergenekon-satilik/daire/123058-1805,2025-12-03 17:35:00
ESLİFE'DAN YEDİEYLÜL MAH. GENİŞ 3+1 DAİRE,2.450.000 TL,Manisa,Turgutlu,Yedi Mah.,Manisa / Turgutlu / Yedi Mah.,3 + 1,140,1,3. Kat,21 Yaşında,Isıtma Yok,Yok,Yok,Yok,-,Boş,Kat Mülkiyeti,"Doğu, Batı",etin,-,...,Evet,Haritası,Hatırlatmaları,Eşyalı Değil,Satılık,136231-47,29-11-2025,https://www.hepsiemlak.com/manisa-turgutlu-yedi-eylul-satilik/daire/136231-47,2025-12-03 17:35:19
Akhisar Cumhuriyet Mahallesi'nde 2+1 Satılık Daire,3.250.000 TL,Manisa,Akhisar,Cumhuriyet Mah.,Manisa / Akhisar / Cumhuriyet Mah.,2 + 1,115,1,5. Kat,4 Yaşında,Kombi,Yok,Var,Var,İkinci El,Boş,Kat İrtifakı,"Kuzey, Güney",etin,500 TL,...,Hayır,İçerisinde,Hatırlatmaları,Eşyalı Değil,Satılık,94137-1339,09-10-2025,https://www.hepsiemlak.com/manisa-akhisar-cumhuriyet-satilik/daire/94137-1339,2025-12-03 17:35:40
Subaşı Mahallesi 3+1,4.350.000 TL,Manisa,Turgutlu,Subasi Mah.,Manisa / Turgutlu / Subasi Mah.,3 + 1,140,1,3. Kat,Sıfır Bina,Kombi,Yok,Var,Var,-,Boş,Kat Mülkiyeti,-,etin,-,...,Hayır,Haritası,Hatırlatmaları,Eşyalı Değil,Satılık,164247-96,28-11-2025,https://www.hepsiemlak.com/manisa-turgutlu-subasi-satilik/daire/164247-96,2025-12-03 17:36:02
DİALOG ATA GAYRİMENKUL'DEN CUMHURİYET MH. HARİKA LOKASYON DAİRE,5.600.000 TL,Manisa,Turgutlu,Cumhuriyet Mah.,Manisa / Turgutlu / Cumhuriyet Mah.,3 + 1,125,1,2. Kat,Sıfır Bina,Kombi,Yok,Var,Yok,-,Boş,Kat Mülkiyeti,-,etin,-,...,Hayır,Haritası,Hatırlatmaları,Eşyalı Değil,Satılık,164259-2,01-12-2025,https://www.hepsiemlak.com/manisa-turgutlu-cumhuriyet-satilik/daire/164259-2,2025-12-03 17:36:47
BEFT GAYRİMENKUL DEN 1.ANAFARTALAR MH SATILIK BEYAZFİL KARŞISI FULL ASANSÖRLÜ 3+1 ARAKAT,8.500.000 TL,Manisa,Sehzadeler,1 Mah.,Manisa / Sehzadeler / 1 Mah.,3 + 1,170,1,Ara Kat,25 Yaşında,Kombi,Yok,Var,Yok,İkinci El,Boş,Kat İrtifakı,-,etin,-,...,Evet,Haritası,Hatırlatmaları,Eşyalı Değil,Satılık,162044-138,28-11-2025,https://www.hepsiemlak.com/manisa-sehzadeler-1-anafartalar-satilik/daire/162044-138,2025-12-03 17:37:10
Salihli Yörük Mh. Satılık Daire,"Fiyat
En Az
TL
En Çok
TL",Manisa,Salihli,Yoruk Mah.,Manisa / Salihli / Yoruk Mah.,-,-,Seçiniz,Kat Seçiniz,Bina Yaşı,Isınma Tipi Seçiniz,Var,Var,Var,-,Kullanım Durumu Seçiniz,Tapu Durumu Seçiniz,Cephe Seçiniz,etin,-,k,a Uygun,Tümü,-,Tümü,-,-,03-12-2025,https://www.hepsiemlak.com/manisa-salihli-yoruk-satilik/daire/158161-93,2025-12-03 17:37:35
MANİSA SALİHLİ SEYRAN TEPE MAHALLESİNDE İKİ KATLI MÜSTAKİL DAİRE,4.500.000 TL,Manisa,Salihli,Seyrantepe Mah.,Manisa / Salihli / Seyrantepe Mah.,2 + 1,105,1,-,25 Yaşında,Soba,Yok,Yok,Yok,İkinci El,Boş,Arsa,"Doğu, Batı",etin,-,...,-,Haritası,Hatırlatmaları,Eşyalı Değil,Satılık,138755-218,23-11-2025,https://www.hepsiemlak.com/manisa-salihli-seyrantepe-satilik/mustakil-ev/138755-218,2025-12-03 17:37:56
Akhisar Yatağan’da Satılık Köşe Müstakil Köy evi,1.750.000 TL,Manisa,Akhisar,Yatagan Mah.,Manisa / Akhisar / Yatagan Mah.,4 + 1,258,2,-,35 Yaşında,Soba,Yok,Yok,Yok,İkinci El,Boş,Müstakil Tapulu,"Kuzey, Güney, Doğu, Batı",etin,-,...,Evet,Haritası,Hatırlatmaları,Eşyalı Değil,Satılık,72047-1543,22-11-2025,https://www.hepsiemlak.com/manisa-akhisar-yatagan-satilik/mustakil-ev/72047-1543,2025-12-03 17:38:16
MERKEZEFENDİ MAH HASTANE CİVARI SATILIK 2+1 A.MUTFAKLI ZEMİN,3.675.000 TL,Manisa,Yunusemre,Merkez Mah.,Manisa / Yunusemre / Merkez Mah.,2 + 1,80,1,Yüksek Giriş,25 Yaşında,Kombi,Yok,Yok,Var,İkinci El,Boş,Kat İrtifakı,"Güney, Batı",etin,-,...,Evet,Haritası,Hatırlatmaları,Eşyalı Değil,Satılık,70124-4061,13-11-2025,https://www.hepsiemlak.com/manisa-yunusemre-merkez-efendi-satilik/daire/70124-4061,2025-12-03 17:38:34
MANİSA AKHİSAR SATILIK DAİRE,5.600.000 TL,Manisa,Akhisar,Resat Mah.,Manisa / Akhisar / Resat Mah.,3 + 1,190,2,4. Kat,Sıfır Bina,Yerden Isıtma,Yok,Yok,Yok,-,-,Kat İrtifakı,-,etin,-,...,Hayır,Haritası,Hatırlatmaları,Eşyalı Değil,Satılık,160589-30,01-12-2025,https://www.hepsiemlak.com/manisa-akhisar-resat-bey-satilik/daire/160589-30,2025-12-03 17:38:54
Muradiye Havuzlu Site Sıfır 1+1 Kampüse Yakın Yerden Isıtmalı,3.200.000 TL,Manisa,Yunusemre,Muradiye Mah.,Manisa / Yunusemre / Muradiye Mah.,1 + 1,50,1,2. Kat,Sıfır Bina,Kombi,Yok,Var,Yok,-,Boş,Kat İrtifakı,Doğu,etin,-,...,Hayır,Sıfır 1+1 Kampüse Yakın Yerden Isıtmalı,Hatırlatmaları,Eşyalı Değil,Satılık,162776-50,15-11-2025,https://www.hepsiemlak.com/manisa-yunusemre-muradiye-satilik/daire/162776-50,2025-12-03 17:39:14
ŞEHİTLER MAH. TOKİDE SATILIK ARAKAT DAİRE,2.650.000 TL,Manisa,Turgutlu,Sehitler Mah.,Manisa / Turgutlu / Sehitler Mah.,2 + 1,95,1,1. Kat,11 Yaşında,Kombi,Yok,Var,Yok,-,Boş,Kat Mülkiyeti,-,etin,-,...,Evet,İçerisinde,Hatırlatmaları,Eşyalı Değil,Satılık,154871-43,27-11-2025,https://www.hepsiemlak.com/manisa-turgutlu-sehitler-satilik/daire/154871-43,2025-12-03 17:39:37
SAHİBİNDEN MUSAL YAKINI YERDEN ISITMALI MASRAFSIZ FIRSAT DAIRE,3.700.000 TL,Manisa,Turgutlu,Selvilitepe Mah.,Manisa / Turgutlu / Selvilitepe Mah.,2 + 1,95,2,2. Kat,2 Yaşında,Yerden Isıtma,Var,Var,Yok,İkinci El,Mülk Sahibi,Kat Mülkiyeti,"Güney, Batı",etin,250 TL,...,Hayır,-,Hatırlatmaları,Eşyalı Değil,Satılık,0-45638762,01-12-2025,https://www.hepsiemlak.com/manisa-turgutlu-selvilitepe-satilik/daire/0-45638762,2025-12-03 17:39:57
Çınar İzmir'den Manisa Şehzadeler'de Site İçi Dubleks 6+1 Daire,11.500.000 TL,Manisa,Sehzadeler,2 Mah.,Manisa / Sehzadeler / 2 Mah.,6 + 1,310,2,4. Kat,6 Yaşında,Kombi,Var,Yok,Yok,-,Boş,Kat Mülkiyeti,"Kuzey, Güney, Doğu, Batı",etin,-,...,Evet,İçi Dubleks 6+1 Daire,Hatırlatmaları,Eşyalı Değil,Satılık,119979-1943,28-11-2025,https://www.hepsiemlak.com/manisa-sehzadeler-2-anafartalar-satilik/daire/119979-1943,2025-12-03 17:40:46
Turgutlu Cumhuriyet Caddesinde 3+1 Satılık Daire,3.100.000 TL,Manisa,Turgutlu,Cumhuriyet Mah.,Manisa / Turgutlu / Cumhuriyet Mah.,3 + 1,130,1,5. Kat,31 Yaşında,Kombi,Var,Yok,Var,-,Mülk Sahibi,Kat İrtifakı,"Doğu, Batı",etin,100 TL,...,Hayır,Haritası,Hatırlatmaları,Eşyalı Değil,Satılık,142226-21,20-11-2025,https://www.hepsiemlak.com/manisa-turgutlu-cumhuriyet-satilik/daire/142226-21,2025-12-03 17:41:06
TURPA'DAN TURAN MH. SATILIK 3+1 ZEMİN ÜSTÜ TERASLI FIRSAT DAİRE,3.100.000 TL,Manisa,Turgutlu,Turan Mah.,Manisa / Turgutlu / Turan Mah.,3 + 1,160,1,2. Kat,13 Yaşında,Kombi,Yok,Yok,Yok,İkinci El,Kiracılı,Kat Mülkiyeti,-,etin,-,...,Hayır,Haritası,Hatırlatmaları,Eşyalı Değil,Satılık,144722-291,19-11-2025,https://www.hepsiemlak.com/manisa-turgutlu-turan-satilik/daire/144722-291,2025-12-03 17:41:25
ÖZ DOST EMLAKTAN MURADİYEDE SATILIK TERASLI DUBLEX,5.450.000 TL,Manisa,Yunusemre,Muradiye Mah.,Manisa / Yunusemre / Muradiye Mah.,5 + 1,250,2,5. Kat,6 Yaşında,Kombi,Var,Yok,Yok,-,Boş,Kat İrtifakı,-,etin,-,...,Hayır,Haritası,Hatırlatmaları,Eşyalı Değil,Satılık,137460-97,15-11-2025,https://www.hepsiemlak.com/manisa-yunusemre-muradiye-satilik/daire/137460-97,2025-12-03 17:41:48
ÇINAR GAYRİMENKULDEN MANİSA'NIN TEVFİKİYE MAH. SATILIK DAİRE,4.200.000 TL,Manisa,Yunusemre,Tevfikiye Mah.,Manisa / Yunusemre / Tevfikiye Mah.,3 + 1,130,1,3. Kat,21 Yaşında,Kombi,Var,Var,Var,-,Boş,Kat İrtifakı,-,etin,-,...,Hayır,Haritası,Hatırlatmaları,Eşyalı Değil,Satılık,158829-42,04-11-2025,https://www.hepsiemlak.com/manisa-yunusemre-tevfikiye-satilik/daire/158829-42,2025-12-03 17:42:09
TURGUTLU SEVİLTEPE MAH. SATILIK 2+1 YENİ DAİRE DOĞALGAZLI,2.750.000 TL,Manisa,Turgutlu,Selvilitepe Mah.,Manisa / Turgutlu / Selvilitepe Mah.,2 + 1,100,1,Zemin,Sıfır Bina,Kombi,Var,Yok,Var,-,Boş — hemen taşınılabilir!,Kat İrtifakı,"Kuzey, Batı",etin,100 TL,...,Evet,"sakin, aile yaşamına uygun",Hatırlatmaları,Eşyalı Değil,Satılık,141008-202,25-10-2025,https://www.hepsiemlak.com/manisa-turgutlu-selvilitepe-satilik/daire/141008-202,2025-12-03 17:42:29
MURADİYE 'DE SATILIK 4+1 GENİŞ DUBLEKS,4.250.000 TL,Manisa,Yunusemre,Muradiye Mah.,Manisa / Yunusemre / Muradiye Mah.,4 + 1,240,2,3. Kat,6 Yaşında,Kombi,Yok,Var,Yok,-,Boş,Kat Mülkiyeti,-,etin,-,...,Evet,Haritası,Hatırlatmaları,Eşyalı Değil,Satılık,163401-4,20-11-2025,https://www.hepsiemlak.com/manisa-yunusemre-muradiye-satilik/daire/163401-4,2025-12-03 17:42:49
Geniş 1+1 Daire | Villalar Bölgesi | OSB ve Üniversite Yakını,3.725.000 TL,Manisa,Yunusemre,Muradiye Mah.,Manisa / Yunusemre / Muradiye Mah.,1 + 1,65,1,2. Kat,10 Yaşında,Kombi,Var,Var,Var,İkinci El,Boş,Kat İrtifakı,"Kuzey, Güney",etin,1.500 TL,...,Hayır,İçerisinde,-,Eşyalı Değil,Satılık,0-45460285,10-11-2025,https://www.hepsiemlak.com/manisa-yunusemre-muradiye-satilik/daire/0-45460285,2025-12-03 17:43:10
HÜRRİYET MAHALLESİNDE MODERN DİZAYN 5+1 DUBLEKS,7.500.000 TL,Manisa,Akhisar,Hurriyet Mah.,Manisa / Akhisar / Hurriyet Mah.,5 + 1,280,3,3. Kat,Sıfır Bina,Kombi,Yok,Var,Var,-,Boş,Kat Mülkiyeti,"Kuzey, Güney, Doğu, Batı",etin,100 TL,...,Evet,Haritası,Hatırlatmaları,Eşyalı Değil,Satılık,160594-40,20-11-2025,https://www.hepsiemlak.com/manisa-akhisar-hurriyet-satilik/daire/160594-40,2025-12-03 17:43:32
AYNI ALİ MAH ASANSÖRLÜ CADDE ÜZERİ GÜZEL BİR DAİRE,3.790.000 TL,Manisa,Yunusemre,Ayni Mah.,Manisa / Yunusemre / Ayni Mah.,2 + 1,105,1,6. Kat,26 Yaşında,Kombi,Yok,Var,Yok,-,Boş,Müstakil Tapulu,-,etin,200 TL,...,Evet,Haritası,Hatırlatmaları,Eşyalı Değil,Satılık,162591-13,25-11-2025,https://www.hepsiemlak.com/manisa-yunusemre-ayni-ali-satilik/daire/162591-13,2025-12-03 17:43:53
RainBow Muradiye Projesi O daireler,4.125.000 TL,Manisa,Yunusemre,Muradiye Mah.,Manisa / Yunusemre / Muradiye Mah.,-,-,-,-,-,-,Yok,Yok,Yok,-,-,-,-,etin,-,-,-,Haritası,-,-,-,152909-39,06-10-2025,https://www.hepsiemlak.com/manisa-yunusemre-muradiye-satilik/daire/152909-39,2025-12-03 17:44:36
SALİHLİ ADALA'DA SATILIK KOMPLE TADİLATLI 5+1 TRİPLEKS VİLLA,5.350.000 TL,Manisa,Salihli,Adala Mah.,Manisa / Salihli / Adala Mah.,4 + 1,325,3,-,20 Yaşında,Kat Kaloriferi,Var,Yok,Yok,İkinci El,Mülk Sahibi,Kat Mülkiyeti,-,etin,-,...,Evet,Haritası,Hatırlatmaları,-,Satılık,46975-1830,21-11-2025,https://www.hepsiemlak.com/manisa-salihli-adala-satilik/villa/46975-1830,2025-12-03 17:44:56
GÜRGİN EMLAK TAN SATILIK CUMHURİYET MH DE 4. KAT FULL TADİLATLI DAİRE,3.700.000 TL,Manisa,Turgutlu,Cumhuriyet Mah.,Manisa / Turgutlu / Cumhuriyet Mah.,3 + 1,150,1,4. Kat,27 Yaşında,Kombi,Yok,Yok,Yok,İkinci El,Boş,Kat İrtifakı,"Doğu, Batı",etin,-,...,Evet,Haritası,Hatırlatmaları,Eşyalı Değil,Satılık,63550-46,07-11-2025,https://www.hepsiemlak.com/manisa-turgutlu-cumhuriyet-satilik/daire/63550-46,2025-12-03 17:45:16
TURYAP CENTER 'DAN EŞŞİZ MANZARALI DAĞ EVİ,15.000.000 TL,Manisa,Yunusemre,Turgutalp Mah.,Manisa / Yunusemre / Turgutalp Mah.,4 + 1,3,1,Bahçe Katı,6 Yaşında,Soba,Var,Yok,Yok,-,Boş,Müstakil Tapulu,Kuzey,etin,-,...,Hayır,Haritası,Hatırlatmaları,Eşyalı Değil,Satılık,158110-279,21-11-2025,https://www.hepsiemlak.com/manisa-yunusemre-turgutalp-satilik/mustakil-ev/158110-279,2025-12-03 17:45:36
EFENDİ MAH. TUR YOLA SIFIR SATILIK 3+1 DAİRE,4.150.000 TL,Manisa,Akhisar,Efendi Mah.,Manisa / Akhisar / Efendi Mah.,3 + 1,145,2,7. Kat,Sıfır Bina,Kombi,Yok,Var,Var,-,Boş,Kat İrtifakı,"Kuzey, Doğu",etin,-,...,Hayır,İçerisinde,Hatırlatmaları,Eşyalı Değil,Satılık,163257-33,21-11-2025,https://www.hepsiemlak.com/manisa-akhisar-efendi-satilik/daire/163257-33,2025-12-03 17:46:01
MURADİYE MAHALLESİNDE 2+1 ARAKAT SATILIK DAİRE,3.100.000 TL,Manisa,Yunusemre,Guzelyurt Mah.,Manisa / Yunusemre / Guzelyurt Mah.,2 + 1,84,1,2. Kat,4 Yaşında,Kombi,Yok,Yok,Var,-,Boş,Kat Mülkiyeti,Güney,etin,-,...,Hayır,Haritası,Hatırlatmaları,Eşyalı Değil,Satılık,163565-112,21-11-2025,https://www.hepsiemlak.com/manisa-yunusemre-guzelyurt-satilik/daire/163565-112,2025-12-03 17:46:21
FİT GAYRİMENKUL'DEN 2+1 SATILIK DAİRE,3.100.000 TL,Manisa,Saruhanli,Ataturk Mah.,Manisa / Saruhanli / Ataturk Mah.,2 + 1,115,1,3. Kat,6 Yaşında,Kombi,Yok,Var,Yok,-,Boş,Kat İrtifakı,-,etin,-,...,Hayır,Haritası,Hatırlatmaları,-,Satılık,163843-24,19-11-2025,https://www.hepsiemlak.com/manisa-saruhanli-ataturk-satilik/daire/163843-24,2025-12-03 17:46:44
YENİMAHALLEDE EMSALSİZ (5+2) 280 m2 SATILIK DUBLEKS DAİRE !!!,10.250.000 TL,Manisa,Turgutlu,Yeni Mah.,Manisa / Turgutlu / Yeni Mah.,5 + 2,280,2,4. Kat,Sıfır Bina,Kombi,Yok,Var,Var,-,Boş,Kat Mülkiyeti,-,etin,-,...,Evet,Haritası,Hatırlatmaları,Eşyalı Değil,Satılık,161345-18,14-11-2025,https://www.hepsiemlak.com/manisa-turgutlu-yeni-satilik/daire/161345-18,2025-12-03 17:47:03
75.yıl Mahallesi,13.500.000 TL,Manisa,Yunusemre,75 Mah.,Manisa / Yunusemre / 75 Mah.,5 + 1,235,3,Villa Katı,16 Yaşında,Kombi,Yok,Yok,Var,-,Boş,Kat Mülkiyeti,Batı,etin,-,...,Evet,İçerisinde,Hatırlatmaları,Eşyalı Değil,Satılık,161356-36,04-11-2025,https://www.hepsiemlak.com/manisa-yunusemre-75-yil-satilik/daire/161356-36,2025-12-03 17:47:24
MANİSA SARIALAN KÖY İÇİNDE SATILIK MÜSTAKİL KERPİÇ EV,1.275.000 TL,Manisa,Sehzadeler,Sarialan Mah.,Manisa / Sehzadeler / Sarialan Mah.,2 + 0,90,-,-,30 Yaşında,Soba,Yok,Yok,Yok,İkinci El,Boş,Müstakil Tapulu,"Kuzey, Güney",etin,-,...,Evet,Haritası,Hatırlatmaları,Eşyalı Değil,Satılık,104090-24,14-11-2025,https://www.hepsiemlak.com/manisa-sehzadeler-sarialan-satilik/mustakil-ev/104090-24,2025-12-03 17:47:43
REAL DEN SATILIK 3+1 İÇİ YAPILI DAİRE,4.000.000 TL,Manisa,Sehzadeler,Utku Mah.,Manisa / Sehzadeler / Utku Mah.,3 + 1,160,1,2. Kat,26 Yaşında,Kombi,Yok,Var,Yok,-,Kiracılı,Kat Mülkiyeti,Güney,etin,100 TL,...,Hayır,Haritası,Hatırlatmaları,Eşyalı Değil,Satılık,17068-1369,15-11-2025,https://www.hepsiemlak.com/manisa-sehzadeler-utku-satilik/daire/17068-1369,2025-12-03 17:49:34
DE&MA EMLAK’TAN MASAL ORMANI PARKI CİVARI 2+1 DAİRE,3.200.000 TL,Manisa,Salihli,Kurtulus Mah.,Manisa / Salihli / Kurtulus Mah.,2 + 1,88,1,Zemin,7 Yaşında,Doğalgaz Sobası,Yok,Yok,Var,İkinci El,Mülk Sahibi,Kat İrtifakı,-,etin,-,...,-,Haritası,Hatırlatmaları,Eşyalı Değil,Satılık,152193-97,27-11-2025,https://www.hepsiemlak.com/manisa-salihli-kurtulus-satilik/daire/152193-97,2025-12-03 17:49:54
Ragıpbeyde AsansörlüOtoparklı 3+1 Sıfır Daire Fırsatı,5.750.000 TL,Manisa,Akhisar,Ragip Mah.,Manisa / Akhisar / Ragip Mah.,3 + 1,135,2,1. Kat,Sıfır Bina,Kombi,Yok,Var,Var,-,Boş,Kat İrtifakı,"Kuzey, Güney",etin,-,...,Hayır,de Satılık 3+1 Daire,Hatırlatmaları,Eşyalı Değil,Satılık,86919-640,20-11-2025,https://www.hepsiemlak.com/manisa-akhisar-ragip-bey-satilik/daire/86919-640,2025-12-03 17:50:17
Akdeniz Emlak'tan Satılık Yunus Emre İlç Kuyu Alanı Mah 2+1 Daire,3.350.000 TL,Manisa,Yunusemre,Kuyualan Mah.,Manisa / Yunusemre / Kuyualan Mah.,2 + 1,95,-,En Üst Kat,8 Yaşında,Kombi,Var,Var,Yok,İkinci El,Boş,Kat Mülkiyeti,Güney,etin,-,...,Hayır,İçerisinde Satılık Arakat Daire,Hatırlatmaları,-,Satılık,22228-10992,20-11-2025,https://www.hepsiemlak.com/manisa-yunusemre-kuyualan-satilik/daire/22228-10992,2025-12-03 17:50:34
Manisa Şehzadeler Adakale Mah. 3+1 140m² Satılık Daire,3.550.000 TL,Manisa,Sehzadeler,Adakale Mah.,Manisa / Sehzadeler / Adakale Mah.,3 + 1,140,1,Yüksek Giriş,25 Yaşında,Kombi,Var,Yok,Yok,İkinci El,Boş,Kat Mülkiyeti,"Doğu, Batı",etin,-,...,-,Haritası,Hatırlatmaları,Eşyalı Değil,Satılık,95753-2105,25-11-2025,https://www.hepsiemlak.com/manisa-sehzadeler-adakale-satilik/daire/95753-2105,2025-12-03 17:50:54
VİLLA BÖLGESİNDE İN MODA SİTESİNDE TERASLI BAHÇELİ SATILIK 1+1,4.550.000 TL,Manisa,Yunusemre,Muradiye Mah.,Manisa / Yunusemre / Muradiye Mah.,-,-,-,-,-,-,Yok,Yok,Yok,-,-,-,-,etin,-,-,-,Haritası,-,-,-,162470-16,01-12-2025,https://www.hepsiemlak.com/manisa-yunusemre-muradiye-satilik/daire/162470-16,2025-12-03 17:51:20
Ergenekon Mahallesi,4.700.000 TL,Manisa,Turgutlu,Ergenekon Mah.,Manisa / Turgutlu / Ergenekon Mah.,3 + 1,125,1,4. Kat,3 Yaşında,Kombi,Yok,Var,Var,-,Boş,Kat Mülkiyeti,-,etin,-,...,Hayır,Haritası,Hatırlatmaları,Eşyalı Değil,Satılık,164247-94,27-11-2025,https://www.hepsiemlak.com/manisa-turgutlu-ergenekon-satilik/daire/164247-94,2025-12-03 17:51:40
BEFT GAYRİMENKULDEN HAFSA SULTAN MH SATILIK FULL ARAKAT,5.200.000 TL,Manisa,Yunusemre,Hafsa Mah.,Manisa / Yunusemre / Hafsa Mah.,2 + 1,100,1,6. Kat,27 Yaşında,Kombi,Yok,Var,Yok,İkinci El,Boş,Kat İrtifakı,-,etin,-,...,Evet,Haritası,Hatırlatmaları,Eşyalı Değil,Satılık,162044-135,29-11-2025,https://www.hepsiemlak.com/manisa-yunusemre-hafsa-sultan-satilik/daire/162044-135,2025-12-03 17:52:04
Akhisar Hürriyet Mahallesi'nde 2+2 Satılık Dubleks Daire,4.950.000 TL,Manisa,Akhisar,Hurriyet Mah.,Manisa / Akhisar / Hurriyet Mah.,2 + 2,220,2,4. Kat,5 Yaşında,Kombi,Var,Var,Var,İkinci El,Mülk Sahibi,Kat İrtifakı,Güney,etin,-,...,Hayır,Haritası,Hatırlatmaları,Eşyalı Değil,Satılık,94137-1352,30-10-2025,https://www.hepsiemlak.com/manisa-akhisar-hurriyet-satilik/daire/94137-1352,2025-12-03 17:52:26
BARAKA GAYRİMENKUL’DEN YENİ MAHALLEDE YATIRIMLIK FIRSAT DAİRE,3.300.000 TL,Manisa,Yunusemre,Yeni Mah.,Manisa / Yunusemre / Yeni Mah.,1 + 1,60,1,Yüksek Giriş,3 Yaşında,Kombi,Var,Var,Var,İkinci El,Boş,Kat Mülkiyeti,Doğu,etin,-,...,Evet,İçerisinde,Hatırlatmaları,Eşyalı Değil,Satılık,74020-937,05-10-2025,https://www.hepsiemlak.com/manisa-yunusemre-yeni-mahalle-satilik/daire/74020-937,2025-12-03 17:52:48
ATLAS GAYRİMENKULDEN AHMETLİ GÖKKAYA'DA ANAYOLA SIFIR EV VE ARSA,2.950.000 TL,Manisa,Ahmetli,Gokkaya Mah.,Manisa / Ahmetli / Gokkaya Mah.,3 + 1,250,1,Bahçe Katı,31 Yaşında,Soba,Yok,Yok,Yok,-,Boş,Müstakil Tapulu,-,etin,-,...,Hayır,Haritası,Hatırlatmaları,Eşyalı Değil,Satılık,156738-63,19-11-2025,https://www.hepsiemlak.com/manisa-ahmetli-gokkaya-satilik/mustakil-ev/156738-63,2025-12-03 17:53:37
TURGUTLU CUMHURİYET MH DE SATILIK GENİŞ DAİRE,5.950.000 TL,Manisa,Turgutlu,Cumhuriyet Mah.,Manisa / Turgutlu / Cumhuriyet Mah.,3 + 1,150,1,En Üst Kat,13 Yaşında,Kombi,Var,Var,Var,-,-,Kat Mülkiyeti,-,etin,-,...,-,sinde Satılık Arakat 3+1 Daire,Hatırlatmaları,-,Satılık,141766-286,03-12-2025,https://www.hepsiemlak.com/manisa-turgutlu-cumhuriyet-satilik/daire/141766-286,2025-12-03 17:54:03
ZAMBAK GAYRİMENKUL,4.200.000 TL,Manisa,Akhisar,Ulu Mah.,Manisa / Akhisar / Ulu Mah.,3 + 1,130,1,2. Kat,Sıfır Bina,Yerden Isıtma,Yok,Yok,Yok,-,-,Kat Mülkiyeti,-,etin,-,...,Evet,Haritası,Hatırlatmaları,Eşyalı Değil,Satılık,160589-29,20-11-2025,https://www.hepsiemlak.com/manisa-akhisar-ulu-camii-satilik/daire/160589-29,2025-12-03 17:54:26
TURPADAN ERGENEKON MH. GOLD CİTY SATILIK 3+1 FIRSAT DAİRE,7.650.000 TL,Manisa,Turgutlu,Ergenekon Mah.,Manisa / Turgutlu / Ergenekon Mah.,3 + 1,165,2,5. Kat,2 Yaşında,Yerden Isıtma,Var,Yok,Var,İkinci El,Boş,Kat İrtifakı,-,etin,-,...,Evet,Haritası,görevlisi vardır.,Eşyalı Değil,Satılık,144722-285,20-11-2025,https://www.hepsiemlak.com/manisa-turgutlu-ergenekon-satilik/daire/144722-285,2025-12-03 17:54:47
MANİSA KARAALİ 2 KATLI HAVUZLU VİLLA 3+1,15.000.000 TL,Manisa,Yunusemre,Karaali Mah.,Manisa / Yunusemre / Karaali Mah.,3 + 1,220,2,Villa Katı,Sıfır Bina,Yerden Isıtma,Yok,Yok,Var,-,Boş,Kat Mülkiyeti,-,etin,-,...,Evet,-,Hatırlatmaları,Eşyalı Değil,Satılık,162754-32,10-11-2025,https://www.hepsiemlak.com/manisa-yunusemre-karaali-satilik/daire/162754-32,2025-12-03 17:55:07
ÖZ DOST EMLAKTAN MURADİYEDE SATILIK 3+1 DAİRE,4.999.999 TL,Manisa,Yunusemre,Muradiye Mah.,Manisa / Yunusemre / Muradiye Mah.,3 + 1,130,1,2. Kat,Sıfır Bina,Kombi,Yok,Yok,Yok,-,Boş,Kat İrtifakı,-,etin,-,...,Evet,Haritası,Hatırlatmaları,Eşyalı Değil,Satılık,137460-96,15-11-2025,https://www.hepsiemlak.com/manisa-yunusemre-muradiye-satilik/daire/137460-96,2025-12-03 17:55:32
Seyitahmet Mahallesi en canlı ve değer kazanan bölgesi!,3.870.000 TL,Manisa,Akhisar,Seyit Mah.,Manisa / Akhisar / Seyit Mah.,3 + 1,130,1,1. Kat,Sıfır Bina,Yerden Isıtma,Var,Yok,Yok,-,Boş,Kat Mülkiyeti,-,etin,-,...,Hayır,Haritası,Hatırlatmaları,Eşyalı Değil,Satılık,162211-37,03-12-2025,https://www.hepsiemlak.com/manisa-akhisar-seyit-ahmet-satilik/daire/162211-37,2025-12-03 17:55:59
PEKERDE SATILIK DUBLEKS 5+2,5.500.000 TL,Manisa,Sehzadeler,Peker Mah.,Manisa / Sehzadeler / Peker Mah.,5 + 2,250,2,5. Kat,21 Yaşında,Kombi,Yok,Yok,Yok,-,Mülk Sahibi,Kat Mülkiyeti,-,etin,100 TL,...,Evet,Haritası,Hatırlatmaları,Eşyalı Değil,Satılık,163779-23,01-12-2025,https://www.hepsiemlak.com/manisa-sehzadeler-peker-satilik/daire/163779-23,2025-12-03 17:56:18
EMRAH EMLAKTAN ATATÜRK MAHALLESİNDE SATILIK DAİRE,4.000.000 TL,Manisa,Akhisar,Ataturk Mah.,Manisa / Akhisar / Ataturk Mah.,3 + 1,145,2,1. Kat,11 Yaşında,Kombi,Yok,Yok,Var,-,Mülk Sahibi,Kat Mülkiyeti,Doğu,etin,-,...,Hayır,Haritası,Hatırlatmaları,-,Satılık,141484-24,19-11-2025,https://www.hepsiemlak.com/manisa-akhisar-ataturk-satilik/daire/141484-24,2025-12-03 17:56:43
Salihli Cin Emlak'tan Seyrantepe Mah Satılık 3+1 145 m2 Doğalgazlı Daire,2.700.000 TL,Manisa,Salihli,Seyrantepe Mah.,Manisa / Salihli / Seyrantepe Mah.,3 + 1,145,1,2. Kat,25 Yaşında,Kombi,Yok,Var,Yok,İkinci El,Boş,Kat İrtifakı,Kuzey – Güney Cepheli,etin,-,...,Hayır,içerisinde 5 nci kat Satılık Daire,Hatırlatmaları,Eşyalı Değil,Satılık,37897-2562,01-11-2025,https://www.hepsiemlak.com/manisa-salihli-seyrantepe-satilik/daire/37897-2562,2025-12-03 17:57:05
BEYAZ GAYRİMENKULDEN ÇAM KÖYDE 1.125 m2 SÜPER YAZLIK,6.150.000 TL,Manisa,Sehzadeler,Camkoy Mah.,Manisa / Sehzadeler / Camkoy Mah.,4 + 1,1,2,Villa Katı,2 Yaşında,Soba,Yok,Yok,Yok,İkinci El,Mülk Sahibi,Müstakil Tapulu,"Kuzey, Güney, Doğu, Batı",etin,1 TL,...,Evet,Haritası,Hatırlatmaları,Eşyalı Değil,Satılık,119915-541,19-11-2025,https://www.hepsiemlak.com/manisa-sehzadeler-camkoy-satilik/yazlik/119915-541,2025-12-03 17:57:51
MANİSA YUNUSEMRE SARMA KÖYÜN'DE SATILIK 4+1 MÜSTAKİL EV,7.950.000 TL,Manisa,Yunusemre,Sarma Mah.,Manisa / Yunusemre / Sarma Mah.,4 + 1,160,5,-,4 Yaşında,Kombi,Yok,Yok,Yok,-,Mülk Sahibi,Kat Mülkiyeti,"Kuzey, Güney, Doğu, Batı",etin,-,...,Evet,Haritası,Hatırlatmaları,Eşyalı Değil,Satılık,160489-15,24-10-2025,https://www.hepsiemlak.com/manisa-yunusemre-sarma-satilik/mustakil-ev/160489-15,2025-12-03 17:58:15
DNC GAYRİMENKUL'DEN ESKİHİSAR KÖYÜNDE TERMALLER BÖLGESİNDE FIRSAT SATILIK EV,350.000 TL,Manisa,Demirci,Eskihisar Mah.,Manisa / Demirci / Eskihisar Mah.,2 + 1,80,1,-,1 Yaşında,Isıtma Yok,Yok,Yok,Yok,-,-,Kat Mülkiyeti,-,etin,-,...,Evet,Haritası,Hatırlatmaları,-,Satılık,142677-310,19-11-2025,https://www.hepsiemlak.com/manisa-demirci-eskihisar-satilik/mustakil-ev/142677-310,2025-12-03 17:58:36
TURYAP'TAN MANİSA LALAPAŞA MAH. 5+2 DUBLEX DAİRE,6.400.000 TL,Manisa,Yunusemre,Lalapasa Mah.,Manisa / Yunusemre / Lalapasa Mah.,5 + 2,260,2,4. Kat,11 Yaşında,Kombi,Yok,Var,Yok,-,Mülk Sahibi,Kat İrtifakı,"Doğu, Batı",etin,-,...,Hayır,Haritası,Hatırlatmaları,Eşyalı Değil,Satılık,158110-277,21-11-2025,https://www.hepsiemlak.com/manisa-yunusemre-lalapasa-satilik/daire/158110-277,2025-12-03 17:58:58
MURADİYE MAHALLESİNDE 3+1 CEPHESİ AÇIK SATILIK DAİRE,4.400.000 TL,Manisa,Yunusemre,Muradiye Mah.,Manisa / Yunusemre / Muradiye Mah.,3 + 1,145,1,4. Kat,6 Yaşında,Kombi,Yok,Var,Var,-,Kiracılı,Kat İrtifakı,Doğu,etin,-,...,Hayır,Haritası,Hatırlatmaları,Eşyalı Değil,Satılık,163565-111,20-11-2025,https://www.hepsiemlak.com/manisa-yunusemre-muradiye-satilik/daire/163565-111,2025-12-03 17:59:19
MANİSA YUNUSEMRE MERKEZDE SATILIK 165 M2 3+1 DAİRE,8.750.000 TL,Manisa,Yunusemre,Ayni Mah.,Manisa / Yunusemre / Ayni Mah.,3 + 1,165,2,1. Kat,3 Yaşında,Kombi,Var,Var,Yok,-,Boş,Kat İrtifakı,"Doğu, Batı",etin,-,...,Hayır,Haritası,Hatırlatmaları,Eşyalı Değil,Satılık,163257-31,21-11-2025,https://www.hepsiemlak.com/manisa-yunusemre-ayni-ali-satilik/daire/163257-31,2025-12-03 17:59:38
FİT GAYRİMENKUL'DEN 2+1 SATILIK DAİRE,3.250.000 TL,Manisa,Saruhanli,Ataturk Mah.,Manisa / Saruhanli / Ataturk Mah.,2 + 1,110,1,2. Kat,Sıfır Bina,Kombi,Yok,Var,Var,-,Boş,Kat İrtifakı,-,etin,-,...,Evet,Haritası,Hatırlatmaları,Eşyalı Değil,Satılık,163843-23,19-11-2025,https://www.hepsiemlak.com/manisa-saruhanli-ataturk-satilik/daire/163843-23,2025-12-03 18:00:01
CUMHURİYET MAHALLESİNDE 172 m2 ULTRA LÜKS SATILIK DAİRELER !!!,7.750.000 TL,Manisa,Turgutlu,Cumhuriyet Mah.,Manisa / Turgutlu / Cumhuriyet Mah.,3 + 1,180,2,2. Kat,1 Yaşında,Kombi,Yok,Var,Var,-,Boş,Kat Mülkiyeti,-,etin,-,...,Hayır,Haritası,Hatırlatmaları,Eşyalı Değil,Satılık,161345-14,17-11-2025,https://www.hepsiemlak.com/manisa-turgutlu-cumhuriyet-satilik/daire/161345-14,2025-12-03 18:00:21
Yunusemre Horozköy de Dubleks,6.300.000 TL,Manisa,Yunusemre,Ataturk Mah.,Manisa / Yunusemre / Ataturk Mah.,4 + 1,200,2,4. Kat,5 Yaşında,Doğalgaz Sobası,Yok,Yok,Var,-,Mülk Sahibi,Kat Mülkiyeti,-,etin,-,...,Hayır,Haritası,Hatırlatmaları,Eşyalı Değil,Satılık,161356-34,03-12-2025,https://www.hepsiemlak.com/manisa-yunusemre-ataturk-satilik/daire/161356-34,2025-12-03 18:00:39
MURADİYE MAHALLESİNDE SATILIK 3+1 GENİŞ DAİRE,5.650.000 TL,Manisa,Yunusemre,Muradiye Mah.,Manisa / Yunusemre / Muradiye Mah.,3 + 1,136,2,1. Kat,4 Yaşında,Kombi,Var,Var,Yok,İkinci El,Kiracılı,Kat İrtifakı,"Kuzey, Doğu",etin,-,...,Evet,içi,Hatırlatmaları,Eşyalı Değil,Satılık,104090-13,05-11-2025,https://www.hepsiemlak.com/manisa-yunusemre-muradiye-satilik/daire/104090-13,2025-12-03 18:01:04
HAFSA SULTAN MAHALLESİNDE 2+1 KAPALI MUTFAK GENİŞ SATILIK DAİRE,5.750.000 TL,Manisa,Yunusemre,Hafsa Mah.,Manisa / Yunusemre / Hafsa Mah.,2 + 1,110,2,3. Kat,11 Yaşında,Kombi,Var,Var,Var,-,Kiracılı,Kat Mülkiyeti,Batı,etin,-,...,Hayır,Haritası,Hatırlatmaları,Eşyalı Değil,Satılık,94966-803,14-11-2025,https://www.hepsiemlak.com/manisa-yunusemre-hafsa-sultan-satilik/daire/94966-803,2025-12-03 18:01:45
SİNAN EMLAK'TAN YEDİEYLÜL MAHALLESİNDE BAHÇELİ YÜKSEK ZEMİN KAT DAİRE,4.150.000 TL,Manisa,Turgutlu,Yedi Mah.,Manisa / Turgutlu / Yedi Mah.,3 + 1,265,1,Yüksek Giriş,20 Yaşında,Kombi,Yok,Var,Var,İkinci El,Mülk Sahibi,Kat İrtifakı,Batı,etin,1 TL,...,Hayır,Haritası,Hatırlatmaları,Eşyalı Değil,Satılık,159995-62,14-10-2025,https://www.hepsiemlak.com/manisa-turgutlu-yedi-eylul-satilik/daire/159995-62,2025-12-03 18:02:08
DE&MA EMLAK'TAN ESKİ CAMİ MAH EŞYALI 1+1 EŞYALI FIRSAT DAİRE,2.350.000 TL,Manisa,Salihli,Eski Mah.,Manisa / Salihli / Eski Mah.,1 + 1,54,1,Kot 3,2 Yaşında,Klima,Yok,Var,Yok,İkinci El,Belirtilmemiş,Kat İrtifakı,-,etin,1 TL,...,Hayır,Haritası,Hatırlatmaları,Eşyalı,Satılık,152193-86,28-11-2025,https://www.hepsiemlak.com/manisa-salihli-eski-cami-satilik/daire/152193-86,2025-12-03 18:02:29
ATATÜRK BULVARI YANI SATILIK 100 M2 FUL EŞYALI DAİRE,3.200.000 TL,Manisa,Turgutlu,Albayrak Mah.,Manisa / Turgutlu / Albayrak Mah.,2 + 1,120,1,En Üst Kat,20 Yaşında,Kombi,Yok,Yok,Yok,İkinci El,Boş,-,Doğu,etin,-,...,Hayır,sinde 2+1 Satılık Köşe Daire,Hatırlatmaları,Eşyalı,Satılık,48336-228,01-12-2025,https://www.hepsiemlak.com/manisa-turgutlu-albayrak-satilik/daire/48336-228,2025-12-03 18:02:50
"REAL,den SATILIK UNCU BOZKÖYDE İYİ KONUMDA 3+1 BÜYÜK DAİRE",6.350.000 TL,Manisa,Yunusemre,Uncubozkoy Mah.,Manisa / Yunusemre / Uncubozkoy Mah.,3 + 1,160,1,2. Kat,26 Yaşında,Kombi,Var,Var,Yok,-,Boş,Kat İrtifakı,"Kuzey, Güney, Doğu",etin,-,...,Hayır,Haritası,Hatırlatmaları,Eşyalı Değil,Satılık,17068-1399,26-11-2025,https://www.hepsiemlak.com/manisa-yunusemre-uncubozkoy-satilik/daire/17068-1399,2025-12-03 18:03:12
Manisa Yunusemre 50.Yıl Mah. Fırsat 1+1 Yatırıma Uygun Daire,2.500.000 TL,Manisa,Yunusemre,50 Mah.,Manisa / Yunusemre / 50 Mah.,1 + 1,50,1,Yüksek Giriş,2 Yaşında,Kombi,Yok,Yok,Yok,İkinci El,Boş,Kat Mülkiyeti,"Kuzey, Güney, Doğu, Batı",etin,200 TL,...,Hayır,Haritası,Hatırlatmaları,Eşyalı Değil,Satılık,95753-2079,15-11-2025,https://www.hepsiemlak.com/manisa-yunusemre-50-yil-satilik/daire/95753-2079,2025-12-03 18:03:32
SATILIK BARBAROSDA 3+1DAİRE,3.400.000 TL,Manisa,Yunusemre,Barbaros Mah.,Manisa / Yunusemre / Barbaros Mah.,3 + 1,120,1,3. Kat,16 Yaşında,Kombi,Var,Var,Var,-,Boş,Müstakil Tapulu,-,etin,100 TL,...,Hayır,İçi Sıfır 1+1 Daire ⭕️,Hatırlatmaları,Eşyalı Değil,Satılık,162591-22,25-11-2025,https://www.hepsiemlak.com/manisa-yunusemre-barbaros-satilik/daire/162591-22,2025-12-03 18:03:55
Yunus Emre İlç Güzel Yurt Mah Akdeniz Emlak'tan Satılık 3+1 140 m2 Daire,6.970.000 TL,Manisa,Yunusemre,Guzelyurt Mah.,Manisa / Yunusemre / Guzelyurt Mah.,3 + 1,140,1,Ara Kat,12 Yaşında,Kombi,Var,Var,Yok,İkinci El,Boş,Kat Mülkiyeti,Güney,etin,1.500 TL,...,Hayır,Haritası,Hatırlatmaları,-,Satılık,22228-10905,19-11-2025,https://www.hepsiemlak.com/manisa-yunusemre-guzelyurt-satilik/daire/22228-10905,2025-12-03 18:04:21
NOVA'DAN ŞEHİTLER MAHALLESİNDE SATILIK 2+1 DAİRE,2.500.000 TL,Manisa,Turgutlu,Sehitler Mah.,Manisa / Turgutlu / Sehitler Mah.,2 + 1,70,1,2. Kat,8 Yaşında,Kombi,Yok,Var,Yok,İkinci El,Boş,Kat İrtifakı,-,etin,-,...,Hayır,Haritası,Hatırlatmaları,Eşyalı,Satılık,123058-2335,26-11-2025,https://www.hepsiemlak.com/manisa-turgutlu-sehitler-satilik/daire/123058-2335,2025-12-03 18:04:44
TURGUTLU ALBAYRAK TOKİLERDE FULL EKSTRALI SATILIK DAİRE,1.625.000 TL,Manisa,Turgutlu,Albayrak Mah.,Manisa / Turgutlu / Albayrak Mah.,2 + 1,80,1,3. Kat,6 Yaşında,Kombi,Yok,Yok,Yok,-,Mülk Sahibi,Kat Mülkiyeti,-,etin,500 TL,...,Hayır,Haritası,Hatırlatmaları,Eşyalı Değil,Satılık,164247-55,28-11-2025,https://www.hepsiemlak.com/manisa-turgutlu-albayrak-satilik/daire/164247-55,2025-12-03 18:05:07
BEFT GAYRİMENKUL DEN ULUPARK YAKINI CADDE ÜZERİ SATILIK FULL ARAKAT,4.950.000 TL,Manisa,Sehzadeler,Akincilar Mah.,Manisa / Sehzadeler / Akincilar Mah.,3 + 1,130,2,3. Kat,28 Yaşında,Kombi,Var,Var,Yok,İkinci El,Boş,Kat İrtifakı,-,etin,-,...,Evet,Haritası,Hatırlatmaları,Eşyalı Değil,Satılık,162044-125,25-11-2025,https://www.hepsiemlak.com/manisa-sehzadeler-akincilar-satilik/daire/162044-125,2025-12-03 18:05:59
SALİHLİ ERDEM EMLAKTAN ŞUHEDA CADDESİ ÜZERİNDE 3+1 DUBLEKS SATILIK,5.400.000 TL,Manisa,Salihli,Kurtulus Mah.,Manisa / Salihli / Kurtulus Mah.,3 + 1,170,2,Teras Katı,7 Yaşında,Kombi,Yok,Var,Var,İkinci El,Mülk Sahibi,Kat Mülkiyeti,-,etin,-,...,Hayır,Haritası,Hatırlatmaları,Eşyalı,Satılık,158161-60,03-12-2025,https://www.hepsiemlak.com/manisa-salihli-kurtulus-satilik/daire/158161-60,2025-12-03 18:06:23
Akhisar Hürriyet Mahallesi'nde 3+1 Satılık Daire,4.000.000 TL,Manisa,Akhisar,Hurriyet Mah.,Manisa / Akhisar / Hurriyet Mah.,3 + 1,130,2,2. Kat,Sıfır Bina,Kombi,Yok,Var,Var,Sıfır,Boş,Kat İrtifakı,"Kuzey, Batı",etin,-,...,Hayır,Haritası,Hatırlatmaları,-,Satılık,94137-1320,30-10-2025,https://www.hepsiemlak.com/manisa-akhisar-hurriyet-satilik/daire/94137-1320,2025-12-03 18:06:43
Surkent'ten satılık Albayrak tokilerde 2+1 açık mutfak daire,1.650.000 TL,Manisa,Turgutlu,Albayrak Mah.,Manisa / Turgutlu / Albayrak Mah.,2 + 1,80,1,3. Kat,8 Yaşında,Kombi,Yok,Yok,Yok,İkinci El,Mülk Sahibi,Kat Mülkiyeti,Güney,etin,500 TL,...,Evet,Haritası,Hatırlatmaları,Eşyalı Değil,Satılık,143929-45,03-11-2025,https://www.hepsiemlak.com/manisa-turgutlu-albayrak-satilik/daire/143929-45,2025-12-03 18:07:06
SARUHANLI CUMHURİYET MAH. ÇARŞIMERKEZ 4+1DUBLEKS DAİRE SATILIKTIR.,5.250.000 TL,Manisa,Saruhanli,Cumhuriyet Mah.,Manisa / Saruhanli / Cumhuriyet Mah.,4 + 1,200,2,4. Kat,8 Yaşında,Kombi,Var,Yok,Yok,İkinci El,Mülk Sahibi,Kat İrtifakı,"Kuzey, Güney",etin,275 TL,...,Hayır,Haritası,Hatırlatmaları,Eşyalı Değil,Satılık,106564-476,06-11-2025,https://www.hepsiemlak.com/manisa-saruhanli-cumhuriyet-satilik/daire/106564-476,2025-12-03 18:07:23
3 ADAM EMLAK'TAN EFENDİ RİNG YOLU 3+1 SATILIK GENİŞ DAİRE,4.100.000 TL,Manisa,Akhisar,Efendi Mah.,Manisa / Akhisar / Efendi Mah.,3 + 1,165,2,7. Kat,Sıfır Bina,Kombi,Yok,Yok,Yok,-,Boş,Kat İrtifakı,-,etin,-,...,Evet,Haritası,Hatırlatmaları,Eşyalı Değil,Satılık,143910-160,25-11-2025,https://www.hepsiemlak.com/manisa-akhisar-efendi-satilik/daire/143910-160,2025-12-03 18:07:44
ARAS YAPI'DAN SİTE İÇERİSİNDE HAVUZLU 1+1 SATILIK SIFIR DAİRE,3.250.000 TL,Manisa,Yunusemre,Muradiye Mah.,Manisa / Yunusemre / Muradiye Mah.,1 + 1,60,1,5. Kat,Sıfır Bina,Kombi,Yok,Var,Var,-,Boş,Kat İrtifakı,-,etin,-,...,Evet,Haritası,Hatırlatmaları,Eşyalı Değil,Satılık,159142-91,22-11-2025,https://www.hepsiemlak.com/manisa-yunusemre-muradiye-satilik/daire/159142-91,2025-12-03 18:08:06
ERSOY'DAN CUMHURİYET MH 3+1 Y.ZEMİN K.MUTFAK FULL DAİRE,3.550.000 TL,Manisa,Yunusemre,Cumhuriyet Mah.,Manisa / Yunusemre / Cumhuriyet Mah.,3 + 1,130,1,Yüksek Giriş,16 Yaşında,Kombi,Var,Var,Yok,-,Boş,Kat İrtifakı,-,etin,-,...,Evet,Haritası,Hatırlatmaları,Eşyalı Değil,Satılık,114523-419,19-11-2025,https://www.hepsiemlak.com/manisa-yunusemre-cumhuriyet-satilik/daire/114523-419,2025-12-03 18:08:30
AKMAN GAYRİMENKUL'DEN MURADİYEDE SATILIK SIFIR ARAKAT 2+1 DAİRE,3.450.000 TL,Manisa,Yunusemre,Muradiye Mah.,Manisa / Yunusemre / Muradiye Mah.,2 + 1,95,1,2. Kat,Sıfır Bina,Kombi,Yok,Yok,Yok,-,Boş,Kat İrtifakı,-,etin,-,...,Evet,Haritası,Hatırlatmaları,Eşyalı Değil,Satılık,113243-70,19-11-2025,https://www.hepsiemlak.com/manisa-yunusemre-muradiye-satilik/daire/113243-70,2025-12-03 18:08:57
SALİHLİ SATILIK 2+1 95 M2 DAİRE BEŞEYLÜL MAHALLESİ,3.495.000 TL,Manisa,Salihli,Beseylul Mah.,Manisa / Salihli / Beseylul Mah.,2 + 1,95,1,5. Kat,5 Yaşında,Kombi,Yok,Var,Var,-,Kiracılı,Kat Mülkiyeti,-,etin,250 TL,...,Hayır,Haritası,Hatırlatmaları,Eşyalı Değil,Satılık,153067-84,15-11-2025,https://www.hepsiemlak.com/manisa-salihli-beseylul-satilik/daire/153067-84,2025-12-03 18:09:17
ÖZ DOST EMLAKTAN MURADİYEDE SATILIK FIRSAT 2+1 DAİRE,2.850.000 TL,Manisa,Yunusemre,Muradiye Mah.,Manisa / Yunusemre / Muradiye Mah.,2 + 1,75,1,Yüksek Giriş,5 Yaşında,Kombi,Yok,Yok,Yok,-,Mülk Sahibi,Kat İrtifakı,-,etin,-,...,Hayır,Haritası,Hatırlatmaları,Eşyalı Değil,Satılık,137460-95,15-11-2025,https://www.hepsiemlak.com/manisa-yunusemre-muradiye-satilik/daire/137460-95,2025-12-03 18:11:16
KİRVEM EMLAK'TAN YERDEN ISITMALI 2+1 DAİRE-KAPALI MUTFAK,3.250.000 TL,Manisa,Saruhanli,Cengiz Mah.,Manisa / Saruhanli / Cengiz Mah.,2 + 1,95,1,3. Kat,Sıfır Bina,Kombi,Yok,Yok,Yok,-,Boş,Kat İrtifakı,-,etin,-,...,Evet,Haritası,Hatırlatmaları,Eşyalı Değil,Satılık,162496-39,07-11-2025,https://www.hepsiemlak.com/manisa-saruhanli-cengiz-topel-satilik/daire/162496-39,2025-12-03 18:11:37
YENİMAHALLE DE SATILIK DUBLEKS,7.650.000 TL,Manisa,Yunusemre,Yeni Mah.,Manisa / Yunusemre / Yeni Mah.,5 + 2,210,2,6. Kat,5 Yaşında,Kombi,Yok,Yok,Yok,-,Mülk Sahibi,Kat İrtifakı,-,etin,150 TL,...,Hayır,Haritası,Hatırlatmaları,Eşyalı Değil,Satılık,163779-20,01-12-2025,https://www.hepsiemlak.com/manisa-yunusemre-yeni-mahalle-satilik/daire/163779-20,2025-12-03 18:12:00
Mutlu Mahallesi'nde satılık 3+1 Yüksek Zemin daire,3.900.000 TL,Manisa,Yunusemre,Mutlu Mah.,Manisa / Yunusemre / Mutlu Mah.,3 + 1,100,1,Yüksek Giriş,11 Yaşında,Kombi,Yok,Yok,Yok,-,Mülk Sahibi,Kat İrtifakı,Kuzey,etin,-,...,Evet,Haritası,Hatırlatmaları,Eşyalı Değil,Satılık,160440-29,17-11-2025,https://www.hepsiemlak.com/manisa-yunusemre-mutlu-satilik/daire/160440-29,2025-12-03 18:12:24
MANİSA MURADİYE'DE CADDE ÜZERİ SATILIK 2+1 SIFIR DAİRE,3.800.000 TL,Manisa,Yunusemre,Muradiye Mah.,Manisa / Yunusemre / Muradiye Mah.,2 + 1,96,1,2. Kat,Sıfır Bina,Kombi,Var,Var,Yok,-,Boş,Kat İrtifakı,-,etin,-,...,Evet,Haritası,Hatırlatmaları,Eşyalı Değil,Satılık,152164-39,08-11-2025,https://www.hepsiemlak.com/manisa-yunusemre-muradiye-satilik/daire/152164-39,2025-12-03 18:12:48
Aras Gayrimenkul'Den Kethüda Mahallesinde 3+1 Satılıktır,1.675.000 TL,Manisa,Akhisar,Kethuda Mah.,Manisa / Akhisar / Kethuda Mah.,3 + 1,115,1,4. Kat,26 Yaşında,Kombi,Yok,Yok,Yok,-,Boş,Kat İrtifakı,-,etin,-,...,Hayır,Haritası,Hatırlatmaları,Eşyalı Değil,Satılık,162211-35,03-12-2025,https://www.hepsiemlak.com/manisa-akhisar-kethuda-satilik/daire/162211-35,2025-12-03 18:13:13
Manisa Akgedik 2. Etap 1. Kısımdan Fırsat 2+1 Satılık Daire,3.900.000 TL,Manisa,Yunusemre,Akgedik Mah.,Manisa / Yunusemre / Akgedik Mah.,2 + 1,95,1,Yüksek Giriş,1 Yaşında,Merkezi (Pay Öl...,Yok,Var,Var,-,Boş,Kat Mülkiyeti,-,etin,-,...,Hayır,İçerisinde,Hatırlatmaları,Eşyalı Değil,Satılık,162754-27,29-10-2025,https://www.hepsiemlak.com/manisa-yunusemre-akgedik-satilik/daire/162754-27,2025-12-03 18:13:36
🏡 ACİL SATILIK – MANİSA MURADİYE AKGEDİK 79. BLOK 3+1 BOŞ DAİRE,3.600.000 TL,Manisa,Yunusemre,Akgedik Mah.,Manisa / Yunusemre / Akgedik Mah.,3 + 1,110,1,Yüksek Giriş,Sıfır Bina,Kombi,Yok,Var,Yok,Sıfır,Boş,Kat İrtifakı,Kuzey,etin,100 TL,...,Evet,Haritası,Hatırlatmaları,Eşyalı Değil,Satılık,160648-29,07-11-2025,https://www.hepsiemlak.com/manisa-yunusemre-akgedik-satilik/daire/160648-29,2025-12-03 18:14:00
Akhisar Reşat bey satılık daire,3.650.000 TL,Manisa,Akhisar,Resat Mah.,Manisa / Akhisar / Resat Mah.,2 + 1,95,1,1. Kat,Sıfır Bina,Kombi,Yok,Yok,Yok,Yapım Aşamasınd...,Boş,Kat Mülkiyeti,-,etin,-,...,-,Haritası,Hatırlatmaları,-,Satılık,160589-26,24-11-2025,https://www.hepsiemlak.com/manisa-akhisar-resat-bey-satilik/daire/160589-26,2025-12-03 18:14:20
TURGUTLU'DA BAYRAMYERİ'NDE SATILIK DÜKKAN,2.900.000 TL,Manisa,Turgutlu,Kurtulus Mah.,Manisa / Turgutlu / Kurtulus Mah.,1 + 0,45,1,Zemin,28 Yaşında,Klima,Yok,Yok,Yok,-,-,Müstakil Tapulu,-,etin,-,...,-,sinde 2+1 Satılık Köşe Daire,Hatırlatmaları,-,Satılık,141766-278,14-11-2025,https://www.hepsiemlak.com/manisa-turgutlu-kurtulus-satilik/daire/141766-278,2025-12-03 18:14:43
SALİHLİ CİN EMLAK'TAN YEŞİLYURT MAH SATILIK 5+1 175 M2 DUBLEKS,5.100.000 TL,Manisa,Salihli,Yesilyurt Mah.,Manisa / Salihli / Yesilyurt Mah.,1 + 1,175,2,5. Kat,5 Yaşında,Klima,Var,Var,Var,İkinci El,Mülk Sahibi,Kat İrtifakı,"Güney, Batı",etin,-,...,Hayır,Haritası,Hatırlatmaları,Eşyalı Değil,Satılık,37897-2533,09-10-2025,https://www.hepsiemlak.com/manisa-salihli-yesilyurt-satilik/daire/37897-2533,2025-12-03 18:15:33
ALAŞEHİR ŞEYHSİNAN MAH MUSTAKİL LÜKS BİNA SATILIK,5.300.000 TL,Manisa,Alasehir,Seyh Mah.,Manisa / Alasehir / Seyh Mah.,4 + 1,450,-,-,10 Yaşında,Soba,Yok,Yok,Yok,Sıfır,Boş,Kat İrtifakı,-,etin,1 TL,...,Hayır,Haritası,Hatırlatmaları,Eşyalı Değil,Satılık,155862-24,20-11-2025,https://www.hepsiemlak.com/manisa-alasehir-seyh-sinan-satilik/bina/155862-24,2025-12-03 18:15:55
MANİSA YUNUSEMRE KÜME EVLERİNDE SATILIK GENİŞ 3+1 DAİRE,4.200.000 TL,Manisa,Yunusemre,Muradiye Mah.,Manisa / Yunusemre / Muradiye Mah.,3 + 1,160,2,Yüksek Giriş,5 Yaşında,Kombi,Yok,Yok,Var,-,Boş,Kat İrtifakı,"Kuzey, Doğu",etin,900 TL,...,-,İçerisinde,Hatırlatmaları,-,Satılık,160489-7,21-10-2025,https://www.hepsiemlak.com/manisa-yunusemre-muradiye-satilik/daire/160489-7,2025-12-03 18:16:16
BEYAZ GAYRIMENKULDEN MURADİYE MH 1+1 SATILIK SIFIR DAİRE,3.795.000 TL,Manisa,Yunusemre,Yagcilar Mah.,Manisa / Yunusemre / Yagcilar Mah.,1 + 1,70,-,6. Kat,Sıfır Bina,Kombi,Yok,Var,Var,Sıfır,Boş,Kat İrtifakı,"Kuzey, Güney, Doğu, Batı",etin,300 TL,...,Hayır,Satılık 2+1 Daire,Hatırlatmaları,Eşyalı Değil,Satılık,119915-507,12-11-2025,https://www.hepsiemlak.com/manisa-yunusemre-yagcilar-satilik/daire/119915-507,2025-12-03 18:16:39
ALAŞEHİR SEVGİYOLU YANI KONUMU GÜZEL DAİRE,2.090.000 TL,Manisa,Alasehir,Sakarya Mah.,Manisa / Alasehir / Sakarya Mah.,2 + 1,110,1,4. Kat,31 Yaşında,Soba,Yok,Yok,Yok,-,Boş,Müstakil Tapulu,-,etin,-,...,Evet,Haritası,Hatırlatmaları,Eşyalı Değil,Satılık,117872-1218,24-11-2025,https://www.hepsiemlak.com/manisa-alasehir-sakarya-satilik/daire/117872-1218,2025-12-03 18:16:58
ERGENEKON MAHALLESİNDE MERKEZİ KONUMDA SATILIK TRİPLEKS,16.500.000 TL,Manisa,Turgutlu,Ergenekon Mah.,Manisa / Turgutlu / Ergenekon Mah.,4 + 1,255,2,Villa Katı,11 Yaşında,Kombi,Var,Yok,Yok,-,Mülk Sahibi,Kat Mülkiyeti,-,etin,-,...,Evet,Haritası,Hatırlatmaları,Eşyalı Değil,Satılık,156788-212,02-12-2025,https://www.hepsiemlak.com/manisa-turgutlu-ergenekon-satilik/daire/156788-212,2025-12-03 18:17:20
AYNİ ALİ MAHALLESİNDE 3+1 ÖNÜ AÇIK ASANSÖRLÜ SATILIK DAİRE,4.750.000 TL,Manisa,Yunusemre,Ayni Mah.,Manisa / Yunusemre / Ayni Mah.,3 + 1,125,1,2. Kat,16 Yaşında,Kombi,Yok,Var,Var,-,Boş,Kat İrtifakı,-,etin,-,...,Hayır,Haritası,Hatırlatmaları,Eşyalı Değil,Satılık,163565-105,17-11-2025,https://www.hepsiemlak.com/manisa-yunusemre-ayni-ali-satilik/daire/163565-105,2025-12-03 18:17:42
ÇATALÇEŞME PARKI CİVARI SATILIK 3+1 115 m2 SIFIR DAİRE !!!,3.100.000 TL,Manisa,Turgutlu,Turan Mah.,Manisa / Turgutlu / Turan Mah.,3 + 1,120,1,Zemin,1 Yaşında,Kombi,Yok,Yok,Yok,-,Boş,Kat Mülkiyeti,-,etin,-,...,Hayır,Haritası,Hatırlatmaları,Eşyalı Değil,Satılık,161345-13,14-11-2025,https://www.hepsiemlak.com/manisa-turgutlu-turan-satilik/daire/161345-13,2025-12-03 18:18:03
FİT GAYRİMENKUL'DEN 2+1 SATILIK DAİRE,3.100.000 TL,Manisa,Saruhanli,Cengiz Mah.,Manisa / Saruhanli / Cengiz Mah.,2 + 1,100,1,3. Kat,Sıfır Bina,Kombi,Yok,Yok,Yok,-,Boş,Kat İrtifakı,-,etin,-,...,Hayır,Haritası,Hatırlatmaları,Eşyalı Değil,Satılık,163843-18,14-11-2025,https://www.hepsiemlak.com/manisa-saruhanli-cengiz-topel-satilik/daire/163843-18,2025-12-03 18:18:28
TURYAP'TAN MANİSA ŞEHZADELER ÇARŞIDA 3+1 LÜX DAİRE FİYAT DÜŞTÜ,5.500.000 TL,Manisa,Sehzadeler,1 Mah.,Manisa / Sehzadeler / 1 Mah.,3 + 1,200,2,1. Kat,21 Yaşında,Kombi,Yok,Yok,Var,-,Mülk Sahibi,Kat İrtifakı,"Doğu, Batı",etin,-,...,Evet,Haritası,Hatırlatmaları,Eşyalı Değil,Satılık,158110-267,21-11-2025,https://www.hepsiemlak.com/manisa-sehzadeler-1-anafartalar-satilik/daire/158110-267,2025-12-03 18:18:52
Maraşal fevzi Çakmak mahallesi,3.750.000 TL,Manisa,Yunusemre,Maresal Mah.,Manisa / Yunusemre / Maresal Mah.,2 + 1,200,1,Bahçe Katı,16 Yaşında,Soba,Yok,Yok,Var,-,Boş,Müstakil Tapulu,-,etin,-,...,Hayır,Haritası,Hatırlatmaları,Eşyalı Değil,Satılık,161356-33,04-11-2025,https://www.hepsiemlak.com/manisa-yunusemre-maresal-fevzi-cakmak-satilik/mustakil-ev/161356-33,2025-12-03 18:19:41
ATATÜRK MAH. SATILIK 3+1 140 M2 DAİRE,3.900.000 TL,Manisa,Akhisar,Ataturk Mah.,Manisa / Akhisar / Ataturk Mah.,3 + 1,140,1,2. Kat,11 Yaşında,Kombi,Var,Yok,Yok,-,Boş,Kat İrtifakı,"Kuzey, Güney",etin,100 TL,...,Hayır,Haritası,Hatırlatmaları,Eşyalı Değil,Satılık,163257-27,06-11-2025,https://www.hepsiemlak.com/manisa-akhisar-ataturk-satilik/daire/163257-27,2025-12-03 18:20:02
SATLIK YÖRÜKTE 5+1 280M2 ÖZEL OTOPARKLI ÇİFT MUTFAKLI LÜKS DAİRE,11.000.000 TL,Manisa,Salihli,Yoruk Mah.,Manisa / Salihli / Yoruk Mah.,5 + 1,280,3,Çatı Katı,3 Yaşında,Kombi,Var,Var,Var,İkinci El,Mülk Sahibi,Kat İrtifakı,"Kuzey, Doğu, Batı",etin,1 TL,...,Evet,Haritası,Hatırlatmaları,Eşyalı Değil,Satılık,150639-39,14-10-2025,https://www.hepsiemlak.com/manisa-salihli-yoruk-satilik/daire/150639-39,2025-12-03 18:20:22
HOROZKÖY'de SATILIK EŞYALI 1+1 DAİRE,2.270.000 TL,Manisa,Yunusemre,Ataturk Mah.,Manisa / Yunusemre / Ataturk Mah.,1 + 1,50,1,Yüksek Giriş,4 Yaşında,Kombi,Yok,Yok,Yok,İkinci El,Kiracılı,Kat İrtifakı,Güney,etin,-,...,Evet,Haritası,Hatırlatmaları,Eşyalı,Satılık,104090-4,26-10-2025,https://www.hepsiemlak.com/manisa-yunusemre-ataturk-satilik/daire/104090-4,2025-12-03 18:20:46
Çarşı Mahallesi Satılık 3+1 148 M2 Daire,3.725.000 TL,Manisa,Sehzadeler,Carsi Mah.,Manisa / Sehzadeler / Carsi Mah.,3 + 1,165,1,5. Kat,26 Yaşında,Kombi,Yok,Var,Yok,-,Kiracılı,Kat Mülkiyeti,"Doğu, Batı",etin,-,...,Evet,İçerisinde Satılık Arakat Daire,Hatırlatmaları,Eşyalı Değil,Satılık,102443-805,20-11-2025,https://www.hepsiemlak.com/manisa-sehzadeler-carsi-satilik/daire/102443-805,2025-12-03 18:21:04
SİNAN EMLAK'TAN YEDİEYLÜL MAHALLESİNDE SATILIK DAİRE,2.450.000 TL,Manisa,Turgutlu,Yedi Mah.,Manisa / Turgutlu / Yedi Mah.,3 + 0,110,1,4. Kat,16 Yaşında,Kombi,Yok,Yok,Yok,İkinci El,Mülk Sahibi,Kat İrtifakı,Batı,etin,-,...,Hayır,Haritası,Hatırlatmaları,Eşyalı Değil,Satılık,159995-58,11-11-2025,https://www.hepsiemlak.com/manisa-turgutlu-yedi-eylul-satilik/daire/159995-58,2025-12-03 18:21:25
MANİSA SARUHANLIDA KAÇIRILMAYACAK FIRSAT!,2.250.000 TL,Manisa,Saruhanli,Cengiz Mah.,Manisa / Saruhanli / Cengiz Mah.,-,-,-,-,-,-,Yok,Yok,Yok,-,-,-,-,etin,-,-,-,Haritası,-,-,-,152909-30,17-11-2025,https://www.hepsiemlak.com/manisa-saruhanli-cengiz-topel-satilik/daire/152909-30,2025-12-03 18:21:46
MANİSA TURGUTLU TURAN MH 3+1 DOĞALGAZLI DAİRE,3.300.000 TL,Manisa,Turgutlu,Turan Mah.,Manisa / Turgutlu / Turan Mah.,3 + 1,125,1,En Üst Kat,15 Yaşında,Kombi,Var,Yok,Yok,İkinci El,Mülk Sahibi,Kat İrtifakı,"Doğu, Batı",etin,-,...,Evet,Haritası,Hatırlatmaları,Eşyalı Değil,Satılık,94181-708,07-11-2025,https://www.hepsiemlak.com/manisa-turgutlu-turan-satilik/daire/94181-708,2025-12-03 18:22:08
MERKEZ EFENDİ MAHALLESİNDE 3+1 SATILIK DAİRE,4.000.000 TL,Manisa,Yunusemre,Merkez Mah.,Manisa / Yunusemre / Merkez Mah.,3 + 1,135,1,4. Kat,26 Yaşında,Kombi,Yok,Var,Var,-,Mülk Sahibi,Kat İrtifakı,-,etin,-,...,Evet,Haritası,Hatırlatmaları,Eşyalı Değil,Satılık,94966-808,14-11-2025,https://www.hepsiemlak.com/manisa-yunusemre-merkez-efendi-satilik/daire/94966-808,2025-12-03 18:22:27
Manisa Yunusemre Tefikiye Mh 2+1 100 M2 Asansörlü Full Daire,3.650.000 TL,Manisa,Yunusemre,Merkez Mah.,Manisa / Yunusemre / Merkez Mah.,2 + 1,110,1,En Üst Kat,25 Yaşında,Kombi,Yok,Var,Var,İkinci El,Boş,Kat Mülkiyeti,"Kuzey, Güney, Doğu, Batı",etin,200 TL,...,Evet,içi 2+1 Satılık Daire ⭕️,Hatırlatmaları,Eşyalı Değil,Satılık,95753-1904,06-11-2025,https://www.hepsiemlak.com/manisa-yunusemre-merkez-efendi-satilik/daire/95753-1904,2025-12-03 18:22:47
"ŞEHZADELER, UTKU MAH. İÇİ KOMPLE YENİLENMİŞ SATILIK ASANSÖRLÜ DAİRE",4.950.000 TL,Manisa,Sehzadeler,Utku Mah.,Manisa / Sehzadeler / Utku Mah.,3 + 1,120,1,1. Kat,35 Yaşında,Kombi,Var,Var,Yok,İkinci El,Boş,Kat İrtifakı,Güney,etin,-,...,Hayır,Haritası,Hatırlatmaları,Eşyalı Değil,Satılık,64671-822,23-10-2025,https://www.hepsiemlak.com/manisa-sehzadeler-utku-satilik/daire/64671-822,2025-12-03 18:23:41
MANİSA AHMETLİDE SİTE İÇİNDE LÜKS DAİRELER,3.350.000 TL,Manisa,Ahmetli,Ulu Mah.,Manisa / Ahmetli / Ulu Mah.,3 + 1,136,1,7. Kat,Sıfır Bina,Kombi,Yok,Yok,Var,-,Boş,Kat İrtifakı,"Kuzey, Güney, Doğu, Batı",etin,-,...,Evet,Haritası,Hatırlatmaları,Eşyalı Değil,Satılık,164247-9,21-11-2025,https://www.hepsiemlak.com/manisa-ahmetli-ulu-cami-satilik/daire/164247-9,2025-12-03 18:24:05
BEFT GAYRİMENKULDEN ALAYBEY MH SATILIK DOĞALGAZLI ARAKAT DAIRE,3.800.000 TL,Manisa,Sehzadeler,Alaybey Mah.,Manisa / Sehzadeler / Alaybey Mah.,3 + 1,135,1,3. Kat,25 Yaşında,Kombi,Yok,Var,Yok,İkinci El,Boş,Kat İrtifakı,-,etin,-,...,Hayır,Haritası,Hatırlatmaları,Eşyalı Değil,Satılık,162044-121,01-12-2025,https://www.hepsiemlak.com/manisa-sehzadeler-alaybey-satilik/daire/162044-121,2025-12-03 18:24:26
MUSTAFA BAŞYİĞİT EMLAK'TAN MEDAR SAKLI KENT VİLLALARINDA 3 KATLI,7.550.000 TL,Manisa,Akhisar,Medar Mah.,Manisa / Akhisar / Medar Mah.,5 + 1,350,3,Bahçe Katı,6 Yaşında,Kombi,Yok,Yok,Var,-,Boş,Müstakil Tapulu,"Kuzey, Güney, Doğu, Batı",etin,1.000 TL,...,Hayır,İçerisinde,Hatırlatmaları,Eşyalı Değil,Satılık,162406-160,02-12-2025,https://www.hepsiemlak.com/manisa-akhisar-medar-satilik/villa/162406-160,2025-12-03 18:24:48
CUMHURİYET MAHALLESİNDE SATILIK 2+1 DAİRE + DEV TERAS,2.375.000 TL,Manisa,Akhisar,Cumhuriyet Mah.,Manisa / Akhisar / Cumhuriyet Mah.,2 + 1,140,1,2. Kat,5 Yaşında,Kombi,Yok,Var,Var,-,Boş,Kat Mülkiyeti,-,etin,-,...,Hayır,sinde Bireysel Otoparklı 2+1 Satılık Daire.,Hatırlatmaları,Eşyalı Değil,Satılık,158857-21,17-11-2025,https://www.hepsiemlak.com/manisa-akhisar-cumhuriyet-satilik/daire/158857-21,2025-12-03 18:25:08
ACİL ACİL FİYAT DÜŞTÜ TEFİKİYE CADDE ÜSTÜ SATILIK DAİRE,3.000.000 TL,Manisa,Yunusemre,Tevfikiye Mah.,Manisa / Yunusemre / Tevfikiye Mah.,3 + 1,120,1,5. Kat,16 Yaşında,Kombi,Var,Var,Var,-,Boş,Müstakil Tapulu,-,etin,200 TL,...,Hayır,İçi Sıfır 1+1 Daire ⭕️,Hatırlatmaları,Eşyalı Değil,Satılık,162591-23,03-12-2025,https://www.hepsiemlak.com/manisa-yunusemre-tevfikiye-satilik/daire/162591-23,2025-12-03 18:25:32
Manisa'da Satılık Site içi Yüzme havuzlu daire,4.450.000 TL,Manisa,Yunusemre,Muradiye Mah.,Manisa / Yunusemre / Muradiye Mah.,2 + 1,100,1,Zemin,4 Yaşında,Kombi,Yok,Var,Yok,İkinci El,Kiracılı,Kat İrtifakı,Güney,etin,-,...,Evet,içi Yüzme havuzlu daire,Hatırlatmaları,Eşyalı Değil,Satılık,163108-4,15-10-2025,https://www.hepsiemlak.com/manisa-yunusemre-muradiye-satilik/daire/163108-4,2025-12-03 18:25:52
Akhisar Atatürk Mahallesi'nde 2+1 Satılık Daire,4.000.000 TL,Manisa,Akhisar,Ataturk Mah.,Manisa / Akhisar / Ataturk Mah.,2 + 1,95,2,1. Kat,Sıfır Bina,Kombi,Yok,Var,Yok,Sıfır,Boş,Kat İrtifakı,Kuzey,etin,-,...,Hayır,Haritası,Hatırlatmaları,Eşyalı Değil,Satılık,94137-1314,30-10-2025,https://www.hepsiemlak.com/manisa-akhisar-ataturk-satilik/daire/94137-1314,2025-12-03 18:26:11
3 ADAM EMLAK'TAN ULUCAMİ MH 4+1 SATILIK DUBLEKS DAİRE,3.950.000 TL,Manisa,Akhisar,Ulu Mah.,Manisa / Akhisar / Ulu Mah.,4 + 1,170,2,3. Kat,2 Yaşında,Kombi,Var,Yok,Yok,-,Mülk Sahibi,Kat İrtifakı,-,etin,-,...,Hayır,Haritası,Hatırlatmaları,Eşyalı Değil,Satılık,143910-159,24-11-2025,https://www.hepsiemlak.com/manisa-akhisar-ulu-camii-satilik/daire/143910-159,2025-12-03 18:26:30
ULUCAMİ PALMİYE SOKAKTA SATILIK 2+1 DAİRE,3.000.000 TL,Manisa,Akhisar,Ulu Mah.,Manisa / Akhisar / Ulu Mah.,2 + 1,105,1,Zemin,11 Yaşında,Kombi,Yok,Yok,Yok,-,Mülk Sahibi,Kat İrtifakı,-,etin,-,...,Hayır,Haritası,Hatırlatmaları,Eşyalı Değil,Satılık,163472-17,20-11-2025,https://www.hepsiemlak.com/manisa-akhisar-ulu-camii-satilik/daire/163472-17,2025-12-03 18:26:57
ERSOYDAN AKGEDİK TOKİ 3.ETAP 3+1 FIRSAT DAİRE,3.799.000 TL,Manisa,Yunusemre,Akgedik Mah.,Manisa / Yunusemre / Akgedik Mah.,3 + 1,125,1,Kot 1,Sıfır Bina,Kombi,Var,Var,Yok,-,Boş,Kat Mülkiyeti,-,etin,-,...,Hayır,İçerisinde,Hatırlatmaları,Eşyalı Değil,Satılık,114523-418,24-11-2025,https://www.hepsiemlak.com/manisa-yunusemre-akgedik-satilik/daire/114523-418,2025-12-03 18:27:38
ARAS YAPI'DAN CUMHURİYET OKULU CİVARI ARA KAT SATILIK 1+1 DAİRE,2.350.000 TL,Manisa,Yunusemre,Evrenos Mah.,Manisa / Yunusemre / Evrenos Mah.,1 + 1,50,1,2. Kat,6 Yaşında,Kombi,Yok,Var,Yok,-,Boş,Kat İrtifakı,-,etin,-,...,Hayır,Haritası,Hatırlatmaları,Eşyalı Değil,Satılık,159142-88,19-11-2025,https://www.hepsiemlak.com/manisa-yunusemre-evrenos-satilik/daire/159142-88,2025-12-03 18:27:59
UZUN EMLAK'TAN MÜKEMMEL TERASLI DUBLEKS DAİRE,5.650.000 TL,Manisa,Yunusemre,Yeni Mah.,Manisa / Yunusemre / Yeni Mah.,4 + 1,145,2,4. Kat,2 Yaşında,Kombi,Yok,Yok,Yok,İkinci El,Boş,Kat İrtifakı,-,etin,-,...,Hayır,Haritası,Hatırlatmaları,Eşyalı Değil,Satılık,129877-318,10-11-2025,https://www.hepsiemlak.com/manisa-yunusemre-yeni-mahalle-satilik/daire/129877-318,2025-12-03 18:28:21
KİRVEM EMLAK'TAN EMSALSİZ-5+1-205m2 DUBLEKS-TERASLI,5.750.000 TL,Manisa,Saruhanli,Cengiz Mah.,Manisa / Saruhanli / Cengiz Mah.,5 + 1,205,1,5. Kat,Sıfır Bina,Kombi,Yok,Var,Yok,-,Boş,Kat İrtifakı,"Kuzey, Doğu",etin,-,...,Hayır,Haritası,Hatırlatmaları,Eşyalı Değil,Satılık,162496-38,07-11-2025,https://www.hepsiemlak.com/manisa-saruhanli-cengiz-topel-satilik/daire/162496-38,2025-12-03 18:28:42
ÖZ DOST EMLAKTAN MURADİYEDE SATILIK DUBLEX,4.800.000 TL,Manisa,Yunusemre,Muradiye Mah.,Manisa / Yunusemre / Muradiye Mah.,4 + 1,165,2,3. Kat,4 Yaşında,Kombi,Yok,Yok,Yok,-,Boş,Kat İrtifakı,-,etin,-,...,Hayır,Haritası,Hatırlatmaları,Eşyalı Değil,Satılık,137460-94,15-11-2025,https://www.hepsiemlak.com/manisa-yunusemre-muradiye-satilik/daire/137460-94,2025-12-03 18:29:05
MANİSA MERKEZDE SATILIK 2+1 ARAKAT,4.250.000 TL,Manisa,Yunusemre,Ayni Mah.,Manisa / Yunusemre / Ayni Mah.,2 + 1,115,1,2. Kat,16 Yaşında,Kombi,Yok,Var,Yok,-,Mülk Sahibi,Kat Mülkiyeti,-,etin,150 TL,...,Hayır,Haritası,Hatırlatmaları,Eşyalı Değil,Satılık,163779-19,25-11-2025,https://www.hepsiemlak.com/manisa-yunusemre-ayni-ali-satilik/daire/163779-19,2025-12-03 18:29:30
"YILDIZ EMLAK "" TAN 2+1 SIFIR GENİŞ DAİRE",3.250.000 TL,Manisa,Yunusemre,Muradiye Mah.,Manisa / Yunusemre / Muradiye Mah.,2 + 1,85,1,3. Kat,Sıfır Bina,Yerden Isıtma,Var,Var,Var,-,Boş,Kat İrtifakı,-,etin,-,...,Hayır,İçi Sıfır 1+1 Daire ⭕️,Hatırlatmaları,Eşyalı Değil,Satılık,152164-35,12-11-2025,https://www.hepsiemlak.com/manisa-yunusemre-muradiye-satilik/daire/152164-35,2025-12-03 18:29:52
TURPADAN CUMHURİYET MH. SATILIK SIFIR DAİRELER,6.300.000 TL,Manisa,Turgutlu,Cumhuriyet Mah.,Manisa / Turgutlu / Cumhuriyet Mah.,3 + 1,130,2,Ara Kat,Sıfır Bina,Yerden Isıtma,Var,Var,Var,Sıfır,Boş,Kat Mülkiyeti,-,etin,-,...,Hayır,Haritası,Hatırlatmaları,-,Satılık,144722-278,24-11-2025,https://www.hepsiemlak.com/manisa-turgutlu-cumhuriyet-satilik/daire/144722-278,2025-12-03 18:30:12
🏡 ACİL SATILIK – MANİSA MURADİYE KARALI TARAF DUBLEKS 3+1 DAİRE,4.250.000 TL,Manisa,Yunusemre,Karaali Mah.,Manisa / Yunusemre / Karaali Mah.,3 + 1,130,2,4. Kat,8 Yaşında,Kombi,Yok,Var,Yok,İkinci El,Mülk Sahibi,Kat İrtifakı,Doğu,etin,500 TL,...,Evet,Haritası,Hatırlatmaları,Eşyalı Değil,Satılık,160648-28,07-11-2025,https://www.hepsiemlak.com/manisa-yunusemre-karaali-satilik/daire/160648-28,2025-12-03 18:30:32
Akhisar belediye yakını satılık daire,3.050.000 TL,Manisa,Akhisar,Hurriyet Mah.,Manisa / Akhisar / Hurriyet Mah.,3 + 1,145,1,2. Kat,30 Yaşında,Kombi,Yok,Yok,Yok,-,-,Kat Mülkiyeti,-,etin,-,...,Evet,Haritası,Hatırlatmaları,Eşyalı,Satılık,160589-23,25-11-2025,https://www.hepsiemlak.com/manisa-akhisar-hurriyet-satilik/daire/160589-23,2025-12-03 18:30:58
75. Yıl Mahallesi'nde 2 adet 2+1 daire,7.500.000 TL,Manisa,Yunusemre,75 Mah.,Manisa / Yunusemre / 75 Mah.,4 + 2,180,2,2. Kat,16 Yaşında,Kombi,Yok,Yok,Yok,-,Boş,Kat İrtifakı,"Kuzey, Doğu, Batı",etin,-,...,Hayır,si 3+1 açık mutfak full özellikli satılık daire,Hatırlatmaları,Eşyalı Değil,Satılık,160440-27,17-11-2025,https://www.hepsiemlak.com/manisa-yunusemre-75-yil-satilik/daire/160440-27,2025-12-03 18:32:54
MANİSA MURADİYE PANOROMA CİTY SIFIR ARAKAT 2+1 K.MUTFAK DAİRE,4.750.000 TL,Manisa,Yunusemre,Muradiye Mah.,Manisa / Yunusemre / Muradiye Mah.,2 + 1,115,2,1. Kat,1 Yaşında,Yerden Isıtma,Yok,Var,Yok,-,Boş,Kat İrtifakı,-,etin,-,...,Evet,Haritası,Hatırlatmaları,Eşyalı Değil,Satılık,150932-52,11-11-2025,https://www.hepsiemlak.com/manisa-yunusemre-muradiye-satilik/daire/150932-52,2025-12-03 18:33:15
ATATÜRK BULVARI ÜZERİ SATILIK DAİRE,2.250.000 TL,Manisa,Turgutlu,Istiklal Mah.,Manisa / Turgutlu / Istiklal Mah.,2 + 1,120,1,3. Kat,26 Yaşında,Klima,Yok,Var,Yok,-,Boş,Kat Mülkiyeti,-,etin,-,...,Hayır,Haritası,Hatırlatmaları,Eşyalı Değil,Satılık,160009-5,08-11-2025,https://www.hepsiemlak.com/manisa-turgutlu-istiklal-satilik/daire/160009-5,2025-12-03 18:33:35
BEYAZ GAYRIMENKULDEN SATILIK FIRSAT 5+2 HAVUZLU MÜSTAKİL EV,5.500.000 TL,Manisa,Sehzadeler,Asagicobanisa Mah.,Manisa / Sehzadeler / Asagicobanisa Mah.,5 + 2,320,2,-,15 Yaşında,Soba,Yok,Yok,Yok,İkinci El,Mülk Sahibi,Arsa,"Kuzey, Güney, Doğu, Batı",etin,25 TL,...,Evet,Haritası,Hatırlatmaları,Eşyalı Değil,Satılık,119915-454,14-11-2025,https://www.hepsiemlak.com/manisa-sehzadeler-asagicobanisa-satilik/mustakil-ev/119915-454,2025-12-03 18:33:57
SALİHLİ CİN EMLAK'TAN KURTULUŞ MAH SATILIK 2+1 85 M2 ASANSÖRLÜ DOĞALGAZLI SIFIR DAİRE,4.150.000 TL,Manisa,Salihli,Kurtulus Mah.,Manisa / Salihli / Kurtulus Mah.,2 + 1,90,1,3. Kat,Sıfır Bina,Kombi,Yok,Var,Var,Sıfır,Boş,Kat İrtifakı,"Doğu, Batı",etin,-,...,Hayır,içerisinde 5 nci kat Satılık Daire,Hatırlatmaları,Eşyalı Değil,Satılık,37897-2376,28-11-2025,https://www.hepsiemlak.com/manisa-salihli-kurtulus-satilik/daire/37897-2376,2025-12-03 18:34:19
MANİSA SALİHLİ DURASILLI MAHALLESİNDE SATILIK SÜPER KONUMLU SATILIK MÜSTAKİL EV,5.750.000 TL,Manisa,Salihli,Durasilli Mah.,Manisa / Salihli / Durasilli Mah.,3 + 0,340,-,-,15 Yaşında,Soba,Yok,Yok,Yok,İkinci El,Mülk Sahibi,Müstakil Tapulu,"Doğu, Batı",etin,-,...,Evet,Haritası,Hatırlatmaları,Eşyalı,Satılık,119344-263,20-11-2025,https://www.hepsiemlak.com/manisa-salihli-durasilli-satilik/mustakil-ev/119344-263,2025-12-03 18:34:42
ERGENEKON MAH. FATİH CADDESİNDE ACİL SATILIK DUBLEKS DAİRE,5.250.000 TL,Manisa,Turgutlu,Ergenekon Mah.,Manisa / Turgutlu / Ergenekon Mah.,4 + 1,145,2,4. Kat,1 Yaşında,Yerden Isıtma,Yok,Yok,Yok,-,Mülk Sahibi,Kat Mülkiyeti,-,etin,-,...,Evet,Haritası,Hatırlatmaları,Eşyalı Değil,Satılık,156788-207,18-11-2025,https://www.hepsiemlak.com/manisa-turgutlu-ergenekon-satilik/daire/156788-207,2025-12-03 18:35:01
MURADİYE MAHALLESİNDE 5+1 LÜKS DUBLEKS SATILIK DAİRE,5.450.000 TL,Manisa,Yunusemre,Muradiye Mah.,Manisa / Yunusemre / Muradiye Mah.,5 + 1,260,2,5. Kat,11 Yaşında,Kombi,Yok,Yok,Var,-,Boş,Kat İrtifakı,Güney,etin,-,...,Hayır,Haritası,Hatırlatmaları,Eşyalı Değil,Satılık,163565-99,16-11-2025,https://www.hepsiemlak.com/manisa-yunusemre-muradiye-satilik/daire/163565-99,2025-12-03 18:35:22
YEDİEYLÜL MAHALLESİNDE 110 METREKARE BAHÇELİ 2+1 SATILIK DAİRE,2.950.000 TL,Manisa,Turgutlu,Yedi Mah.,Manisa / Turgutlu / Yedi Mah.,2 + 1,120,1,1. Kat,21 Yaşında,Kombi,Var,Yok,Yok,-,Mülk Sahibi,Kat Mülkiyeti,Güney,etin,-,...,Hayır,Haritası,Hatırlatmaları,Eşyalı Değil,Satılık,161345-11,14-11-2025,https://www.hepsiemlak.com/manisa-turgutlu-yedi-eylul-satilik/daire/161345-11,2025-12-03 18:35:45
Muradiye İstasyon Civarında Modern Tasarımlı 2+1 Kapalı Mutfak,4.600.000 TL,Manisa,Yunusemre,Muradiye Mah.,Manisa / Yunusemre / Muradiye Mah.,2 + 1,90,2,Yüksek Giriş,Sıfır Bina,Kombi,Yok,Yok,Yok,-,Boş,Kat İrtifakı,Batı,etin,-,...,Hayır,Sıfır 1+1 Kampüse Yakın Yerden Isıtmalı,Hatırlatmaları,Eşyalı Değil,Satılık,162776-48,12-11-2025,https://www.hepsiemlak.com/manisa-yunusemre-muradiye-satilik/daire/162776-48,2025-12-03 18:36:13
"HAYALLERİNİZİN ÇİFTLİĞİ, DOĞA HUZUR KONFOR TAM DONANIM BİR ARADA",19.800.000 TL,Manisa,Kirkagac,Cobanlar Mah.,Manisa / Kirkagac / Cobanlar Mah.,6 + 2,210,1,-,20 Yaşında,Merkezi,Var,Yok,Yok,İkinci El,Mülk Sahibi,Kat Mülkiyeti,-,etin,-,...,-,Haritası,", kamera sistemiyle sağlanmıştır.",Eşyalı Değil,Satılık,154167-406,25-11-2025,https://www.hepsiemlak.com/manisa-kirkagac-cobanlar-satilik/ciftlik-evi/154167-406,2025-12-03 18:36:54
FİT GAYRİMENKUL'DEN 2+1 SATILIK DAİRE,2.949.000 TL,Manisa,Saruhanli,Cengiz Mah.,Manisa / Saruhanli / Cengiz Mah.,2 + 1,95,1,3. Kat,Sıfır Bina,Kombi,Yok,Yok,Yok,-,Boş,Kat İrtifakı,-,etin,-,...,Evet,Haritası,Hatırlatmaları,Eşyalı Değil,Satılık,163843-17,14-11-2025,https://www.hepsiemlak.com/manisa-saruhanli-cengiz-topel-satilik/daire/163843-17,2025-12-03 18:37:17
MANİSA YUNUSEMRE GÜZELYURTTA SİTE İÇERİSİNDE 3+1 DAİRE,8.200.000 TL,Manisa,Yunusemre,Guzelyurt Mah.,Manisa / Yunusemre / Guzelyurt Mah.,3 + 1,140,1,2. Kat,16 Yaşında,Kombi,Var,Var,Var,-,Boş,Kat Mülkiyeti,"Güney, Doğu",etin,400 TL,...,Hayır,İçerisinde,Hatırlatmaları,Eşyalı Değil,Satılık,158110-247,27-10-2025,https://www.hepsiemlak.com/manisa-yunusemre-guzelyurt-satilik/daire/158110-247,2025-12-03 18:37:36
ATATÜRK MAH. PAZAR PAZARI MEVKİİNDE SATILIK 2+1 DAİRE,2.750.000 TL,Manisa,Akhisar,Ataturk Mah.,Manisa / Akhisar / Ataturk Mah.,2 + 1,100,1,1. Kat,31 Yaşında,Kombi,Yok,Yok,Yok,-,Mülk Sahibi,Kat İrtifakı,"Kuzey, Güney",etin,-,...,Hayır,Haritası,Hatırlatmaları,Eşyalı Değil,Satılık,163257-14,16-11-2025,https://www.hepsiemlak.com/manisa-akhisar-ataturk-satilik/daire/163257-14,2025-12-03 18:37:55
AKMESCİT MAHALLESİ 4+1 SIFIR DAİRE İÇERİSİNDE 23.000 TL KİRACILI,4.650.000 TL,Manisa,Yunusemre,Akmescit Mah.,Manisa / Yunusemre / Akmescit Mah.,4 + 1,175,2,1. Kat,1 Yaşında,Kombi,Var,Var,Var,-,Kiracılı,Kat İrtifakı,-,etin,-,...,Evet,Haritası,Hatırlatmaları,Eşyalı Değil,Satılık,162376-28,20-11-2025,https://www.hepsiemlak.com/manisa-yunusemre-akmescit-satilik/daire/162376-28,2025-12-03 18:38:18
SATILIK KURTULUŞTA ÖZEL OTOPARKLI 3+1 140 M2 LÜKS ARA KAT,5.650.000 TL,Manisa,Salihli,Kurtulus Mah.,Manisa / Salihli / Kurtulus Mah.,3 + 1,140,1,Ara Kat,6 Yaşında,Kombi,Var,Var,Var,İkinci El,Boş,Kat İrtifakı,"Doğu, Batı",etin,1 TL,...,Hayır,Haritası,Hatırlatmaları,Eşyalı Değil,Satılık,150639-34,09-10-2025,https://www.hepsiemlak.com/manisa-salihli-kurtulus-satilik/daire/150639-34,2025-12-03 18:38:44
MERCAN EMLAK DİNÇER MAH 3+1 KAPALI MUTF. 120 M2 ÖNÜ PARK 1.BALK.,4.400.000 TL,Manisa,Sehzadeler,Dincer Mah.,Manisa / Sehzadeler / Dincer Mah.,3 + 1,120,1,2. Kat,26 Yaşında,Kombi,Var,Yok,Var,-,Kiracılı,Kat İrtifakı,-,etin,-,...,Hayır,Haritası,Hatırlatmaları,Eşyalı Değil,Satılık,106564-517,13-11-2025,https://www.hepsiemlak.com/manisa-sehzadeler-dincer-satilik/daire/106564-517,2025-12-03 18:39:03
ANKA GAYRİMENKUL DEN SATİLİK DAİRE,3.500.000 TL,Manisa,Sehzadeler,Arda Mah.,Manisa / Sehzadeler / Arda Mah.,3 + 1,125,1,Ara Kat,40 Yaşında,Doğalgaz Sobası,Var,Var,Yok,İkinci El,Kiracılı,Kat İrtifakı,-,etin,-,...,-,Haritası,Hatırlatmaları,Eşyalı Değil,Satılık,152027-28,04-11-2025,https://www.hepsiemlak.com/manisa-sehzadeler-arda-satilik/daire/152027-28,2025-12-03 18:39:23
SARIALAN KÖYÜNDE SATILIK 185 M2 ARSALI MÜSTAKİL EV 1.150.000 TL,1.150.000 TL,Manisa,Sehzadeler,Sarialan Mah.,Manisa / Sehzadeler / Sarialan Mah.,1 + 1,185,1,-,34 Yaşında,Soba,Yok,Yok,Yok,İkinci El,Boş,Müstakil Tapulu,-,etin,-,...,Evet,Haritası,Hatırlatmaları,Eşyalı Değil,Satılık,119726-1423,09-11-2025,https://www.hepsiemlak.com/manisa-sehzadeler-sarialan-satilik/mustakil-ev/119726-1423,2025-12-03 18:39:40
Salihli Zafer de Satılık 168 m2 Arsa Üstünde 2 Katlı Müstakil Ev,4.250.000 TL,Manisa,Salihli,Zafer Mah.,Manisa / Salihli / Zafer Mah.,8 + 2,240,2,Bahçe Katı,26 Yaşında,Klima,Yok,Yok,Yok,-,Mülk Sahibi,Müstakil Tapulu,-,etin,-,...,Hayır,Haritası,Hatırlatmaları,Eşyalı Değil,Satılık,46975-1878,21-11-2025,https://www.hepsiemlak.com/manisa-salihli-zafer-satilik/mustakil-ev/46975-1878,2025-12-03 18:39:59
DE&MA EMLAK’TAN İSTASYON CİVARI 3+1 FIRSAT DAİRE,3.200.000 TL,Manisa,Salihli,Namik Mah.,Manisa / Salihli / Namik Mah.,3 + 1,140,1,Kot 2,25 Yaşında,Belirtilmemiş,Yok,Yok,Var,İkinci El,Belirtilmemiş,Kat Mülkiyeti,-,etin,-,...,Hayır,Haritası,Hatırlatmaları,Eşyalı,Satılık,152193-89,26-11-2025,https://www.hepsiemlak.com/manisa-salihli-namik-kemal-satilik/daire/152193-89,2025-12-03 18:40:47
SATILIK 2+1 DAİRE RAGIPBEY MAHALLESİ,1.975.000 TL,Manisa,Akhisar,Ragip Mah.,Manisa / Akhisar / Ragip Mah.,2 + 1,130,1,2. Kat,26 Yaşında,Kombi,Yok,Var,Yok,-,Boş,Kat İrtifakı,Aydınlık ve ferah cephe Öne Çıkan Özellikler,etin,-,...,Hayır,Haritası,Hatırlatmaları,Eşyalı Değil,Satılık,162211-38,03-12-2025,https://www.hepsiemlak.com/manisa-akhisar-ragip-bey-satilik/daire/162211-38,2025-12-03 18:41:08
SALİHLİ ERDEM EMLAKTAN ESKİ CAMİ MAHALLESİNDE SATILIK DOĞAL GAZLI DUBLEKS DAİRE,3.300.000 TL,Manisa,Salihli,Eski Mah.,Manisa / Salihli / Eski Mah.,3 + 1,145,1,En Üst Kat,10 Yaşında,Kombi,Yok,Yok,Var,-,Boş,Kat Mülkiyeti,-,etin,-,...,Hayır,Haritası,Hatırlatmaları,Eşyalı Değil,Satılık,158161-127,26-11-2025,https://www.hepsiemlak.com/manisa-salihli-eski-cami-satilik/daire/158161-127,2025-12-03 18:41:31
MUSTAFA KEMALDE 4+1 DOĞALGAZLI OKUL KARŞISI DAİRE,3.350.000 TL,Manisa,Turgutlu,Mustafa Mah.,Manisa / Turgutlu / Mustafa Mah.,4 + 1,165,1,4. Kat,6 Yaşında,Kombi,Var,Var,Var,-,Mülk Sahibi,Kat İrtifakı,"Güney, Doğu, Batı",etin,-,...,Evet,Haritası,Hatırlatmaları,Eşyalı Değil,Satılık,164247-8,21-11-2025,https://www.hepsiemlak.com/manisa-turgutlu-mustafa-kemal-satilik/daire/164247-8,2025-12-03 18:41:51
beft gayrimenkul den dilşikar mh satılık kiremit çatı 3+1 125 m2 son kat daire,2.550.000 TL,Manisa,Sehzadeler,Dilsikar Mah.,Manisa / Sehzadeler / Dilsikar Mah.,3 + 1,125,1,6. Kat,34 Yaşında,Kombi,Yok,Var,Yok,İkinci El,Kiracılı,Kat İrtifakı,-,etin,-,...,Hayır,Haritası,Hatırlatmaları,Eşyalı Değil,Satılık,162044-98,03-12-2025,https://www.hepsiemlak.com/manisa-sehzadeler-dilsikar-satilik/daire/162044-98,2025-12-03 18:42:15
Peker Mahallesi Bahçelievler de Satılık 3+1 Arakat Daire,4.250.000 TL,Manisa,Sehzadeler,Peker Mah.,Manisa / Sehzadeler / Peker Mah.,3 + 1,125,1,2. Kat,31 Yaşında,Kombi,Yok,Yok,Yok,-,Mülk Sahibi,Kat Mülkiyeti,"Kuzey, Güney, Doğu",etin,-,...,Hayır,İçerisinde Satılık Arakat Daire,Hatırlatmaları,Eşyalı Değil,Satılık,102443-812,19-11-2025,https://www.hepsiemlak.com/manisa-sehzadeler-peker-satilik/daire/102443-812,2025-12-03 18:42:33
Manisa Yunusemre Mutlu Mh 2+1 Bahçeli Zemin Kat,2.950.000 TL,Manisa,Yunusemre,Mutlu Mah.,Manisa / Yunusemre / Mutlu Mah.,2 + 1,90,1,Bahçe Katı,21 Yaşında,Isıtma Yok,Yok,Yok,Yok,İkinci El,-,Kat Mülkiyeti,-,etin,100 TL,...,-,Haritası,Hatırlatmaları,Eşyalı Değil,Satılık,95753-2094,21-11-2025,https://www.hepsiemlak.com/manisa-yunusemre-mutlu-satilik/daire/95753-2094,2025-12-03 18:42:53
TURGUTLU'DA SATILIK DAİRE,3.000.000 TL,Manisa,Turgutlu,Subasi Mah.,Manisa / Turgutlu / Subasi Mah.,3 + 1,135,2,En Üst Kat,7 Yaşında,Kombi,Yok,Yok,Yok,-,-,Kat Mülkiyeti,-,etin,-,...,-,Haritası,Hatırlatmaları,-,Satılık,141766-260,03-12-2025,https://www.hepsiemlak.com/manisa-turgutlu-subasi-satilik/daire/141766-260,2025-12-03 18:43:16
YENİ MAHALLE DE 4+1 SATILIK DUBLEKS DAİRE,8.500.000 TL,Manisa,Yunusemre,Yeni Mah.,Manisa / Yunusemre / Yeni Mah.,4 + 1,250,2,5. Kat,16 Yaşında,Kombi,Var,Var,Var,-,Mülk Sahibi,Kat İrtifakı,-,etin,-,...,Evet,Haritası,Hatırlatmaları,Eşyalı Değil,Satılık,94966-799,14-11-2025,https://www.hepsiemlak.com/manisa-yunusemre-yeni-mahalle-satilik/daire/94966-799,2025-12-03 18:43:40
Utku mah 2+1 uygun fiyat 13 bin kiracılı,2.450.000 TL,Manisa,Sehzadeler,Carsi Mah.,Manisa / Sehzadeler / Carsi Mah.,2 + 1,100,1,En Üst Kat,30 Yaşında,Klima,Yok,Yok,Yok,İkinci El,Kiracılı,Kat Mülkiyeti,-,etin,-,...,Evet,Haritası,Hatırlatmaları,Eşyalı Değil,Satılık,86276-1253,26-11-2025,https://www.hepsiemlak.com/manisa-sehzadeler-carsi-satilik/daire/86276-1253,2025-12-03 18:43:59
Muradiye Çarşısında Kapalı Mutfak 0 Arakat,4.000.000 TL,Manisa,Yunusemre,Muradiye Mah.,Manisa / Yunusemre / Muradiye Mah.,-,-,-,-,-,-,Yok,Yok,Yok,-,-,-,-,etin,-,-,-,Haritası,-,-,-,152909-40,14-11-2025,https://www.hepsiemlak.com/manisa-yunusemre-muradiye-satilik/daire/152909-40,2025-12-03 18:44:48
Meslek lisesi yanı Yeni yuvanız,2.400.000 TL,Manisa,Saruhanli,Saruhan Mah.,Manisa / Saruhanli / Saruhan Mah.,2 + 0,85,1,Yüksek Giriş,8 Yaşında,Kombi,Var,Yok,Yok,İkinci El,Boş,Kat İrtifakı,"Kuzey, Güney",etin,200 TL,...,Hayır,Haritası,Hatırlatmaları,Eşyalı Değil,Satılık,9333-1827,26-11-2025,https://www.hepsiemlak.com/manisa-saruhanli-saruhan-satilik/daire/9333-1827,2025-12-03 18:45:11
3 ADAM EMLAK'TAN EFENDİ MH SATILIK DUBLEKS DAİRE,3.250.000 TL,Manisa,Akhisar,Efendi Mah.,Manisa / Akhisar / Efendi Mah.,4 + 1,180,3,3. Kat,1 Yaşında,Kombi,Yok,Yok,Var,-,Boş,Kat İrtifakı,-,etin,-,...,Hayır,Haritası,Hatırlatmaları,Eşyalı Değil,Satılık,143910-157,24-11-2025,https://www.hepsiemlak.com/manisa-akhisar-efendi-satilik/daire/143910-157,2025-12-03 18:45:34
Manisa Yeni Mahalle de Satılık Daire,3.050.000 TL,Manisa,Sehzadeler,Yarhasanlar Mah.,Manisa / Sehzadeler / Yarhasanlar Mah.,2 + 1,95,1,Ara Kat,30 Yaşında,Kombi,Yok,Var,Var,-,-,Müstakil Tapulu,-,etin,-,...,Evet,Haritası,Hatırlatmaları,Eşyalı Değil,Satılık,164260-4,21-11-2025,https://www.hepsiemlak.com/manisa-sehzadeler-yarhasanlar-satilik/daire/164260-4,2025-12-03 18:45:53
KETHÜDA MH SATILIK 3+1 DAİRE,2.250.000 TL,Manisa,Akhisar,Kethuda Mah.,Manisa / Akhisar / Kethuda Mah.,3 + 1,130,1,3. Kat,21 Yaşında,Kombi,Yok,Yok,Yok,-,Mülk Sahibi,Kat İrtifakı,-,etin,-,...,Hayır,Haritası,Hatırlatmaları,-,Satılık,163472-16,20-11-2025,https://www.hepsiemlak.com/manisa-akhisar-kethuda-satilik/daire/163472-16,2025-12-03 18:46:10
MUSAL SİTESİNDE MANİSA TURGUTLU SELVİLİTEPE M SATILI 1+1 DAİRE,2.900.000 TL,Manisa,Turgutlu,Selvilitepe Mah.,Manisa / Turgutlu / Selvilitepe Mah.,1 + 1,65,1,5. Kat,11 Yaşında,Kombi,Var,Var,Var,-,Kiracılı,Kat Mülkiyeti,-,etin,-,...,Hayır,İçerisinde,Hatırlatmaları,Eşyalı Değil,Satılık,164007-30,20-11-2025,https://www.hepsiemlak.com/manisa-turgutlu-selvilitepe-satilik/daire/164007-30,2025-12-03 18:46:30
ARAS YAPI'DAN MURADİYE'DE 2+1 EŞYALI SATILIK KUPON DAİRE,2.750.000 TL,Manisa,Yunusemre,Muradiye Mah.,Manisa / Yunusemre / Muradiye Mah.,2 + 1,80,1,4. Kat,5 Yaşında,Kombi,Yok,Var,Var,-,Kiracılı,Kat İrtifakı,-,etin,-,...,Hayır,İçi Sıfır 1+1 Daire ⭕️,Hatırlatmaları,Eşyalı,Satılık,159142-87,19-11-2025,https://www.hepsiemlak.com/manisa-yunusemre-muradiye-satilik/daire/159142-87,2025-12-03 18:46:50
KİRVEM EMLAK'TAN GENİŞ ARA KAT 3+1 DAİRE- KAPALI MUTFAK,3.850.000 TL,Manisa,Saruhanli,Kurtulus Mah.,Manisa / Saruhanli / Kurtulus Mah.,3 + 1,145,1,3. Kat,4 Yaşında,Kombi,Yok,Var,Yok,-,Mülk Sahibi,Kat Mülkiyeti,-,etin,-,...,Hayır,Haritası,Hatırlatmaları,Eşyalı Değil,Satılık,162496-33,07-11-2025,https://www.hepsiemlak.com/manisa-saruhanli-kurtulus-satilik/daire/162496-33,2025-12-03 18:47:09
ATABEY 2 SİTESİNDE SATILIK 5+1 DUBLEKS,9.300.000 TL,Manisa,Yunusemre,Hafsa Mah.,Manisa / Yunusemre / Hafsa Mah.,5 + 1,200,2,10. Kat,11 Yaşında,Kombi,Yok,Yok,Yok,-,Mülk Sahibi,Kat Mülkiyeti,-,etin,-,...,Hayır,İçerisinde,Hatırlatmaları,Eşyalı Değil,Satılık,163779-18,25-11-2025,https://www.hepsiemlak.com/manisa-yunusemre-hafsa-sultan-satilik/daire/163779-18,2025-12-03 18:47:28
ÖZ DOST EMLAKTAN MURADİYEDE SATILIK 3+1 DAİRE,5.250.000 TL,Manisa,Yunusemre,Muradiye Mah.,Manisa / Yunusemre / Muradiye Mah.,3 + 1,170,2,4. Kat,6 Yaşında,Kombi,Yok,Yok,Yok,-,Boş,Kat İrtifakı,-,etin,-,...,Hayır,Haritası,Hatırlatmaları,Eşyalı Değil,Satılık,137460-91,15-11-2025,https://www.hepsiemlak.com/manisa-yunusemre-muradiye-satilik/daire/137460-91,2025-12-03 18:47:49
AKMAN GAYRİMENKUL'DEN NORAN ELYSİUM'DA SATILIK 2+1 DAİRE,8.000.000 TL,Manisa,Yunusemre,Guzelyurt Mah.,Manisa / Yunusemre / Guzelyurt Mah.,2 + 1,95,1,6. Kat,Sıfır Bina,Yerden Isıtma,Yok,Yok,Var,-,Boş,Kat İrtifakı,-,etin,-,...,Hayır,İçerisinde,Hatırlatmaları,Eşyalı Değil,Satılık,113243-58,04-11-2025,https://www.hepsiemlak.com/manisa-yunusemre-guzelyurt-satilik/daire/113243-58,2025-12-03 18:48:27
Selvilitepe Mh. Satılık Daire,"Fiyat
En Az
TL
En Çok
TL",Manisa,Turgutlu,Selvilitepe Mah.,Manisa / Turgutlu / Selvilitepe Mah.,-,-,Seçiniz,Kat Seçiniz,Bina Yaşı,Isınma Tipi Seçiniz,Var,Var,Var,-,Kullanım Durumu Seçiniz,Tapu Durumu Seçiniz,Cephe Seçiniz,etin,-,k,a Uygun,Tümü,-,Tümü,-,-,28-11-2025,https://www.hepsiemlak.com/manisa-turgutlu-selvilitepe-satilik/daire/144722-277,2025-12-03 18:48:50
Turgutlu Cumhuriyet Mh. Satılık Daire,"Fiyat
En Az
TL
En Çok
TL",Manisa,Turgutlu,Cumhuriyet Mah.,Manisa / Turgutlu / Cumhuriyet Mah.,-,-,Seçiniz,Kat Seçiniz,Bina Yaşı,Isınma Tipi Seçiniz,Var,Var,Var,-,Kullanım Durumu Seçiniz,Tapu Durumu Seçiniz,Cephe Seçiniz,etin,-,k,a Uygun,Tümü,-,Tümü,-,-,03-12-2025,https://www.hepsiemlak.com/manisa-turgutlu-cumhuriyet-satilik/daire/154992-52,2025-12-03 18:49:12
🏡 ACİL SATILIK – MURADİYE İSTASYON KARŞISI YOL CEPHELİ 3+1 DAİRE,3.450.000 TL,Manisa,Yunusemre,Karaali Mah.,Manisa / Yunusemre / Karaali Mah.,3 + 1,110,1,2. Kat,10 Yaşında,Kombi,Var,Var,Yok,İkinci El,Mülk Sahibi,Kat İrtifakı,-,etin,500 TL,...,-,Haritası,Hatırlatmaları,Eşyalı Değil,Satılık,160648-27,07-11-2025,https://www.hepsiemlak.com/manisa-yunusemre-karaali-satilik/daire/160648-27,2025-12-03 18:49:34
ALAŞEHİR KURTULUŞ MH DENİZ PARK EVLERİNDE SATILIK DAİRE,5.250.000 TL,Manisa,Alasehir,Kurtulus Mah.,Manisa / Alasehir / Kurtulus Mah.,3 + 1,170,2,4. Kat,Sıfır Bina,Kombi,Var,Var,Yok,-,Boş,Kat İrtifakı,"Güney, Batı",etin,-,...,Evet,Haritası,Hatırlatmaları,Eşyalı Değil,Satılık,160695-48,27-11-2025,https://www.hepsiemlak.com/manisa-alasehir-kurtulus-satilik/daire/160695-48,2025-12-03 18:49:57
ERSOY'DAN 50.YIL MH 4+2 240M² AYRI GİRİŞLİ DBLEKS 4 YAŞ ASANSÖR,5.600.000 TL,Manisa,Yunusemre,50 Mah.,Manisa / Yunusemre / 50 Mah.,4 + 2,240,2,Çatı Katı,4 Yaşında,Kombi,Var,Var,Var,-,Boş,Kat İrtifakı,-,etin,-,...,Hayır,Haritası,Hatırlatmaları,Eşyalı Değil,Satılık,114523-414,05-11-2025,https://www.hepsiemlak.com/manisa-yunusemre-50-yil-satilik/daire/114523-414,2025-12-03 18:50:20
2+1 AÇIK MUTFAK DAİRE 111,3.250.000 TL,Manisa,Yunusemre,Muradiye Mah.,Manisa / Yunusemre / Muradiye Mah.,2 + 1,85,1,3. Kat,Sıfır Bina,Kombi,Var,Var,Var,Sıfır,Boş,Kat İrtifakı,-,etin,-,...,Hayır,İçi 1+1 Daire ⭕️,Hatırlatmaları,Eşyalı Değil,Satılık,152164-30,08-11-2025,https://www.hepsiemlak.com/manisa-yunusemre-muradiye-satilik/daire/152164-30,2025-12-03 18:50:39
ANKARA ASFALTI SİTELERİN OLDUĞU TUTULAN BÖLGEDE KÖŞE SATILIK DAİ,3.500.000 TL,Manisa,Turgutlu,Selvilitepe Mah.,Manisa / Turgutlu / Selvilitepe Mah.,2 + 1,80,1,2. Kat,Sıfır Bina,Kombi,Yok,Var,Var,-,Boş,Kat İrtifakı,-,etin,-,...,Evet,Haritası,Hatırlatmaları,Eşyalı Değil,Satılık,155066-54,17-11-2025,https://www.hepsiemlak.com/manisa-turgutlu-selvilitepe-satilik/daire/155066-54,2025-12-03 18:50:59
ERGENEKON MH 150 m2 ŞAHSİ OTOPARKLI SIFIR SATILIK DAİRE,6.500.000 TL,Manisa,Turgutlu,Ergenekon Mah.,Manisa / Turgutlu / Ergenekon Mah.,3 + 1,150,2,2. Kat,1 Yaşında,Yerden Isıtma,Var,Yok,Var,-,Boş,Kat İrtifakı,Doğu,etin,-,...,Hayır,Haritası,Hatırlatmaları,Eşyalı Değil,Satılık,161345-10,02-12-2025,https://www.hepsiemlak.com/manisa-turgutlu-ergenekon-satilik/daire/161345-10,2025-12-03 18:51:20
EMİR GRUP'TAN MURADİYE'DE 2+1 ULTRA LÜX FERAH DAİRE,3.550.000 TL,Manisa,Yunusemre,Muradiye Mah.,Manisa / Yunusemre / Muradiye Mah.,2 + 1,105,1,2. Kat,5 Yaşında,Kombi,Var,Yok,Var,-,Boş,Kat İrtifakı,-,etin,-,...,Hayır,Haritası,Hatırlatmaları,Eşyalı Değil,Satılık,163565-96,26-11-2025,https://www.hepsiemlak.com/manisa-yunusemre-muradiye-satilik/daire/163565-96,2025-12-03 18:51:39
FİT GAYRİMENKUL'DEN 3+1 / 140 M2 SATILIK DAİRE,4.300.000 TL,Manisa,Saruhanli,Cengiz Mah.,Manisa / Saruhanli / Cengiz Mah.,3 + 1,140,1,2. Kat,Sıfır Bina,Kombi,Var,Yok,Yok,-,Boş,Kat İrtifakı,Batı,etin,-,...,Evet,Haritası,Hatırlatmaları,Eşyalı Değil,Satılık,163843-15,19-11-2025,https://www.hepsiemlak.com/manisa-saruhanli-cengiz-topel-satilik/daire/163843-15,2025-12-03 18:54:22
Hürriyet Mahallesinin Tam Kalbinde Bağımsız Otoparklı Dubleks,4.500.000 TL,Manisa,Akhisar,Hurriyet Mah.,Manisa / Akhisar / Hurriyet Mah.,4 + 1,150,2,3. Kat,1 Yaşında,Kombi,Yok,Var,Var,-,Boş,Kat İrtifakı,"Güney, Batı",etin,-,...,Hayır,de Satılık 3+1 Daire,Hatırlatmaları,Eşyalı Değil,Satılık,86919-576,11-11-2025,https://www.hepsiemlak.com/manisa-akhisar-hurriyet-satilik/daire/86919-576,2025-12-03 18:54:42
"HÜRRİYET MAH. SATILIK 3+1 , 150 M2 DAİRE",3.550.000 TL,Manisa,Akhisar,Hurriyet Mah.,Manisa / Akhisar / Hurriyet Mah.,3 + 1,150,1,1. Kat,11 Yaşında,Kombi,Yok,Yok,Yok,-,Kiracılı,Kat İrtifakı,"Kuzey, Güney, Batı",etin,-,...,Hayır,Haritası,Hatırlatmaları,Eşyalı Değil,Satılık,163257-1,17-11-2025,https://www.hepsiemlak.com/manisa-akhisar-hurriyet-satilik/daire/163257-1,2025-12-03 18:55:04
AKHİSAR HÜRRİYET MAH. BORSA YOLU YAKINI 3+1 ARAKAT SATILIK DAİRE,4.500.000 TL,Manisa,Akhisar,Hurriyet Mah.,Manisa / Akhisar / Hurriyet Mah.,3 + 0,135,2,2. Kat,1 Yaşında,Yerden Isıtma,Yok,Var,Yok,Sıfır,Boş,Kat İrtifakı,Batı,etin,-,...,Evet,Haritası,Hatırlatmaları,Eşyalı Değil,Satılık,94123-2756,16-10-2025,https://www.hepsiemlak.com/manisa-akhisar-hurriyet-satilik/daire/94123-2756,2025-12-03 18:55:21
Manisa Güzelyurt'ta Satılık 3+1 Daire,8.150.000 TL,Manisa,Yunusemre,Guzelyurt Mah.,Manisa / Yunusemre / Guzelyurt Mah.,3 + 1,145,1,6. Kat,16 Yaşında,Kombi,Var,Yok,Yok,-,Mülk Sahibi,Kat Mülkiyeti,"Doğu, Batı",etin,100 TL,...,Hayır,İçerisinde,Hatırlatmaları,Eşyalı Değil,Satılık,162776-13,25-11-2025,https://www.hepsiemlak.com/manisa-yunusemre-guzelyurt-satilik/daire/162776-13,2025-12-03 18:55:39
UNCUBOZKÖY ÖZEL TASARIM FULL TADILATLI ÖNÜ AÇIK DUBLEX DAIRE,8.150.000 TL,Manisa,Yunusemre,Uncubozkoy Mah.,Manisa / Yunusemre / Uncubozkoy Mah.,4 + 1,240,2,4. Kat,21 Yaşında,Yerden Isıtma,Var,Var,Yok,-,Mülk Sahibi,Kat İrtifakı,-,etin,-,...,Hayır,İçerisinde Sıfır 4+1 Geniş Daire,Hatırlatmaları,Eşyalı Değil,Satılık,154167-392,21-11-2025,https://www.hepsiemlak.com/manisa-yunusemre-uncubozkoy-satilik/daire/154167-392,2025-12-03 18:55:58
TAM NOKTA TURGUTLU'DAN ANKARA ASFALTINDA SATILIK DAİRE,6.000.000 TL,Manisa,Turgutlu,Ergenekon Mah.,Manisa / Turgutlu / Ergenekon Mah.,3 + 1,130,1,2. Kat,Sıfır Bina,Kombi,Yok,Yok,Yok,-,-,Kat İrtifakı,-,etin,-,...,-,Haritası,Hatırlatmaları,-,Satılık,156788-41,02-12-2025,https://www.hepsiemlak.com/manisa-turgutlu-ergenekon-satilik/daire/156788-41,2025-12-03 18:56:21
MUSTAFA BAŞYİĞİT EMLAKTAN SATILIK DAİRE EFENDİ MAHALLESİ'NDE,2.920.000 TL,Manisa,Akhisar,Efendi Mah.,Manisa / Akhisar / Efendi Mah.,2 + 1,115,2,4. Kat,1 Yaşında,Kombi,Yok,Var,Yok,-,Mülk Sahibi,Kat Mülkiyeti,-,etin,-,...,Hayır,Haritası,Hatırlatmaları,Eşyalı Değil,Satılık,162406-237,28-11-2025,https://www.hepsiemlak.com/manisa-akhisar-efendi-satilik/daire/162406-237,2025-12-03 18:56:42
NOVA'DAN GOLDEN TOWERS SİTESİNDE İKİ TERASLI 5+2 KAT DUBLEKSİ,10.020.000 TL,Manisa,Turgutlu,Selvilitepe Mah.,Manisa / Turgutlu / Selvilitepe Mah.,4 + 2,300,3,15. Kat,5 Yaşında,Kombi,Yok,Var,Var,-,Boş,Kat Mülkiyeti,"Doğu, Batı",etin,3 TL,...,Hayır,İçerisinde,Hatırlatmaları,Eşyalı Değil,Satılık,123058-2173,11-11-2025,https://www.hepsiemlak.com/manisa-turgutlu-selvilitepe-satilik/daire/123058-2173,2025-12-03 18:57:03
Lalapaşa Mahallesi'nde satılık eşyalı 2+1 daire..,2.350.000 TL,Manisa,Yunusemre,Lalapasa Mah.,Manisa / Yunusemre / Lalapasa Mah.,2 + 1,75,1,Giriş Katı,11 Yaşında,Kombi,Yok,Yok,Yok,-,Kiracılı,Kat İrtifakı,Güney,etin,-,...,Hayır,Haritası,Hatırlatmaları,Eşyalı,Satılık,160440-23,17-11-2025,https://www.hepsiemlak.com/manisa-yunusemre-lalapasa-satilik/daire/160440-23,2025-12-03 18:57:21
SABRİ BALCI OKULU CİVARI 2+1 SATILIK DAİRELER,2.650.000 TL,Manisa,Soma,Cuma Mah.,Manisa / Soma / Cuma Mah.,2 + 1,95,1,2. Kat,Sıfır Bina,Merkezi,Yok,Var,Var,Sıfır,Boş,Kat İrtifakı,-,etin,-,...,Evet,Haritası,Hatırlatmaları,Eşyalı Değil,Satılık,691819-873,20-11-2025,https://www.hepsiemlak.com/manisa-soma-cuma-satilik/daire/691819-873,2025-12-03 18:58:05
Manisa Yunusemre Akçaköy Mahallesin'de Bağımsız 3+2 Villa,8.600.000 TL,Manisa,Yunusemre,Akcakoy Mah.,Manisa / Yunusemre / Akcakoy Mah.,3 + 2,553,2,Bahçe Katı,2 Yaşında,Kat Kaloriferi,Yok,Var,Yok,-,Boş,Tapu Yok,"Kuzey, Güney, Doğu, Batı",etin,-,...,Hayır,İçerisinde Asansörlü 3+1,Hatırlatmaları,Eşyalı Değil,Satılık,29626-2099,22-11-2025,https://www.hepsiemlak.com/manisa-yunusemre-akcakoy-satilik/villa/29626-2099,2025-12-03 18:58:26
Manisa Yunusemre Atatürk Mah. Fırsat 2+1 Kapalı Mutfak Asansörlü Arakat,3.650.000 TL,Manisa,Yunusemre,Ataturk Mah.,Manisa / Yunusemre / Ataturk Mah.,2 + 1,95,1,Ara Kat,5 Yaşında,Kombi,Var,Var,Yok,İkinci El,Boş,Kat Mülkiyeti,"Kuzey, Güney, Doğu, Batı",etin,200 TL,...,Hayır,İçi 1+1 Daire ⭕️,Hatırlatmaları,Eşyalı Değil,Satılık,95753-2091,17-11-2025,https://www.hepsiemlak.com/manisa-yunusemre-ataturk-satilik/daire/95753-2091,2025-12-03 18:58:49
Akhisar Hürriyet Mahallesi'nde 3+1 Satılık Daire,3.000.000 TL,Manisa,Akhisar,Hurriyet Mah.,Manisa / Akhisar / Hurriyet Mah.,3 + 1,145,1,3. Kat,20 Yaşında,Kombi,Yok,Yok,Var,İkinci El,Kiracılı,Kat Mülkiyeti,"Kuzey, Güney, Doğu",etin,-,...,Hayır,Haritası,Hatırlatmaları,Eşyalı Değil,Satılık,94137-1381,27-10-2025,https://www.hepsiemlak.com/manisa-akhisar-hurriyet-satilik/daire/94137-1381,2025-12-03 18:59:08
Yunus Emre İlç Muradiye Mah Akdeniz Emlak'tan Satılık Daire,3.480.000 TL,Manisa,Yunusemre,Muradiye Mah.,Manisa / Yunusemre / Muradiye Mah.,3 + 1,115,-,Ara Kat,4 Yaşında,Kombi,Yok,Var,Yok,İkinci El,Kiracılı,Kat Mülkiyeti,Güney,etin,-,...,Hayır,Satılık 2+1 Daire,Hatırlatmaları,-,Satılık,22228-10913,30-11-2025,https://www.hepsiemlak.com/manisa-yunusemre-muradiye-satilik/daire/22228-10913,2025-12-03 18:59:27
MANİSA KARAALİ MAH 3+1 AÇIK MUTFAK 120 M2 ARAKAT FERAH DAİRE,3.700.000 TL,Manisa,Yunusemre,Muradiye Mah.,Manisa / Yunusemre / Muradiye Mah.,3 + 1,120,1,2. Kat,16 Yaşında,Kombi,Var,Var,Var,-,Mülk Sahibi,Kat İrtifakı,-,etin,-,...,Evet,Haritası,Hatırlatmaları,Eşyalı Değil,Satılık,106564-511,13-11-2025,https://www.hepsiemlak.com/manisa-yunusemre-muradiye-satilik/daire/106564-511,2025-12-03 18:59:48
BEFT GAYRİMENKUL DEN YARHASANLAR MH SATILIK TELEKOM SOKAĞI SATILIK ARAKAT,3.750.000 TL,Manisa,Sehzadeler,Yarhasanlar Mah.,Manisa / Sehzadeler / Yarhasanlar Mah.,3 + 1,125,1,4. Kat,36 Yaşında,Kombi,Var,Var,Yok,İkinci El,Boş,Kat İrtifakı,-,etin,-,...,Evet,Haritası,Hatırlatmaları,-,Satılık,162044-146,29-11-2025,https://www.hepsiemlak.com/manisa-sehzadeler-yarhasanlar-satilik/daire/162044-146,2025-12-03 19:00:10
Manisa sehzadeler 8 havuza çok yakın satılık kombili 2+1 4.kat arakat daire.,3.250.000 TL,Manisa,Sehzadeler,1 Mah.,Manisa / Sehzadeler / 1 Mah.,2 + 1,89,1,4. Kat,50 Yaşında,Kombi,Var,Var,Yok,İkinci El,Kiracılı,Kat Mülkiyeti,Kuzey,etin,-,...,Hayır,Haritası,Hatırlatmaları,Eşyalı Değil,Satılık,49173-192,05-11-2025,https://www.hepsiemlak.com/manisa-sehzadeler-1-anafartalar-satilik/daire/49173-192,2025-12-03 19:00:33
MANİSA TURGUTLU SUBAŞI M SATILIK 3+1 ARAKAT DAİRE,4.450.000 TL,Manisa,Turgutlu,Subasi Mah.,Manisa / Turgutlu / Subasi Mah.,3 + 1,140,2,3. Kat,6 Yaşında,Kombi,Var,Var,Var,-,Mülk Sahibi,Kat Mülkiyeti,-,etin,-,...,Hayır,Haritası,Hatırlatmaları,-,Satılık,164007-28,22-11-2025,https://www.hepsiemlak.com/manisa-turgutlu-subasi-satilik/daire/164007-28,2025-12-03 19:00:59
ÇAĞLAK PARKI MEVKİİ 3+1 SATILIK DAİRE,3.450.000 TL,Manisa,Akhisar,Cumhuriyet Mah.,Manisa / Akhisar / Cumhuriyet Mah.,3 + 1,130,1,3. Kat,2 Yaşında,Kombi,Yok,Yok,Var,-,Boş,Kat İrtifakı,-,etin,-,...,Hayır,Haritası,Hatırlatmaları,Eşyalı Değil,Satılık,163472-10,20-11-2025,https://www.hepsiemlak.com/manisa-akhisar-cumhuriyet-satilik/daire/163472-10,2025-12-03 19:01:22
Otogar Yakını Ergenekon Mh. Merkezine Yakın Satılık Daireler,5.400.000 TL,Manisa,Turgutlu,Ergenekon Mah.,Manisa / Turgutlu / Ergenekon Mah.,3 + 1,140,2,1. Kat,Sıfır Bina,Yerden Isıtma,Yok,Var,Var,-,Boş,Kat Mülkiyeti,-,etin,-,...,Hayır,Haritası,Hatırlatmaları,Eşyalı Değil,Satılık,160048-96,22-11-2025,https://www.hepsiemlak.com/manisa-turgutlu-ergenekon-satilik/daire/160048-96,2025-12-03 19:02:11
ARAS YAPI'DAN MURADİYE İSTASYON'DA 2+1 ÖN CEPHE SATILIK DAİRE,2.950.000 TL,Manisa,Yunusemre,Muradiye Mah.,Manisa / Yunusemre / Muradiye Mah.,2 + 1,85,1,3. Kat,4 Yaşında,Kombi,Yok,Var,Yok,-,Boş,Kat İrtifakı,-,etin,-,...,Hayır,Haritası,Hatırlatmaları,Eşyalı Değil,Satılık,159142-86,14-11-2025,https://www.hepsiemlak.com/manisa-yunusemre-muradiye-satilik/daire/159142-86,2025-12-03 19:02:34
Karaköy'de Kapalı Mutfak 120m² 3+1 2.kat,4.950.000 TL,Manisa,Sehzadeler,Tunca Mah.,Manisa / Sehzadeler / Tunca Mah.,3 + 1,120,1,2. Kat,16 Yaşında,Kombi,Yok,Var,Yok,-,Boş,Kat Mülkiyeti,-,etin,-,...,Hayır,Haritası,Hatırlatmaları,Eşyalı Değil,Satılık,163278-46,15-11-2025,https://www.hepsiemlak.com/manisa-sehzadeler-tunca-satilik/daire/163278-46,2025-12-03 19:02:56
AKHİSAR SEYDİAHMET FAHRİ SERTEL EMLAKTAN SATILIK 3+1 DAİRE,4.160.000 TL,Manisa,Akhisar,Seyit Mah.,Manisa / Akhisar / Seyit Mah.,3 + 1,150,2,Ara Kat,4 Yaşında,Kombi,Yok,Var,Var,-,-,Müstakil Tapulu,-,etin,-,...,Evet,Haritası,Hatırlatmaları,-,Satılık,144740-258,03-12-2025,https://www.hepsiemlak.com/manisa-akhisar-seyit-ahmet-satilik/daire/144740-258,2025-12-03 19:03:18
AKMAN GAYRİMENKUL'DEN NORAN ELYSİUM'DA SATILIK 2+1 DAİRE,8.000.000 TL,Manisa,Yunusemre,Guzelyurt Mah.,Manisa / Yunusemre / Guzelyurt Mah.,2 + 1,95,1,6. Kat,Sıfır Bina,Yerden Isıtma,Yok,Yok,Yok,-,Boş,Kat İrtifakı,-,etin,-,...,Hayır,İçerisinde,Hatırlatmaları,Eşyalı Değil,Satılık,113243-57,04-11-2025,https://www.hepsiemlak.com/manisa-yunusemre-guzelyurt-satilik/daire/113243-57,2025-12-03 19:03:41
TURPA'DAN YENİ MH. SATILIK FIRSAT 3+1 ARAKAT DAİRE,4.350.000 TL,Manisa,Turgutlu,Yeni Mah.,Manisa / Turgutlu / Yeni Mah.,3 + 1,135,1,3. Kat,10 Yaşında,Kombi,Var,Var,Yok,İkinci El,Boş,Kat Mülkiyeti,-,etin,-,...,Hayır,Haritası,Hatırlatmaları,Eşyalı Değil,Satılık,144722-269,03-11-2025,https://www.hepsiemlak.com/manisa-turgutlu-yeni-satilik/daire/144722-269,2025-12-03 19:04:02
ÖZ DOST EMLAKTAN MURADİYEDE 1+1 SATILIK EŞYALI DAİRE,2.600.000 TL,Manisa,Yunusemre,Muradiye Mah.,Manisa / Yunusemre / Muradiye Mah.,1 + 1,70,1,2. Kat,5 Yaşında,Kombi,Var,Yok,Yok,-,Boş,Kat İrtifakı,-,etin,-,...,Hayır,Haritası,Hatırlatmaları,Eşyalı,Satılık,137460-59,15-11-2025,https://www.hepsiemlak.com/manisa-yunusemre-muradiye-satilik/daire/137460-59,2025-12-03 19:04:23
3 ADAM EMLAK'TAN GÖLET MEVKİİ 5+1 GENİŞ SATILIK DUBLEKS DAİRE,8.500.000 TL,Manisa,Akhisar,Ataturk Mah.,Manisa / Akhisar / Ataturk Mah.,5 + 1,300,3,3. Kat,2 Yaşında,Kombi,Var,Yok,Yok,-,Mülk Sahibi,Kat İrtifakı,-,etin,1.700 TL,...,Evet,Haritası,Hatırlatmaları,Eşyalı Değil,Satılık,143910-110,24-11-2025,https://www.hepsiemlak.com/manisa-akhisar-ataturk-satilik/daire/143910-110,2025-12-03 19:04:46
CUMHURİYET MAH YEDİEYLÜL YOLU ÜZERİ SATILIK SIFIR DAİRE,4.950.000 TL,Manisa,Turgutlu,Cumhuriyet Mah.,Manisa / Turgutlu / Cumhuriyet Mah.,3 + 1,130,2,4. Kat,5 Yaşında,Yerden Isıtma,Var,Yok,Var,-,Boş,Kat İrtifakı,Kuzey,etin,-,...,Hayır,Haritası,Hatırlatmaları,Eşyalı Değil,Satılık,161345-9,14-11-2025,https://www.hepsiemlak.com/manisa-turgutlu-cumhuriyet-satilik/daire/161345-9,2025-12-03 19:05:14
Manisa Villalar Bölgesi'nde Satılık 1+1 Havuzlu Daire,4.150.000 TL,Manisa,Yunusemre,Muradiye Mah.,Manisa / Yunusemre / Muradiye Mah.,1 + 1,85,1,2. Kat,6 Yaşında,Kombi,Var,Yok,Var,-,Kiracılı,Kat Mülkiyeti,"Kuzey, Batı",etin,1.750 TL,...,Hayır,İçerisinde,Hatırlatmaları,Eşyalı,Satılık,162776-8,25-11-2025,https://www.hepsiemlak.com/manisa-yunusemre-muradiye-satilik/daire/162776-8,2025-12-03 19:05:37
HÜRRİYET MAHALLESİ'NDE CADDE ÜZERİNDE 3+1 SIFIR SATILIK DAİRE,3.950.000 TL,Manisa,Akhisar,Hurriyet Mah.,Manisa / Akhisar / Hurriyet Mah.,3 + 1,130,2,3. Kat,Sıfır Bina,Kombi,Yok,Var,Var,Sıfır,Boş,Kat İrtifakı,"Güney, Doğu, Batı",etin,-,...,-,Haritası,Hatırlatmaları,Eşyalı Değil,Satılık,94123-2740,27-10-2025,https://www.hepsiemlak.com/manisa-akhisar-hurriyet-satilik/daire/94123-2740,2025-12-03 19:06:24
MANISA UNCUBOZKÖY'DE SATILIK 5+1 BOŞ DUBLEKS DAIRE,8.500.000 TL,Manisa,Yunusemre,Uncubozkoy Mah.,Manisa / Yunusemre / Uncubozkoy Mah.,5 + 1,320,2,5. Kat,20 Yaşında,Kombi,Yok,Var,Yok,İkinci El,Boş,Kat İrtifakı,"Güney, Batı",etin,-,...,-,İçerisinde Sıfır 4+1 Geniş Daire,Hatırlatmaları,Eşyalı Değil,Satılık,154167-318,18-11-2025,https://www.hepsiemlak.com/manisa-yunusemre-uncubozkoy-satilik/daire/154167-318,2025-12-03 19:06:47
AVŞAR EMLAK'TAN DUBLEKS İSTER OFİS İSTER DAİRE- BAHÇELİ,4.600.000 TL,Manisa,Yunusemre,Guzelyurt Mah.,Manisa / Yunusemre / Guzelyurt Mah.,1 + 1,60,1,3. Kat,1 Yaşında,Kombi,Var,Var,Yok,-,Boş,Kat İrtifakı,-,etin,-,...,Evet,İçerisinde,Hatırlatmaları,Eşyalı Değil,Satılık,111103-125,12-11-2025,https://www.hepsiemlak.com/manisa-yunusemre-guzelyurt-satilik/daire/111103-125,2025-12-03 19:07:05
FARK GAYRİMENKULDEN YENİMAHALLE'DE 2+1 5 YILLIK SATILIK DAİRE,4.000.000 TL,Manisa,Yunusemre,Yeni Mah.,Manisa / Yunusemre / Yeni Mah.,2 + 1,80,1,3. Kat,5 Yaşında,Kombi,Var,Var,Var,-,Mülk Sahibi,Kat İrtifakı,Batı,etin,75 TL,...,Hayır,Haritası,Hatırlatmaları,Eşyalı Değil,Satılık,94966-800,14-11-2025,https://www.hepsiemlak.com/manisa-yunusemre-yeni-mahalle-satilik/daire/94966-800,2025-12-03 19:07:25
KİRVEM EMLAK'TAN FIRSATT 2+1 DAİRE - AÇIK MUTFAKLI,2.300.000 TL,Manisa,Saruhanli,Cengiz Mah.,Manisa / Saruhanli / Cengiz Mah.,2 + 1,75,1,3. Kat,Sıfır Bina,Kombi,Var,Yok,Var,-,Boş,Kat Mülkiyeti,-,etin,-,...,Hayır,Haritası,Hatırlatmaları,Eşyalı Değil,Satılık,162496-36,07-11-2025,https://www.hepsiemlak.com/manisa-saruhanli-cengiz-topel-satilik/daire/162496-36,2025-12-03 19:07:41
SIFIR UYGUN FİYATLI CUMA PAZAR CİVARI 2+1 SATILIK DAİRE,2.850.000 TL,Manisa,Turgutlu,Albayrak Mah.,Manisa / Turgutlu / Albayrak Mah.,2 + 1,90,1,1. Kat,Sıfır Bina,Kombi,Yok,Var,Var,-,Boş,Kat İrtifakı,-,etin,-,...,Hayır,Haritası,Hatırlatmaları,Eşyalı Değil,Satılık,164247-99,01-12-2025,https://www.hepsiemlak.com/manisa-turgutlu-albayrak-satilik/daire/164247-99,2025-12-03 19:08:03
EVONA GAYRİMENKULDEN SATILIK BAHÇELİ MÜSTAKİL EV,6.700.000 TL,Manisa,Sehzadeler,Camkoy Mah.,Manisa / Sehzadeler / Camkoy Mah.,4 + 1,160,2,Bahçe Katı,3 Yaşında,Soba,Yok,Yok,Yok,-,Mülk Sahibi,Müstakil Tapulu,"Kuzey, Güney, Doğu, Batı",etin,-,...,Evet,Haritası,Hatırlatmaları,Eşyalı,Satılık,163068-21,30-10-2025,https://www.hepsiemlak.com/manisa-sehzadeler-camkoy-satilik/mustakil-ev/163068-21,2025-12-03 19:08:26
İNÖNÜ MAHALLESİNDE SAHİBİNDEN 3+1,3.500.000 TL,Manisa,Akhisar,Inonu Mah.,Manisa / Akhisar / Inonu Mah.,3 + 1,126,2,2. Kat,6 Yaşında,Kombi,Var,Var,Var,İkinci El,Mülk Sahibi,Kat Mülkiyeti,"Güney, Doğu",etin,250 TL,...,Evet,Haritası,Hatırlatmaları,Eşyalı Değil,Satılık,0-45491955,26-10-2025,https://www.hepsiemlak.com/manisa-akhisar-inonu-satilik/daire/0-45491955,2025-12-03 19:08:46
ÖZGÜN GM'DEN MURADİYE'DE SATILIK 4+1 ÇATI DUBLEKS,4.600.000 TL,Manisa,Yunusemre,Muradiye Mah.,Manisa / Yunusemre / Muradiye Mah.,4 + 1,185,2,3. Kat,4 Yaşında,Kombi,Var,Var,Yok,-,Boş,Kat Mülkiyeti,"Kuzey, Güney",etin,-,...,Hayır,Haritası,Hatırlatmaları,Eşyalı Değil,Satılık,122193-678,10-11-2025,https://www.hepsiemlak.com/manisa-yunusemre-muradiye-satilik/daire/122193-678,2025-12-03 19:09:05
Salihli Akyar'da 2 Dönüm İçerisinde Satılık Eşyalı Teraslı Daire,7.500.000 TL,Manisa,Salihli,Akyar Mah.,Manisa / Salihli / Akyar Mah.,1 + 1,100,1,Bahçe Katı,Sıfır Bina,Soba,Yok,Var,Yok,-,Boş,Arsa,",Havuzlu,Güvenlikli 3+1",etin,-,...,Hayır,sinde Satılık 4+1 Dubleks Daire,Hatırlatmaları,Eşyalı,Satılık,21915-12929,09-10-2025,https://www.hepsiemlak.com/manisa-salihli-akyar-satilik/mustakil-ev/21915-12929,2025-12-03 19:09:29
Uncubozköy’ün Kalbinde – Sahibinden Ferah ve Konforlu 3+1 Daire,7.900.000 TL,Manisa,Yunusemre,Uncubozkoy Mah.,Manisa / Yunusemre / Uncubozkoy Mah.,3 + 1,145,2,2. Kat,20 Yaşında,Kombi,Var,Var,Yok,-,Mülk Sahibi,Kat Mülkiyeti,-,etin,400 TL,...,Hayır,si Açık Mutfak 2+1 Satılık Daire,Hatırlatmaları,Eşyalı Değil,Satılık,0-45375664,14-11-2025,https://www.hepsiemlak.com/manisa-yunusemre-uncubozkoy-satilik/daire/0-45375664,2025-12-03 19:10:12
PLUS+ GAYRİMENKUL'den MUSAL EVLERİ'nde 150m2 - 3+1,6.250.000 TL,Manisa,Turgutlu,Selvilitepe Mah.,Manisa / Turgutlu / Selvilitepe Mah.,3 + 1,170,2,3. Kat,Sıfır Bina,Merkezi (Pay Öl...,Var,Var,Var,-,Mülk Sahibi,Kat İrtifakı,"Güney, Batı",etin,2 TL,...,Evet,İçerisinde,Hatırlatmaları,Eşyalı Değil,Satılık,154320-286,02-10-2025,https://www.hepsiemlak.com/manisa-turgutlu-selvilitepe-satilik/daire/154320-286,2025-12-03 19:10:35
Manisa Meydan Sitesi Açık Mutfak 2+1 Satılık Daire,7.760.000 TL,Manisa,Yunusemre,Uncubozkoy Mah.,Manisa / Yunusemre / Uncubozkoy Mah.,2 + 1,71,1,4. Kat,1 Yaşında,Merkezi (Pay Öl...,Var,Yok,Var,-,Boş,Kat Mülkiyeti,Güney,etin,1.570 TL,...,Hayır,si Açık Mutfak 2+1 Satılık Daire,Hatırlatmaları,Eşyalı Değil,Satılık,58372-5820,10-11-2025,https://www.hepsiemlak.com/manisa-yunusemre-uncubozkoy-satilik/daire/58372-5820,2025-12-03 19:10:56
Çağlayan Sitesi 3'te 4+1 Geniş Daire,14.750.000 TL,Manisa,Yunusemre,Guzelyurt Mah.,Manisa / Yunusemre / Guzelyurt Mah.,4 + 1,200,2,7. Kat,9 Yaşında,Kombi,Var,Yok,Var,İkinci El,Boş,Kat İrtifakı,"Güney, Doğu, Batı",etin,2.500 TL,...,Hayır,si 3'te 4+1 Geniş Daire,Hatırlatmaları,Eşyalı Değil,Satılık,0-45251357,16-11-2025,https://www.hepsiemlak.com/manisa-yunusemre-guzelyurt-satilik/daire/0-45251357,2025-12-03 19:11:14
sahibinden satılık dublex daire.,8.400.000 TL,Manisa,Salihli,Kurtulus Mah.,Manisa / Salihli / Kurtulus Mah.,5 + 1,290,3,4. Kat,11 Yaşında,Kombi,Yok,Var,Var,İkinci El,Mülk Sahibi,Müstakil Tapulu,-,etin,-,...,Evet,Haritası,Hatırlatmaları,Eşyalı Değil,Satılık,0-44570271,23-11-2025,https://www.hepsiemlak.com/manisa-salihli-kurtulus-satilik/daire/0-44570271,2025-12-03 19:11:35
Manisa Yunusemre Kaynak Mah. Sıfır Kullanışlı 3+1 Arakat,5.150.000 TL,Manisa,Yunusemre,Kaynak Mah.,Manisa / Yunusemre / Kaynak Mah.,3 + 1,120,1,2. Kat,Sıfır Bina,Kombi,Yok,Var,Yok,Sıfır,Boş,Kat Mülkiyeti,"Kuzey, Güney, Doğu, Batı",etmeliğe Uygun Sıfır Daire,100 TL,...,Evet,Haritası,Hatırlatmaları,Eşyalı Değil,Satılık,95753-2062,15-11-2025,https://www.hepsiemlak.com/manisa-yunusemre-kaynak-satilik/daire/95753-2062,2025-12-03 19:11:57
"BAHÇELİ, HAYVAN SAYALI, OTOPARKLI KÖY EVİ",1.350.000 TL,Manisa,Soma,Avdan Mah.,Manisa / Soma / Avdan Mah.,2 + 1,120,1,-,20 Yaşında,Soba,Yok,Yok,Var,İkinci El,Boş,Müstakil Tapulu,-,etin,-,...,Hayır,Haritası,Hatırlatmaları,Eşyalı Değil,Satılık,691819-1108,20-11-2025,https://www.hepsiemlak.com/manisa-soma-avdan-satilik/mustakil-ev/691819-1108,2025-12-03 19:12:18
Salihli Cin Emlak'tan Kırveli Mah Valaks fabrıka Altı İki Katlı 143 m2 arsa Müstakil Ev,4.000.000 TL,Manisa,Salihli,Kirveli Mah.,Manisa / Salihli / Kirveli Mah.,2 + 1,143,1,-,25 Yaşında,Soba,Yok,Var,Yok,İkinci El,Mülk Sahibi,Kat İrtifakı,Kuzey – Güney,etin,-,...,Hayır,içerisinde 5 nci kat Satılık Daire,Hatırlatmaları,Eşyalı Değil,Satılık,37897-2568,06-11-2025,https://www.hepsiemlak.com/manisa-salihli-kirveli-satilik/mustakil-ev/37897-2568,2025-12-03 19:12:36
Akhisar Cumhuriyet Mahallesi'nde 4+2 Dubleks Daire,5.500.000 TL,Manisa,Akhisar,Cumhuriyet Mah.,Manisa / Akhisar / Cumhuriyet Mah.,4 + 2,267,3,3. Kat,Sıfır Bina,Kombi,Var,Var,Var,Sıfır,Boş,Kat İrtifakı,"Güney, Batı",etin,-,...,Hayır,de Satılık 3+1 Daire,Hatırlatmaları,Eşyalı Değil,Satılık,94137-1363,09-10-2025,https://www.hepsiemlak.com/manisa-akhisar-cumhuriyet-satilik/daire/94137-1363,2025-12-03 19:12:58
FİT GAYRİMENKUL'DEN 3+1 SATILIK DAİRE,3.750.000 TL,Manisa,Saruhanli,Cengiz Mah.,Manisa / Saruhanli / Cengiz Mah.,3 + 1,125,1,5. Kat,1 Yaşında,Kombi,Yok,Var,Yok,-,Kiracılı,Kat İrtifakı,"Kuzey, Güney",etin,-,...,Evet,Haritası,Hatırlatmaları,Eşyalı Değil,Satılık,163843-7,14-11-2025,https://www.hepsiemlak.com/manisa-saruhanli-cengiz-topel-satilik/daire/163843-7,2025-12-03 19:13:21
KUYUALAN MAHLESİNDE SATILIK 1+1 ZEMİN,2.300.000 TL,Manisa,Yunusemre,Kuyualan Mah.,Manisa / Yunusemre / Kuyualan Mah.,1 + 1,80,1,Yüksek Giriş,21 Yaşında,Isıtma Yok,Yok,Yok,Yok,-,Boş,Müstakil Tapulu,-,etin,50 TL,...,Hayır,Haritası,Hatırlatmaları,Eşyalı Değil,Satılık,163779-24,02-12-2025,https://www.hepsiemlak.com/manisa-yunusemre-kuyualan-satilik/daire/163779-24,2025-12-03 19:16:02
HD GAYRİMENKUL'DEN ALAYBEY'DE 3+1 Y.ZEMİN BAHÇELİ FULL DAİRE,3.895.000 TL,Manisa,Sehzadeler,Alaybey Mah.,Manisa / Sehzadeler / Alaybey Mah.,3 + 1,150,1,Yüksek Giriş,21 Yaşında,Kombi,Yok,Yok,Var,-,Boş,Kat İrtifakı,"Kuzey, Güney",etin,-,...,Evet,Haritası,Hatırlatmaları,Eşyalı Değil,Satılık,162376-29,18-11-2025,https://www.hepsiemlak.com/manisa-sehzadeler-alaybey-satilik/daire/162376-29,2025-12-03 19:16:22
KOCAÇEŞME 2+1 90M2 FERAH DAİRE,3.250.000 TL,Manisa,Salihli,Kocacesme Mah.,Manisa / Salihli / Kocacesme Mah.,2 + 1,95,1,Kot 1,5 Yaşında,Doğalgaz Sobası,Var,Var,Var,-,-,Kat Mülkiyeti,-,etin,-,...,-,Haritası,Hatırlatmaları,-,Satılık,152193-111,24-11-2025,https://www.hepsiemlak.com/manisa-salihli-kocacesme-satilik/daire/152193-111,2025-12-03 19:16:43
REŞAT BEY MH 3+1 SATILIK DAİRE,4.000.000 TL,Manisa,Akhisar,Seyit Mah.,Manisa / Akhisar / Seyit Mah.,3 + 1,135,2,1. Kat,Sıfır Bina,Yerden Isıtma,Yok,Var,Var,-,Boş,Kat İrtifakı,-,etin,-,...,Hayır,Haritası,Hatırlatmaları,Eşyalı Değil,Satılık,163472-9,20-11-2025,https://www.hepsiemlak.com/manisa-akhisar-seyit-ahmet-satilik/daire/163472-9,2025-12-03 19:17:01
MANİSA TURGUTLU ALTAY M SATILIK ARAKAT 3+1 DAİRE,4.200.000 TL,Manisa,Turgutlu,Altay Mah.,Manisa / Turgutlu / Altay Mah.,3 + 1,140,1,3. Kat,11 Yaşında,Kombi,Var,Var,Var,-,Mülk Sahibi,Kat Mülkiyeti,-,etin,-,...,Hayır,Haritası,Hatırlatmaları,-,Satılık,164007-27,20-11-2025,https://www.hepsiemlak.com/manisa-turgutlu-altay-satilik/daire/164007-27,2025-12-03 19:17:23
Yedieylül Mahallesi Geniş Ve Ferah Uygun Daire,4.750.000 TL,Manisa,Turgutlu,Yedi Mah.,Manisa / Turgutlu / Yedi Mah.,3 + 1,157,2,3. Kat,4 Yaşında,Kombi,Var,Var,Yok,-,Mülk Sahibi,Kat Mülkiyeti,-,etin,-,...,Hayır,İçi 4+1 Satılık Daireler,Hatırlatmaları,Eşyalı Değil,Satılık,160048-95,22-11-2025,https://www.hepsiemlak.com/manisa-turgutlu-yedi-eylul-satilik/daire/160048-95,2025-12-03 19:17:41
ARAS YAPI'DAN 23 NİSAN PARKI YANI 2+1 SATILIK FIRSAT DAİRE,2.790.000 TL,Manisa,Yunusemre,Muradiye Mah.,Manisa / Yunusemre / Muradiye Mah.,2 + 1,75,1,Yüksek Giriş,5 Yaşında,Kombi,Yok,Yok,Yok,-,Boş,Kat İrtifakı,-,etin,-,...,Hayır,Haritası,Hatırlatmaları,Eşyalı Değil,Satılık,159142-84,12-11-2025,https://www.hepsiemlak.com/manisa-yunusemre-muradiye-satilik/daire/159142-84,2025-12-03 19:18:03
MÜSTAKİL YAŞAM İSTEYENLERE PANORAMİK MANZARALI KÖY EVİ,6.495.000 TL,Manisa,Yunusemre,Davutlar Mah.,Manisa / Yunusemre / Davutlar Mah.,2 + 0,135,1,Bahçe Katı,6 Yaşında,Klima,Yok,Var,Var,-,Boş,Müstakil Tapulu,-,etin,-,...,Evet,Haritası,Hatırlatmaları,Eşyalı Değil,Satılık,163278-45,15-11-2025,https://www.hepsiemlak.com/manisa-yunusemre-davutlar-satilik/villa/163278-45,2025-12-03 19:18:25
AKMAN'DAN MURADİYEDE HAVUZLU SİTE İÇERİSİNDE 1+1 SATILIK DAİRE,3.350.000 TL,Manisa,Yunusemre,Muradiye Mah.,Manisa / Yunusemre / Muradiye Mah.,1 + 1,60,1,5. Kat,Sıfır Bina,Kombi,Var,Var,Var,-,Boş,Kat İrtifakı,"Kuzey, Doğu",etin,-,...,Evet,İçerisinde,Hatırlatmaları,Eşyalı Değil,Satılık,113243-56,02-12-2025,https://www.hepsiemlak.com/manisa-yunusemre-muradiye-satilik/daire/113243-56,2025-12-03 19:18:47
Alaybey mah 1. Balkon 3+ 1 full yapılı,4.250.000 TL,Manisa,Sehzadeler,Alaybey Mah.,Manisa / Sehzadeler / Alaybey Mah.,3 + 1,130,1,1. Kat,20 Yaşında,Kombi,Var,Var,Var,İkinci El,Boş,Kat İrtifakı,-,etin,-,...,Evet,Haritası,Hatırlatmaları,Eşyalı Değil,Satılık,133144-213,21-10-2025,https://www.hepsiemlak.com/manisa-sehzadeler-alaybey-satilik/daire/133144-213,2025-12-03 19:19:08
"TURAN MAH. DE SATILIK NATAMAM DAİRE, 3+1, 140 m2",2.500.000 TL,Manisa,Turgutlu,Turan Mah.,Manisa / Turgutlu / Turan Mah.,3 + 1,150,1,4. Kat,18 Yaşında,Kombi,Var,Yok,Yok,Yapım Aşamasınd...,Boş,Kat Mülkiyeti,"Doğu, Batı",etin,-,...,Hayır,Haritası,Hatırlatmaları,Eşyalı Değil,Satılık,155616-28,02-12-2025,https://www.hepsiemlak.com/manisa-turgutlu-turan-satilik/daire/155616-28,2025-12-03 19:19:51
BEYAZ GAYRİMENKUL'DEN MURADIYE MAH 1+1 VE 2+1 DAİRELER,5.250.000 TL,Manisa,Yunusemre,Muradiye Mah.,Manisa / Yunusemre / Muradiye Mah.,2 + 1,103,1,1. Kat,Sıfır Bina,Kombi,Var,Var,Var,Sıfır,Boş,Kat İrtifakı,"Kuzey, Güney, Doğu, Batı",etin,-,...,Hayır,Haritası,Hatırlatmaları,Eşyalı Değil,Satılık,119915-565,15-11-2025,https://www.hepsiemlak.com/manisa-yunusemre-muradiye-satilik/daire/119915-565,2025-12-03 19:20:07
ERGENEKON MH 5+1 300 METREKARE SATILIK SIFIR DUBLEKS DAİRE,9.100.000 TL,Manisa,Turgutlu,Ergenekon Mah.,Manisa / Turgutlu / Ergenekon Mah.,5 + 1,300,2,4. Kat,1 Yaşında,Kombi,Yok,Var,Var,-,Boş,Kat İrtifakı,Batı,etin,-,...,Evet,Haritası,Hatırlatmaları,Eşyalı Değil,Satılık,161345-8,14-11-2025,https://www.hepsiemlak.com/manisa-turgutlu-ergenekon-satilik/daire/161345-8,2025-12-03 19:20:33
Akhisar Belediye Yakını Geniş Teraslı Satılık 2+0,1.200.000 TL,Manisa,Akhisar,Inonu Mah.,Manisa / Akhisar / Inonu Mah.,2 + 0,140,1,4. Kat,40 Yaşında,Klima,Yok,Var,Yok,İkinci El,Boş,Kat Mülkiyeti,"Kuzey, Doğu, Batı",etin,-,...,Evet,Haritası,Hatırlatmaları,Eşyalı Değil,Satılık,154167-190,24-11-2025,https://www.hepsiemlak.com/manisa-akhisar-inonu-satilik/daire/154167-190,2025-12-03 19:20:53
REŞATBEY PAZAR PAZARI MEVKİİ BAKIMLI 140 M2 3+1 ARAKAT DAİRE,3.750.000 TL,Manisa,Akhisar,Resat Mah.,Manisa / Akhisar / Resat Mah.,3 + 1,140,2,2. Kat,16 Yaşında,Kombi,Var,Var,Var,-,Mülk Sahibi,Kat İrtifakı,"Doğu, Batı",etin,-,...,Hayır,de Satılık 3+1 Daire,Hatırlatmaları,Eşyalı Değil,Satılık,86919-634,20-11-2025,https://www.hepsiemlak.com/manisa-akhisar-resat-bey-satilik/daire/86919-634,2025-12-03 19:21:17
Manisa Salihli Şirinyer Mahallesinde Satılık Müstakil Ev Ve Bahçesi,3.000.000 TL,Manisa,Salihli,Sirinyer Mah.,Manisa / Salihli / Sirinyer Mah.,2 + 1,1,1,-,50 Yaşında,Soba,Yok,Yok,Yok,-,-,Müstakil Tapulu,-,etin,-,...,-,Haritası,Hatırlatmaları,-,Satılık,138755-281,17-11-2025,https://www.hepsiemlak.com/manisa-salihli-sirinyer-satilik/mustakil-ev/138755-281,2025-12-03 19:21:38
ERSOY'DAN ATATÜRK MH 3+1 Y.ZEMİN 10YAŞINDA 170 M2 BAHÇELİ DAİRE,4.200.000 TL,Manisa,Yunusemre,Ataturk Mah.,Manisa / Yunusemre / Ataturk Mah.,3 + 1,200,1,Yüksek Giriş,6 Yaşında,Kombi,Var,Var,Var,-,Kiracılı,Kat İrtifakı,-,etin,-,...,Hayır,Haritası,Hatırlatmaları,Eşyalı Değil,Satılık,114523-421,21-11-2025,https://www.hepsiemlak.com/manisa-yunusemre-ataturk-satilik/daire/114523-421,2025-12-03 19:21:58
AKHİSAR EFENDİ MAH. NUR CAMİ YAKINI SATILIK 2+1 DAİRE,3.250.000 TL,Manisa,Akhisar,Efendi Mah.,Manisa / Akhisar / Efendi Mah.,2 + 0,100,1,3. Kat,Sıfır Bina,Kombi,Yok,Var,Var,Sıfır,Boş,Kat İrtifakı,"Kuzey, Batı",etin,-,...,Evet,Haritası,Hatırlatmaları,Eşyalı Değil,Satılık,94123-2724,15-10-2025,https://www.hepsiemlak.com/manisa-akhisar-efendi-satilik/daire/94123-2724,2025-12-03 19:22:20
KİRVEM EMLAK'TAN HARİKA MEVKİİDE 2+1 DAİRE - KAPALI MUTFAK,3.100.000 TL,Manisa,Saruhanli,Cengiz Mah.,Manisa / Saruhanli / Cengiz Mah.,2 + 1,105,1,2. Kat,Sıfır Bina,Kombi,Var,Yok,Yok,-,Boş,Kat İrtifakı,-,etin,-,...,Hayır,Haritası,Hatırlatmaları,-,Satılık,162496-34,07-11-2025,https://www.hepsiemlak.com/manisa-saruhanli-cengiz-topel-satilik/daire/162496-34,2025-12-03 19:22:45
Karaalı villalar bölgesinde Teraslı 3+1 daire,7.000.000 TL,Manisa,Yunusemre,Muradiye Mah.,Manisa / Yunusemre / Muradiye Mah.,3 + 1,115,2,2. Kat,6 Yaşında,Kombi,Yok,Var,Yok,-,Kiracılı,Kat İrtifakı,"Kuzey, Doğu, Batı",etin,1.500 TL,...,Evet,si Açık Mutfak 2+1 Satılık Daire,Hatırlatmaları,Eşyalı Değil,Satılık,163401-3,12-11-2025,https://www.hepsiemlak.com/manisa-yunusemre-muradiye-satilik/daire/163401-3,2025-12-03 19:23:18
ATLAS'TAN SALKIM EVLERİ SİTESİNDE MÜKEMMEL 3+1 DAİRE,5.750.000 TL,Manisa,Turgutlu,Ergenekon Mah.,Manisa / Turgutlu / Ergenekon Mah.,3 + 1,145,2,1. Kat,4 Yaşında,Kombi,Var,Var,Var,-,Mülk Sahibi,Kat Mülkiyeti,Kuzey,etin,-,...,Hayır,Evet,& Kameralı sistem,Eşyalı Değil,Satılık,156738-79,15-10-2025,https://www.hepsiemlak.com/manisa-turgutlu-ergenekon-satilik/daire/156738-79,2025-12-03 19:23:59
MERGENDEN ATATÜRKTE 140m2 3+1 (bol kredili),3.500.000 TL,Manisa,Akhisar,Ataturk Mah.,Manisa / Akhisar / Ataturk Mah.,3 + 1,140,2,1. Kat,1 Yaşında,Kombi,Var,Var,Var,-,Mülk Sahibi,Kat Mülkiyeti,"Kuzey, Güney",etin,100 TL,...,Hayır,Haritası,Hatırlatmaları,Eşyalı Değil,Satılık,160594-50,23-10-2025,https://www.hepsiemlak.com/manisa-akhisar-ataturk-satilik/daire/160594-50,2025-12-03 19:24:32
PLUS+ GAYRİMENKUL FARKIYLA LİDYA GARDEN CİTY'de BAHÇE KATI 1+1,3.575.000 TL,Manisa,Turgutlu,Irlamaz Mah.,Manisa / Turgutlu / Irlamaz Mah.,1 + 1,60,1,Bahçe Katı,Sıfır Bina,Merkezi (Pay Öl...,Yok,Yok,Var,-,Boş,Kat İrtifakı,Kuzey,etin,2 TL,...,Evet,İçerisinde,Hatırlatmaları,Eşyalı Değil,Satılık,154320-285,01-10-2025,https://www.hepsiemlak.com/manisa-turgutlu-irlamaz-satilik/daire/154320-285,2025-12-03 19:25:00
Manisa Meydan Sitesi B Blok Satılık 3+1 Daire,11.950.000 TL,Manisa,Yunusemre,Uncubozkoy Mah.,Manisa / Yunusemre / Uncubozkoy Mah.,3 + 1,134,2,13. Kat,1 Yaşında,Merkezi (Pay Öl...,Var,Yok,Var,-,Boş,Kat Mülkiyeti,"Kuzey, Güney, Doğu",3502314-025,1.958 TL,...,Hayır,si B Blok Satılık 3+1 Daire,Hatırlatmaları,Eşyalı Değil,Satılık,58372-5819,10-11-2025,https://www.hepsiemlak.com/manisa-yunusemre-uncubozkoy-satilik/daire/58372-5819,2025-12-03 19:25:34
MANİSA'NIN EN GÖZDE SİTESİ SİRİUS LİFE'DA SIFIR SATILIK 2+1 DAİRE,6.850.000 TL,Manisa,Yunusemre,Ayni Mah.,Manisa / Yunusemre / Ayni Mah.,2 + 1,110,1,Yüksek Giriş,Sıfır Bina,Yerden Isıtma,Var,Var,Var,Sıfır,Boş,Kat İrtifakı,-,etin,-,...,-,Haritası,Hatırlatmaları,Eşyalı Değil,Satılık,134354-2471,03-12-2025,https://www.hepsiemlak.com/manisa-yunusemre-ayni-ali-satilik/daire/134354-2471,2025-12-03 19:26:08
MANİSA YUNUSEMRE AYN_I ALİ MAHALLESİ DOGU CADDESİ FULL ÖZELLİKLİ SATILIK DAİRE,3.950.000 TL,Manisa,Yunusemre,Ayni Mah.,Manisa / Yunusemre / Ayni Mah.,2 + 1,105,1,4. Kat,21 Yaşında,Kombi,Var,Var,Var,İkinci El,Boş,Müstakil Tapulu,"Kuzey, Güney, Doğu, Batı",etin,1 TL,...,Evet,Haritası,Hatırlatmaları,Eşyalı Değil,Satılık,162290-31,29-09-2025,https://www.hepsiemlak.com/manisa-yunusemre-ayni-ali-satilik/daire/162290-31,2025-12-03 19:26:40
ÖZGÜN GM'DEN MURADİYE VİLLALAR BÖLGESİNDE SATILIK 3+1 YÜKSEK GİRİŞ DAİRE,9.095.000 TL,Manisa,Yunusemre,Muradiye Mah.,Manisa / Yunusemre / Muradiye Mah.,3 + 1,150,2,Yüksek Giriş,5 Yaşında,Kombi,Yok,Yok,Var,İkinci El,Kiracılı,Kat İrtifakı,"Kuzey, Güney, Doğu",etin,-,...,Evet,İçerisinde,Hatırlatmaları,Eşyalı Değil,Satılık,122193-667,10-11-2025,https://www.hepsiemlak.com/manisa-yunusemre-muradiye-satilik/daire/122193-667,2025-12-03 19:27:24
HÜSEYİN EMLAK'TAN KAPANCI KÖYÜNDE 475m2 MÜSTAKİL EV TAKASA AÇIK!,2.045.000 TL,Manisa,Salihli,Kapanci Mah.,Manisa / Salihli / Kapanci Mah.,2 + 1,100,-,-,20 Yaşında,Soba,Yok,Yok,Yok,İkinci El,Mülk Sahibi,Arsa,-,etin,-,...,Evet,Haritası,Hatırlatmaları,Eşyalı Değil,Satılık,154501-4,28-11-2025,https://www.hepsiemlak.com/manisa-salihli-kapanci-satilik/mustakil-ev/154501-4,2025-12-03 19:27:56
Akdeniz Emlak'tan Satılık Şehzadeler İlç Yarhasanlar Mah 3+1 Açık Mutfak,3.200.000 TL,Manisa,Sehzadeler,Yarhasanlar Mah.,Manisa / Sehzadeler / Yarhasanlar Mah.,3 + 1,110,1,En Üst Kat,28 Yaşında,Kombi,Var,Var,Yok,İkinci El,Boş,Kat Mülkiyeti,Güney,etin,-,...,Hayır,Haritası,Hatırlatmaları,Eşyalı Değil,Satılık,22228-10991,25-11-2025,https://www.hepsiemlak.com/manisa-sehzadeler-yarhasanlar-satilik/daire/22228-10991,2025-12-03 19:28:25
Manisa Muradiye Villalar Bölgesi Havuzlu1+1 Eşyalı Satılık Daire,4.575.000 TL,Manisa,Yunusemre,Muradiye Mah.,Manisa / Yunusemre / Muradiye Mah.,1 + 1,65,1,1. Kat,5 Yaşında,Yerden Isıtma,Yok,Yok,Var,İkinci El,Kiracılı,Kat İrtifakı,"Kuzey, Güney, Doğu, Batı",etin,1.500 TL,...,Hayır,-,Hatırlatmaları,Eşyalı,Satılık,124110-565,22-10-2025,https://www.hepsiemlak.com/manisa-yunusemre-muradiye-satilik/daire/124110-565,2025-12-03 19:28:50
Manisa Yunusemre Atatürk Mah. Fırsat 2+1 Arakat Full Lüks,3.870.000 TL,Manisa,Yunusemre,Ataturk Mah.,Manisa / Yunusemre / Ataturk Mah.,2 + 1,95,1,Ara Kat,5 Yaşında,Kombi,Yok,Var,Var,İkinci El,Mülk Sahibi,Kat Mülkiyeti,"Kuzey, Güney, Doğu, Batı",etin,200 TL,...,Hayır,Haritası,Hatırlatmaları,Eşyalı Değil,Satılık,95753-1890,15-11-2025,https://www.hepsiemlak.com/manisa-yunusemre-ataturk-satilik/daire/95753-1890,2025-12-03 19:29:39
50. YIL MAH SATILIK 2+1 105 M² DAİRE,3.650.000 TL,Manisa,Yunusemre,50 Mah.,Manisa / Yunusemre / 50 Mah.,2 + 1,105,1,3. Kat,1 Yaşında,Kombi,Yok,Var,Yok,İkinci El,Kiracılı,Kat İrtifakı,"Kuzey, Güney",etin,-,...,Evet,Satılık 2+1 Daire,Hatırlatmaları,Eşyalı Değil,Satılık,70124-4050,06-10-2025,https://www.hepsiemlak.com/manisa-yunusemre-50-yil-satilik/daire/70124-4050,2025-12-03 19:30:06
Akhisar Atatürk Mh.Pazar pazarı Caddesi Doğalgazlı Satılık 3+1 Arakat Daire,2.475.000 TL,Manisa,Akhisar,Ataturk Mah.,Manisa / Akhisar / Ataturk Mah.,3 + 1,125,1,Ara Kat,28 Yaşında,Kombi,Var,Var,Yok,İkinci El,Boş,Kat İrtifakı,"Doğu, Batı",etin,-,...,Evet,Haritası,Hatırlatmaları,Eşyalı Değil,Satılık,72047-1559,22-11-2025,https://www.hepsiemlak.com/manisa-akhisar-ataturk-satilik/daire/72047-1559,2025-12-03 19:30:28
Muradiye'de Sıfır Site İçerisinde 1+1 Fiyatına 2+1 Satılık Daire,2.700.000 TL,Manisa,Yunusemre,Muradiye Mah.,Manisa / Yunusemre / Muradiye Mah.,2 + 1,76,1,Yüksek Giriş,Sıfır Bina,Kombi,Var,Yok,Var,-,Boş,Kat Mülkiyeti,"Kuzey, Doğu",etin,-,...,Hayır,İçerisinde 1+1 Fiyatına 2+1 Satılık Daire,Hatırlatmaları,Eşyalı Değil,Satılık,162776-40,04-11-2025,https://www.hepsiemlak.com/manisa-yunusemre-muradiye-satilik/daire/162776-40,2025-12-03 19:30:55
balkonundan yeni hastane projesi görünüyor! 3+1 dubleks sıfır daire,3.200.000 TL,Manisa,Saruhanli,Kurtulus Mah.,Manisa / Saruhanli / Kurtulus Mah.,3 + 1,132,1,5. Kat,Sıfır Bina,Kombi,Var,Var,Yok,Sıfır,Boş,Kat İrtifakı,Güney,etin,200 TL,...,Hayır,Haritası,Hatırlatmaları,Eşyalı Değil,Satılık,9333-1821,04-11-2025,https://www.hepsiemlak.com/manisa-saruhanli-kurtulus-satilik/daire/9333-1821,2025-12-03 19:31:38
MERCAN EMLAKCENGİZ TOPEL MAH 2+1 KAPALI MUTFAK SIFIR DAİRE SATILIKTIR.,2.900.000 TL,Manisa,Saruhanli,Cengiz Mah.,Manisa / Saruhanli / Cengiz Mah.,2 + 1,85,1,3. Kat,Sıfır Bina,Kombi,Yok,Yok,Yok,Sıfır,Boş,Müstakil Tapulu,"Kuzey, Güney",etin,-,...,Hayır,Haritası,Hatırlatmaları,Eşyalı Değil,Satılık,106564-497,17-11-2025,https://www.hepsiemlak.com/manisa-saruhanli-cengiz-topel-satilik/daire/106564-497,2025-12-03 19:32:03
MANİSA KEÇİLİKÖY'DE SATILIK 3+1 DAİRE,5.000.000 TL,Manisa,Yunusemre,Kecilikoy Mah.,Manisa / Yunusemre / Kecilikoy Mah.,3 + 1,155,1,Zemin,16 Yaşında,Kombi,Yok,Var,Var,-,Mülk Sahibi,Kat İrtifakı,"Kuzey, Güney, Doğu",etin,-,...,Evet,Haritası,Hatırlatmaları,Eşyalı Değil,Satılık,94966-809,14-11-2025,https://www.hepsiemlak.com/manisa-yunusemre-kecilikoy-osb-satilik/daire/94966-809,2025-12-03 19:32:29
MANİSA TURGUTLU TURAN M CADDE ÜZERİ ASANSÖRLÜ SATILIK 3+1 DAİRE,5.150.000 TL,Manisa,Turgutlu,Turan Mah.,Manisa / Turgutlu / Turan Mah.,3 + 1,180,1,1. Kat,6 Yaşında,Kombi,Var,Var,Var,-,Mülk Sahibi,Kat Mülkiyeti,-,etin,-,...,Hayır,Haritası,Hatırlatmaları,Eşyalı Değil,Satılık,164007-20,20-11-2025,https://www.hepsiemlak.com/manisa-turgutlu-turan-satilik/daire/164007-20,2025-12-03 19:32:55
YERLİLER CAMİ CİVARI 3+1 140 M2 FIRSAT DAİRE,3.900.000 TL,Manisa,Salihli,Aksoy Mah.,Manisa / Salihli / Aksoy Mah.,3 + 1,145,1,4. Kat,20 Yaşında,Jeotermal Isıtm...,Yok,Yok,Yok,-,-,Kat Mülkiyeti,-,etin,-,...,-,Haritası,Hatırlatmaları,-,Satılık,152193-110,01-12-2025,https://www.hepsiemlak.com/manisa-salihli-aksoy-satilik/daire/152193-110,2025-12-03 19:33:22
ULUCAMİ MAHALLESİ PALMİYELİ SOKAKTA SATILIK DAİRE,3.150.000 TL,Manisa,Akhisar,Ulu Mah.,Manisa / Akhisar / Ulu Mah.,3 + 1,130,1,4. Kat,11 Yaşında,Kombi,Yok,Yok,Yok,-,Mülk Sahibi,Kat İrtifakı,"Kuzey, Güney",etin,-,...,Hayır,Haritası,Hatırlatmaları,Eşyalı Değil,Satılık,163472-7,20-11-2025,https://www.hepsiemlak.com/manisa-akhisar-ulu-camii-satilik/daire/163472-7,2025-12-03 19:33:44
ARAS YAPI'DAN MODERN NEST SİTESİNDE 2+1 SATILIK SIFIR DAİRE,2.780.000 TL,Manisa,Yunusemre,Muradiye Mah.,Manisa / Yunusemre / Muradiye Mah.,2 + 1,85,1,Yüksek Giriş,Sıfır Bina,Kombi,Yok,Yok,Var,-,Boş,Kat İrtifakı,-,etin,-,...,Hayır,Haritası,Hatırlatmaları,Eşyalı Değil,Satılık,159142-83,12-11-2025,https://www.hepsiemlak.com/manisa-yunusemre-muradiye-satilik/daire/159142-83,2025-12-03 19:34:33
Ergenekon Mh. Arakat Satılık Daire,4.150.000 TL,Manisa,Turgutlu,Ergenekon Mah.,Manisa / Turgutlu / Ergenekon Mah.,3 + 1,130,1,3. Kat,Sıfır Bina,Kombi,Yok,Var,Var,-,Boş,Kat Mülkiyeti,-,etin,-,...,Hayır,Haritası,Hatırlatmaları,Eşyalı Değil,Satılık,160048-89,10-11-2025,https://www.hepsiemlak.com/manisa-turgutlu-ergenekon-satilik/daire/160048-89,2025-12-03 19:34:55
AKMAN GAYRİMENKUL'DEN MURADİYE'DE SATILIK 2+1 DAİRE,2.925.000 TL,Manisa,Yunusemre,Muradiye Mah.,Manisa / Yunusemre / Muradiye Mah.,2 + 1,95,1,Yüksek Giriş,5 Yaşında,Kombi,Yok,Yok,Yok,-,Boş,Kat İrtifakı,-,etin,-,...,Hayır,Haritası,Hatırlatmaları,Eşyalı Değil,Satılık,113243-41,17-11-2025,https://www.hepsiemlak.com/manisa-yunusemre-muradiye-satilik/daire/113243-41,2025-12-03 19:35:15
TURPA'DAN SUBAŞI MAH. SATILIK ASANSÖRLÜ OTOPARKLI SIFIR DAİRELER,3.800.000 TL,Manisa,Turgutlu,Yeni Mah.,Manisa / Turgutlu / Yeni Mah.,2 + 1,102,1,1. Kat,Sıfır Bina,Kombi,Yok,Var,Var,Sıfır,Boş,Kat Mülkiyeti,-,etin,-,...,Hayır,3.250.000 TL,Hatırlatmaları,Eşyalı Değil,Satılık,144722-233,03-11-2025,https://www.hepsiemlak.com/manisa-turgutlu-yeni-satilik/daire/144722-233,2025-12-03 19:35:39
ATATÜRK BULVARINDA 3+1 130 m2 SIFIR MASRAFSIZ SATILIK DAİRE !!!!,4.500.000 TL,Manisa,Turgutlu,Cumhuriyet Mah.,Manisa / Turgutlu / Cumhuriyet Mah.,3 + 1,140,1,3. Kat,21 Yaşında,Kombi,Var,Yok,Yok,-,Boş,Kat Mülkiyeti,Batı,etin,-,...,Evet,Haritası,Hatırlatmaları,Eşyalı Değil,Satılık,161345-2,14-11-2025,https://www.hepsiemlak.com/manisa-turgutlu-cumhuriyet-satilik/daire/161345-2,2025-12-03 19:35:59
DOMBAYLI MAH. SATILIK DUBLEX MÜSTAKİL EV,6.000.000 TL,Manisa,Salihli,Dombayli Mah.,Manisa / Salihli / Dombayli Mah.,2 + 1,567,1,-,1 Yaşında,Klima,Yok,Yok,Yok,-,Mülk Sahibi,Müstakil Tapulu,"Kuzey, Güney, Doğu, Batı",etin,-,...,Hayır,Haritası,Hatırlatmaları,Eşyalı Değil,Satılık,114169-56,01-11-2025,https://www.hepsiemlak.com/manisa-salihli-dombayli-satilik/mustakil-ev/114169-56,2025-12-03 19:36:21
ARSA FİYATINA APARTMAN..!!!,4.750.000 TL,Manisa,Soma,Hurriyet Mah.,Manisa / Soma / Hurriyet Mah.,2 + 1,105,2,-,17 Yaşında,Merkezi,Var,Yok,Yok,İkinci El,Mülk Sahibi,Arsa,-,etin,-,...,Evet,Haritası,Hatırlatmaları,Eşyalı Değil,Satılık,691819-1034,20-11-2025,https://www.hepsiemlak.com/manisa-soma-hurriyet-satilik/mustakil-ev/691819-1034,2025-12-03 19:36:41
MURADİYE MAH SATILIK 1+1 LÜKS DAİRE,3.400.000 TL,Manisa,Yunusemre,Muradiye Mah.,Manisa / Yunusemre / Muradiye Mah.,1 + 1,60,1,1. Kat,1 Yaşında,Yerden Isıtma,Var,Yok,Var,-,Boş,Kat İrtifakı,-,etin,-,...,Evet,İçerisinde,Hatırlatmaları,Eşyalı Değil,Satılık,162376-8,04-11-2025,https://www.hepsiemlak.com/manisa-yunusemre-muradiye-satilik/daire/162376-8,2025-12-03 19:37:05
NOVA'DAN ERGENEKON MAH. FATİH CD. ÜZERİ SATILIK LÜKS 2+1 DAİRE,5.500.000 TL,Manisa,Turgutlu,Ergenekon Mah.,Manisa / Turgutlu / Ergenekon Mah.,2 + 1,95,2,2. Kat,Sıfır Bina,Yerden Isıtma,Yok,Yok,Yok,-,Boş,Kat İrtifakı,"Kuzey, Doğu",etin,-,...,Evet,Haritası,Hatırlatmaları,Eşyalı Değil,Satılık,123058-2239,24-11-2025,https://www.hepsiemlak.com/manisa-turgutlu-ergenekon-satilik/daire/123058-2239,2025-12-03 19:37:22
HÜRRİYET KİRAZOĞLU HASTANESİ YANINDA BAKIMLI 150 M2 3+1 DAİRE,4.600.000 TL,Manisa,Akhisar,Hurriyet Mah.,Manisa / Akhisar / Hurriyet Mah.,3 + 1,150,2,1. Kat,6 Yaşında,Kombi,Var,Var,Var,-,Boş,Kat İrtifakı,"Doğu, Batı",etin,-,...,Hayır,si Lüks Modern Arakat 3+1,Hatırlatmaları,Eşyalı Değil,Satılık,86919-632,11-11-2025,https://www.hepsiemlak.com/manisa-akhisar-hurriyet-satilik/daire/86919-632,2025-12-03 19:37:44
Yunusemre Akgedik Mh. Satılık Daire,"Fiyat
En Az
TL
En Çok
TL",Manisa,Yunusemre,Akgedik Mah.,Manisa / Yunusemre / Akgedik Mah.,-,-,Seçiniz,Kat Seçiniz,Bina Yaşı,Isınma Tipi Seçiniz,Var,Var,Var,-,Kullanım Durumu Seçiniz,Tapu Durumu Seçiniz,Cephe Seçiniz,etin,-,k,a Uygun,Tümü,-,Tümü,-,-,02-12-2025,https://www.hepsiemlak.com/manisa-yunusemre-akgedik-satilik/daire/119915-564,2025-12-03 19:39:36
ERSOYDAN ADAKALE MH 3+1 140M² KARANLIKSIZ 1.BALKON K.MUTFAK DAİR,3.575.000 TL,Manisa,Sehzadeler,Adakale Mah.,Manisa / Sehzadeler / Adakale Mah.,3 + 1,140,1,1. Kat,31 Yaşında,Kombi,Var,Var,Yok,-,Boş,Kat Mülkiyeti,-,etin,-,...,Hayır,Haritası,Hatırlatmaları,Eşyalı Değil,Satılık,114523-423,24-11-2025,https://www.hepsiemlak.com/manisa-sehzadeler-adakale-satilik/daire/114523-423,2025-12-03 19:39:59
MANİSA TURGUTLU SELVİLİTEPE MAH ASFALT ÜZERİNDE 3+1 DAİRE,3.499.000 TL,Manisa,Turgutlu,Selvilitepe Mah.,Manisa / Turgutlu / Selvilitepe Mah.,3 + 1,134,1,Ara Kat,25 Yaşında,Kombi,Yok,Yok,Var,İkinci El,Boş,Kat İrtifakı,"Güney, Doğu",etin,1 TL,...,Evet,Haritası,Hatırlatmaları,Eşyalı Değil,Satılık,136231-16,14-10-2025,https://www.hepsiemlak.com/manisa-turgutlu-selvilitepe-satilik/daire/136231-16,2025-12-03 19:40:18
Akhisar Cumhuriyet Mahallesi'nde 3+1 Satılık Daire,3.950.000 TL,Manisa,Akhisar,Cumhuriyet Mah.,Manisa / Akhisar / Cumhuriyet Mah.,3 + 1,130,2,3. Kat,Sıfır Bina,Kombi,Var,Var,Var,Sıfır,Boş,Kat İrtifakı,"Güney, Batı",etin,-,...,Hayır,Haritası,Hatırlatmaları,Eşyalı Değil,Satılık,94137-1359,08-10-2025,https://www.hepsiemlak.com/manisa-akhisar-cumhuriyet-satilik/daire/94137-1359,2025-12-03 19:40:39
EMRAH EMLAKTAN MEDAR MAH EN GÖZDE VİLLASI SATIŞTA,15.750.000 TL,Manisa,Akhisar,Medar Mah.,Manisa / Akhisar / Medar Mah.,4 + 1,200,2,Bahçe Katı,3 Yaşında,Yerden Isıtma,Yok,Yok,Yok,-,Mülk Sahibi,Müstakil Tapulu,"Kuzey, Güney, Doğu, Batı",etin,-,...,Evet,Haritası,Hatırlatmaları,Eşyalı Değil,Satılık,141484-17,30-10-2025,https://www.hepsiemlak.com/manisa-akhisar-medar-satilik/villa/141484-17,2025-12-03 19:40:59
SALİHLİ LUNAAVM ARKASINDA3+1EBEBEYN BANYOLU ÖZEL OTOPARKLI DAİRE,5.175.000 TL,Manisa,Salihli,Sehitler Mah.,Manisa / Salihli / Sehitler Mah.,3 + 1,145,2,3. Kat,1 Yaşında,Kombi,Yok,Yok,Var,-,Boş,Kat Mülkiyeti,"Kuzey, Güney",etin,1.111 TL,...,Hayır,Haritası,Hatırlatmaları,Eşyalı Değil,Satılık,139685-213,21-10-2025,https://www.hepsiemlak.com/manisa-salihli-sehitler-satilik/daire/139685-213,2025-12-03 19:41:27
ATLAS'TAN ERGENEKON MH'DE SATILIK 3+1 HARİKA DAİRE,6.500.000 TL,Manisa,Turgutlu,Ergenekon Mah.,Manisa / Turgutlu / Ergenekon Mah.,3 + 1,135,2,2. Kat,Sıfır Bina,Yerden Isıtma,Var,Var,Var,-,Boş,Kat Mülkiyeti,"Kuzey, Güney, Batı",etin,-,...,Hayır,Haritası,Hatırlatmaları,Eşyalı Değil,Satılık,156738-78,15-10-2025,https://www.hepsiemlak.com/manisa-turgutlu-ergenekon-satilik/daire/156738-78,2025-12-03 19:42:00
MERGENDEN GÖLET BÖLGESİNDE ÇOK KULLANIŞLI 5+1 300m2 DUBLEKS,7.000.000 TL,Manisa,Akhisar,Ataturk Mah.,Manisa / Akhisar / Ataturk Mah.,5 + 1,300,3,3. Kat,Sıfır Bina,Kombi,Var,Var,Var,-,Boş,Kat Mülkiyeti,Güney,etin,100 TL,...,Evet,Haritası,Hatırlatmaları,Eşyalı Değil,Satılık,160594-47,20-11-2025,https://www.hepsiemlak.com/manisa-akhisar-ataturk-satilik/daire/160594-47,2025-12-03 19:42:32
Manisa Turgutlu Ergenekon mahallesi Barış sitesinde satılık 3+1,6.050.000 TL,Manisa,Turgutlu,Ergenekon Mah.,Manisa / Turgutlu / Ergenekon Mah.,3 + 1,155,2,5. Kat,1 Yaşında,Yerden Isıtma,Var,Var,Var,-,Boş,Kat İrtifakı,"Güney, Doğu, Batı",etin,1.500 TL,...,Hayır,İçerisinde,Hatırlatmaları,Eşyalı Değil,Satılık,154320-249,16-09-2025,https://www.hepsiemlak.com/manisa-turgutlu-ergenekon-satilik/daire/154320-249,2025-12-03 19:42:54
SİNAN EMLAK'TAN SUBAŞI MAHALLESİNDE 3+1 SATILIK DAİRE,3.050.000 TL,Manisa,Turgutlu,Subasi Mah.,Manisa / Turgutlu / Subasi Mah.,3 + 1,120,1,4. Kat,5 Yaşında,Kombi,Var,Var,Yok,-,Boş,Kat Mülkiyeti,Kuzey,etin,-,...,Hayır,Haritası,Hatırlatmaları,Eşyalı Değil,Satılık,159995-6,08-11-2025,https://www.hepsiemlak.com/manisa-turgutlu-subasi-satilik/daire/159995-6,2025-12-03 19:43:18
SEZGİN ASLAN'DAN MANİSA KIRKAĞAÇ TA SATILIK DAİRE,3.600.000 TL,Manisa,Kirkagac,Tevfikiye Mah.,Manisa / Kirkagac / Tevfikiye Mah.,3 + 1,125,1,4. Kat,5 Yaşında,Kombi,Yok,Yok,Yok,İkinci El,Boş,Kat İrtifakı,"Kuzey, Güney, Doğu, Batı",etim,300 TL,...,Hayır,Haritası,Hatırlatmaları,Eşyalı Değil,Satılık,138367-800,26-11-2025,https://www.hepsiemlak.com/manisa-kirkagac-tevfikiye-satilik/daire/138367-800,2025-12-03 19:44:06
Mütevellide Müstakil 2+1 bahçeli merkezi konum SATILIK,3.725.000 TL,Manisa,Saruhanli,Mutevelli Mah.,Manisa / Saruhanli / Mutevelli Mah.,2 + 1,400,1,Bahçe Katı,11 Yaşında,Soba,Yok,Var,Yok,-,Boş,Arsa,-,etin,-,...,Hayır,Haritası,Hatırlatmaları,Eşyalı,Satılık,163278-65,02-12-2025,https://www.hepsiemlak.com/manisa-saruhanli-mutevelli-satilik/mustakil-ev/163278-65,2025-12-03 19:44:27
ÖZGÜN GM'DEN MURADİYE VİLLALAR BÖLG. SATILIK 3+1 YÜKSEK GİRİŞ,9.095.000 TL,Manisa,Yunusemre,Muradiye Mah.,Manisa / Yunusemre / Muradiye Mah.,3 + 1,150,2,Yüksek Giriş,Sıfır Bina,Kombi,Yok,Yok,Var,-,Kiracılı,Kat Mülkiyeti,"Kuzey, Güney, Doğu",etin,-,...,Evet,İçerisinde,Hatırlatmaları,Eşyalı Değil,Satılık,122193-677,10-11-2025,https://www.hepsiemlak.com/manisa-yunusemre-muradiye-satilik/daire/122193-677,2025-12-03 19:44:45
Manisa Muradiye Mah. Havuzlu Site İçi Sıfır 1+1 Daire ⭕️,2.950.000 TL,Manisa,Yunusemre,Muradiye Mah.,Manisa / Yunusemre / Muradiye Mah.,1 + 1,70,1,Yüksek Giriş,Sıfır Bina,Yerden Isıtma,Yok,Var,Var,Sıfır,Boş,Kat İrtifakı,"Kuzey, Güney, Doğu, Batı",etin,-,...,Evet,İçi Sıfır 1+1 Daire ⭕️,Hatırlatmaları,Eşyalı Değil,Satılık,95753-2081,10-11-2025,https://www.hepsiemlak.com/manisa-yunusemre-muradiye-satilik/daire/95753-2081,2025-12-03 19:45:07
ZEKİ EMLAK'TAN MURADİYE'DE SİTE İÇİNDE SATILIK 2+1 DAİRE,4.000.000 TL,Manisa,Yunusemre,Muradiye Mah.,Manisa / Yunusemre / Muradiye Mah.,2 + 1,100,1,1. Kat,Sıfır Bina,Kombi,Yok,Var,Var,Sıfır,Boş,Kat İrtifakı,-,etin,-,...,-,de 1+1 Daire,Hatırlatmaları,Eşyalı Değil,Satılık,156185-456,27-11-2025,https://www.hepsiemlak.com/manisa-yunusemre-muradiye-satilik/daire/156185-456,2025-12-03 19:45:35
MANİSA TURGUTLU ERGENEKON M SATILIK 4+1 DAİRE,9.750.000 TL,Manisa,Turgutlu,Ergenekon Mah.,Manisa / Turgutlu / Ergenekon Mah.,3 + 1,202,1,3. Kat,Sıfır Bina,Yerden Isıtma,Var,Var,Var,-,Boş,Kat Mülkiyeti,-,etin,-,...,Hayır,Haritası,-,-,Satılık,164007-19,20-11-2025,https://www.hepsiemlak.com/manisa-turgutlu-ergenekon-satilik/daire/164007-19,2025-12-03 19:45:53
ARAS YAPI'DAN ÖNÜ AÇIK ARA KAT 2+1 SATILIK DAİRE,3.100.000 TL,Manisa,Yunusemre,Muradiye Mah.,Manisa / Yunusemre / Muradiye Mah.,2 + 1,90,1,2. Kat,6 Yaşında,Kombi,Yok,Var,Yok,-,Boş,Kat İrtifakı,-,etin,-,k,Evet,İçi Satılık 1+1 Daire ⭕️,-,Eşyalı Değil,Satılık,159142-80,12-11-2025,https://www.hepsiemlak.com/manisa-yunusemre-muradiye-satilik/daire/159142-80,2025-12-03 19:46:18
ACİL SATILIK Yıldırım Mahallesi 3+1,3.090.000 TL,Manisa,Turgutlu,Yildirim Mah.,Manisa / Turgutlu / Yildirim Mah.,3 + 1,120,2,3. Kat,11 Yaşında,Kombi,Var,Var,Var,-,Mülk Sahibi,Kat Mülkiyeti,-,etin,-,k,Hayır,Haritası,-,Eşyalı Değil,Satılık,160048-87,22-11-2025,https://www.hepsiemlak.com/manisa-turgutlu-yildirim-satilik/daire/160048-87,2025-12-03 19:46:38
MEVLANA CAMİ CİVARI 3+1 FIRSAT DAİRE,3.900.000 TL,Manisa,Salihli,Zafer Mah.,Manisa / Salihli / Zafer Mah.,3 + 1,125,1,Kot 2,Sıfır Bina,Kombi,Var,Var,Var,-,Boş,Kat Mülkiyeti,-,etin,-,k,Hayır,Haritası,-,Eşyalı Değil,Satılık,152193-101,12-11-2025,https://www.hepsiemlak.com/manisa-salihli-zafer-satilik/daire/152193-101,2025-12-03 19:46:57
DOĞA EMLAKTAN HOROZ KÖYDE 6+ 2 DUBLEKS,6.250.000 TL,Manisa,Yunusemre,Ataturk Mah.,Manisa / Yunusemre / Ataturk Mah.,6 + 2,230,2,4. Kat,5 Yaşında,Kombi,Yok,Yok,Var,-,Mülk Sahibi,Kat İrtifakı,-,etin,-,k,Hayır,Haritası,-,Eşyalı Değil,Satılık,161356-32,04-11-2025,https://www.hepsiemlak.com/manisa-yunusemre-ataturk-satilik/daire/161356-32,2025-12-03 19:47:18
SatılıkTribleks Balık Keyfi Civarı,11.500.000 TL,Manisa,Yunusemre,Guzelyurt Mah.,Manisa / Yunusemre / Guzelyurt Mah.,5 + 1,230,2,Bahçe Katı,26 Yaşında,Kombi,Yok,Yok,Yok,-,Boş,Kat İrtifakı,"Kuzey, Güney, Doğu, Batı",etin,-,k,Hayır,İçerisinde,-,Eşyalı Değil,Satılık,102443-814,21-11-2025,https://www.hepsiemlak.com/manisa-yunusemre-guzelyurt-satilik/villa/102443-814,2025-12-03 19:48:03
ACİL AKMAN GAYRİMENKUL'DEN MURADİYE'DE SATILIK SİTEİÇİ 2+1 DAİRE,2.910.000 TL,Manisa,Yunusemre,Muradiye Mah.,Manisa / Yunusemre / Muradiye Mah.,2 + 1,95,1,Yüksek Giriş,4 Yaşında,Kombi,Yok,Yok,Var,-,Kiracılı,Kat İrtifakı,-,etin,-,k,Evet,Haritası,-,Eşyalı Değil,Satılık,113243-32,11-11-2025,https://www.hepsiemlak.com/manisa-yunusemre-muradiye-satilik/daire/113243-32,2025-12-03 19:48:25
Temiz ev pazarlık vardır,2.800.000 TL,Manisa,Turgutlu,Altay Mah.,Manisa / Turgutlu / Altay Mah.,3 + 1,120,1,4. Kat,25 Yaşında,Kombi,Yok,Var,Yok,İkinci El,Boş,Kat Mülkiyeti,"Kuzey, Güney, Doğu, Batı",etin,20.000 TL,k,Evet,Haritası,-,Eşyalı Değil,Satılık,0-45633699,22-11-2025,https://www.hepsiemlak.com/manisa-turgutlu-altay-satilik/daire/0-45633699,2025-12-03 19:48:49
Akdeniz Emlak'tan Satılık Saruhanlı İlç Cumhuriyet Mah 2+1 Daire,2.650.000 TL,Manisa,Saruhanli,Cumhuriyet Mah.,Manisa / Saruhanli / Cumhuriyet Mah.,2 + 1,100,1,Yüksek Giriş,4 Yaşında,Kombi,Var,Yok,Yok,İkinci El,Boş,Kat Mülkiyeti,-,etin,-,k,Hayır,Haritası,-,Eşyalı Değil,Satılık,22228-10919,19-11-2025,https://www.hepsiemlak.com/manisa-saruhanli-cumhuriyet-satilik/daire/22228-10919,2025-12-03 19:49:12
Kethüda Mahallesi Cadde Üzerinden 3+1 130 m2 Satılık Yeni Daire,4.200.000 TL,Manisa,Akhisar,Kethuda Mah.,Manisa / Akhisar / Kethuda Mah.,3 + 1,130,1,1. Kat,3 Yaşında,Kombi,Yok,Var,Var,-,Boş,Kat İrtifakı,Doğu,etin,-,k,Hayır,si Lüks Modern Arakat 3+1,-,Eşyalı Değil,Satılık,86919-626,06-11-2025,https://www.hepsiemlak.com/manisa-akhisar-kethuda-satilik/daire/86919-626,2025-12-03 19:49:40
TURPADAN CUMHURİYET CAD ÜZERİNDE SATILIK FIRSAT 3+1 ARAKAT DAİRE,3.800.000 TL,Manisa,Turgutlu,Yildirim Mah.,Manisa / Turgutlu / Yildirim Mah.,3 + 1,155,1,3. Kat,6 Yaşında,Kombi,Yok,Var,Yok,İkinci El,Boş,Kat Mülkiyeti,-,etin,-,k,Evet,Haritası,-,-,Satılık,144722-282,20-11-2025,https://www.hepsiemlak.com/manisa-turgutlu-yildirim-satilik/daire/144722-282,2025-12-03 19:50:04
TURAN MH CUMHURİYET CADDESİNDE 235 M2 TERASLI DUBLEKS SATILIK,4.100.000 TL,Manisa,Turgutlu,Turan Mah.,Manisa / Turgutlu / Turan Mah.,5 + 1,250,2,4. Kat,6 Yaşında,Kombi,Var,Yok,Yok,-,Kiracılı,Kat Mülkiyeti,-,etin,-,k,Evet,Haritası,-,Eşyalı Değil,Satılık,161345-7,14-11-2025,https://www.hepsiemlak.com/manisa-turgutlu-turan-satilik/daire/161345-7,2025-12-03 19:50:25
Saruhanlı meydanda Lokasyonu güzel 3+1 Konut,2.750.000 TL,Manisa,Saruhanli,Cumhuriyet Mah.,Manisa / Saruhanli / Cumhuriyet Mah.,2 + 1,125,1,3. Kat,25 Yaşında,Klima,Yok,Var,Yok,İkinci El,Boş,Kat İrtifakı,"Doğu, Batı",etin,150 TL,k,Hayır,Haritası,-,Eşyalı Değil,Satılık,9333-1813,17-11-2025,https://www.hepsiemlak.com/manisa-saruhanli-cumhuriyet-satilik/daire/9333-1813,2025-12-03 19:50:43
ÇARŞI MERKEZDE SATILIK 3+1 DAİRE ARAKAT DOĞALGAZLI,3.900.000 TL,Manisa,Saruhanli,Cengiz Mah.,Manisa / Saruhanli / Cengiz Mah.,3 + 1,153,1,2. Kat,8 Yaşında,Kombi,Var,Yok,Yok,İkinci El,Kiracılı,Kat İrtifakı,"Güney, Doğu",etin,100 TL,k,Hayır,Haritası,-,Eşyalı Değil,Satılık,90814-374,21-10-2025,https://www.hepsiemlak.com/manisa-saruhanli-cengiz-topel-satilik/daire/90814-374,2025-12-03 19:51:03
NOVA'DAN 2+1 SIFIR SATILIK DAİRELER,3.200.000 TL,Manisa,Turgutlu,Turgutlar Mah.,Manisa / Turgutlu / Turgutlar Mah.,2 + 1,90,1,2. Kat,Sıfır Bina,Kombi,Yok,Var,Var,-,Boş,Kat İrtifakı,"Doğu, Batı",etin,-,k,Evet,Haritası,-,Eşyalı Değil,Satılık,123058-1831,24-11-2025,https://www.hepsiemlak.com/manisa-turgutlu-turgutlar-satilik/daire/123058-1831,2025-12-03 19:51:23
Manisa lalelide satılık dubleks,3.900.000 TL,Manisa,Yunusemre,Laleli Mah.,Manisa / Yunusemre / Laleli Mah.,3 + 1,115,1,3. Kat,11 Yaşında,Kombi,Yok,Var,Yok,-,Boş,Kat İrtifakı,Doğu,etin,50 TL,k,Hayır,Haritası,-,Eşyalı Değil,Satılık,22991-772,23-10-2025,https://www.hepsiemlak.com/manisa-yunusemre-laleli-satilik/daire/22991-772,2025-12-03 19:52:18
EMRAH EMLAKTAN MEDAR MAHALLESİNDE LÜKS SATILIK VİLLA,10.000.000 TL,Manisa,Akhisar,Medar Mah.,Manisa / Akhisar / Medar Mah.,4 + 1,240,3,Bahçe Katı,2 Yaşında,Yerden Isıtma,Yok,Yok,Yok,-,Mülk Sahibi,Kat İrtifakı,"Kuzey, Güney, Batı",etin,-,k,Evet,Haritası,-,Eşyalı Değil,Satılık,141484-3,30-10-2025,https://www.hepsiemlak.com/manisa-akhisar-medar-satilik/villa/141484-3,2025-12-03 19:52:48
SALİHLİ GÜMÜŞÇAYINA YAKIN CAM BALKONLU DOĞALGAZLI 2+1 DAİRE,3.675.000 TL,Manisa,Salihli,Gunes Mah.,Manisa / Salihli / Gunes Mah.,2 + 1,110,1,1. Kat,1 Yaşında,Kombi,Var,Var,Var,-,Boş,Kat Mülkiyeti,"Doğu, Batı",etin,111 TL,k,Evet,Haritası,-,Eşyalı Değil,Satılık,139685-212,25-10-2025,https://www.hepsiemlak.com/manisa-salihli-gunes-satilik/daire/139685-212,2025-12-03 19:53:07
ATLAS'TAN ERGENEKON MH'DE SATILIK 4+1 DUBLEKS DAİRE,5.500.000 TL,Manisa,Turgutlu,Ergenekon Mah.,Manisa / Turgutlu / Ergenekon Mah.,4 + 1,185,2,4. Kat,2 Yaşında,Yerden Isıtma,Var,Var,Var,-,Boş,Kat Mülkiyeti,"Güney, Doğu, Batı",etin,-,k,Hayır,sinde Satılık Arakat 3+1 Daire,-,Eşyalı Değil,Satılık,156738-77,15-10-2025,https://www.hepsiemlak.com/manisa-turgutlu-ergenekon-satilik/daire/156738-77,2025-12-03 19:53:28
SİNAN EMLAK'TAN ÇATALÇEŞME PARKI YAKINI SATILIK DAİRE,1.850.000 TL,Manisa,Turgutlu,Turan Mah.,Manisa / Turgutlu / Turan Mah.,2 + 1,110,1,4. Kat,21 Yaşında,Isıtma Yok,Var,Yok,Yok,-,Kiracılı,Kat İrtifakı,Kuzey,etin,-,k,Hayır,Haritası,-,Eşyalı Değil,Satılık,159995-1,03-12-2025,https://www.hepsiemlak.com/manisa-turgutlu-turan-satilik/daire/159995-1,2025-12-03 19:54:00
Satılık iki katlı Mustakil Ev Necatibey Mah.,4.400.000 TL,Manisa,Sehzadeler,Nisancipasa Mah.,Manisa / Sehzadeler / Nisancipasa Mah.,4 + 2,150,2,-,40 Yaşında,Kombi,Yok,Yok,Var,İkinci El,Kiracılı,Müstakil Tapulu,"Kuzey, Güney",etin,200 TL,k,Hayır,Haritası,-,Eşyalı Değil,Satılık,15578-398,26-09-2025,https://www.hepsiemlak.com/manisa-sehzadeler-nisancipasa-satilik/mustakil-ev/15578-398,2025-12-03 19:54:31
AKHİSAR HÜRRİYET MAH. BORSA YOLU YAKINI SATILIK 2+1 DAİRE,3.500.000 TL,Manisa,Akhisar,Hurriyet Mah.,Manisa / Akhisar / Hurriyet Mah.,2 + 1,90,2,1. Kat,1 Yaşında,Yerden Isıtma,Yok,Yok,Var,Sıfır,Boş,Kat İrtifakı,Güney,etin,-,k,Evet,Haritası,-,Eşyalı Değil,Satılık,94123-2668,14-10-2025,https://www.hepsiemlak.com/manisa-akhisar-hurriyet-satilik/daire/94123-2668,2025-12-03 19:54:51
İBRAHİM ÇELEBİ MH 2+1 AÇIK MUTFAK 96M² SON KAT DOĞALGAZ PİMAPEN,2.100.000 TL,Manisa,Sehzadeler,Ibrahimcelebi Mah.,Manisa / Sehzadeler / Ibrahimcelebi Mah.,2 + 1,96,1,Çatı Katı,30 Yaşında,Kombi,Var,Var,Yok,İkinci El,-,Kat İrtifakı,-,etin,-,k,-,Haritası,-,Eşyalı Değil,Satılık,114523-420,21-11-2025,https://www.hepsiemlak.com/manisa-sehzadeler-ibrahimcelebi-satilik/daire/114523-420,2025-12-03 19:55:16
Muradiye'de Geniş ve Kullanışlı bir aya Teslim 1+1 Satılık Daire,2.670.000 TL,Manisa,Yunusemre,Muradiye Mah.,Manisa / Yunusemre / Muradiye Mah.,1 + 1,50,1,3. Kat,Sıfır Bina,Kombi,Yok,Yok,Yok,-,Boş,Kat İrtifakı,-,etin,-,k,Evet,İçerisinde 1+1 Fiyatına 2+1 Satılık Daire,-,Eşyalı Değil,Satılık,162776-42,21-11-2025,https://www.hepsiemlak.com/manisa-yunusemre-muradiye-satilik/daire/162776-42,2025-12-03 19:55:35
Akhisar Reşatbey Mahallesi'nde 2+1 Satılık Daire,3.200.000 TL,Manisa,Akhisar,Resat Mah.,Manisa / Akhisar / Resat Mah.,2 + 1,100,1,2. Kat,Sıfır Bina,Yerden Isıtma,Yok,Var,Var,Sıfır,Boş,Kat İrtifakı,"Kuzey, Doğu",etin,-,k,Hayır,Haritası,-,Eşyalı Değil,Satılık,94137-1384,31-10-2025,https://www.hepsiemlak.com/manisa-akhisar-resat-bey-satilik/daire/94137-1384,2025-12-03 19:55:53
ZEKİ EMLAK'TAN MURADİYE'DE 2+1 AÇIK MUTFAK SATILIK DAİRE,2.750.000 TL,Manisa,Yunusemre,Muradiye Mah.,Manisa / Yunusemre / Muradiye Mah.,2 + 1,85,1,4. Kat,7 Yaşında,Kombi,Yok,Var,Var,İkinci El,Mülk Sahibi,Kat İrtifakı,-,etin,-,k,-,İçerisinde 1+1 Fiyatına 2+1 Satılık Daire,-,Eşyalı Değil,Satılık,156185-454,03-12-2025,https://www.hepsiemlak.com/manisa-yunusemre-muradiye-satilik/daire/156185-454,2025-12-03 19:56:39
TURYAP CENTER'DAN GÜZELYURTTA SATILIK HARİKA DAİRE,8.250.000 TL,Manisa,Yunusemre,Guzelyurt Mah.,Manisa / Yunusemre / Guzelyurt Mah.,3 + 1,185,1,1. Kat,11 Yaşında,Kombi,Var,Var,Yok,-,Mülk Sahibi,Kat İrtifakı,"Kuzey, Güney",etin,500 TL,k,Hayır,İçerisinde,-,Eşyalı Değil,Satılık,158110-285,21-11-2025,https://www.hepsiemlak.com/manisa-yunusemre-guzelyurt-satilik/daire/158110-285,2025-12-03 19:56:58
MANİSA TURGUTLU ERGENEKON M SATILIK KAT DUBLEX,8.500.000 TL,Manisa,Turgutlu,Ergenekon Mah.,Manisa / Turgutlu / Ergenekon Mah.,4 + 3,300,3,4. Kat,Sıfır Bina,Yerden Isıtma,Yok,Var,Var,-,Boş,Kat Mülkiyeti,-,etin,-,k,Evet,Haritası,-,-,Satılık,164007-18,20-11-2025,https://www.hepsiemlak.com/manisa-turgutlu-ergenekon-satilik/daire/164007-18,2025-12-03 19:57:21
ERGENEKON MAHALLESİNDE LÜKS VE KONFOR BİR ARADA,7.000.000 TL,Manisa,Turgutlu,Ergenekon Mah.,Manisa / Turgutlu / Ergenekon Mah.,3 + 1,175,2,4. Kat,Sıfır Bina,Yerden Isıtma,Var,Var,Var,-,Boş,Kat Mülkiyeti,-,etin,-,k,Hayır,Haritası,-,Eşyalı Değil,Satılık,160048-84,14-11-2025,https://www.hepsiemlak.com/manisa-turgutlu-ergenekon-satilik/daire/160048-84,2025-12-03 19:57:42
Manisa Yunusemre Horozköy Merkez Lokasyonda 3+1 Daire,5.250.000 TL,Manisa,Yunusemre,50 Mah.,Manisa / Yunusemre / 50 Mah.,3 + 1,145,1,3. Kat,5 Yaşında,Kombi,Yok,Yok,Var,-,Mülk Sahibi,Kat İrtifakı,-,etin,-,k,Hayır,Haritası,-,Eşyalı Değil,Satılık,161356-31,12-11-2025,https://www.hepsiemlak.com/manisa-yunusemre-50-yil-satilik/daire/161356-31,2025-12-03 19:58:04
ARAS YAPI'DAN MURADİYE'DE 2+1 ARA KAT SATILIK SIFIR LÜKS DAİRE,3.300.000 TL,Manisa,Yunusemre,Muradiye Mah.,Manisa / Yunusemre / Muradiye Mah.,2 + 1,70,1,2. Kat,1 Yaşında,Kombi,Yok,Var,Yok,-,Boş,Kat İrtifakı,"Güney, Doğu",etin,-,k,Hayır,Haritası,-,Eşyalı Değil,Satılık,159142-79,22-11-2025,https://www.hepsiemlak.com/manisa-yunusemre-muradiye-satilik/daire/159142-79,2025-12-03 19:58:22
AKMAN GAYRİMENKUL'DEN MURADİYE'DE SİTE İÇİ SATILIK 2+1 DAİRE,3.500.000 TL,Manisa,Yunusemre,Muradiye Mah.,Manisa / Yunusemre / Muradiye Mah.,2 + 1,90,1,2. Kat,6 Yaşında,Kombi,Yok,Yok,Var,-,Kiracılı,Kat İrtifakı,-,etin,-,k,Evet,İçerisinde,-,Eşyalı Değil,Satılık,113243-21,03-12-2025,https://www.hepsiemlak.com/manisa-yunusemre-muradiye-satilik/daire/113243-21,2025-12-03 19:58:41
SATILIK MİTHATPAŞADA TADİLATLI 3+1 150M2 JEOTERMALİ GENİŞ DAİRE,2.600.000 TL,Manisa,Salihli,Mithatpasa Mah.,Manisa / Salihli / Mithatpasa Mah.,3 + 1,150,1,4. Kat,16 Yaşında,Jeotermal Isıtma,Var,Var,Var,-,Boş,Kat İrtifakı,"Doğu, Batı",etin,-,k,Evet,Haritası,-,Eşyalı Değil,Satılık,150639-37,20-10-2025,https://www.hepsiemlak.com/manisa-salihli-mithatpasa-satilik/daire/150639-37,2025-12-03 19:59:01
MUSTAFA BAŞYİĞİT EMLAKTAN REŞATBEY MAHALLESİNDE SATILIK LÜX 3+1,4.250.000 TL,Manisa,Akhisar,Resat Mah.,Manisa / Akhisar / Resat Mah.,3 + 1,135,2,1. Kat,Sıfır Bina,Kombi,Var,Var,Var,-,Boş,Kat Mülkiyeti,Doğu,etin,-,k,Evet,Haritası,-,Eşyalı Değil,Satılık,162406-229,20-11-2025,https://www.hepsiemlak.com/manisa-akhisar-resat-bey-satilik/daire/162406-229,2025-12-03 19:59:23
Cumhuriyet mahallesi 2+1 KAPALI MUTF,2.950.000 TL,Manisa,Saruhanli,Cumhuriyet Mah.,Manisa / Saruhanli / Cumhuriyet Mah.,2 + 1,105,1,Yüksek Giriş,5 Yaşında,Kombi,Var,Yok,Yok,-,-,Kat İrtifakı,-,etin,-,k,-,Haritası,-,-,Satılık,146877-79,19-11-2025,https://www.hepsiemlak.com/manisa-saruhanli-cumhuriyet-satilik/daire/146877-79,2025-12-03 19:59:42
Salihli Gümüşçayı'na Cephe 130 M2 Teraslı Dubleks Daire E-30,3.300.000 TL,Manisa,Salihli,Yoruk Mah.,Manisa / Salihli / Yoruk Mah.,-,-,-,-,-,-,Yok,Yok,Yok,-,-,-,130 M2 Teraslı Dubleks Daire E-30,etin,-,-,-,Haritası,-,-,-,-,26-11-2025,https://www.hepsiemlak.com/manisa-salihli-yoruk-satilik/daire/8447-485,2025-12-03 20:02:28
Manisa Turgutlu Çarşı Yakını Arakat 2 +1 DAİRE,2.850.000 TL,Manisa,Turgutlu,Istiklal Mah.,Manisa / Turgutlu / Istiklal Mah.,2 + 1,110,1,Ara Kat,4 Yaşında,Kombi,Yok,Yok,Yok,İkinci El,Boş,Kat İrtifakı,"Doğu, Batı",etin,1 TL,k,Evet,Haritası,-,Eşyalı Değil,Satılık,136231-14,10-10-2025,https://www.hepsiemlak.com/manisa-turgutlu-istiklal-satilik/daire/136231-14,2025-12-03 20:02:51
BEYAZ GAYRİMENKUL’DEN ARDA MAH FIRSATTT 2+1,6.200.000 TL,Manisa,Sehzadeler,Arda Mah.,Manisa / Sehzadeler / Arda Mah.,2 + 1,215,1,1. Kat,26 Yaşında,Kombi,Var,Var,Yok,İkinci El,Mülk Sahibi,Kat İrtifakı,"Kuzey, Güney, Doğu, Batı",etin,-,k,Hayır,Haritası,-,Eşyalı Değil,Satılık,119915-560,10-11-2025,https://www.hepsiemlak.com/manisa-sehzadeler-arda-satilik/daire/119915-560,2025-12-03 20:03:10
Manisa Şehzadeler Ege Mah. Sıfır Bina Çarşıya Yakın Arakat 2+1 Satılık,3.600.000 TL,Manisa,Sehzadeler,Ege Mah.,Manisa / Sehzadeler / Ege Mah.,2 + 1,70,1,Ara Kat,Sıfır Bina,Kombi,Var,Var,Yok,İkinci El,Boş,Kat Mülkiyeti,"Kuzey, Güney, Doğu, Batı",etin,100 TL,k,Evet,Haritası,-,Eşyalı Değil,Satılık,95753-1933,15-11-2025,https://www.hepsiemlak.com/manisa-sehzadeler-ege-satilik/daire/95753-1933,2025-12-03 20:03:30
FOR SALE & FOR RENTTEN 3+1 MANİSADA 1100M2 ARSA İÇİNDE 250M2 VİLLA,40.000.000 TL,Manisa,Yunusemre,Karakoca Mah.,Manisa / Yunusemre / Karakoca Mah.,3 + 1,1,2,-,5 Yaşında,Yerden Isıtma,Yok,Yok,Yok,İkinci El,Boş,Kat Mülkiyeti,"Kuzey, Güney, Doğu, Batı",etin,-,k,Evet,Haritası,-,Eşyalı Değil,Satılık,32982-4506,02-12-2025,https://www.hepsiemlak.com/manisa-yunusemre-karakoca-satilik/villa/32982-4506,2025-12-03 20:03:49
SATILIK DUBLEKS,3.750.000 TL,Manisa,Soma,Ataturk Mah.,Manisa / Soma / Ataturk Mah.,4 + 1,180,2,3. Kat,11 Yaşında,Jeotermal Isıtma,Yok,Yok,Yok,-,Mülk Sahibi,Kat Mülkiyeti,-,etin,-,k,Evet,Haritası,-,Eşyalı Değil,Satılık,691819-1097,10-10-2025,https://www.hepsiemlak.com/manisa-soma-ataturk-satilik/daire/691819-1097,2025-12-03 20:04:08
MERGENDEN REŞATBEYDE SATILIK 2+1 DAİRE,3.075.000 TL,Manisa,Akhisar,Resat Mah.,Manisa / Akhisar / Resat Mah.,2 + 1,105,1,1. Kat,Sıfır Bina,Kombi,Yok,Var,Var,-,Boş,Kat Mülkiyeti,"Kuzey, Güney",etin,100 TL,k,Evet,Haritası,-,Eşyalı Değil,Satılık,160594-56,17-11-2025,https://www.hepsiemlak.com/manisa-akhisar-resat-bey-satilik/daire/160594-56,2025-12-03 20:04:30
FATİH CADDESİ ÜZERİ 2+1 90 M2 OTOPARKLI DAİRE,4.000.000 TL,Manisa,Salihli,Namik Mah.,Manisa / Salihli / Namik Mah.,2 + 1,92,1,5. Kat,1 Yaşında,Doğalgaz Sobası,Var,Yok,Var,-,-,Kat Mülkiyeti,-,etin,-,k,-,Haritası,-,Eşyalı Değil,Satılık,152193-112,24-11-2025,https://www.hepsiemlak.com/manisa-salihli-namik-kemal-satilik/daire/152193-112,2025-12-03 20:04:53
TURPA'DAN BAYRAM YERİ CİVARI SATILIK FIRSAT DAİRELER,3.500.000 TL,Manisa,Turgutlu,Turgutlar Mah.,Manisa / Turgutlu / Turgutlar Mah.,2 + 1,110,1,3. Kat,Sıfır Bina,Yerden Isıtma,Yok,Var,Var,Sıfır,Boş,Kat Mülkiyeti,-,etin,-,k,Hayır,Haritası,-,Eşyalı Değil,Satılık,144722-279,10-11-2025,https://www.hepsiemlak.com/manisa-turgutlu-turgutlar-satilik/daire/144722-279,2025-12-03 20:05:14
!!!ŞOK ŞOK!!! SALİHLİ CUMHURİYET MAHALLESİNDE 1+1 FİYATINA 3+1,2.675.000 TL,Manisa,Salihli,Cumhuriyet Mah.,Manisa / Salihli / Cumhuriyet Mah.,3 + 1,155,1,4. Kat,26 Yaşında,Klima,Var,Yok,Yok,-,Boş,Kat Mülkiyeti,"Kuzey, Güney",etin,111 TL,k,Hayır,Haritası,-,Eşyalı Değil,Satılık,139685-211,17-10-2025,https://www.hepsiemlak.com/manisa-salihli-cumhuriyet-satilik/daire/139685-211,2025-12-03 20:05:37
Eroğlu-Taşkın Emlak Ofisinden Ursavaş Villarında Son Triplex,15.000.000 TL,Manisa,Akhisar,Resat Mah.,Manisa / Akhisar / Resat Mah.,5 + 1,225,3,Bahçe Katı,1 Yaşında,Yerden Isıtma,Yok,Yok,Yok,-,Boş,Kat İrtifakı,"Güney, Batı",etin,-,k,Hayır,İçerisinde,-,Eşyalı Değil,Satılık,160552-24,11-10-2025,https://www.hepsiemlak.com/manisa-akhisar-resat-bey-satilik/villa/160552-24,2025-12-03 20:06:19
ATLAS’TAN CUMHURİYET MH’DE HARİKA KONUMDA 3+1 SATILIK DAİRE,3.350.000 TL,Manisa,Turgutlu,Cumhuriyet Mah.,Manisa / Turgutlu / Cumhuriyet Mah.,3 + 1,125,1,4. Kat,31 Yaşında,Kombi,Yok,Var,Var,-,Mülk Sahibi,Kat Mülkiyeti,-,etin,-,k,Hayır,3.250.000 TL,-,Eşyalı Değil,Satılık,156738-76,08-10-2025,https://www.hepsiemlak.com/manisa-turgutlu-cumhuriyet-satilik/daire/156738-76,2025-12-03 20:06:41
manisa muradiye 23 nisan parkında 2+1 satılık daire,3.400.000 TL,Manisa,Yunusemre,Muradiye Mah.,Manisa / Yunusemre / Muradiye Mah.,2 + 1,85,1,2. Kat,Sıfır Bina,Kombi,Var,Yok,Yok,-,Boş,Kat İrtifakı,-,etin,-,k,Hayır,Haritası,-,Eşyalı Değil,Satılık,150932-79,20-11-2025,https://www.hepsiemlak.com/manisa-yunusemre-muradiye-satilik/daire/150932-79,2025-12-03 20:07:01
PLUS+ GAYRİMENKUL'den MUSAL EVLERİ'nde 150m2 - 3+1,6.500.000 TL,Manisa,Turgutlu,Selvilitepe Mah.,Manisa / Turgutlu / Selvilitepe Mah.,3 + 1,170,2,3. Kat,5 Yaşında,Merkezi (Pay Ölçer),Var,Var,Var,-,Mülk Sahibi,Kat İrtifakı,"Güney, Batı",etin,2.000 TL,k,Evet,İçerisinde,-,Eşyalı Değil,Satılık,154320-231,16-09-2025,https://www.hepsiemlak.com/manisa-turgutlu-selvilitepe-satilik/daire/154320-231,2025-12-03 20:07:25
RAGIPBEY HARİKA KONUMDA 180 M2 4+1 FULL TADİLATLI DUBLEKS DAİRE,3.750.000 TL,Manisa,Akhisar,Ragip Mah.,Manisa / Akhisar / Ragip Mah.,4 + 1,180,1,3. Kat,21 Yaşında,Kombi,Yok,Var,Var,-,Boş,Kat İrtifakı,"Kuzey, Güney",etin,-,k,Hayır,si Lüks Modern Arakat 3+1,-,Eşyalı Değil,Satılık,86919-608,20-11-2025,https://www.hepsiemlak.com/manisa-akhisar-ragip-bey-satilik/daire/86919-608,2025-12-03 20:07:50
MERKEZ EFENDİ MAHALLESİ 3+1 145m2 KELEPİR ASANSÖRLÜ SATILIK DAİRE,5.195.000 TL,Manisa,Yunusemre,Merkez Mah.,Manisa / Yunusemre / Merkez Mah.,3 + 1,165,1,Ara Kat,25 Yaşında,Kombi,Yok,Var,Yok,İkinci El,Boş,Kat İrtifakı,-,etin,-,k,Evet,Haritası,-,Eşyalı Değil,Satılık,163278-43,04-11-2025,https://www.hepsiemlak.com/manisa-yunusemre-merkez-efendi-satilik/daire/163278-43,2025-12-03 20:08:08
İBRAHİM ÇELEBİ MAHALLESİNDE SATILIK 3+1 arakat,3.975.000 TL,Manisa,Sehzadeler,Ibrahimcelebi Mah.,Manisa / Sehzadeler / Ibrahimcelebi Mah.,3 + 1,110,1,Ara Kat,30 Yaşında,Kombi,Var,Yok,Yok,İkinci El,Boş,Kat İrtifakı,Doğu,etin,-,k,Evet,Haritası,-,Eşyalı Değil,Satılık,104090-22,24-10-2025,https://www.hepsiemlak.com/manisa-sehzadeler-ibrahimcelebi-satilik/daire/104090-22,2025-12-03 20:08:29
Akhisar Efendi Mahallesi'nde 2+1 Satılık Daire,2.950.000 TL,Manisa,Akhisar,Efendi Mah.,Manisa / Akhisar / Efendi Mah.,2 + 1,90,1,1. Kat,Sıfır Bina,Kombi,Var,Var,Var,Sıfır,Boş,Kat İrtifakı,"Kuzey, Doğu",etin,-,k,Hayır,Haritası,-,Eşyalı Değil,Satılık,94137-1366,09-10-2025,https://www.hepsiemlak.com/manisa-akhisar-efendi-satilik/daire/94137-1366,2025-12-03 20:08:48
Uncubozköy de Satılık 3+1 Özellikli Daire,4.100.000 TL,Manisa,Yunusemre,Uncubozkoy Mah.,Manisa / Yunusemre / Uncubozkoy Mah.,3 + 1,125,1,5. Kat,21 Yaşında,Kombi,Var,Yok,Yok,-,Kiracılı,Kat Mülkiyeti,"Güney, Batı",etin,150 TL,k,Hayır,İçerisinde Satılık Arakat Daire,-,Eşyalı Değil,Satılık,102443-807,26-11-2025,https://www.hepsiemlak.com/manisa-yunusemre-uncubozkoy-satilik/daire/102443-807,2025-12-03 20:09:06
ZEKİ EMLAK'TAN YENİ MAHALLE'DE 2+1 KAPALI MUTFAK SATILIK DAİRE,4.900.000 TL,Manisa,Yunusemre,Yeni Mah.,Manisa / Yunusemre / Yeni Mah.,2 + 1,90,1,3. Kat,3 Yaşında,Kombi,Yok,Var,Yok,İkinci El,Boş,Kat İrtifakı,Doğu,etin,-,k,-,Haritası,-,Eşyalı Değil,Satılık,156185-451,27-11-2025,https://www.hepsiemlak.com/manisa-yunusemre-yeni-mahalle-satilik/daire/156185-451,2025-12-03 20:09:24
MANİSA TURGUTLU ERGENEKON M SATILIK 3+1 ARAKAT DAİRE,6.250.000 TL,Manisa,Turgutlu,Ergenekon Mah.,Manisa / Turgutlu / Ergenekon Mah.,3 + 1,140,2,3. Kat,Sıfır Bina,Yerden Isıtma,Yok,Var,Var,-,Boş,Kat Mülkiyeti,-,etin,-,k,Evet,Haritası,-,-,Satılık,164007-17,20-11-2025,https://www.hepsiemlak.com/manisa-turgutlu-ergenekon-satilik/daire/164007-17,2025-12-03 20:10:02
LALE MEYDANI ÖZSARUHAN BULVAR ÜZERİNDE SATILIK 3+1 DAİRE,4.150.000 TL,Manisa,Yunusemre,Hafsa Mah.,Manisa / Yunusemre / Hafsa Mah.,3 + 1,115,-,Ara Kat,23 Yaşında,Kombi,Yok,Var,Var,İkinci El,-,Kat İrtifakı,Güney,etin,-,k,Hayır,Haritası,-,Eşyalı Değil,Satılık,163565-107,18-11-2025,https://www.hepsiemlak.com/manisa-yunusemre-hafsa-sultan-satilik/daire/163565-107,2025-12-03 20:10:21
ERGENEKON MAHALLESİNDE LÜKS DAİRE FIRSATI,7.000.000 TL,Manisa,Turgutlu,Ergenekon Mah.,Manisa / Turgutlu / Ergenekon Mah.,3 + 1,165,2,4. Kat,Sıfır Bina,Yerden Isıtma,Var,Var,Var,-,Boş,Kat Mülkiyeti,-,etin,-,k,Hayır,Haritası,-,Eşyalı Değil,Satılık,160048-83,09-11-2025,https://www.hepsiemlak.com/manisa-turgutlu-ergenekon-satilik/daire/160048-83,2025-12-03 20:10:44
50 .yılda kupon 3+1 açıkmutfak daire,4.600.000 TL,Manisa,Yunusemre,50 Mah.,Manisa / Yunusemre / 50 Mah.,3 + 1,115,1,1. Kat,Sıfır Bina,Kombi,Var,Var,Var,-,Boş,Kat İrtifakı,-,etin,-,k,Evet,Haritası,-,Eşyalı Değil,Satılık,161356-30,03-12-2025,https://www.hepsiemlak.com/manisa-yunusemre-50-yil-satilik/daire/161356-30,2025-12-03 20:11:11
ARAS YAPI'DAN MURADİYE'DE 1+1 EŞYALI SATILIK DAİRE,2.499.999 TL,Manisa,Yunusemre,Muradiye Mah.,Manisa / Yunusemre / Muradiye Mah.,1 + 1,60,1,5. Kat,1 Yaşında,Kombi,Yok,Yok,Yok,-,Kiracılı,Kat İrtifakı,-,etin,-,k,Hayır,Haritası,-,Eşyalı,Satılık,159142-73,08-11-2025,https://www.hepsiemlak.com/manisa-yunusemre-muradiye-satilik/daire/159142-73,2025-12-03 20:11:39
SATILIK KURTULUŞTA ÖZEL OTOPARKLI 3+1 140 M2 LÜKS ARA KAT,5.650.000 TL,Manisa,Salihli,Kurtulus Mah.,Manisa / Salihli / Kurtulus Mah.,3 + 1,140,1,2. Kat,1 Yaşında,Kombi,Var,Var,Var,-,Boş,Kat İrtifakı,"Doğu, Batı",etin,-,k,Hayır,Haritası,-,Eşyalı Değil,Satılık,150639-36,10-10-2025,https://www.hepsiemlak.com/manisa-salihli-kurtulus-satilik/daire/150639-36,2025-12-03 20:12:09
Saruhanlı Cengiz Topel mah 3+1 arakat,4.750.000 TL,Manisa,Saruhanli,Cengiz Mah.,Manisa / Saruhanli / Cengiz Mah.,3 + 1,135,1,Ara Kat,Sıfır Bina,Kombi,Yok,Var,Yok,Sıfır,Boş,Kat İrtifakı,-,etin,200 TL,k,-,Haritası,-,Eşyalı Değil,Satılık,9333-1833,18-11-2025,https://www.hepsiemlak.com/manisa-saruhanli-cengiz-topel-satilik/daire/9333-1833,2025-12-03 20:12:32
CUMHURİYET MAH CADDE ÜZERİ 120 M2 2+1 ASANSÖRLÜ D.GAZLI,3.750.000 TL,Manisa,Turgutlu,Cumhuriyet Mah.,Manisa / Turgutlu / Cumhuriyet Mah.,2 + 1,120,1,5. Kat,6 Yaşında,Kombi,Yok,Var,Yok,-,Mülk Sahibi,Kat İrtifakı,"Doğu, Batı",etin,-,k,Hayır,Haritası,-,Eşyalı Değil,Satılık,164247-91,03-12-2025,https://www.hepsiemlak.com/manisa-turgutlu-cumhuriyet-satilik/daire/164247-91,2025-12-03 20:13:00
MUSTAFA BAŞYİĞİT EMLAKTAN CUMHURİYETMAH SATILIK LÜKS 3+1,4.200.000 TL,Manisa,Akhisar,Cumhuriyet Mah.,Manisa / Akhisar / Cumhuriyet Mah.,3 + 1,140,2,1. Kat,Sıfır Bina,Kombi,Var,Var,Var,-,Boş,Kat Mülkiyeti,Güney,etin,-,k,Hayır,Haritası,-,Eşyalı Değil,Satılık,162406-169,13-11-2025,https://www.hepsiemlak.com/manisa-akhisar-cumhuriyet-satilik/daire/162406-169,2025-12-03 20:13:32
Manisa Akıncılar Mahallesinde 3+1 Zemin Kat Satılık Daire,3.375.000 TL,Manisa,Sehzadeler,Akincilar Mah.,Manisa / Sehzadeler / Akincilar Mah.,3 + 1,135,1,Zemin,20 Yaşında,Kombi,Yok,Yok,Yok,İkinci El,Boş,Kat İrtifakı,Doğu,etin,-,k,Hayır,Haritası,-,Eşyalı Değil,Satılık,95753-2103,30-11-2025,https://www.hepsiemlak.com/manisa-sehzadeler-akincilar-satilik/daire/95753-2103,2025-12-03 20:13:58
SALİHLİ GÖKÇEPINAR CADDESİNDE KÖŞE GENİŞ FERAH 160M2 LÜX DAİRE,6.625.000 TL,Manisa,Salihli,Kurtulus Mah.,Manisa / Salihli / Kurtulus Mah.,3 + 1,178,2,1. Kat,1 Yaşında,Kombi,Var,Var,Yok,-,Mülk Sahibi,Kat Mülkiyeti,"Doğu, Batı",etin,111 TL,k,Hayır,Haritası,-,Eşyalı Değil,Satılık,139685-209,17-10-2025,https://www.hepsiemlak.com/manisa-salihli-kurtulus-satilik/daire/139685-209,2025-12-03 20:14:39
LÜKS SİTEDE SATILIK HAVUZ VE ÇİFT CEPHE DAİRE,4.450.000 TL,Manisa,Turgutlu,Selvilitepe Mah.,Manisa / Turgutlu / Selvilitepe Mah.,3 + 1,160,2,3. Kat,Sıfır Bina,Merkezi (Pay Ölçer),Yok,Var,Var,-,Boş,Kat İrtifakı,"Doğu, Batı",etin,-,k,Hayır,İçerisinde,-,Eşyalı Değil,Satılık,155066-51,31-10-2025,https://www.hepsiemlak.com/manisa-turgutlu-selvilitepe-satilik/daire/155066-51,2025-12-03 20:15:11
Satılık Daire Adakale Mah.Zemin daire,3.150.000 TL,Manisa,Sehzadeler,Adakale Mah.,Manisa / Sehzadeler / Adakale Mah.,3 + 1,100,1,Yarı Bodrum,13 Yaşında,Kombi,Yok,Var,Yok,İkinci El,Mülk Sahibi,Kat İrtifakı,Güney,etin,100 TL,k,Evet,Haritası,-,Eşyalı Değil,Satılık,15578-373,24-11-2025,https://www.hepsiemlak.com/manisa-sehzadeler-adakale-satilik/daire/15578-373,2025-12-03 20:15:41
SARUHANLI 2+1 KAPALI MUTFAK KUPON DAİRE,3.650.000 TL,Manisa,Saruhanli,Cengiz Mah.,Manisa / Saruhanli / Cengiz Mah.,2 + 1,105,1,3. Kat,Sıfır Bina,Kombi,Yok,Var,Yok,-,Boş,Kat İrtifakı,-,etin,-,k,Evet,Haritası,-,Eşyalı Değil,Satılık,163278-19,06-11-2025,https://www.hepsiemlak.com/manisa-saruhanli-cengiz-topel-satilik/daire/163278-19,2025-12-03 20:16:08
BEYAZ GAYRİMENKUL’DEN KARAOĞLANLI MAH AVLULU 2+1,3.250.000 TL,Manisa,Sehzadeler,Karaoglanli Mah.,Manisa / Sehzadeler / Karaoglanli Mah.,2 + 1,180,1,-,18 Yaşında,Soba,Yok,Yok,Yok,İkinci El,Mülk Sahibi,Müstakil Tapulu,"Kuzey, Güney, Doğu, Batı",etin,-,k,Hayır,Haritası,-,Eşyalı Değil,Satılık,119915-561,10-11-2025,https://www.hepsiemlak.com/manisa-sehzadeler-karaoglanli-satilik/mustakil-ev/119915-561,2025-12-03 20:16:35
"REAL,den SATILIK MUSTAKİL SIFIR VİLLA.",16.000.000 TL,Manisa,Yunusemre,Ucpinar Mah.,Manisa / Yunusemre / Ucpinar Mah.,4 + 1,210,3,-,Sıfır Bina,Isı Pompası,Yok,Var,Yok,-,Boş,Kat İrtifakı,"Kuzey, Güney, Doğu, Batı",etin,5.000 TL,k,Hayır,Haritası,-,Eşyalı Değil,Satılık,17068-1353,24-11-2025,https://www.hepsiemlak.com/manisa-yunusemre-ucpinar-satilik/villa/17068-1353,2025-12-03 20:16:59
Akhisar Cumhuriyet Mahallesi'nde 2+1 Satılık Daire,3.450.000 TL,Manisa,Akhisar,Cumhuriyet Mah.,Manisa / Akhisar / Cumhuriyet Mah.,2 + 1,100,1,1. Kat,Sıfır Bina,Kombi,Var,Var,Var,Sıfır,Boş,Kat İrtifakı,"Kuzey, Doğu",etin,-,k,Hayır,Haritası,-,Eşyalı Değil,Satılık,94137-1361,09-10-2025,https://www.hepsiemlak.com/manisa-akhisar-cumhuriyet-satilik/daire/94137-1361,2025-12-03 20:17:26
Satılık Köy Evi Şehirden Kurtulmak İsteyenler Yeni Yaşam Sürmek İsteyenler için,3.000.000 TL,Manisa,Selendi,Akcakertil Mah.,Manisa / Selendi / Akcakertil Mah.,3 + 1,130,1,-,5 Yaşında,Soba,Yok,Yok,Yok,Sıfır,Mülk Sahibi,Müstakil Tapulu,Güney,etin,-,k,Hayır,Haritası,-,Eşyalı Değil,Satılık,0-45406601,20-10-2025,https://www.hepsiemlak.com/manisa-selendi-akcakertil-satilik/koy-evi/0-45406601,2025-12-03 20:17:51
"ZEKİ EMLAK'TAN MURADİYE'DE 2+1 SIFIR BİNA, FULL LÜKS SATILIK D.",4.200.000 TL,Manisa,Yunusemre,Muradiye Mah.,Manisa / Yunusemre / Muradiye Mah.,2 + 1,110,1,4. Kat,Sıfır Bina,Kombi,Yok,Var,Var,Sıfır,Boş,Kat İrtifakı,-,etin,-,k,-,Haritası,-,Eşyalı Değil,Satılık,156185-447,22-11-2025,https://www.hepsiemlak.com/manisa-yunusemre-muradiye-satilik/daire/156185-447,2025-12-03 20:18:21
ERGENEKONDA 3+1 135 M2 YERDEN ISITMALI SIFIR DAİRE,5.500.000 TL,Manisa,Turgutlu,Ergenekon Mah.,Manisa / Turgutlu / Ergenekon Mah.,3 + 1,145,1,4. Kat,Sıfır Bina,Kombi,Yok,Yok,Yok,-,Boş,Kat Mülkiyeti,-,etin,-,k,Evet,Haritası,-,Eşyalı Değil,Satılık,156788-240,21-11-2025,https://www.hepsiemlak.com/manisa-turgutlu-ergenekon-satilik/daire/156788-240,2025-12-03 20:18:49
MANİSA TURGUTLU ACARLAR M ATATÜRK BULVARINDA SATILIK DAİRE,4.000.000 TL,Manisa,Turgutlu,Acarlar Mah.,Manisa / Turgutlu / Acarlar Mah.,3 + 1,135,1,3. Kat,26 Yaşında,Kombi,Var,Var,Var,-,Boş,Kat İrtifakı,-,etin,-,k,Hayır,Haritası,-,-,Satılık,164007-14,20-11-2025,https://www.hepsiemlak.com/manisa-turgutlu-acarlar-satilik/daire/164007-14,2025-12-03 20:19:36
EMİR GRUP'TAN MURADİYE'DE SATILIK 2+1 ULTRA LÜX ARAKAT DAİRE,4.500.000 TL,Manisa,Yunusemre,Muradiye Mah.,Manisa / Yunusemre / Muradiye Mah.,2 + 1,115,1,2. Kat,Sıfır Bina,Kombi,Yok,Var,Var,-,Boş,Kat İrtifakı,-,etin,-,k,Evet,Haritası,-,Eşyalı Değil,Satılık,163565-104,16-11-2025,https://www.hepsiemlak.com/manisa-yunusemre-muradiye-satilik/daire/163565-104,2025-12-03 20:20:05
MURADİYE’DE KUPON SATILIK 5+1 DUBLEKS,4.900.000 TL,Manisa,Yunusemre,Muradiye Mah.,Manisa / Yunusemre / Muradiye Mah.,5 + 1,220,2,En Üst Kat,8 Yaşında,Kombi,Yok,Var,Yok,-,Boş,Kat İrtifakı,-,etin,-,k,Evet,Haritası,-,Eşyalı Değil,Satılık,162376-44,05-11-2025,https://www.hepsiemlak.com/manisa-yunusemre-muradiye-satilik/daire/162376-44,2025-12-03 20:20:30
MANİSA ŞEHZADLER DİNÇER MAH ULUPARK YANI 2+1 SATILIK DAİRE,3.750.000 TL,Manisa,Sehzadeler,Dincer Mah.,Manisa / Sehzadeler / Dincer Mah.,2 + 1,90,1,4. Kat,31 Yaşında,Klima,Var,Var,Var,-,Kiracılı,Müstakil Tapulu,"Güney, Doğu",etin,-,k,Evet,Haritası,-,Eşyalı Değil,Satılık,158110-275,27-11-2025,https://www.hepsiemlak.com/manisa-sehzadeler-dincer-satilik/daire/158110-275,2025-12-03 20:20:59
Lüks İşçilikli 2+1 Satılık Daire,3.300.000 TL,Manisa,Turgutlu,Mustafa Mah.,Manisa / Turgutlu / Mustafa Mah.,2 + 1,110,1,4. Kat,Sıfır Bina,Kombi,Yok,Var,Var,-,Boş,Kat Mülkiyeti,-,etin,-,k,Hayır,Haritası,-,Eşyalı Değil,Satılık,160048-82,03-12-2025,https://www.hepsiemlak.com/manisa-turgutlu-mustafa-kemal-satilik/daire/160048-82,2025-12-03 20:21:18
CUMHURİYET MAHALLESİNDE AKÇAKMAK YOLU CADDESİ ÜZERİNDE GENİŞ 2+1,4.980.000 TL,Manisa,Turgutlu,Cumhuriyet Mah.,Manisa / Turgutlu / Cumhuriyet Mah.,2 + 1,120,1,4. Kat,6 Yaşında,Kombi,Var,Var,Var,-,Mülk Sahibi,Kat İrtifakı,"Doğu, Batı",etin,300 TL,k,Evet,Haritası,-,Eşyalı Değil,Satılık,164247-85,02-12-2025,https://www.hepsiemlak.com/manisa-turgutlu-cumhuriyet-satilik/daire/164247-85,2025-12-03 20:21:48
Nazar Evler Sitesinde Bireysel Otoparklı 2+1 Satılık Daire.,3.250.000 TL,Manisa,Akhisar,Cumhuriyet Mah.,Manisa / Akhisar / Cumhuriyet Mah.,2 + 1,110,-,1. Kat,4 Yaşında,Kombi,Yok,Var,Var,İkinci El,Boş,Kat İrtifakı,-,etin,-,k,Hayır,sinde Bireysel Otoparklı 2+1 Satılık Daire.,-,Eşyalı Değil,Satılık,94123-2762,20-11-2025,https://www.hepsiemlak.com/manisa-akhisar-cumhuriyet-satilik/daire/94123-2762,2025-12-03 20:22:14
Manisa Şehzadeler Peker Mahallesi 2+1 3.Kat Ara Kat Ful Özellikli Satılık Daire,3.050.000 TL,Manisa,Sehzadeler,Peker Mah.,Manisa / Sehzadeler / Peker Mah.,2 + 1,95,1,3. Kat,30 Yaşında,Kombi,Var,Var,Yok,İkinci El,Kiracılı,Kat Mülkiyeti,"Kuzey, Güney, Doğu, Batı",etin,-,k,Hayır,Haritası,-,Eşyalı Değil,Satılık,95753-1796,16-11-2025,https://www.hepsiemlak.com/manisa-sehzadeler-peker-satilik/daire/95753-1796,2025-12-03 20:22:37
"HOROZKÖY 50.YIL MAH.DE SATILIK 2+1,KAPALI MUTFAK",4.800.000 TL,Manisa,Yunusemre,50 Mah.,Manisa / Yunusemre / 50 Mah.,2 + 1,100,1,Yüksek Giriş,Sıfır Bina,Kombi,Yok,Yok,Yok,-,Boş,Kat İrtifakı,-,etin,-,k,Evet,İçerisinde,-,Eşyalı Değil,Satılık,161765-5,12-11-2025,https://www.hepsiemlak.com/manisa-yunusemre-50-yil-satilik/daire/161765-5,2025-12-03 20:22:59
SALİHLİ CUMHURİYET MAHALLESİNDE 2+1 KÖŞE ÇİFT CEPHE 90M2 DAİRE,3.850.000 TL,Manisa,Salihli,Cumhuriyet Mah.,Manisa / Salihli / Cumhuriyet Mah.,2 + 1,108,1,4. Kat,1 Yaşında,Kombi,Var,Var,Var,-,Kiracılı,Kat Mülkiyeti,"Kuzey, Doğu, Batı",etin,111 TL,k,Evet,Haritası,-,Eşyalı Değil,Satılık,139685-208,27-10-2025,https://www.hepsiemlak.com/manisa-salihli-cumhuriyet-satilik/daire/139685-208,2025-12-03 20:23:21
3 ADAM EMLAKTAN REŞATBEY MH ÖN CEPHE GENİŞ 3+1 SATILIK DAİRE,4.800.000 TL,Manisa,Akhisar,Resat Mah.,Manisa / Akhisar / Resat Mah.,3 + 1,152,2,1. Kat,1 Yaşında,Kombi,Yok,Yok,Var,-,Boş,Kat İrtifakı,"Güney, Doğu",etin,-,k,Hayır,Haritası,-,Eşyalı Değil,Satılık,143910-125,27-10-2025,https://www.hepsiemlak.com/manisa-akhisar-resat-bey-satilik/daire/143910-125,2025-12-03 20:25:33
ACİL FYAT DÜŞTÜ PRESTİJ EVLERİNDE TERASLI KÖŞE HAVUZ CEPHE DAİRE,4.000.000 TL,Manisa,Turgutlu,Selvilitepe Mah.,Manisa / Turgutlu / Selvilitepe Mah.,2 + 1,140,2,12. Kat,Sıfır Bina,Merkezi,Var,Var,Var,-,Boş,Kat İrtifakı,"Kuzey, Doğu, Batı",etin,-,k,Hayır,Haritası,-,Eşyalı Değil,Satılık,155066-34,11-09-2025,https://www.hepsiemlak.com/manisa-turgutlu-selvilitepe-satilik/daire/155066-34,2025-12-03 20:25:53
MANİSA AKHİSAR HÜRRİYET MAH. SATILIK 3+1 DAİRE 170m² . ‼️ACİL UYGUN 3.950.000TL,3.950.000 TL,Manisa,Akhisar,Hurriyet Mah.,Manisa / Akhisar / Hurriyet Mah.,3 + 1,175,2,En Üst Kat,3 Yaşında,Kombi,Yok,Var,Var,İkinci El,Boş,Kat İrtifakı,"Güney, Doğu, Batı",etin,1 TL,k,Evet,sinde Bireysel Otoparklı 2+1 Satılık Daire.,-,Eşyalı Değil,Satılık,143974-371,02-12-2025,https://www.hepsiemlak.com/manisa-akhisar-hurriyet-satilik/daire/143974-371,2025-12-03 20:26:13
Satılık Dublex Daire Muradiye mah,3.950.000 TL,Manisa,Yunusemre,Muradiye Mah.,Manisa / Yunusemre / Muradiye Mah.,4 + 1,300,2,En Üst Kat,10 Yaşında,Kombi,Var,Var,Var,İkinci El,Mülk Sahibi,Kat İrtifakı,"Güney, Doğu",etin,200 TL,k,Hayır,Haritası,-,Eşyalı Değil,Satılık,15578-370,29-09-2025,https://www.hepsiemlak.com/manisa-yunusemre-muradiye-satilik/daire/15578-370,2025-12-03 20:26:34
Medar Köy Merkezinde Köşe Parsel Dükkan ve Müstakil Ev 2 Tapu,6.000.000 TL,Manisa,Akhisar,Medar Mah.,Manisa / Akhisar / Medar Mah.,2 + 1,321,1,Bahçe Katı,31 Yaşında,Soba,Yok,Var,Var,-,Boş,Müstakil Tapulu,"Kuzey, Güney, Doğu, Batı",etin,-,k,Hayır,si Lüks Modern Arakat 3+1,-,Eşyalı Değil,Satılık,86919-605,20-11-2025,https://www.hepsiemlak.com/manisa-akhisar-medar-satilik/mustakil-ev/86919-605,2025-12-03 20:26:55
"CUMHURİYET MAHALLESİNDE BAHÇELİ, FERAH, KÖŞE BAŞI DAİRE 4+1 198m²",4.950.000 TL,Manisa,Turgutlu,Cumhuriyet Mah.,Manisa / Turgutlu / Cumhuriyet Mah.,4 + 1,198,2,4. Kat,15 Yaşında,Kombi,Var,Var,Var,-,Mülk Sahibi,Kat Mülkiyeti,-,etin,-,k,Evet,Haritası,-,-,Satılık,0-45517211,24-11-2025,https://www.hepsiemlak.com/manisa-turgutlu-cumhuriyet-satilik/daire/0-45517211,2025-12-03 20:27:14
SOMA İSTASYON ZAFER MAH.SATILIK MÜSTAKİL EV,2.600.000 TL,Manisa,Soma,Zafer Mah.,Manisa / Soma / Zafer Mah.,2 + 1,250,1,-,30 Yaşında,Soba,Yok,Yok,Yok,-,-,Müstakil Tapulu,-,etin,-,k,-,Haritası,-,Eşyalı Değil,Satılık,106969-13,07-11-2025,https://www.hepsiemlak.com/manisa-soma-zafer-satilik/mustakil-ev/106969-13,2025-12-03 20:27:34
CUMHURİYET MAHALLESİ SATILIK 3+1,3.000.000 TL,Manisa,Salihli,Cumhuriyet Mah.,Manisa / Salihli / Cumhuriyet Mah.,3 + 1,150,1,5. Kat,21 Yaşında,Isıtma Yok,Yok,Yok,Yok,-,Boş,Kat İrtifakı,"Doğu, Batı",etin,-,k,Evet,Haritası,-,Eşyalı Değil,Satılık,152152-63,24-11-2025,https://www.hepsiemlak.com/manisa-salihli-cumhuriyet-satilik/daire/152152-63,2025-12-03 20:27:55
ÖZYURTLAR'DAN YARHASANLAR MAHALLESİNDE ASANSÖRLÜ DUBLEX,6.950.000 TL,Manisa,Sehzadeler,Yarhasanlar Mah.,Manisa / Sehzadeler / Yarhasanlar Mah.,3 + 1,200,2,5. Kat,16 Yaşında,Kombi,Yok,Var,Yok,-,Mülk Sahibi,Kat İrtifakı,-,etin,-,k,Evet,Haritası,-,Eşyalı Değil,Satılık,162860-41,06-10-2025,https://www.hepsiemlak.com/manisa-sehzadeler-yarhasanlar-satilik/daire/162860-41,2025-12-03 20:28:18
saruhanlı/cengiztopel mah. 3+1 kapalı mutfak ana cadde üzerinde geniş 120M² sıfır daire,3.375.000 TL,Manisa,Saruhanli,Cengiz Mah.,Manisa / Saruhanli / Cengiz Mah.,3 + 1,130,1,En Üst Kat,1 Yaşında,Kombi,Var,Var,Yok,Sıfır,Boş,Kat Mülkiyeti,-,etin,-,k,Hayır,Haritası,-,Eşyalı Değil,Satılık,137495-197,06-10-2025,https://www.hepsiemlak.com/manisa-saruhanli-cengiz-topel-satilik/daire/137495-197,2025-12-03 20:28:39
Manisa Turgutalpte 6122 m² Kiraz Bahçesi İçinde 3+1 Dubleks Ev,22.500.000 TL,Manisa,Yunusemre,Turgutalp Mah.,Manisa / Yunusemre / Turgutalp Mah.,3 + 1,180,1,Bahçe Katı,21 Yaşında,Soba,Yok,Yok,Yok,-,Mülk Sahibi,Tapu Yok,"Kuzey, Güney, Doğu, Batı",etin,-,k,Hayır,İçi Satılık Geniş Boş 3+1 Daire,-,Eşyalı,Satılık,117461-4352,14-10-2025,https://www.hepsiemlak.com/manisa-yunusemre-turgutalp-satilik/villa/117461-4352,2025-12-03 20:29:24
BEYAZ GAYRİMENKUL’DEN EGE MAH FIRSATT 3+1,3.850.000 TL,Manisa,Sehzadeler,Nisancipasa Mah.,Manisa / Sehzadeler / Nisancipasa Mah.,3 + 1,140,1,4. Kat,27 Yaşında,Kombi,Var,Var,Var,İkinci El,Mülk Sahibi,Kat İrtifakı,"Kuzey, Güney, Doğu, Batı",etin,-,k,Hayır,Haritası,-,Eşyalı Değil,Satılık,119915-558,06-11-2025,https://www.hepsiemlak.com/manisa-sehzadeler-nisancipasa-satilik/daire/119915-558,2025-12-03 20:29:41
FİLO GAYRİMENKULDEN SATILIK ULTRA LÜX 1+1 LER,2.100.000 TL,Manisa,Alasehir,Fatih Mah.,Manisa / Alasehir / Fatih Mah.,1 + 1,58,1,3. Kat,Sıfır Bina,Kombi,Yok,Yok,Yok,-,Boş,Kat Mülkiyeti,Güney,etin,250 TL,k,Hayır,Haritası,-,Eşyalı Değil,Satılık,160709-10,04-10-2025,https://www.hepsiemlak.com/manisa-alasehir-fatih-satilik/daire/160709-10,2025-12-03 20:30:04
Manisa Kula Gökdere mevkiinde müstakil bahçeli satılık 🏠 ev,1.850.000 TL,Manisa,Kula,Gokdere Mah.,Manisa / Kula / Gokdere Mah.,3 + 1,625,1,-,30 Yaşında,Soba,Yok,Yok,Yok,İkinci El,Mülk Sahibi,Müstakil Tapulu,-,etin,-,k,-,Haritası,Hatırlatmaları,Eşyalı,Satılık,120009-127,08-10-2025,https://www.hepsiemlak.com/manisa-kula-gokdere-satilik/mustakil-ev/120009-127,2025-12-03 20:30:26
Acil Satılık Müstakil Bahçeli Ev 537 m2,5.750.000 TL,Manisa,Salihli,Durasilli Mah.,Manisa / Salihli / Durasilli Mah.,3 + 1,145,1,-,25 Yaşında,Soba,Var,Yok,Yok,Sıfır,Belirtilmemiş,Kat Mülkiyeti,"Kuzey, Güney, Doğu",etin,-,...,Hayır,Haritası,Hatırlatmaları,Eşyalı Değil,Satılık,0-43027089,12-10-2025,https://www.hepsiemlak.com/manisa-salihli-durasilli-satilik/mustakil-ev/0-43027089,2025-12-03 20:30:44
MUSTAFA BAŞYİĞİT EMLAK'TAN EFENDİDE 130 M2 SATILIK 3+1,3.350.000 TL,Manisa,Akhisar,Efendi Mah.,Manisa / Akhisar / Efendi Mah.,3 + 1,140,1,2. Kat,4 Yaşında,Kombi,Yok,Var,Var,-,Kiracılı,Kat İrtifakı,"Güney, Batı",etin,-,...,Evet,Haritası,Hatırlatmaları,Eşyalı Değil,Satılık,162406-207,14-11-2025,https://www.hepsiemlak.com/manisa-akhisar-efendi-satilik/daire/162406-207,2025-12-03 20:31:05
Yenimahallede Satılık 4+1 Çift Girişli Dubleks,6.500.000 TL,Manisa,Yunusemre,Yeni Mah.,Manisa / Yunusemre / Yeni Mah.,4 + 1,250,2,5. Kat,11 Yaşında,Kombi,Var,Yok,Yok,-,Mülk Sahibi,Kat Mülkiyeti,"Doğu, Batı",etin,-,...,Evet,Haritası,Hatırlatmaları,Eşyalı Değil,Satılık,102443-810,10-11-2025,https://www.hepsiemlak.com/manisa-yunusemre-yeni-mahalle-satilik/daire/102443-810,2025-12-03 20:31:28
TURPA'DAN BARMANLAR PRİME SİTESİNDE SATILIK DUBLEKS DAİRE,3.750.000 TL,Manisa,Turgutlu,Ergenekon Mah.,Manisa / Turgutlu / Ergenekon Mah.,2 + 1,104,1,3. Kat,Sıfır Bina,Kombi,Yok,Var,Var,Sıfır,Boş,Kat Mülkiyeti,-,etin,-,...,Hayır,Haritası,Hatırlatmaları,Eşyalı Değil,Satılık,144722-284,13-11-2025,https://www.hepsiemlak.com/manisa-turgutlu-ergenekon-satilik/daire/144722-284,2025-12-03 20:31:55
ÖZ ELİT EMLAK'TAN K.SÜMBÜLLERDE SATILIK 6+1 BAHÇELİ VİLLA 7.700.000 TL.,7.700.000 TL,Manisa,Yunusemre,Kucuksumbuller Mah.,Manisa / Yunusemre / Kucuksumbuller Mah.,6 + 1,250,2,-,10 Yaşında,Soba,Yok,Yok,Yok,İkinci El,Mülk Sahibi,Kat Mülkiyeti,-,etin,-,...,-,Haritası,Hatırlatmaları,Eşyalı Değil,Satılık,64671-672,15-09-2025,https://www.hepsiemlak.com/manisa-yunusemre-kucuksumbuller-satilik/villa/64671-672,2025-12-03 20:32:13
SOMA TOKİ EVLERİ 2+1 DAİRE,1.775.000 TL,Manisa,Soma,Turgutalp Mah.,Manisa / Soma / Turgutalp Mah.,2 + 1,90,1,5. Kat,9 Yaşında,Merkezi,Yok,Yok,Yok,-,Kiracılı,Kat İrtifakı,-,etin,-,...,-,Haritası,Hatırlatmaları,Eşyalı Değil,Satılık,691819-1099,20-11-2025,https://www.hepsiemlak.com/manisa-soma-turgutalp-satilik/daire/691819-1099,2025-12-03 20:32:31
MİMAR SİNAN BULVARI TAM YAPININ ÜSTÜ 3+1 SATILIK DAİRE,4.200.000 TL,Manisa,Yunusemre,Yeni Mah.,Manisa / Yunusemre / Yeni Mah.,-,-,-,-,-,-,Yok,Yok,Yok,-,-,-,-,etin,-,-,-,Haritası,-,-,-,-,22-11-2025,https://www.hepsiemlak.com/manisa-yunusemre-yeni-mahalle-satilik/daire/94966-788,2025-12-03 20:33:22
ÖZGÜN GM'DEN UNCUBÖZKÖY'DE EN İYİ KONUMDA 3+1+1 TRIPLEKS DAİRE,5.800.000 TL,Manisa,Yunusemre,Uncubozkoy Mah.,Manisa / Yunusemre / Uncubozkoy Mah.,3 + 2,170,1,1. Kat,16 Yaşında,Kombi,Var,Var,Var,-,Kiracılı,Kat İrtifakı,"Kuzey, Doğu",etin,-,...,Evet,Haritası,Hatırlatmaları,Eşyalı Değil,Satılık,122193-684,15-10-2025,https://www.hepsiemlak.com/manisa-yunusemre-uncubozkoy-satilik/daire/122193-684,2025-12-03 20:33:43
NORAN 3+1 ARAKAT FIRSAT SATILIK DAİRE,11.450.000 TL,Manisa,Yunusemre,Uncubozkoy Mah.,Manisa / Yunusemre / Uncubozkoy Mah.,3 + 1,135,1,3. Kat,Sıfır Bina,Kombi,Yok,Yok,Yok,-,Boş,Kat Mülkiyeti,"Kuzey, Güney",etin,-,...,Hayır,Haritası,Hatırlatmaları,Eşyalı Değil,Satılık,163068-8,04-11-2025,https://www.hepsiemlak.com/manisa-yunusemre-uncubozkoy-satilik/daire/163068-8,2025-12-03 20:34:02
ZEKİ EMLAK'TAN İSTASYON CİVARI SATILIK 2+1 SIFIR DAİRE,4.200.000 TL,Manisa,Yunusemre,Muradiye Mah.,Manisa / Yunusemre / Muradiye Mah.,2 + 1,95,1,2. Kat,Sıfır Bina,Kombi,Yok,Var,Yok,Yapım Aşamasınd...,Boş,Kat İrtifakı,-,etin,-,...,-,Haritası,Hatırlatmaları,Eşyalı Değil,Satılık,156185-442,27-11-2025,https://www.hepsiemlak.com/manisa-yunusemre-muradiye-satilik/daire/156185-442,2025-12-03 20:34:24
MANİSA TURGUTLU CUMHURİYET M ASANSÖR OTOPARKLI 3+1 SATLIK DAİRE,6.300.000 TL,Manisa,Turgutlu,Cumhuriyet Mah.,Manisa / Turgutlu / Cumhuriyet Mah.,3 + 1,142,1,4. Kat,3 Yaşında,Kombi,Yok,Var,Var,-,Boş,Kat Mülkiyeti,-,etin,-,...,Evet,Haritası,Hatırlatmaları,-,Satılık,164007-2,30-11-2025,https://www.hepsiemlak.com/manisa-turgutlu-cumhuriyet-satilik/daire/164007-2,2025-12-03 20:34:43
MANİSA 2. ANAFARTALAR DA SATILIK DUBLEKS,9.500.000 TL,Manisa,Sehzadeler,2 Mah.,Manisa / Sehzadeler / 2 Mah.,6 + 1,300,2,6. Kat,16 Yaşında,Kombi,Yok,Yok,Yok,-,Mülk Sahibi,Kat Mülkiyeti,-,etin,-,...,Hayır,Haritası,Hatırlatmaları,Eşyalı Değil,Satılık,156788-236,19-11-2025,https://www.hepsiemlak.com/manisa-sehzadeler-2-anafartalar-satilik/daire/156788-236,2025-12-03 20:35:05
OSMANCALI'DA EŞYALI HAVUZLU FUUL ÖZELİKLİ MÜSTAKİL YAŞAM SATILIK,10.700.000 TL,Manisa,Yunusemre,Osmancali Mah.,Manisa / Yunusemre / Osmancali Mah.,2 + 1,585,1,Zemin,6 Yaşında,Klima,Yok,Var,Yok,İkinci El,Mülk Sahibi,Müstakil Tapulu,-,etin,100 TL,...,-,İçerisinde Sıfır 4+1 Geniş Daire,Hatırlatmaları,Eşyalı,Satılık,154167-416,17-11-2025,https://www.hepsiemlak.com/manisa-yunusemre-osmancali-satilik/mustakil-ev/154167-416,2025-12-03 20:35:28
MURADİYE MAHALLESİNDE 1+1 ZEMİN KÖŞE SATILIK DAİRE,2.600.000 TL,Manisa,Yunusemre,Muradiye Mah.,Manisa / Yunusemre / Muradiye Mah.,1 + 1,55,1,Zemin,Sıfır Bina,Yerden Isıtma,Yok,Yok,Var,-,Boş,Kat İrtifakı,Doğu,etin,-,...,Hayır,Haritası,Hatırlatmaları,Eşyalı Değil,Satılık,163565-101,18-11-2025,https://www.hepsiemlak.com/manisa-yunusemre-muradiye-satilik/daire/163565-101,2025-12-03 20:35:52
Ergenekon Mahallesi 3+1 Uygun Fiyat Sıfır Daire,4.500.000 TL,Manisa,Turgutlu,Ergenekon Mah.,Manisa / Turgutlu / Ergenekon Mah.,3 + 1,120,1,2. Kat,Sıfır Bina,Kombi,Yok,Var,Var,-,Boş,Kat Mülkiyeti,-,etin,-,...,Hayır,Haritası,Hatırlatmaları,Eşyalı Değil,Satılık,160048-81,03-12-2025,https://www.hepsiemlak.com/manisa-turgutlu-ergenekon-satilik/daire/160048-81,2025-12-03 20:36:17
Manisa Yunusemre Muradiye Mahallesi Satılık Daire,3.180.000 TL,Manisa,Yunusemre,Muradiye Mah.,Manisa / Yunusemre / Muradiye Mah.,2 + 1,95,1,3. Kat,1 Yaşında,Kombi,Yok,Yok,Var,-,Boş,Kat İrtifakı,-,etin,-,...,Hayır,Haritası,Hatırlatmaları,-,Satılık,162376-43,05-11-2025,https://www.hepsiemlak.com/manisa-yunusemre-muradiye-satilik/daire/162376-43,2025-12-03 20:36:37
TURYAP CENTERDAN UNCUBOZKÖYDE 4+1 FULL LÜKS DUBLEX DAİRE,11.850.000 TL,Manisa,Yunusemre,Uncubozkoy Mah.,Manisa / Yunusemre / Uncubozkoy Mah.,4 + 1,250,2,5. Kat,1 Yaşında,Kombi,Yok,Var,Var,-,Mülk Sahibi,Kat İrtifakı,"Güney, Doğu",etin,400 TL,...,Hayır,Haritası,Hatırlatmaları,Eşyalı Değil,Satılık,158110-248,20-10-2025,https://www.hepsiemlak.com/manisa-yunusemre-uncubozkoy-satilik/daire/158110-248,2025-12-03 20:37:28
MANİSA SALİHLİ YILMAZ YENİ MAHALLESİNDE ACİL SATILIK MÜSTAKİL DAİRE,4.500.000 TL,Manisa,Salihli,Yilmaz Mah.,Manisa / Salihli / Yilmaz Mah.,3 + 1,185,2,-,14 Yaşında,Soba,Yok,Yok,Yok,İkinci El,Mülk Sahibi,Kat İrtifakı,"Kuzey, Güney",etin,-,...,Hayır,Haritası,Hatırlatmaları,Eşyalı Değil,Satılık,138755-114,28-10-2025,https://www.hepsiemlak.com/manisa-salihli-yilmaz-satilik/mustakil-ev/138755-114,2025-12-03 20:37:48
KARAOGLANLİDA SATİLİK MÜSTAKİL EV,2.750.000 TL,Manisa,Sehzadeler,Karaoglanli Mah.,Manisa / Sehzadeler / Karaoglanli Mah.,3 + 1,220,1,-,35 Yaşında,Soba,Yok,Yok,Yok,-,-,Müstakil Tapulu,-,etin,-,...,-,Haritası,Hatırlatmaları,-,Satılık,152027-34,25-11-2025,https://www.hepsiemlak.com/manisa-sehzadeler-karaoglanli-satilik/koy-evi/152027-34,2025-12-03 20:38:08
2+1 Yüksek Zemin Karanlıksız daire,3.150.000 TL,Manisa,Yunusemre,50 Mah.,Manisa / Yunusemre / 50 Mah.,-,-,-,-,-,-,Yok,Yok,Yok,-,-,-,-,etin,-,-,-,Haritası,-,-,-,152909-31,05-11-2025,https://www.hepsiemlak.com/manisa-yunusemre-50-yil-satilik/daire/152909-31,2025-12-03 20:38:27
Akhisar Cumhuriyet Mahallesi'nde 3+1 Satılık Daire,4.200.000 TL,Manisa,Akhisar,Cumhuriyet Mah.,Manisa / Akhisar / Cumhuriyet Mah.,3 + 1,140,2,1. Kat,Sıfır Bina,Kombi,Var,Var,Var,Sıfır,Boş,Kat İrtifakı,"Güney, Batı",etin,-,...,Hayır,Haritası,Hatırlatmaları,Eşyalı Değil,Satılık,94137-1362,09-10-2025,https://www.hepsiemlak.com/manisa-akhisar-cumhuriyet-satilik/daire/94137-1362,2025-12-03 20:38:44
Köprübaşı Kıranşeyh'te 340 m² Arsa İçinde 2 Katlı 2+1 Ev + Müştemilat + Ahır!,2.700.000 TL,Manisa,Koprubasi,Kiranseyh Mah.,Manisa / Koprubasi / Kiranseyh Mah.,4 + 2,150,-,-,30 Yaşında,Soba,Yok,Yok,Yok,İkinci El,Boş,Kat Mülkiyeti,"Kuzey, Güney, Doğu, Batı",etin,-,...,Evet,Haritası,Hatırlatmaları,Eşyalı,Satılık,64870-803,20-10-2025,https://www.hepsiemlak.com/manisa-koprubasi-kiranseyh-satilik/koy-evi/64870-803,2025-12-03 20:39:03
C21 LOCA KIRKAĞAÇ ALACALAR MAH.SATILIK MÜKEMMEL EV VE ARSASI,2.100.000 TL,Manisa,Kirkagac,Alacalar Mah.,Manisa / Kirkagac / Alacalar Mah.,4 + 1,810,1,-,50 Yaşında,Soba,Yok,Yok,Yok,İkinci El,-,Müstakil Tapulu,"Güney, Doğu",etin,-,...,-,Haritası,Hatırlatmaları,Eşyalı Değil,Satılık,137881-724,03-12-2025,https://www.hepsiemlak.com/manisa-kirkagac-alacalar-satilik/koy-evi/137881-724,2025-12-03 20:39:25
Acilen satılık Depreme* dayanıklı Doğayla iç içe manzarası süper inzivaya çekilme yeri,2.500.000 TL,Manisa,Akhisar,Haci Mah.,Manisa / Akhisar / Haci Mah.,3 + 1,362,1,1. Kat,12 Yaşında,Klima,Yok,Var,Var,Sıfır,Mülk Sahibi,Kat İrtifakı,"Kuzey, Güney, Doğu, Batı",etin,-,...,Evet,sinde Bireysel Otoparklı 2+1 Satılık Daire.,Hatırlatmaları,Eşyalı Değil,Satılık,0-44546838,10-11-2025,https://www.hepsiemlak.com/manisa-akhisar-haci-ishak-satilik/daire/0-44546838,2025-12-03 20:39:47
SİNAN EMLAK'TAN ŞEHİTLER MAHALLESİNDE SATILIK SIFIR DAİRELER,3.800.000 TL,Manisa,Turgutlu,Sehitler Mah.,Manisa / Turgutlu / Sehitler Mah.,3 + 1,120,1,Ara Kat,Sıfır Bina,Isıtma Yok,Yok,Var,Yok,Sıfır,Boş,Kat Mülkiyeti,-,etin,1 TL,...,Hayır,Haritası,Hatırlatmaları,Eşyalı Değil,Satılık,159995-56,06-11-2025,https://www.hepsiemlak.com/manisa-turgutlu-sehitler-satilik/daire/159995-56,2025-12-03 20:40:12
Laleli mah 3+1 doğalgazlı cadde üzerinde çift cephe,3.100.000 TL,Manisa,Yunusemre,Hafsa Mah.,Manisa / Yunusemre / Hafsa Mah.,3 + 1,120,1,5. Kat,30 Yaşında,Kombi,Yok,Var,Var,İkinci El,Boş,Kat İrtifakı,-,etin,-,...,Evet,içi 2+1 Satılık Daire ⭕️,Hatırlatmaları,Eşyalı Değil,Satılık,133144-215,21-10-2025,https://www.hepsiemlak.com/manisa-yunusemre-hafsa-sultan-satilik/daire/133144-215,2025-12-03 20:40:29
3 ADAM EMLAK'TAN TAHİR ÜN CADDESİ SATILIK DUBLEKS DAİRE,4.000.000 TL,Manisa,Akhisar,Ragip Mah.,Manisa / Akhisar / Ragip Mah.,5 + 1,230,1,4. Kat,21 Yaşında,Kombi,Yok,Yok,Yok,-,Boş,Kat İrtifakı,"Kuzey, Batı",etin,-,...,Hayır,Haritası,Hatırlatmaları,Eşyalı Değil,Satılık,143910-122,24-11-2025,https://www.hepsiemlak.com/manisa-akhisar-ragip-bey-satilik/daire/143910-122,2025-12-03 20:41:15
Manisa Turgutlu Ergenekon mahallesi Niba Life'ta sıfır 3+1,6.250.000 TL,Manisa,Turgutlu,Ergenekon Mah.,Manisa / Turgutlu / Ergenekon Mah.,3 + 1,160,2,3. Kat,Sıfır Bina,Yerden Isıtma,Var,Yok,Var,-,Boş,Kat İrtifakı,"Kuzey, Güney",etin,2 TL,...,Hayır,İçerisinde,Güvenlik Kameraları,Eşyalı Değil,Satılık,154320-127,01-10-2025,https://www.hepsiemlak.com/manisa-turgutlu-ergenekon-satilik/daire/154320-127,2025-12-03 20:41:36
MANİSA AKHİSAR HÜRRİYET MAH. ❗️KİRAZOĞLU DEVLET HAS. YANI SATILIK 3+1 DAİRE,2.950.000 TL,Manisa,Akhisar,Hurriyet Mah.,Manisa / Akhisar / Hurriyet Mah.,3 + 1,130,1,En Üst Kat,10 Yaşında,Kombi,Var,Var,Var,İkinci El,Boş,Kat Mülkiyeti,-,etin,-,...,Hayır,sinde Bireysel Otoparklı 2+1 Satılık Daire.,Hatırlatmaları,Eşyalı Değil,Satılık,143974-288,19-09-2025,https://www.hepsiemlak.com/manisa-akhisar-hurriyet-satilik/daire/143974-288,2025-12-03 20:41:55
EVREN GAYRİMENKULDEN CUMHURİYET CADDESİNDE SATILIK 3+1 DAİRE.,3.100.000 TL,Manisa,Turgutlu,Turan Mah.,Manisa / Turgutlu / Turan Mah.,3 + 1,150,1,4. Kat,26 Yaşında,Kombi,Var,Yok,Yok,-,Mülk Sahibi,Kat İrtifakı,-,etin,-,...,Evet,Haritası,Hatırlatmaları,Eşyalı Değil,Satılık,163190-11,24-11-2025,https://www.hepsiemlak.com/manisa-turgutlu-turan-satilik/daire/163190-11,2025-12-03 20:42:14
ÖZYURTLAR'DAN AKINCI MAHALLESİNDE FULL LÜX ARA KAT DAİRE.,4.950.000 TL,Manisa,Sehzadeler,Akincilar Mah.,Manisa / Sehzadeler / Akincilar Mah.,3 + 1,130,1,2. Kat,26 Yaşında,Kombi,Yok,Var,Yok,-,Boş,Kat İrtifakı,-,etin,-,...,Evet,Haritası,Hatırlatmaları,Eşyalı Değil,Satılık,162860-40,06-10-2025,https://www.hepsiemlak.com/manisa-sehzadeler-akincilar-satilik/daire/162860-40,2025-12-03 20:42:35
AHMETLİ İLÇESİNDE SATILIK 240 MT 5+1 DUBLEX...,5.250.000 TL,Manisa,Ahmetli,Barbaros Mah.,Manisa / Ahmetli / Barbaros Mah.,5 + 1,240,2,3. Kat,3 Yaşında,Kombi,Yok,Yok,Var,-,Boş,Kat İrtifakı,"Kuzey, Güney",etin,200 TL,...,Evet,Haritası,Hatırlatmaları,Eşyalı Değil,Satılık,152152-58,24-11-2025,https://www.hepsiemlak.com/manisa-ahmetli-barbaros-satilik/daire/152152-58,2025-12-03 20:42:57
Dilşikar Mh. Satılık Daire,"Fiyat
En Az
TL
En Çok
TL",Manisa,Sehzadeler,Dilsikar Mah.,Manisa / Sehzadeler / Dilsikar Mah.,-,-,Seçiniz,Kat Seçiniz,Bina Yaşı,Isınma Tipi Seçiniz,Var,Var,Var,-,Kullanım Durumu Seçiniz,Tapu Durumu Seçiniz,Cephe Seçiniz,etin,-,k,a Uygun,Tümü,-,Tümü,-,-,03-12-2025,https://www.hepsiemlak.com/manisa-sehzadeler-dilsikar-satilik/daire/119915-557,2025-12-03 20:43:23
FİLO GAYRİMENKULDEN İSTASYON MAH. DE SATILIK ULTRA LÜX 2+1 LER,4.400.000 TL,Manisa,Alasehir,Istasyon Mah.,Manisa / Alasehir / Istasyon Mah.,2 + 1,110,1,3. Kat,Sıfır Bina,Kombi,Yok,Yok,Yok,-,Boş,Kat Mülkiyeti,"Doğu, Batı",etin,1 TL,...,Hayır,Haritası,Hatırlatmaları,Eşyalı Değil,Satılık,160709-6,04-10-2025,https://www.hepsiemlak.com/manisa-alasehir-istasyon-satilik/daire/160709-6,2025-12-03 20:43:44
Manisa Şehzadeler Çınarlıkuyu 2+1 Taş Ev + Bahçe,2.980.000 TL,Manisa,Sehzadeler,Cinarlikuyu Mah.,Manisa / Sehzadeler / Cinarlikuyu Mah.,2 + 1,90,1,-,5 Yaşında,Klima,Yok,Yok,Yok,İkinci El,Boş,Müstakil Tapulu,Güney,etin,-,...,Evet,Haritası,Hatırlatmaları,Eşyalı Değil,Satılık,95753-2107,01-12-2025,https://www.hepsiemlak.com/manisa-sehzadeler-cinarlikuyu-satilik/koy-evi/95753-2107,2025-12-03 20:44:06
PRESTİJ EVLERİ SİTESİNDE SATILIK HAVUZ CEPHE SINIRSIZ KREDİ,4.000.000 TL,Manisa,Turgutlu,Selvilitepe Mah.,Manisa / Turgutlu / Selvilitepe Mah.,2 + 1,120,2,5. Kat,2 Yaşında,Merkezi (Pay Öl...,Yok,Yok,Yok,-,Mülk Sahibi,Kat İrtifakı,Doğu,etin,1.8 TL,...,Hayır,İçerisinde,Hatırlatmaları,Eşyalı Değil,Satılık,155066-56,11-11-2025,https://www.hepsiemlak.com/manisa-turgutlu-selvilitepe-satilik/daire/155066-56,2025-12-03 20:44:45
AKHİSAR DA AKHİSAR LİSESİ KARŞISI SATILIK DUBLEKS,6.200.000 TL,Manisa,Akhisar,Kethuda Mah.,Manisa / Akhisar / Kethuda Mah.,5 + 1,380,2,4. Kat,Sıfır Bina,Kombi,Yok,Yok,Yok,-,Boş,Kat Mülkiyeti,-,etin,-,...,Hayır,Haritası,Hatırlatmaları,Eşyalı Değil,Satılık,156788-235,19-11-2025,https://www.hepsiemlak.com/manisa-akhisar-kethuda-satilik/daire/156788-235,2025-12-03 20:47:01
ZEKİ EMLAK'TAN MURADİYE'DE SATILIK 2+1 K.MUTFAK SIFIR LÜKS DAİRE,4.750.000 TL,Manisa,Yunusemre,Muradiye Mah.,Manisa / Yunusemre / Muradiye Mah.,2 + 1,114,2,2. Kat,Sıfır Bina,Kombi,Var,Var,Yok,Sıfır,Boş,Kat İrtifakı,-,etin,-,...,Hayır,Haritası,Hatırlatmaları,Eşyalı Değil,Satılık,156185-424,24-11-2025,https://www.hepsiemlak.com/manisa-yunusemre-muradiye-satilik/daire/156185-424,2025-12-03 20:47:30
MURADİYE MAHALLESİNDE 2+1 ARA KAT SATILIK DAİRE,3.150.000 TL,Manisa,Yunusemre,Muradiye Mah.,Manisa / Yunusemre / Muradiye Mah.,2 + 1,75,1,Kot 2,5 Yaşında,Kombi,Var,Yok,Var,-,Boş,Kat İrtifakı,-,etin,-,...,Hayır,Haritası,Hatırlatmaları,Eşyalı Değil,Satılık,163565-100,16-11-2025,https://www.hepsiemlak.com/manisa-yunusemre-muradiye-satilik/daire/163565-100,2025-12-03 20:47:55
SARUHANLI MERKEZDE İŞ BANKASI ARAKASI PTT YANI SATILIK 2+1 DAİRE,2.870.000 TL,Manisa,Saruhanli,Cumhuriyet Mah.,Manisa / Saruhanli / Cumhuriyet Mah.,2 + 1,90,1,Kot 2,9 Yaşında,Kombi,Yok,Var,Yok,İkinci El,Boş,Kat İrtifakı,-,etin,-,...,-,Haritası,Hatırlatmaları,Eşyalı Değil,Satılık,154167-412,22-11-2025,https://www.hepsiemlak.com/manisa-saruhanli-cumhuriyet-satilik/daire/154167-412,2025-12-03 20:48:16
SALİHLİ ERDEM EMLAKTAN ASKERLİK ŞUBESİ KARŞISINDA GENİŞ 3+1 SATILIK DAİRE,4.650.000 TL,Manisa,Salihli,Namik Mah.,Manisa / Salihli / Namik Mah.,3 + 1,185,1,3. Kat,20 Yaşında,Kombi,Yok,Var,Var,-,-,Kat Mülkiyeti,-,etin,-,...,Hayır,Haritası,Hatırlatmaları,Eşyalı Değil,Satılık,158161-125,13-11-2025,https://www.hepsiemlak.com/manisa-salihli-namik-kemal-satilik/daire/158161-125,2025-12-03 20:48:35
Mustafa Kemal Mh. Geniş 2+1 Satılık Daire,3.350.000 TL,Manisa,Turgutlu,Mustafa Mah.,Manisa / Turgutlu / Mustafa Mah.,2 + 1,110,1,1. Kat,Sıfır Bina,Kombi,Var,Var,Var,-,Boş,Kat Mülkiyeti,-,etin,-,...,Hayır,Haritası,Hatırlatmaları,Eşyalı Değil,Satılık,160048-80,09-11-2025,https://www.hepsiemlak.com/manisa-turgutlu-mustafa-kemal-satilik/daire/160048-80,2025-12-03 20:48:55
MANİSA YUNUSEMRE GRANDMEDİKAL YAKINI 3+1 DAİRE,6.390.000 TL,Manisa,Yunusemre,Cumhuriyet Mah.,Manisa / Yunusemre / Cumhuriyet Mah.,3 + 1,145,2,11. Kat,11 Yaşında,Merkezi (Pay Öl...,Var,Var,Var,-,Boş,Kat İrtifakı,"Kuzey, Doğu",etin,1.500 TL,...,Evet,Haritası,Hatırlatmaları,Eşyalı Değil,Satılık,158110-245,04-11-2025,https://www.hepsiemlak.com/manisa-yunusemre-cumhuriyet-satilik/daire/158110-245,2025-12-03 20:49:14
UNCUBOZKÖY MAHALLESİ 3+1 160M2 KAPALI MUTFAKLI 13 YILLIK DAİRE,6.750.000 TL,Manisa,Yunusemre,Uncubozkoy Mah.,Manisa / Yunusemre / Uncubozkoy Mah.,3 + 1,160,1,Yüksek Giriş,11 Yaşında,Kombi,Var,Var,Var,-,Mülk Sahibi,Kat İrtifakı,-,etin,-,...,Evet,Haritası,Hatırlatmaları,Eşyalı Değil,Satılık,162376-37,09-10-2025,https://www.hepsiemlak.com/manisa-yunusemre-uncubozkoy-satilik/daire/162376-37,2025-12-03 20:49:38
YENİ MAH. 3+1 EBEVEYN'Lİ KARANLIK ODASI YOK 130 M2 OTOPARKLI,5.350.000 TL,Manisa,Turgutlu,Yeni Mah.,Manisa / Turgutlu / Yeni Mah.,3 + 1,130,2,1. Kat,Sıfır Bina,Kombi,Yok,Var,Var,-,Boş,Kat İrtifakı,"Kuzey, Güney, Doğu",etin,-,...,Evet,Haritası,Hatırlatmaları,Eşyalı Değil,Satılık,164247-77,21-11-2025,https://www.hepsiemlak.com/manisa-turgutlu-yeni-satilik/daire/164247-77,2025-12-03 20:50:03
Çift giriş Çift teras Dubleks,4.400.000 TL,Manisa,Yunusemre,Kaynak Mah.,Manisa / Yunusemre / Kaynak Mah.,-,-,-,-,-,-,Yok,Yok,Yok,-,-,-,-,etin,-,-,-,Haritası,-,-,-,152909-37,20-11-2025,https://www.hepsiemlak.com/manisa-yunusemre-kaynak-satilik/daire/152909-37,2025-12-03 20:50:26
ACARLAR MAHALLESİ'NDE SATILIK 140M2 DAİRE,3.200.000 TL,Manisa,Turgutlu,Acarlar Mah.,Manisa / Turgutlu / Acarlar Mah.,3 + 1,140,1,4. Kat,16 Yaşında,Kombi,Yok,Yok,Yok,-,Boş,Kat İrtifakı,-,etin,-,...,Hayır,Haritası,Hatırlatmaları,Eşyalı Değil,Satılık,52577-368,01-10-2025,https://www.hepsiemlak.com/manisa-turgutlu-acarlar-satilik/daire/52577-368,2025-12-03 20:51:11
MANİSA YUNUSEMRE MUTLU MH UYGUN FİYAT SATILIK DAİRE,3.190.000 TL,Manisa,Yunusemre,Mutlu Mah.,Manisa / Yunusemre / Mutlu Mah.,3 + 1,115,1,Zemin,21 Yaşında,Kombi,Yok,Var,Var,İkinci El,Boş,Kat İrtifakı,"Kuzey, Güney, Doğu, Batı",etin,1 TL,...,Evet,Haritası,Hatırlatmaları,Eşyalı Değil,Satılık,162290-22,25-09-2025,https://www.hepsiemlak.com/manisa-yunusemre-mutlu-satilik/daire/162290-22,2025-12-03 20:51:34
MUSTAFA BAŞYİĞİT EMLAKTAN ATATÜRK MAH SATILIK GENİŞ 2+0,2.550.000 TL,Manisa,Akhisar,Ataturk Mah.,Manisa / Akhisar / Ataturk Mah.,2 + 0,92,1,4. Kat,1 Yaşında,Kombi,Yok,Var,Yok,-,Kiracılı,Kat Mülkiyeti,Doğu,etin,-,...,Hayır,Haritası,Hatırlatmaları,Eşyalı Değil,Satılık,162406-46,20-10-2025,https://www.hepsiemlak.com/manisa-akhisar-ataturk-satilik/daire/162406-46,2025-12-03 20:53:07
Manisa Şehzadeler Yarasanlar Mah 2+1 kapalı mutfak Arakat fırsat daire,2.750.000 TL,Manisa,Sehzadeler,Yarhasanlar Mah.,Manisa / Sehzadeler / Yarhasanlar Mah.,2 + 1,90,1,3. Kat,20 Yaşında,Klima,Var,Yok,Yok,İkinci El,Kiracılı,Kat İrtifakı,"Kuzey, Güney, Doğu, Batı",etin,100 TL,...,Evet,Haritası,Hatırlatmaları,Eşyalı Değil,Satılık,95753-2073,15-11-2025,https://www.hepsiemlak.com/manisa-sehzadeler-yarhasanlar-satilik/daire/95753-2073,2025-12-03 20:53:29
Manisa Yunusemre Barboros Mh Full özellik Satılık Daire,3.080.000 TL,Manisa,Yunusemre,Barbaros Mah.,Manisa / Yunusemre / Barbaros Mah.,2 + 1,90,1,3. Kat,11 Yaşında,Kombi,Yok,Var,Var,-,Boş,Kat İrtifakı,"Kuzey, Güney, Doğu, Batı",etin,-,...,Hayır,Haritası,Hatırlatmaları,Eşyalı Değil,Satılık,162290-57,25-09-2025,https://www.hepsiemlak.com/manisa-yunusemre-barbaros-satilik/daire/162290-57,2025-12-03 20:53:48
MANİSA EMLAKDERE SATILIK BAHÇELİ MÜSTAKİL EV,3.000.000 TL,Manisa,Yunusemre,Emlakdere Mah.,Manisa / Yunusemre / Emlakdere Mah.,1 + 1,80,1,-,25 Yaşında,Soba,Yok,Yok,Yok,İkinci El,Boş,Müstakil Tapulu,"Kuzey, Güney, Doğu, Batı",etin,-,...,Hayır,Haritası,Hatırlatmaları,-,Satılık,94966-675,25-11-2025,https://www.hepsiemlak.com/manisa-yunusemre-emlakdere-satilik/mustakil-ev/94966-675,2025-12-03 20:54:04
3+1 Kapalı mutfak fırsatı PEKER mahallesi,3.285.000 TL,Manisa,Sehzadeler,Peker Mah.,Manisa / Sehzadeler / Peker Mah.,3 + 1,130,1,4. Kat,15 Yaşında,Kombi,Yok,Var,Yok,İkinci El,Kiracılı,Kat İrtifakı,Kuzey,etin,100 TL,...,Evet,Haritası,Hatırlatmaları,Eşyalı Değil,Satılık,95753-1937,15-11-2025,https://www.hepsiemlak.com/manisa-sehzadeler-peker-satilik/daire/95753-1937,2025-12-03 20:54:27
DAĞYENİKÖY 152 M2 FIRSAT YATIRIMLIK EV ABONELİKLER MEVCUT,350.000 TL,Manisa,Turgutlu,Karakoy Mah.,Manisa / Turgutlu / Karakoy Mah.,3 + 1,152,-,Bahçe Katı,31 Yaşında,Soba,Yok,Yok,Yok,-,Boş,Müstakil Tapulu,-,etin,-,...,Evet,Haritası,Hatırlatmaları,Eşyalı Değil,Satılık,156788-8,03-12-2025,https://www.hepsiemlak.com/manisa-turgutlu-karakoy-satilik/mustakil-ev/156788-8,2025-12-03 20:54:47
Camiönü Mevkii Satılık 145 m² Daire,3.300.000 TL,Manisa,Turgutlu,Albayrak Mah.,Manisa / Turgutlu / Albayrak Mah.,3 + 1,145,1,1. Kat,1 Yaşında,Kombi,Yok,Var,Var,-,Boş,Kat Mülkiyeti,-,etin,-,...,Hayır,Haritası,Hatırlatmaları,Eşyalı Değil,Satılık,160048-88,10-11-2025,https://www.hepsiemlak.com/manisa-turgutlu-albayrak-satilik/daire/160048-88,2025-12-03 20:55:10
PLUS+ GAYRİMENKUL'DEN ALTAY MAH. KÖŞE KONUMLU MASRAFSIZ 3+1DAİRE,3.000.000 TL,Manisa,Turgutlu,Altay Mah.,Manisa / Turgutlu / Altay Mah.,3 + 1,130,1,Zemin,11 Yaşında,Kombi,Yok,Yok,Yok,-,Boş,Kat İrtifakı,"Kuzey, Batı",etin,-,...,Hayır,Haritası,Hatırlatmaları,Eşyalı Değil,Satılık,154320-238,03-10-2025,https://www.hepsiemlak.com/manisa-turgutlu-altay-satilik/daire/154320-238,2025-12-03 20:55:48
ERSOYDAN HACIRAHMANLIDA KAÇIRILMAYACK FIRSAT SIFIR 2+1 İKİZ VİLA,4.200.000 TL,Manisa,Saruhanli,Hacirahmanli Mah.,Manisa / Saruhanli / Hacirahmanli Mah.,2 + 1,105,2,Villa Katı,1 Yaşında,Kombi,Var,Var,Var,-,Boş,Hisseli Tapu,-,etin,-,...,Hayır,Haritası,Hatırlatmaları,Eşyalı Değil,Satılık,114523-416,01-11-2025,https://www.hepsiemlak.com/manisa-saruhanli-hacirahmanli-satilik/daire/114523-416,2025-12-03 20:56:10
IRLAMAZ MH BAHÇELİ TOPLAM 429 M2 ARSA İÇİNDE MÜSTAKİL AVLULU EV,2.500.000 TL,Manisa,Turgutlu,Irlamaz Mah.,Manisa / Turgutlu / Irlamaz Mah.,2 + 1,429,1,Bahçe Katı,16 Yaşında,Isıtma Yok,Yok,Yok,Yok,-,Boş,Kat Mülkiyeti,"Kuzey, Güney, Doğu",etin,-,...,Evet,Haritası,Hatırlatmaları,Eşyalı Değil,Satılık,123058-2042,16-10-2025,https://www.hepsiemlak.com/manisa-turgutlu-irlamaz-satilik/mustakil-ev/123058-2042,2025-12-03 20:56:34
MANİSA SOMADA SATILIK 3+1 JEOTERMALLİ DAİRE,3.150.000 TL,Manisa,Soma,Kurtulus Mah.,Manisa / Soma / Kurtulus Mah.,3 + 1,130,1,Ara Kat,11 Yaşında,Jeotermal Isıtm...,Var,Yok,Var,-,Mülk Sahibi,Kat Mülkiyeti,-,etin,-,...,Hayır,Haritası,Hatırlatmaları,Eşyalı Değil,Satılık,156747-245,08-10-2025,https://www.hepsiemlak.com/manisa-soma-kurtulus-satilik/daire/156747-245,2025-12-03 20:56:57
MANİSA YUNUS EMRE GÖKÇELER 716 m2 ARSA İÇİNDE 3+1 SATILIK MÜSTAKİL DUBLEKS KONUT,14.500.000 TL,Manisa,Yunusemre,Gokceler Mah.,Manisa / Yunusemre / Gokceler Mah.,3 + 1,150,1,-,31 Yaşında,Isıtma Yok,Yok,Yok,Yok,İkinci El,Mülk Sahibi,Kat İrtifakı,-,etin,-,...,Evet,Haritası,Hatırlatmaları,Eşyalı Değil,Satılık,5311-658,03-12-2025,https://www.hepsiemlak.com/manisa-yunusemre-gokceler-satilik/mustakil-ev/5311-658,2025-12-03 20:57:19
AKHİSAR HASOCA DA SATILIK 104 M2 ARSALI MÜSTAKİL 2+1 EV 1.275.000 TL,1.275.000 TL,Manisa,Akhisar,Seyhisa Mah.,Manisa / Akhisar / Seyhisa Mah.,1 + 1,103,1,-,33 Yaşında,Soba,Yok,Yok,Yok,İkinci El,Boş,Müstakil Tapulu,Güney,etin,-,...,Hayır,Haritası,Hatırlatmaları,Eşyalı Değil,Satılık,119726-1395,01-12-2025,https://www.hepsiemlak.com/manisa-akhisar-seyhisa-satilik/mustakil-ev/119726-1395,2025-12-03 20:57:38
SALİHLİ CİN EMLAK'TAN GÜNEŞ MAH SATILIK 3+1 117 M2 DOĞALGAZLI YÜKSEK ZEMİN,3.000.000 TL,Manisa,Salihli,Gunes Mah.,Manisa / Salihli / Gunes Mah.,3 + 1,110,1,Zemin,25 Yaşında,Kombi,Yok,Var,Yok,İkinci El,Kiracılı,Kat İrtifakı,"Doğu, Batı",etin,-,...,Hayır,içerisinde 5 nci kat Satılık Daire,Hatırlatmaları,Eşyalı Değil,Satılık,37897-2539,26-09-2025,https://www.hepsiemlak.com/manisa-salihli-gunes-satilik/daire/37897-2539,2025-12-03 20:57:59
kendine Ait teraslı Geniş 3+1,4.200.000 TL,Manisa,Sehzadeler,Ege Mah.,Manisa / Sehzadeler / Ege Mah.,-,-,-,-,-,-,Yok,Yok,Yok,-,-,-,-,etin,-,-,-,Haritası,-,-,-,152909-29,10-09-2025,https://www.hepsiemlak.com/manisa-sehzadeler-ege-satilik/daire/152909-29,2025-12-03 20:58:21
KARAOĞLANLI KÖY İÇİNDE İMARLI MEVKİİ YERDE 1+1 KÖY EVİ,985.000 TL,Manisa,Sehzadeler,Karaoglanli Mah.,Manisa / Sehzadeler / Karaoglanli Mah.,1 + 1,120,1,Bahçe Katı,11 Yaşında,Soba,Yok,Yok,Yok,-,Boş,Müstakil Tapulu,"Kuzey, Güney",etin,-,...,Evet,Haritası,Hatırlatmaları,Eşyalı Değil,Satılık,114523-382,10-09-2025,https://www.hepsiemlak.com/manisa-sehzadeler-karaoglanli-satilik/daire/114523-382,2025-12-03 20:58:45
TURGUTLU 'DA SATILIK DAİRE,4.600.000 TL,Manisa,Turgutlu,Sehitler Mah.,Manisa / Turgutlu / Sehitler Mah.,3 + 1,155,1,Zemin,25 Yaşında,Kombi,Yok,Var,Var,-,-,Kat Mülkiyeti,-,etin,-,...,Hayır,Haritası,Hatırlatmaları,-,Satılık,141766-268,07-10-2025,https://www.hepsiemlak.com/manisa-turgutlu-sehitler-satilik/daire/141766-268,2025-12-03 20:59:07
Paşa Mahallesi Tahirün Caddesi Arkası 2+1 90 m2 Doğalgazlı Daire,1.350.000 TL,Manisa,Akhisar,Pasa Mah.,Manisa / Akhisar / Pasa Mah.,2 + 1,90,1,4. Kat,31 Yaşında,Kombi,Yok,Var,Yok,-,Boş,Kat İrtifakı,"Kuzey, Güney",etin,-,...,Hayır,Haritası,Hatırlatmaları,Eşyalı Değil,Satılık,86919-595,10-11-2025,https://www.hepsiemlak.com/manisa-akhisar-pasa-satilik/daire/86919-595,2025-12-03 20:59:51
AKMAN GAYRİMENKUL'DEN MURADİYE'DE SATILIK 3+1 DAİRE,3.650.000 TL,Manisa,Yunusemre,Muradiye Mah.,Manisa / Yunusemre / Muradiye Mah.,3 + 1,140,1,2. Kat,5 Yaşında,Kombi,Yok,Yok,Yok,-,Mülk Sahibi,Kat İrtifakı,-,etin,-,...,Hayır,Haritası,Hatırlatmaları,Eşyalı Değil,Satılık,113243-28,10-11-2025,https://www.hepsiemlak.com/manisa-yunusemre-muradiye-satilik/daire/113243-28,2025-12-03 21:00:12
Karaduman Emlak’dan saruhanlı’da dublex daire,4.200.000 TL,Manisa,Saruhanli,Yilmaz Mah.,Manisa / Saruhanli / Yilmaz Mah.,6 + 2,260,2,5. Kat,5 Yaşında,Kombi,Var,Yok,Yok,İkinci El,Belirtilmemiş,Kat Mülkiyeti,"Doğu, Batı",etin,-,...,Evet,Haritası,Hatırlatmaları,Eşyalı Değil,Satılık,104090-8,24-09-2025,https://www.hepsiemlak.com/manisa-saruhanli-yilmaz-satilik/daire/104090-8,2025-12-03 21:00:35
KALENDER EMLAKTAN ALBAYRAK MH. MÜSTAKİL EV,2.900.000 TL,Manisa,Turgutlu,Albayrak Mah.,Manisa / Turgutlu / Albayrak Mah.,2 + 1,130,1,Bahçe Katı,16 Yaşında,Soba,Yok,Var,Var,-,Mülk Sahibi,Müstakil Tapulu,-,etin,-,...,Hayır,Haritası,Hatırlatmaları,Eşyalı Değil,Satılık,162001-21,09-09-2025,https://www.hepsiemlak.com/manisa-turgutlu-albayrak-satilik/mustakil-ev/162001-21,2025-12-03 21:01:02
EMİR GRUP'TAN HAFSA SULTAN MH SATILIK ÇİFT CEPHE ARAKAT DAİRE,3.250.000 TL,Manisa,Yunusemre,Hafsa Mah.,Manisa / Yunusemre / Hafsa Mah.,2 + 1,96,1,2. Kat,26 Yaşında,Soba,Var,Yok,Var,-,Boş,Kat İrtifakı,-,etin,-,...,Hayır,Haritası,Hatırlatmaları,Eşyalı Değil,Satılık,163565-46,09-11-2025,https://www.hepsiemlak.com/manisa-yunusemre-hafsa-sultan-satilik/daire/163565-46,2025-12-03 21:01:28
SERKAN YILMAZ DAN ASANSÖRLÜ FULL LÜX ÖZELLİKLİ ARAKAT DAİRE,4.650.000 TL,Manisa,Sehzadeler,Sehitler Mah.,Manisa / Sehzadeler / Sehitler Mah.,3 + 1,140,1,3. Kat,11 Yaşında,Kombi,Var,Var,Yok,-,Boş,Kat Mülkiyeti,-,etin,-,...,Evet,Haritası,Hatırlatmaları,Eşyalı Değil,Satılık,161259-16,20-10-2025,https://www.hepsiemlak.com/manisa-sehzadeler-sehitler-satilik/daire/161259-16,2025-12-03 21:01:52
EMİR GRUP'TAN MURADİYE'DE ULTRA LÜX 2+1 SIFIR DAİRE,3.600.000 TL,Manisa,Yunusemre,Muradiye Mah.,Manisa / Yunusemre / Muradiye Mah.,2 + 1,90,1,3. Kat,1 Yaşında,Kombi,Yok,Yok,Var,-,Boş,Kat İrtifakı,-,etin,-,...,Evet,İçerisinde,Hatırlatmaları,Eşyalı Değil,Satılık,163565-79,29-10-2025,https://www.hepsiemlak.com/manisa-yunusemre-muradiye-satilik/daire/163565-79,2025-12-03 21:02:12
Manisa Muradiye Mh. 2+1 Satılık Sıfır Daire,3.250.000 TL,Manisa,Yunusemre,Muradiye Mah.,Manisa / Yunusemre / Muradiye Mah.,2 + 1,85,1,3. Kat,Sıfır Bina,Kombi,Yok,Yok,Var,Sıfır,Boş,Kat İrtifakı,"Güney, Doğu",etin,-,...,Evet,Haritası,Hatırlatmaları,Eşyalı Değil,Satılık,95753-1707,11-10-2025,https://www.hepsiemlak.com/manisa-yunusemre-muradiye-satilik/daire/95753-1707,2025-12-03 21:02:37
"MANİSA TURGUTLU ERGENEKON MH,SİNDE 300m2 ULTRA LÜX DUBLEX",11.500.000 TL,Manisa,Turgutlu,Ergenekon Mah.,Manisa / Turgutlu / Ergenekon Mah.,6 + 1,300,2,3. Kat,Sıfır Bina,Yerden Isıtma,Var,Var,Var,-,Boş,Kat Mülkiyeti,"Doğu, Batı",etin,-,...,Evet,Haritası,Hatırlatmaları,Eşyalı Değil,Satılık,94181-660,01-10-2025,https://www.hepsiemlak.com/manisa-turgutlu-ergenekon-satilik/daire/94181-660,2025-12-03 21:02:55
SALİHLİ SATILIK 2 KATLI MÜSTAKİL EV GÜNEŞ MAHALLESİ,3.450.000 TL,Manisa,Salihli,Gunes Mah.,Manisa / Salihli / Gunes Mah.,7 + 2,150,3,Bahçe Katı,31 Yaşında,Isıtma Yok,Yok,Yok,Yok,-,Boş,Tapu Yok,-,etin,-,...,Hayır,Haritası,Hatırlatmaları,Eşyalı Değil,Satılık,153067-39,23-10-2025,https://www.hepsiemlak.com/manisa-salihli-gunes-satilik/mustakil-ev/153067-39,2025-12-03 21:03:16
UNCUBOZKÖY NORAN ATRİUM'DA EN GÜZEL KONUMDA SATILIK 3+1 DAİRE,13.400.000 TL,Manisa,Yunusemre,Uncubozkoy Mah.,Manisa / Yunusemre / Uncubozkoy Mah.,3 + 1,128,2,2. Kat,1 Yaşında,Kombi,Yok,Var,Yok,-,Boş,Kat Mülkiyeti,Batı,etin,-,...,Hayır,Haritası,Hatırlatmaları,Eşyalı Değil,Satılık,94966-787,07-10-2025,https://www.hepsiemlak.com/manisa-yunusemre-uncubozkoy-satilik/daire/94966-787,2025-12-03 21:03:51
MANİSA YUNUSEMRE ATATÜRK MAHALLESİ 2+1 SATILIK DAİRE,3.420.000 TL,Manisa,Yunusemre,Ataturk Mah.,Manisa / Yunusemre / Ataturk Mah.,2 + 1,105,1,2. Kat,1 Yaşında,Kombi,Yok,Var,Var,-,Mülk Sahibi,Müstakil Tapulu,-,etin,1 TL,...,Hayır,Haritası,Hatırlatmaları,Eşyalı,Satılık,162290-27,18-09-2025,https://www.hepsiemlak.com/manisa-yunusemre-ataturk-satilik/daire/162290-27,2025-12-03 21:04:13
Akhisar Kethüda Mahallesi'nde Satılık 1+1 Daire,1.600.000 TL,Manisa,Akhisar,Kethuda Mah.,Manisa / Akhisar / Kethuda Mah.,1 + 1,95,1,1. Kat,35 Yaşında,Kombi,Yok,Yok,Yok,İkinci El,Boş,Kat İrtifakı,Batı,etin,-,...,Hayır,Haritası,Hatırlatmaları,Eşyalı Değil,Satılık,94137-1274,29-09-2025,https://www.hepsiemlak.com/manisa-akhisar-kethuda-satilik/daire/94137-1274,2025-12-03 21:04:35
EMİR GRUP'TAN SARUHANLI'DA SATILIK 1+1 FULL EŞYALI ARAKAT DAİRE,2.650.000 TL,Manisa,Saruhanli,Cengiz Mah.,Manisa / Saruhanli / Cengiz Mah.,1 + 1,55,1,Yüksek Giriş,Sıfır Bina,Yerden Isıtma,Yok,Yok,Var,-,Kiracılı,Kat İrtifakı,-,etin,-,...,Evet,Haritası,Hatırlatmaları,Eşyalı,Satılık,163565-87,01-11-2025,https://www.hepsiemlak.com/manisa-saruhanli-cengiz-topel-satilik/daire/163565-87,2025-12-03 21:04:58
Şehre çok yakın doğa içerisinde Müstakil Villa | Bahçeli,29.980.000 TL,Manisa,Sehzadeler,Veziroglu Mah.,Manisa / Sehzadeler / Veziroglu Mah.,5 + 1,250,3,-,Sıfır Bina,Belirtilmemiş,Yok,Yok,Var,Sıfır,Boş,Kat İrtifakı,"Kuzey, Güney, Doğu, Batı",etin,-,...,Evet,İçerisinde,Hatırlatmaları,Eşyalı Değil,Satılık,0-45156382,27-11-2025,https://www.hepsiemlak.com/manisa-sehzadeler-veziroglu-satilik/villa/0-45156382,2025-12-03 21:05:19
ÖZ DOST EMLAKTAN AKMESCİTTE 2+1 SATILIK SIFIR DAİRE,5.500.000 TL,Manisa,Yunusemre,Akmescit Mah.,Manisa / Yunusemre / Akmescit Mah.,2 + 1,100,1,2. Kat,Sıfır Bina,Kombi,Var,Yok,Var,-,Boş,Kat Mülkiyeti,"Kuzey, Güney, Doğu, Batı",etin,-,...,Evet,Haritası,Hatırlatmaları,Eşyalı Değil,Satılık,137460-6,19-11-2025,https://www.hepsiemlak.com/manisa-yunusemre-akmescit-satilik/daire/137460-6,2025-12-03 21:05:43
"Uygun Fiyatlı 2+1 Daire Yüksek Giriş, Doğalgazlı ve Ferah!",1.650.000 TL,Manisa,Turgutlu,Albayrak Mah.,Manisa / Turgutlu / Albayrak Mah.,2 + 1,85,1,Giriş Katı,6 Yaşında,Kombi,Yok,Yok,Yok,-,Mülk Sahibi,Kat Mülkiyeti,-,etin,-,...,Hayır,Haritası,Hatırlatmaları,Eşyalı Değil,Satılık,160048-53,09-11-2025,https://www.hepsiemlak.com/manisa-turgutlu-albayrak-satilik/daire/160048-53,2025-12-03 21:06:17
EVREN GAYRİMENKULDEN ACARLAR MAHALLESİNDE SATILIK 2+1 DAİRE,2.050.000 TL,Manisa,Turgutlu,Acarlar Mah.,Manisa / Turgutlu / Acarlar Mah.,2 + 1,95,1,1. Kat,21 Yaşında,Kombi,Yok,Yok,Yok,-,Mülk Sahibi,Kat Mülkiyeti,Doğu,etin,-,...,Hayır,Haritası,Hatırlatmaları,Eşyalı Değil,Satılık,163190-17,19-11-2025,https://www.hepsiemlak.com/manisa-turgutlu-acarlar-satilik/daire/163190-17,2025-12-03 21:06:40
MANİSA GÜZELYURT LÜKS 3+1 DAİRE SATILIK,12.495.000 TL,Manisa,Yunusemre,Guzelyurt Mah.,Manisa / Yunusemre / Guzelyurt Mah.,3 + 1,200,2,5. Kat,3 Yaşında,Yerden Isıtma,Yok,Yok,Var,-,Kiracılı,Kat Mülkiyeti,-,etin,2.750 TL,...,Evet,/ Twince Tower Sitesi Daire Özellikleri,Hatırlatmaları,Eşyalı Değil,Satılık,162754-10,23-10-2025,https://www.hepsiemlak.com/manisa-yunusemre-guzelyurt-satilik/daire/162754-10,2025-12-03 21:07:03
ÖZYURTLAR'DAN MURADİYE'DE CADDE ÜZERİNDE FULL ÖZELLİKLİ 1+1,2.650.000 TL,Manisa,Yunusemre,Muradiye Mah.,Manisa / Yunusemre / Muradiye Mah.,1 + 1,60,1,1. Kat,1 Yaşında,Kombi,Yok,Var,Yok,-,Boş,Kat İrtifakı,-,etin,-,...,Hayır,Haritası,Hatırlatmaları,Eşyalı Değil,Satılık,162860-8,24-10-2025,https://www.hepsiemlak.com/manisa-yunusemre-muradiye-satilik/daire/162860-8,2025-12-03 21:07:23
AKHİSAR NUR CAMİ YAKINI AÇIK MUTFAKLI SATILIK 2+1 SIFIR DAİRE.,2.900.000 TL,Manisa,Akhisar,Efendi Mah.,Manisa / Akhisar / Efendi Mah.,2 + 1,85,1,2. Kat,Sıfır Bina,Kombi,Yok,Var,Var,Sıfır,Boş,Kat İrtifakı,"Kuzey, Güney",etin,-,...,-,Haritası,Hatırlatmaları,Eşyalı Değil,Satılık,94123-2749,01-10-2025,https://www.hepsiemlak.com/manisa-akhisar-efendi-satilik/daire/94123-2749,2025-12-03 21:10:00
Kartal Prime Gayrimenkul 'dan Satılık 5+1 MÜSTAKİL TRİPLEKS,12.000.000 TL,Manisa,Yunusemre,Guzelyurt Mah.,Manisa / Yunusemre / Guzelyurt Mah.,5 + 1,350,2,Bahçe Katı,21 Yaşında,Kombi,Yok,Yok,Var,-,Boş,Kat İrtifakı,-,etin,-,...,Evet,İçerisinde,Hatırlatmaları,Eşyalı Değil,Satılık,163278-31,15-11-2025,https://www.hepsiemlak.com/manisa-yunusemre-guzelyurt-satilik/villa/163278-31,2025-12-03 21:10:21
Sancaklıbozköy Mh. Satılık Daire,"Fiyat
En Az
TL
En Çok
TL",Manisa,Sehzadeler,Sancaklibozkoy Mah.,Manisa / Sehzadeler / Sancaklibozkoy Mah.,-,-,Seçiniz,Kat Seçiniz,Bina Yaşı,Isınma Tipi Seçiniz,Var,Var,Var,-,Kullanım Durumu Seçiniz,Tapu Durumu Seçiniz,Cephe Seçiniz,etin,-,k,a Uygun,Tümü,-,Tümü,-,-,27-11-2025,https://www.hepsiemlak.com/manisa-sehzadeler-sancaklibozkoy-satilik/daire/158110-256,2025-12-03 21:10:43
SAHİBİNDEN HOBİ BAHÇESİ,950.000 TL,Manisa,Sarigol,Ziyanlar Mah.,Manisa / Sarigol / Ziyanlar Mah.,1 + 1,4,1,-,1 Yaşında,Güneş Enerjisi,Yok,Yok,Yok,-,-,Müstakil Tapulu,-,etin,-,...,Evet,Haritası,Hatırlatmaları,-,Satılık,0-45325843,24-11-2025,https://www.hepsiemlak.com/manisa-sarigol-ziyanlar-satilik/mustakil-ev/0-45325843,2025-12-03 21:11:03
MANİSA YUNUSEMRE MUTLU MH SATILIK DAİRE,2.650.000 TL,Manisa,Yunusemre,Mutlu Mah.,Manisa / Yunusemre / Mutlu Mah.,2 + 1,85,1,Yüksek Giriş,21 Yaşında,Kombi,Yok,Var,Yok,-,Boş,Müstakil Tapulu,-,etin,-,...,Hayır,Haritası,Hatırlatmaları,Eşyalı Değil,Satılık,162290-54,25-09-2025,https://www.hepsiemlak.com/manisa-yunusemre-mutlu-satilik/daire/162290-54,2025-12-03 21:11:32
"ATATÜRK MAH. SATILIK 10 YAŞINDA 2+1, 100 M2DAİRE",2.750.000 TL,Manisa,Akhisar,Ataturk Mah.,Manisa / Akhisar / Ataturk Mah.,2 + 1,100,1,3. Kat,6 Yaşında,Kombi,Yok,Yok,Yok,-,Boş,Kat İrtifakı,Güney,etin,-,...,Hayır,Haritası,Hatırlatmaları,Eşyalı Değil,Satılık,163257-19,22-11-2025,https://www.hepsiemlak.com/manisa-akhisar-ataturk-satilik/daire/163257-19,2025-12-03 21:11:54
SİCAK SULU 2+1 FIRSAT DAİRE,1.550.000 TL,Manisa,Soma,Kurtulus Mah.,Manisa / Soma / Kurtulus Mah.,2 + 1,90,1,3. Kat,27 Yaşında,Jeotermal Isıtm...,Yok,Yok,Yok,İkinci El,Mülk Sahibi,Kat İrtifakı,-,etin,-,...,Evet,Haritası,Hatırlatmaları,-,Satılık,691819-1046,15-11-2025,https://www.hepsiemlak.com/manisa-soma-kurtulus-satilik/daire/691819-1046,2025-12-03 21:12:14
Satılık Manisa Üçpınar Havuzlu Lüks Sitede 1+1 Daire,2.500.000 TL,Manisa,Yunusemre,Ucpinar Mah.,Manisa / Yunusemre / Ucpinar Mah.,1 + 0,54,-,Yüksek Giriş,Sıfır Bina,Isı Pompası,Yok,Var,Var,Sıfır,Boş,Müstakil Tapulu,Güney,etin,-,...,Evet,de 1+1 Daire,Hatırlatmaları,Eşyalı Değil,Satılık,95753-2039,12-10-2025,https://www.hepsiemlak.com/manisa-yunusemre-ucpinar-satilik/daire/95753-2039,2025-12-03 21:12:35
SARUHAN MAHALLESİ MASRAFSIZ GÜZEL BİR DAİRE,3.950.000 TL,Manisa,Sehzadeler,Saruhan Mah.,Manisa / Sehzadeler / Saruhan Mah.,3 + 1,120,1,Yüksek Giriş,26 Yaşında,Kombi,Yok,Var,Yok,-,Boş,Kat Mülkiyeti,-,etin,-,...,Evet,Haritası,Hatırlatmaları,Eşyalı Değil,Satılık,162591-11,03-12-2025,https://www.hepsiemlak.com/manisa-sehzadeler-saruhan-satilik/daire/162591-11,2025-12-03 21:12:56
SALİHLİ SATILIK 2+1 97 M2 KAPALI OTOPARKLI DAİRE LUNA AVM ARKASI,3.475.000 TL,Manisa,Salihli,Yesilyurt Mah.,Manisa / Salihli / Yesilyurt Mah.,2 + 1,115,1,4. Kat,Sıfır Bina,Kombi,Var,Yok,Var,-,Boş,Kat Mülkiyeti,-,etin,-,...,Hayır,Haritası,Hatırlatmaları,Eşyalı Değil,Satılık,153067-4,19-09-2025,https://www.hepsiemlak.com/manisa-salihli-yesilyurt-satilik/daire/153067-4,2025-12-03 21:13:18
2+1 105 M2 SIFIR DAİRE ERGENEKON'DA SENE SONU FIRSAT FİYATLI,3.500.000 TL,Manisa,Turgutlu,Ergenekon Mah.,Manisa / Turgutlu / Ergenekon Mah.,2 + 1,125,1,1. Kat,Sıfır Bina,Kombi,Var,Yok,Var,-,Boş,Kat İrtifakı,-,etin,-,...,Hayır,Haritası,Hatırlatmaları,Eşyalı Değil,Satılık,156788-16,01-12-2025,https://www.hepsiemlak.com/manisa-turgutlu-ergenekon-satilik/daire/156788-16,2025-12-03 21:14:02
SALİHLİ SATILIK 3+1 DAİRE DEVLET HASTANESİ KARŞISI,6.500.000 TL,Manisa,Salihli,Saglik Mah.,Manisa / Salihli / Saglik Mah.,3 + 1,145,1,4. Kat,1 Yaşında,Kombi,Var,Var,Yok,-,Boş,Kat Mülkiyeti,-,etin,250 TL,...,Evet,Haritası,Hatırlatmaları,Eşyalı Değil,Satılık,153067-9,23-10-2025,https://www.hepsiemlak.com/manisa-salihli-saglik-satilik/daire/153067-9,2025-12-03 21:14:23
SALİHLİ POYRAZ MAHALLESİNDE SATILIK TAŞ EV,820.000 TL,Manisa,Salihli,Poyraz Mah.,Manisa / Salihli / Poyraz Mah.,2 + 1,115,1,-,30 Yaşında,Soba,Yok,Yok,Yok,İkinci El,Boş,Arsa,"Kuzey, Güney",etin,-,...,Evet,Haritası,Hatırlatmaları,Eşyalı Değil,Satılık,140101-17,30-10-2025,https://www.hepsiemlak.com/manisa-salihli-poyraz-satilik/koy-evi/140101-17,2025-12-03 21:14:41
Subaşı Mahallesi Satılık Teraslı Dubleks Daire,3.749.000 TL,Manisa,Turgutlu,Subasi Mah.,Manisa / Turgutlu / Subasi Mah.,3 + 1,150,2,4. Kat,Sıfır Bina,Kombi,Var,Var,Var,-,Boş,Kat Mülkiyeti,-,etin,-,...,Evet,Haritası,Hatırlatmaları,Eşyalı Değil,Satılık,160048-49,22-11-2025,https://www.hepsiemlak.com/manisa-turgutlu-subasi-satilik/daire/160048-49,2025-12-03 21:15:02
Selvilitepede Satılık 3+1 Bahçeli Zemin Kat,2.250.000 TL,Manisa,Turgutlu,Selvilitepe Mah.,Manisa / Turgutlu / Selvilitepe Mah.,3 + 1,130,1,Zemin,1 Yaşında,Kombi,Yok,Var,Var,-,Kiracılı,Kat Mülkiyeti,"Kuzey, Güney, Doğu, Batı",etin,-,...,Hayır,Haritası,Hatırlatmaları,Eşyalı Değil,Satılık,162001-56,23-10-2025,https://www.hepsiemlak.com/manisa-turgutlu-selvilitepe-satilik/daire/162001-56,2025-12-03 21:15:24
acil satılık köy evi 100 m2 Kabaçınar köyü,550.000 TL,Manisa,Turgutlu,Kabacinar Mah.,Manisa / Turgutlu / Kabacinar Mah.,2 + 1,100,-,Bahçe Katı,21 Yaşında,Soba,Yok,Yok,Yok,-,Boş,Kat İrtifakı,-,etin,-,...,Hayır,Haritası,Hatırlatmaları,-,Satılık,154992-23,25-11-2025,https://www.hepsiemlak.com/manisa-turgutlu-kabacinar-satilik/mustakil-ev/154992-23,2025-12-03 21:15:47
SATILIK DAİRE,1.550.000 TL,Manisa,Salihli,Sart Mah.,Manisa / Salihli / Sart Mah.,2 + 1,100,1,3. Kat,21 Yaşında,Kombi,Var,Yok,Yok,-,Mülk Sahibi,Kat İrtifakı,-,etin,-,...,Hayır,Haritası,Hatırlatmaları,Eşyalı Değil,Satılık,52577-408,01-10-2025,https://www.hepsiemlak.com/manisa-salihli-sart-satilik/daire/52577-408,2025-12-03 21:16:07
EGE MAH SATILIK 3+1 ASANSÖRLÜ ARAKAT,3.485.000 TL,Manisa,Sehzadeler,Sakarya Mah.,Manisa / Sehzadeler / Sakarya Mah.,3 + 1,115,-,3. Kat,25 Yaşında,Kombi,Yok,Var,Yok,İkinci El,Boş,Kat İrtifakı,"Kuzey, Güney, Doğu, Batı",etin,-,...,Evet,Haritası,Hatırlatmaları,Eşyalı Değil,Satılık,70124-4059,28-10-2025,https://www.hepsiemlak.com/manisa-sehzadeler-sakarya-satilik/daire/70124-4059,2025-12-03 21:16:26
ARSA FİYATINA KARGİR EV,2.250.000 TL,Manisa,Soma,Zafer Mah.,Manisa / Soma / Zafer Mah.,1 + 1,68,1,-,15 Yaşında,Soba,Yok,Yok,Var,-,Boş,Müstakil Tapulu,-,etin,-,...,Evet,Haritası,Hatırlatmaları,-,Satılık,691819-1109,13-11-2025,https://www.hepsiemlak.com/manisa-soma-zafer-satilik/mustakil-ev/691819-1109,2025-12-03 21:16:51
MERGENDEN HÜRRİYETTE SATILIK GENİŞ 2+1 DAİRE,3.400.000 TL,Manisa,Akhisar,Hurriyet Mah.,Manisa / Akhisar / Hurriyet Mah.,2 + 1,115,2,3. Kat,Sıfır Bina,Kombi,Yok,Var,Var,-,Boş,Kat Mülkiyeti,-,etin,200 TL,...,Evet,Haritası,Hatırlatmaları,Eşyalı Değil,Satılık,160594-28,06-11-2025,https://www.hepsiemlak.com/manisa-akhisar-hurriyet-satilik/daire/160594-28,2025-12-03 21:17:12
ÖZYURT MAHALLESİ'NDE ÇARŞIYA YAKIN SATILIK 2+1,2.600.000 TL,Manisa,Turgutlu,Ozyurt Mah.,Manisa / Turgutlu / Ozyurt Mah.,2 + 1,95,1,4. Kat,5 Yaşında,Kombi,Yok,Var,Yok,-,Mülk Sahibi,Kat Mülkiyeti,-,etin,-,...,Hayır,Haritası,Hatırlatmaları,Eşyalı Değil,Satılık,52577-378,08-10-2025,https://www.hepsiemlak.com/manisa-turgutlu-ozyurt-satilik/daire/52577-378,2025-12-03 21:18:03
MANİSA YUNUSEMRE Zirve Emlak Merkez efendi mh Asansörlü Full lüks Satılık Arakat,4.275.000 TL,Manisa,Yunusemre,Merkez Mah.,Manisa / Yunusemre / Merkez Mah.,3 + 1,125,1,4. Kat,21 Yaşında,Kombi,Yok,Var,Var,İkinci El,Boş,Kat İrtifakı,"Kuzey, Güney, Doğu, Batı",etin,1 TL,...,Evet,Haritası,Hatırlatmaları,Eşyalı Değil,Satılık,162290-20,18-09-2025,https://www.hepsiemlak.com/manisa-yunusemre-merkez-efendi-satilik/daire/162290-20,2025-12-03 21:18:24
CENTURY21 Bal'dan İnönü Mahallesinde Satılık 3+1 Daire,2.225.000 TL,Manisa,Akhisar,Inonu Mah.,Manisa / Akhisar / Inonu Mah.,3 + 1,130,1,4. Kat,26 Yaşında,Kombi,Var,Yok,Yok,-,Boş,Kat İrtifakı,-,etin,100 TL,...,Hayır,Haritası,Hatırlatmaları,Eşyalı Değil,Satılık,108245-3756,30-09-2025,https://www.hepsiemlak.com/manisa-akhisar-inonu-satilik/daire/108245-3756,2025-12-03 21:18:45
Akhisar Hürriyet Mahallesi'nde satılık 2+1 daire 100 metrekare,2.350.000 TL,Manisa,Akhisar,Hurriyet Mah.,Manisa / Akhisar / Hurriyet Mah.,2 + 1,105,1,Giriş Katı,18 Yaşında,Merkezi,Yok,Yok,Yok,İkinci El,Mülk Sahibi,Kat Mülkiyeti,Güney,etin,1 TL,...,Evet,Haritası,Hatırlatmaları,Eşyalı Değil,Satılık,143983-86,23-11-2025,https://www.hepsiemlak.com/manisa-akhisar-hurriyet-satilik/daire/143983-86,2025-12-03 21:19:53
SARUHANBEY OKULU KARŞISI ULTRALÜKS 2+1 DAİRE,3.150.000 TL,Manisa,Yunusemre,Topcuasim Mah.,Manisa / Yunusemre / Topcuasim Mah.,2 + 1,100,1,Yüksek Giriş,26 Yaşında,Kombi,Yok,Var,Var,-,Mülk Sahibi,Kat Mülkiyeti,"Kuzey, Güney, Doğu",etin,-,...,Evet,Haritası,Hatırlatmaları,Eşyalı Değil,Satılık,147260-24,05-09-2025,https://www.hepsiemlak.com/manisa-yunusemre-topcuasim-satilik/daire/147260-24,2025-12-03 21:23:31
Manisa/Yunusemre Hafsa Sultan Mah Satılık 2+1 Arakat Daire ⭕️,5.000.000 TL,Manisa,Yunusemre,Hafsa Mah.,Manisa / Yunusemre / Hafsa Mah.,2 + 1,92,1,4. Kat,2 Yaşında,Kombi,Var,Var,Yok,İkinci El,Mülk Sahibi,Kat İrtifakı,"Kuzey, Güney, Doğu, Batı",etin,-,...,Hayır,"çevresi açık, ferah manzara",Hatırlatmaları,Eşyalı Değil,Satılık,95753-2072,22-10-2025,https://www.hepsiemlak.com/manisa-yunusemre-hafsa-sultan-satilik/daire/95753-2072,2025-12-03 21:23:56
MANİSA YUNUSEMRE Zirve Emlak'tan Tevfikiye Mah Full lüxs Satılık Uygun fiyat !!!,2.850.000 TL,Manisa,Yunusemre,Tevfikiye Mah.,Manisa / Yunusemre / Tevfikiye Mah.,2 + 1,100,1,Yüksek Giriş,21 Yaşında,Kombi,Yok,Var,Var,-,Boş,Müstakil Tapulu,"Kuzey, Güney, Doğu, Batı",etin,1 TL,...,Hayır,Haritası,Hatırlatmaları,Eşyalı Değil,Satılık,162290-24,19-09-2025,https://www.hepsiemlak.com/manisa-yunusemre-tevfikiye-satilik/daire/162290-24,2025-12-03 21:24:19
efendi mh de 125 m2 3+1 asansörlü otoparklı daire,3.200.000 TL,Manisa,Akhisar,Efendi Mah.,Manisa / Akhisar / Efendi Mah.,3 + 1,130,1,3. Kat,1 Yaşında,Kombi,Yok,Var,Var,-,Mülk Sahibi,Kat İrtifakı,-,etin,-,...,Evet,Haritası,Hatırlatmaları,Eşyalı Değil,Satılık,158110-251,20-10-2025,https://www.hepsiemlak.com/manisa-akhisar-efendi-satilik/daire/158110-251,2025-12-03 21:24:42
SEYİTAHMET MAHALLESİNDE 3+1 DAİRE,3.150.000 TL,Manisa,Akhisar,Seyit Mah.,Manisa / Akhisar / Seyit Mah.,3 + 1,135,1,3. Kat,Sıfır Bina,Kombi,Yok,Var,Var,-,Boş,Kat Mülkiyeti,-,etin,-,...,Evet,Haritası,Hatırlatmaları,-,Satılık,162211-34,03-12-2025,https://www.hepsiemlak.com/manisa-akhisar-seyit-ahmet-satilik/daire/162211-34,2025-12-03 21:25:04
Manisa Turgutlu ACARLAR MAH ÇARŞIYA SIFIR 3+1 DAİRE,4.600.000 TL,Manisa,Turgutlu,Acarlar Mah.,Manisa / Turgutlu / Acarlar Mah.,3 + 1,295,1,Ara Kat,10 Yaşında,Kombi,Yok,Var,Var,İkinci El,Mülk Sahibi,Kat Mülkiyeti,Güney,etin,1 TL,...,Evet,Haritası,Hatırlatmaları,Eşyalı Değil,Satılık,136231-17,29-09-2025,https://www.hepsiemlak.com/manisa-turgutlu-acarlar-satilik/daire/136231-17,2025-12-03 21:25:54
TAŞ EV VE ARSA,1.200.000 TL,Manisa,Alasehir,Evrenli Mah.,Manisa / Alasehir / Evrenli Mah.,2 + 1,100,1,-,35 Yaşında,Soba,Yok,Yok,Yok,İkinci El,Mülk Sahibi,Müstakil Tapulu,-,etin,-,...,Hayır,Haritası,Hatırlatmaları,Eşyalı Değil,Satılık,0-45270029,25-09-2025,https://www.hepsiemlak.com/manisa-alasehir-evrenli-satilik/mustakil-ev/0-45270029,2025-12-03 21:26:16
şehir merkezinde satılık 3+1,3.800.000 TL,Manisa,Kirkagac,Tevfikiye Mah.,Manisa / Kirkagac / Tevfikiye Mah.,3 + 1,140,2,5. Kat,10 Yaşında,Kombi,Yok,Var,Var,-,-,Kat İrtifakı,-,etin,-,...,Hayır,Haritası,Hatırlatmaları,Eşyalı Değil,Satılık,158110-261,31-10-2025,https://www.hepsiemlak.com/manisa-kirkagac-tevfikiye-satilik/daire/158110-261,2025-12-03 21:26:36
KALE EMLAK' TAN İNÖNÜ MAH.140 m2 ASANSÖRLÜ FIRSAT DAİRE,2.750.000 TL,Manisa,Akhisar,Inonu Mah.,Manisa / Akhisar / Inonu Mah.,3 + 1,140,1,4. Kat,21 Yaşında,Kombi,Var,Var,Var,-,Boş,Kat İrtifakı,-,etin,-,...,Hayır,sinde Bireysel Otoparklı 2+1 Satılık Daire.,Hatırlatmaları,Eşyalı Değil,Satılık,72050-836,05-11-2025,https://www.hepsiemlak.com/manisa-akhisar-inonu-satilik/daire/72050-836,2025-12-03 21:27:01
PALMİYE EMLAK'TAN Hacıishakta 85m2 Ev 181m2 Arsa Sıfır Tadilatlı,1.900.000 TL,Manisa,Akhisar,Haci Mah.,Manisa / Akhisar / Haci Mah.,2 + 1,181,1,Bahçe Katı,26 Yaşında,Soba,Yok,Yok,Yok,-,Boş,Müstakil Tapulu,"Güney, Doğu, Batı",etin,-,...,Hayır,Haritası,Hatırlatmaları,Eşyalı Değil,Satılık,156444-27,16-09-2025,https://www.hepsiemlak.com/manisa-akhisar-haci-ishak-satilik/mustakil-ev/156444-27,2025-12-03 21:27:22
MANİSA ŞEHZADELER PEKER MH UYGUN FİYATA ARAKAT,3.250.000 TL,Manisa,Sehzadeler,Peker Mah.,Manisa / Sehzadeler / Peker Mah.,2 + 1,110,1,3. Kat,21 Yaşında,Kombi,Yok,Var,Var,İkinci El,Boş,Kat İrtifakı,"Kuzey, Güney, Doğu, Batı",etin,1 TL,...,Hayır,Haritası,Hatırlatmaları,Eşyalı Değil,Satılık,162290-18,20-09-2025,https://www.hepsiemlak.com/manisa-sehzadeler-peker-satilik/daire/162290-18,2025-12-03 21:27:51
EMİR GRUP'TAN ANAFARTALAR'DA SATILIK 3+1 FULL LÜX ÖNÜ AÇIK DAİRE,4.200.000 TL,Manisa,Sehzadeler,1 Mah.,Manisa / Sehzadeler / 1 Mah.,3 + 1,120,1,6. Kat,26 Yaşında,Kombi,Yok,Var,Var,-,Mülk Sahibi,Kat İrtifakı,-,etin,-,...,Hayır,Haritası,Hatırlatmaları,Eşyalı Değil,Satılık,163565-30,14-11-2025,https://www.hepsiemlak.com/manisa-sehzadeler-1-anafartalar-satilik/daire/163565-30,2025-12-03 21:28:10
Acarlarda Satılık Daire,3.100.000 TL,Manisa,Turgutlu,Acarlar Mah.,Manisa / Turgutlu / Acarlar Mah.,3 + 1,130,1,En Üst Kat,22 Yaşında,Kombi,Yok,Yok,Yok,İkinci El,Boş,Kat Mülkiyeti,"Doğu, Batı",etin,-,...,-,Haritası,Hatırlatmaları,Eşyalı Değil,Satılık,126164-316,13-10-2025,https://www.hepsiemlak.com/manisa-turgutlu-acarlar-satilik/daire/126164-316,2025-12-03 21:28:32
NOVA'DAN YILDIRIM MAH'DE 3+1 SATILIK DAİRE,2.990.000 TL,Manisa,Turgutlu,Yildirim Mah.,Manisa / Turgutlu / Yildirim Mah.,3 + 1,140,1,3. Kat,1 Yaşında,Kombi,Var,Yok,Yok,-,Mülk Sahibi,Kat Mülkiyeti,"Güney, Doğu",etin,-,...,Evet,Haritası,Hatırlatmaları,Eşyalı Değil,Satılık,123058-2312,18-11-2025,https://www.hepsiemlak.com/manisa-turgutlu-yildirim-satilik/daire/123058-2312,2025-12-03 21:28:53
SIFIR UYGUN FİYATLI 2+1 DAİRELER,2.750.000 TL,Manisa,Soma,Cuma Mah.,Manisa / Soma / Cuma Mah.,2 + 1,105,1,2. Kat,Sıfır Bina,Merkezi,Var,Var,Var,-,Boş,Kat İrtifakı,-,etin,-,...,Evet,Haritası,Hatırlatmaları,Eşyalı Değil,Satılık,691819-961,24-09-2025,https://www.hepsiemlak.com/manisa-soma-cuma-satilik/daire/691819-961,2025-12-03 21:29:12
SALİHLİ ERDEM EMLAKTAN ADALA MH. ACİL SATILIK 2 ADET MÜSTAKİL EV,2.350.000 TL,Manisa,Salihli,Adala Mah.,Manisa / Salihli / Adala Mah.,2 + 1,530,1,-,25 Yaşında,Soba,Yok,Yok,Yok,-,-,Müstakil Tapulu,-,etin,-,...,-,Haritası,Hatırlatmaları,-,Satılık,158161-52,03-12-2025,https://www.hepsiemlak.com/manisa-salihli-adala-satilik/mustakil-ev/158161-52,2025-12-03 21:29:51
İnternet bağlantısı yok,-,Manisa,Yunusemre,Muradiye Mah.,Manisa / Yunusemre / Muradiye Mah.,-,-,-,-,-,-,Yok,Yok,Yok,-,-,-,-,-,-,-,-,-,-,-,-,-,-,https://www.hepsiemlak.com/manisa-yunusemre-muradiye-satilik/daire/156185-358,2025-12-03 21:32:00
Bağlantınız kesildi,-,Manisa,Turgutlu,Yildirim Mah.,Manisa / Turgutlu / Yildirim Mah.,-,-,-,-,-,-,Yok,Yok,Yok,-,-,-,-,-,-,-,-,-,-,-,-,-,-,https://www.hepsiemlak.com/manisa-turgutlu-yildirim-satilik/daire/160048-25,2025-12-03 21:34:20
MUSTAFA BAŞYIĞIT EMLAKTAN LÜX 3+1 HÜRRİYET MH,5.200.000 TL,Manisa,Akhisar,Hurriyet Mah.,Manisa / Akhisar / Hurriyet Mah.,3 + 1,150,2,3. Kat,Sıfır Bina,Kombi,Var,Var,Var,-,Boş,Kat İrtifakı,"Güney, Doğu",etin,-,...,Hayır,"Hürriyet Mahallesi, Emsal SitesiBüyüklük",-,Eşyalı Değil,Satılık,162406-171,20-11-2025,https://www.hepsiemlak.com/manisa-akhisar-hurriyet-satilik/daire/162406-171,2025-12-03 21:34:43
YİĞİTLER MAH. 3+1 GENİŞ SATILIK SIFIR DAİRE,3.650.000 TL,Manisa,Turgutlu,Yigitler Mah.,Manisa / Turgutlu / Yigitler Mah.,3 + 1,135,1,1. Kat,Sıfır Bina,Kombi,Yok,Var,Var,-,Boş,Kat İrtifakı,"Kuzey, Güney",etin,-,...,Hayır,Haritası,Hatırlatmaları,Eşyalı Değil,Satılık,164247-23,21-11-2025,https://www.hepsiemlak.com/manisa-turgutlu-yigitler-satilik/daire/164247-23,2025-12-03 21:35:05
SALİHLİ CİN EMLAK'TAN YÖRÜK MAH SATILIK 3+1 125 M2 2 KAT DOĞALGAZLI ASANSÖRLÜ ÖZEL OTOPARKLI DAİRE,6.250.000 TL,Manisa,Salihli,Yoruk Mah.,Manisa / Salihli / Yoruk Mah.,3 + 1,130,1,2. Kat,11 Yaşında,Kombi,Var,Var,Var,İkinci El,Mülk Sahibi,Kat İrtifakı,Doğu – Batı,etin,-,...,Hayır,Haritası,Hatırlatmaları,Eşyalı Değil,Satılık,37897-2522,05-09-2025,https://www.hepsiemlak.com/manisa-salihli-yoruk-satilik/daire/37897-2522,2025-12-03 21:35:28
EMİR GRUP'TAN MURADİYE'DE ULTRA LÜX 2+1 SATILIK DAİRE,4.100.000 TL,Manisa,Yunusemre,Muradiye Mah.,Manisa / Yunusemre / Muradiye Mah.,2 + 1,110,1,4. Kat,Sıfır Bina,Kombi,Yok,Var,Var,-,Boş,Kat İrtifakı,-,etin,-,...,Evet,Haritası,Hatırlatmaları,Eşyalı Değil,Satılık,163565-84,14-11-2025,https://www.hepsiemlak.com/manisa-yunusemre-muradiye-satilik/daire/163565-84,2025-12-03 21:35:48
"MERCAN EMLAK AŞAĞI ÇOBANİSA 3+1 130 m2 KAPALI MUTFAK ,ARAKAT, TERASLI , 11 YILLIK DAİRE, SATILIKTIR",4.750.000 TL,Manisa,Sehzadeler,Asagicobanisa Mah.,Manisa / Sehzadeler / Asagicobanisa Mah.,3 + 1,130,1,2. Kat,11 Yaşında,Klima,Var,Var,Yok,İkinci El,Mülk Sahibi,Kat İrtifakı,-,etin,-,...,Evet,Haritası,Hatırlatmaları,Eşyalı Değil,Satılık,106564-500,23-11-2025,https://www.hepsiemlak.com/manisa-sehzadeler-asagicobanisa-satilik/daire/106564-500,2025-12-03 21:36:13
ERSOY'DAN YARHASANLAR MAHALLESİNDE 3+1 K.MUTFAKLI GENİŞ DAİRE,3.125.000 TL,Manisa,Sehzadeler,Yarhasanlar Mah.,Manisa / Sehzadeler / Yarhasanlar Mah.,3 + 1,130,1,5. Kat,26 Yaşında,Kombi,Var,Var,Yok,-,Mülk Sahibi,Kat Mülkiyeti,li – Aydınlık,etin,-,...,Hayır,Haritası,Hatırlatmaları,Eşyalı Değil,Satılık,114523-417,22-10-2025,https://www.hepsiemlak.com/manisa-sehzadeler-yarhasanlar-satilik/daire/114523-417,2025-12-03 21:36:33
AKHİSAR HÜRRİYET MAHALLESİ'NDE 3+1 AÇIK MUTFAKLI SATILIK DUBLEKS,4.100.000 TL,Manisa,Akhisar,Hurriyet Mah.,Manisa / Akhisar / Hurriyet Mah.,3 + 1,170,1,3. Kat,Sıfır Bina,Yerden Isıtma,Yok,Yok,Var,Sıfır,Boş,Kat İrtifakı,"Kuzey, Batı",etin,-,...,-,Haritası,Hatırlatmaları,Eşyalı Değil,Satılık,94123-2741,06-11-2025,https://www.hepsiemlak.com/manisa-akhisar-hurriyet-satilik/daire/94123-2741,2025-12-03 21:36:55
Bahçeli Balkonlu Çardaklı Genç Bina,4.100.000 TL,Manisa,Yunusemre,Kuyualan Mah.,Manisa / Yunusemre / Kuyualan Mah.,-,-,-,-,-,-,Var,Yok,Yok,-,-,-,-,etin,-,-,-,Haritası,-,-,-,152909-38,26-11-2025,https://www.hepsiemlak.com/manisa-yunusemre-kuyualan-satilik/daire/152909-38,2025-12-03 21:39:31
AKMAN GAYRİMENKULDEN MURADİYE MAH.2+1 KAPALI MUTFAK SIFIR DAİRE,3.900.000 TL,Manisa,Yunusemre,Muradiye Mah.,Manisa / Yunusemre / Muradiye Mah.,2 + 1,95,1,2. Kat,Sıfır Bina,Kombi,Yok,Yok,Yok,-,Boş,Kat İrtifakı,-,etin,-,...,Evet,Haritası,Hatırlatmaları,Eşyalı Değil,Satılık,113243-54,01-11-2025,https://www.hepsiemlak.com/manisa-yunusemre-muradiye-satilik/daire/113243-54,2025-12-03 21:39:54
EMRAH EMLAKTAN MEDAR MAH SAKLI KENT SİTESİNDE SATILIK VİLLA,9.500.000 TL,Manisa,Akhisar,Medar Mah.,Manisa / Akhisar / Medar Mah.,6 + 1,350,3,Bahçe Katı,11 Yaşında,Kat Kaloriferi,Yok,Yok,Yok,-,Boş,Müstakil Tapulu,"Kuzey, Güney, Doğu",etin,400 TL,...,Hayır,İçerisinde,Hatırlatmaları,Eşyalı Değil,Satılık,141484-1,10-11-2025,https://www.hepsiemlak.com/manisa-akhisar-medar-satilik/villa/141484-1,2025-12-03 21:40:16
ŞEHRİN GÜRÜLTÜSÜNDEN UZAK ŞEHRE YAKIN OLMAK İSTEYENLERE,5.300.000 TL,Manisa,Salihli,Karaagac Mah.,Manisa / Salihli / Karaagac Mah.,3 + 1,200,1,-,Sıfır Bina,Merkezi,Yok,Yok,Yok,Sıfır,Boş,Kat Mülkiyeti,-,etin,-,...,-,Haritası,Hatırlatmaları,Eşyalı Değil,Satılık,152193-95,24-11-2025,https://www.hepsiemlak.com/manisa-salihli-karaagac-satilik/mustakil-ev/152193-95,2025-12-03 21:40:40
KARAALİ MAH. 2+1 AÇIK MUTFAK YATIRIMLIK FULL ÖZELLİKLİ DAİRE,3.250.000 TL,Manisa,Yunusemre,Muradiye Mah.,Manisa / Yunusemre / Muradiye Mah.,2 + 1,105,1,5. Kat,4 Yaşında,Kombi,Yok,Yok,Yok,-,Boş,Kat İrtifakı,-,etin,-,...,Evet,Haritası,Hatırlatmaları,Eşyalı Değil,Satılık,163278-35,15-11-2025,https://www.hepsiemlak.com/manisa-yunusemre-muradiye-satilik/daire/163278-35,2025-12-03 21:41:27
ÖZ DOST EMLAKTAN MURADİYEDE SATILIK 3+1 DAİRE,5.250.000 TL,Manisa,Yunusemre,Muradiye Mah.,Manisa / Yunusemre / Muradiye Mah.,3 + 1,120,1,3. Kat,Sıfır Bina,Kombi,Yok,Var,Yok,-,Boş,Kat İrtifakı,-,etin,-,...,Hayır,Haritası,Hatırlatmaları,Eşyalı Değil,Satılık,137460-62,15-11-2025,https://www.hepsiemlak.com/manisa-yunusemre-muradiye-satilik/daire/137460-62,2025-12-03 21:41:52
ARAS YAPI'DAN MURADİYE'DE BAHÇELİ 3+1 SATILIK DAİRE,4.250.000 TL,Manisa,Yunusemre,Muradiye Mah.,Manisa / Yunusemre / Muradiye Mah.,3 + 1,160,1,Yüksek Giriş,5 Yaşında,Kombi,Yok,Var,Yok,-,Boş,Kat İrtifakı,-,etin,-,...,Hayır,Haritası,Hatırlatmaları,Eşyalı Değil,Satılık,159142-77,20-10-2025,https://www.hepsiemlak.com/manisa-yunusemre-muradiye-satilik/daire/159142-77,2025-12-03 21:42:12
SERKAN YILMAZ'DAN MALTADA UYGUN PARA 3+1 ARAKAT DAİRE,4.100.000 TL,Manisa,Yunusemre,Tevfikiye Mah.,Manisa / Yunusemre / Tevfikiye Mah.,3 + 1,130,1,3. Kat,21 Yaşında,Kombi,Yok,Var,Yok,-,Boş,Kat Mülkiyeti,-,etin,-,...,Hayır,Haritası,Hatırlatmaları,Eşyalı Değil,Satılık,161259-3,18-11-2025,https://www.hepsiemlak.com/manisa-yunusemre-tevfikiye-satilik/daire/161259-3,2025-12-03 21:42:33
3 ADAM EMLAK'TAN HÜRRİYET MH GENİŞ 5+1 DUBLEKS DAİRE,8.250.000 TL,Manisa,Akhisar,Hurriyet Mah.,Manisa / Akhisar / Hurriyet Mah.,5 + 1,320,3,3. Kat,Sıfır Bina,Kombi,Yok,Yok,Var,-,Boş,Kat İrtifakı,-,etin,-,...,Evet,Haritası,Hatırlatmaları,Eşyalı Değil,Satılık,143910-118,16-11-2025,https://www.hepsiemlak.com/manisa-akhisar-hurriyet-satilik/daire/143910-118,2025-12-03 21:42:55
ÖZYURTLAR'DAN MUTLU'DA FULL ÖZELLİKLİ DUBLEX,6.850.000 TL,Manisa,Yunusemre,Mutlu Mah.,Manisa / Yunusemre / Mutlu Mah.,5 + 1,240,2,3. Kat,11 Yaşında,Kombi,Yok,Var,Yok,-,Mülk Sahibi,Kat İrtifakı,-,etin,-,...,Evet,Haritası,Hatırlatmaları,Eşyalı Değil,Satılık,162860-26,06-10-2025,https://www.hepsiemlak.com/manisa-yunusemre-mutlu-satilik/daire/162860-26,2025-12-03 21:43:23
Manisa Merkez de İş Yeri Olarak da Kullanılabilir Satılık Daire,5.300.000 TL,Manisa,Sehzadeler,Utku Mah.,Manisa / Sehzadeler / Utku Mah.,3 + 1,125,1,3. Kat,31 Yaşında,Klima,Yok,Yok,Yok,-,Mülk Sahibi,Kat İrtifakı,1+1 Satılık Daire,etin,300 TL,...,Hayır,ler Satılık Sıfır 3+1 Daire,Hatırlatmaları,Eşyalı Değil,Satılık,58372-5972,25-10-2025,https://www.hepsiemlak.com/manisa-sehzadeler-utku-satilik/daire/58372-5972,2025-12-03 21:44:22
MANİSA AKHİSAR SATILIK DAİRE,3.850.000 TL,Manisa,Akhisar,Resat Mah.,Manisa / Akhisar / Resat Mah.,3 + 1,120,1,2. Kat,6 Yaşında,Kombi,Yok,Var,Var,İkinci El,Mülk Sahibi,Kat İrtifakı,-,etin,-,...,Evet,Haritası,Hatırlatmaları,Eşyalı Değil,Satılık,160589-10,18-09-2025,https://www.hepsiemlak.com/manisa-akhisar-resat-bey-satilik/daire/160589-10,2025-12-03 21:44:46
TURPA'DAN ALTAY MAH. SATILIK 3+1 ARAKAT DAİRE,3.150.000 TL,Manisa,Turgutlu,Altay Mah.,Manisa / Turgutlu / Altay Mah.,3 + 1,130,1,2. Kat,16 Yaşında,Kombi,Yok,Var,Var,-,Mülk Sahibi,Kat Mülkiyeti,-,etin,-,...,Evet,Haritası,Hatırlatmaları,Eşyalı Değil,Satılık,144722-239,25-10-2025,https://www.hepsiemlak.com/manisa-turgutlu-altay-satilik/daire/144722-239,2025-12-03 21:45:17
Akhisar Cumhuriyet Mahallesinde 2+1 Dubleks,3.150.000 TL,Manisa,Akhisar,Cumhuriyet Mah.,Manisa / Akhisar / Cumhuriyet Mah.,3 + 1,180,2,3. Kat,1 Yaşında,Kombi,Yok,Var,Var,-,Boş,Kat İrtifakı,-,etin,-,...,Evet,Haritası,Hatırlatmaları,Eşyalı,Satılık,162211-28,22-10-2025,https://www.hepsiemlak.com/manisa-akhisar-cumhuriyet-satilik/daire/162211-28,2025-12-03 21:45:42
NOVA'DAN IRLAMAZ VADİSİ MANZARALI 3+1 AÇIK MUTFAKLI ARA KAT DAİRE,5.250 TL,Manisa,Turgutlu,Subasi Mah.,Manisa / Turgutlu / Subasi Mah.,3 + 1,140,1,Ara Kat,Sıfır Bina,Yerden Isıtma,Yok,Yok,Yok,-,-,Kat İrtifakı,-,etin,-,...,Evet,Haritası,Hatırlatmaları,-,Satılık,123058-2318,02-12-2025,https://www.hepsiemlak.com/manisa-turgutlu-subasi-satilik/daire/123058-2318,2025-12-03 21:46:06
Akhisar Cumhuriyet Mahallesi'nde Satılık 2+1 Daire,2.850.000 TL,Manisa,Akhisar,Cumhuriyet Mah.,Manisa / Akhisar / Cumhuriyet Mah.,2 + 1,105,1,2. Kat,Sıfır Bina,Kombi,Yok,Var,Var,Sıfır,Boş,Kat İrtifakı,Güney,etin,-,...,Hayır,sinde Bireysel Otoparklı 2+1 Satılık Daire.,Hatırlatmaları,Eşyalı Değil,Satılık,94137-1315,09-09-2025,https://www.hepsiemlak.com/manisa-akhisar-cumhuriyet-satilik/daire/94137-1315,2025-12-03 21:46:38
SALİHLİ SARIPINAR MAHALLESİNDE 3+1 2 KATLI SATILIK MÜSTAKİL EV,4.900.000 TL,Manisa,Salihli,Saripinar Mah.,Manisa / Salihli / Saripinar Mah.,3 + 1,141,1,-,23 Yaşında,Isıtma Yok,Var,Yok,Yok,-,-,Kat Mülkiyeti,-,etin,-,...,-,Haritası,Hatırlatmaları,-,Satılık,158161-80,10-10-2025,https://www.hepsiemlak.com/manisa-salihli-saripinar-satilik/mustakil-ev/158161-80,2025-12-03 21:46:59
MANİSA AKHİSAR HÜRRİYET MH.❗️KİRAZOĞLU DEVLET. HAST YANI SATILIK 3+1 DAİRE 1.850.0000TL.,1.850.000 TL,Manisa,Akhisar,Hurriyet Mah.,Manisa / Akhisar / Hurriyet Mah.,2 + 1,135,1,En Üst Kat,20 Yaşında,Kombi,Yok,Yok,Yok,İkinci El,Boş,Kat Mülkiyeti,"Güney, Doğu",etin,-,...,Hayır,Haritası,Hatırlatmaları,Eşyalı Değil,Satılık,143974-343,19-09-2025,https://www.hepsiemlak.com/manisa-akhisar-hurriyet-satilik/daire/143974-343,2025-12-03 21:47:21
Akhisar İnönü Mahallesi'nde 3+1 Satılık Daire,2.500.000 TL,Manisa,Akhisar,Inonu Mah.,Manisa / Akhisar / Inonu Mah.,3 + 1,125,1,Zemin,30 Yaşında,Soba,Yok,Yok,Yok,İkinci El,Kiracılı,Kat İrtifakı,"Doğu, Batı",etin,-,...,Hayır,Haritası,Hatırlatmaları,Eşyalı Değil,Satılık,94137-1382,27-10-2025,https://www.hepsiemlak.com/manisa-akhisar-inonu-satilik/daire/94137-1382,2025-12-03 21:47:45
BEYAZ GAYRIMENKULDEN YUNUSEMRE SARMA MH 2+1 MÜSTAKİL 188 M2 EV,1.650.000 TL,Manisa,Yunusemre,Sarma Mah.,Manisa / Yunusemre / Sarma Mah.,2 + 1,189,1,-,45 Yaşında,Soba,Yok,Yok,Yok,İkinci El,Boş,Arsa,"Kuzey, Güney, Doğu, Batı",etin,-,...,Hayır,Haritası,Hatırlatmaları,Eşyalı Değil,Satılık,119915-404,28-10-2025,https://www.hepsiemlak.com/manisa-yunusemre-sarma-satilik/mustakil-ev/119915-404,2025-12-03 21:48:05
Akhisar Efendi mh.Alhatoğlu karşısı Satılık Sıfır 1+1 Daire,2.390.000 TL,Manisa,Akhisar,Efendi Mah.,Manisa / Akhisar / Efendi Mah.,1 + 1,55,1,1. Kat,Sıfır Bina,Kombi,Yok,Var,Var,-,Boş,Kat İrtifakı,Kuzey,etin,-,...,Evet,sinde Bireysel Otoparklı 2+1 Satılık Daire.,Hatırlatmaları,Eşyalı Değil,Satılık,72047-1495,22-11-2025,https://www.hepsiemlak.com/manisa-akhisar-efendi-satilik/daire/72047-1495,2025-12-03 21:48:54
SALİHLİ PAZAR KÖY MAHALLESİNDE SATILIK PREFABRİK EV VEARSA,3.200.000 TL,Manisa,Salihli,Pazarkoy Mah.,Manisa / Salihli / Pazarkoy Mah.,1 + 1,50,1,Yüksek Giriş,2 Yaşında,Soba,Yok,Yok,Yok,İkinci El,-,Arsa,-,etin,-,...,Hayır,Haritası,Hatırlatmaları,-,Satılık,138755-38,01-11-2025,https://www.hepsiemlak.com/manisa-salihli-pazarkoy-satilik/prefabrik/138755-38,2025-12-03 21:49:14
ALTAY MAHALLESİ'NDE SATILIK 3+1 DAİRE,2.290.000 TL,Manisa,Turgutlu,Altay Mah.,Manisa / Turgutlu / Altay Mah.,3 + 1,110,1,4. Kat,21 Yaşında,Kombi,Var,Yok,Yok,-,Mülk Sahibi,Kat Mülkiyeti,-,etin,-,...,Hayır,Haritası,Hatırlatmaları,Eşyalı Değil,Satılık,52577-362,27-10-2025,https://www.hepsiemlak.com/manisa-turgutlu-altay-satilik/daire/52577-362,2025-12-03 21:49:34
Alibeyli mah. Köyiçinde 248 m2 satılık avlulu ev,1.650.000 TL,Manisa,Saruhanli,Alibeyli Mah.,Manisa / Saruhanli / Alibeyli Mah.,2 + 1,100,1,-,35 Yaşında,Soba,Yok,Yok,Yok,İkinci El,Boş,Müstakil Tapulu,"Kuzey, Güney, Doğu",etin,-,...,Hayır,Haritası,Hatırlatmaları,Eşyalı Değil,Satılık,90814-459,19-11-2025,https://www.hepsiemlak.com/manisa-saruhanli-alibeyli-satilik/mustakil-ev/90814-459,2025-12-03 21:49:53
Muradiye Belediye Hizmet Binası Yakını 2+1 Kapalı Mutfaklı Daireler,4.250.000 TL,Manisa,Yunusemre,Muradiye Mah.,Manisa / Yunusemre / Muradiye Mah.,2 + 1,80,1,Ara Kat,Sıfır Bina,Kombi,Var,Var,Var,Sıfır,Boş,Kat İrtifakı,"Kuzey, Güney, Doğu, Batı",etin,-,...,Evet,Haritası,Hatırlatmaları,Eşyalı Değil,Satılık,162278-35,03-12-2025,https://www.hepsiemlak.com/manisa-yunusemre-muradiye-satilik/daire/162278-35,2025-12-03 21:50:20
Efendi mh satılık 3+1 otoparklı asansörlü,3.180.000 TL,Manisa,Akhisar,Efendi Mah.,Manisa / Akhisar / Efendi Mah.,3 + 1,130,1,3. Kat,7 Yaşında,Kombi,Yok,Var,Var,-,-,Kat İrtifakı,-,etin,-,...,-,Haritası,Hatırlatmaları,-,Satılık,158110-264,31-10-2025,https://www.hepsiemlak.com/manisa-akhisar-efendi-satilik/daire/158110-264,2025-12-03 21:50:43
PLUS+ GAYRİMENKUL'den LİDYA GARDEN CİTY'de YATIRIMLIK 1+1,3.125.000 TL,Manisa,Turgutlu,Selvilitepe Mah.,Manisa / Turgutlu / Selvilitepe Mah.,1 + 1,55,1,5. Kat,Sıfır Bina,Merkezi (Pay Öl...,Yok,Yok,Var,-,Boş,Kat İrtifakı,Güney,etin,1 TL,...,Hayır,İçerisinde,Hatırlatmaları,Eşyalı Değil,Satılık,154320-6,25-11-2025,https://www.hepsiemlak.com/manisa-turgutlu-selvilitepe-satilik/daire/154320-6,2025-12-03 21:51:08
YILDIRIM MAHALLESİNDE 221 METREKARE ÜZERİNDE SATILIK DAİRELER,1.950.000 TL,Manisa,Turgutlu,Yildirim Mah.,Manisa / Turgutlu / Yildirim Mah.,3 + 1,120,1,1. Kat,16 Yaşında,Isıtma Yok,Var,Yok,Yok,-,Boş,Kat Mülkiyeti,-,etin,-,...,Hayır,Haritası,Hatırlatmaları,Eşyalı Değil,Satılık,161345-16,14-11-2025,https://www.hepsiemlak.com/manisa-turgutlu-yildirim-satilik/daire/161345-16,2025-12-03 21:51:35
ATLAS'TAN ÇATALKÖPRÜ'DE DOĞANIN İÇİNDE İYİ KONUMDA MÜSTAKİL EV,1.500.000 TL,Manisa,Turgutlu,Catalkopru Mah.,Manisa / Turgutlu / Catalkopru Mah.,2 + 0,70,1,Bahçe Katı,21 Yaşında,Soba,Yok,Yok,Yok,-,Boş,Arsa,-,etin,-,...,Hayır,Haritası,Hatırlatmaları,Eşyalı Değil,Satılık,156738-70,21-09-2025,https://www.hepsiemlak.com/manisa-turgutlu-catalkopru-satilik/mustakil-ev/156738-70,2025-12-03 21:51:59
Manisa SancaklıBozköy de 175 m2 Satılık 2 Katlı Bahçeli Villa,8.150.000 TL,Manisa,Sehzadeler,Sancaklibozkoy Mah.,Manisa / Sehzadeler / Sancaklibozkoy Mah.,4 + 1,175,2,Bahçe Katı,5 Yaşında,Kat Kaloriferi,Var,Var,Yok,-,Mülk Sahibi,Kat İrtifakı,"Kuzey, Güney, Doğu, Batı",etin,-,...,Evet,Haritası,Hatırlatmaları,Eşyalı Değil,Satılık,158110-97,21-10-2025,https://www.hepsiemlak.com/manisa-sehzadeler-sancaklibozkoy-satilik/villa/158110-97,2025-12-03 21:52:28
Manisa Salihli Durasıllı mahallesi merkezde satılık iki katlı bahçeli dairemiz satılıktır..,4.500.000 TL,Manisa,Salihli,Durasilli Mah.,Manisa / Salihli / Durasilli Mah.,3 + 1,160,1,Giriş Katı,7 Yaşında,Kat Kaloriferi,Var,Var,Var,İkinci El,Boş,Kat İrtifakı,-,etin,-,...,Evet,Haritası,Hatırlatmaları,Eşyalı Değil,Satılık,139585-120,15-09-2025,https://www.hepsiemlak.com/manisa-salihli-durasilli-satilik/daire/139585-120,2025-12-03 21:53:12
GOLDEN TOWERS'DA SATILIK 4+1 DAİRE,6.500.000 TL,Manisa,Turgutlu,Selvilitepe Mah.,Manisa / Turgutlu / Selvilitepe Mah.,4 + 1,179,2,8. Kat,5 Yaşında,Kombi,Var,Var,Var,-,Kiracılı,Kat İrtifakı,-,etin,-,...,Hayır,İçerisinde,Hatırlatmaları,Eşyalı Değil,Satılık,52577-377,27-10-2025,https://www.hepsiemlak.com/manisa-turgutlu-selvilitepe-satilik/daire/52577-377,2025-12-03 21:53:36
EMİR GRUPTAN ACİL SATILIK MURADİYEDE 3+1 ARAKAT ÇİFT CEPHE DAİRE,4.350.000 TL,Manisa,Yunusemre,Muradiye Mah.,Manisa / Yunusemre / Muradiye Mah.,3 + 1,150,2,2. Kat,1 Yaşında,Kombi,Var,Yok,Var,-,Boş,Kat İrtifakı,-,etin,-,...,Hayır,Haritası,Hatırlatmaları,Eşyalı Değil,Satılık,163565-16,28-10-2025,https://www.hepsiemlak.com/manisa-yunusemre-muradiye-satilik/daire/163565-16,2025-12-03 21:54:03
EMİR GRUP'TAN SİTE İÇİNDE OTOPARKLI 1+1 ULTRA LÜX ARAKAT DAİRE,2.900.000 TL,Manisa,Yunusemre,Muradiye Mah.,Manisa / Yunusemre / Muradiye Mah.,1 + 1,58,1,3. Kat,Sıfır Bina,Kombi,Var,Yok,Var,-,Boş,Kat İrtifakı,-,etin,-,...,Evet,İçerisinde,Hatırlatmaları,Eşyalı Değil,Satılık,163565-81,30-10-2025,https://www.hepsiemlak.com/manisa-yunusemre-muradiye-satilik/daire/163565-81,2025-12-03 21:54:29
PRESTİJ EVLERİNDE SATILIK GENİŞ 2+1 HAVUZ CEPHE ŞOK FİYATA,3.950.000 TL,Manisa,Turgutlu,Selvilitepe Mah.,Manisa / Turgutlu / Selvilitepe Mah.,2 + 1,110,2,9. Kat,Sıfır Bina,Merkezi (Pay Öl...,Var,Yok,Yok,-,Mülk Sahibi,Kat İrtifakı,Kuzey,etin,2 TL,...,Evet,İçerisinde,Hatırlatmaları,Eşyalı Değil,Satılık,155066-15,27-11-2025,https://www.hepsiemlak.com/manisa-turgutlu-selvilitepe-satilik/daire/155066-15,2025-12-03 21:54:59
Ergenekon'da 162m2 Giyinme Odalı 3+1 Lüks Daire,8.000.000 TL,Manisa,Turgutlu,Ergenekon Mah.,Manisa / Turgutlu / Ergenekon Mah.,3 + 1,162,2,1. Kat,Sıfır Bina,Kombi,Yok,Yok,Var,-,Boş,Tapu Yok,165m2 Tadilatlı Ara Kat FIRSAT Daire,etin,-,...,Evet,İçi 270 m2 4+2 Çatı Dubleks,Hatırlatmaları,Eşyalı Değil,Satılık,154320-146,01-10-2025,https://www.hepsiemlak.com/manisa-turgutlu-ergenekon-satilik/daire/154320-146,2025-12-03 21:55:33
BEFT GAYRİMENKUL DEN AKINCILAR MH SATILIK 3+1 130 M2 +BAHÇELİ GİRİŞ KAT,3.875.000 TL,Manisa,Sehzadeler,Akincilar Mah.,Manisa / Sehzadeler / Akincilar Mah.,3 + 1,160,1,Zemin,34 Yaşında,Kombi,Yok,Var,Yok,İkinci El,Boş,Kat İrtifakı,-,etin,-,...,Evet,Haritası,Hatırlatmaları,Eşyalı Değil,Satılık,162044-100,22-10-2025,https://www.hepsiemlak.com/manisa-sehzadeler-akincilar-satilik/daire/162044-100,2025-12-03 21:56:02
MANİSA TURGUTLU IRLAMAZ VADİSİ MANZARALI 3+1 150m2 ULTRA LÜX DAİRE,5.250.000 TL,Manisa,Turgutlu,Subasi Mah.,Manisa / Turgutlu / Subasi Mah.,3 + 1,153,1,Ara Kat,Sıfır Bina,Yerden Isıtma,Yok,Var,Var,Sıfır,Boş,Kat Mülkiyeti,"Doğu, Batı",etin,-,...,Evet,Haritası,Hatırlatmaları,-,Satılık,94181-655,16-10-2025,https://www.hepsiemlak.com/manisa-turgutlu-subasi-satilik/daire/94181-655,2025-12-03 21:56:31
ŞEHZADELER DİNÇER DE SATILIK 3+1 2.KAT 115 M2 FULLÜKS DAİRE 3.500.000 TL,3.500.000 TL,Manisa,Sehzadeler,Dincer Mah.,Manisa / Sehzadeler / Dincer Mah.,3 + 0,130,2,2. Kat,26 Yaşında,Kombi,Var,Var,Var,İkinci El,Boş,Kat Mülkiyeti,"Doğu, Batı",etin,-,...,Hayır,Haritası,Hatırlatmaları,Eşyalı Değil,Satılık,119726-1421,03-12-2025,https://www.hepsiemlak.com/manisa-sehzadeler-dincer-satilik/daire/119726-1421,2025-12-03 21:57:02
AKMAN GAYRİMENKULDEN MURADİYE MERKEZDE SATILIK 2+1 DAİRE,2.685.000 TL,Manisa,Yunusemre,Muradiye Mah.,Manisa / Yunusemre / Muradiye Mah.,2 + 1,100,1,Yüksek Giriş,6 Yaşında,Kombi,Var,Yok,Yok,-,Kiracılı,Kat İrtifakı,-,etin,-,...,Hayır,Haritası,Hatırlatmaları,Eşyalı Değil,Satılık,113243-3,05-11-2025,https://www.hepsiemlak.com/manisa-yunusemre-muradiye-satilik/daire/113243-3,2025-12-03 21:57:31
MURADİYE MAH. 3+1 KAPALI MUTFAK 1.BALKON 125 m2 ASANSÖRLÜ DAİRE SATILIKTIR.,4.100.000 TL,Manisa,Yunusemre,Muradiye Mah.,Manisa / Yunusemre / Muradiye Mah.,3 + 1,125,1,2. Kat,8 Yaşında,Kombi,Var,Var,Var,İkinci El,-,Kat İrtifakı,-,etin,200 TL,...,Hayır,Haritası,Hatırlatmaları,Eşyalı Değil,Satılık,106564-472,13-10-2025,https://www.hepsiemlak.com/manisa-yunusemre-muradiye-satilik/daire/106564-472,2025-12-03 21:58:24
Yiğitlerde Cadde Üzeri Sıfır 3+1 Daire Asansör & Otoparklı,3.450.000 TL,Manisa,Turgutlu,Yigitler Mah.,Manisa / Turgutlu / Yigitler Mah.,3 + 1,130,1,5. Kat,1 Yaşında,Kombi,Yok,Var,Var,-,Boş,Kat Mülkiyeti,"Kuzey, Güney, Doğu, Batı",etin,-,...,Hayır,Haritası,Hatırlatmaları,Eşyalı Değil,Satılık,162001-48,25-09-2025,https://www.hepsiemlak.com/manisa-turgutlu-yigitler-satilik/daire/162001-48,2025-12-03 21:58:50
SALİHLİ CİN EMLAK'TAN GÜNEŞ MAH SATILIK 3+1 117 M2 DOĞALGAZLI DAİRE,3.300.000 TL,Manisa,Salihli,Gunes Mah.,Manisa / Salihli / Gunes Mah.,3 + 1,117,1,1. Kat,25 Yaşında,Kombi,Yok,Var,Yok,İkinci El,Kiracılı,Kat Mülkiyeti,"Doğu, Batı",etin,-,...,Hayır,içerisinde 5 nci kat Satılık Daire,Hatırlatmaları,Eşyalı Değil,Satılık,37897-2540,26-09-2025,https://www.hepsiemlak.com/manisa-salihli-gunes-satilik/daire/37897-2540,2025-12-03 21:59:17
MURADİYE MAH HAVUZLU SİTE İÇİNDE SATILIK 2+1 A.MUTFAKLI ARAKAT,6.575.000 TL,Manisa,Yunusemre,Muradiye Mah.,Manisa / Yunusemre / Muradiye Mah.,2 + 1,110,1,2. Kat,5 Yaşında,Kombi,Yok,Var,Yok,İkinci El,Boş,Kat İrtifakı,"Doğu, Batı",etin,-,...,Evet,Haritası,Hatırlatmaları,Eşyalı Değil,Satılık,70124-4033,29-11-2025,https://www.hepsiemlak.com/manisa-yunusemre-muradiye-satilik/daire/70124-4033,2025-12-03 21:59:43
ÖZGÜN GM'DEN 8 HAVUZU CİVARINDA KOMPLE SATILIK BİNA,145.000.000 TL,Manisa,Sehzadeler,1 Mah.,Manisa / Sehzadeler / 1 Mah.,14 + 5,1,5,-,50 Yaşında,Kombi,Yok,Yok,Yok,İkinci El,Kiracılı,Kat İrtifakı,"Doğu, Batı",etin,-,...,Evet,Haritası,Hatırlatmaları,Eşyalı Değil,Satılık,122193-631,10-11-2025,https://www.hepsiemlak.com/manisa-sehzadeler-1-anafartalar-satilik/bina/122193-631,2025-12-03 22:00:02
YUNUSEMRE KEÇİLİKÖY MAH 2+1 KAPALI MUTFAK 95 M2 ASANSÖRLÜ ARAKAT DAİRE SATILIKTIR,3.400.000 TL,Manisa,Yunusemre,Kecili Mah.,Manisa / Yunusemre / Kecili Mah.,2 + 1,95,1,4. Kat,5 Yaşında,Kombi,Yok,Var,Yok,-,Mülk Sahibi,Kat İrtifakı,-,etin,-,...,Hayır,İçi Yatırımlık Satılık Daire,Hatırlatmaları,Eşyalı Değil,Satılık,106564-454,01-10-2025,https://www.hepsiemlak.com/manisa-yunusemre-kecili-koy-satilik/daire/106564-454,2025-12-03 22:00:27
MURADİYE MAH 60M m2 İKİ KATLI DÜKKAN SATIIKTIR,2.500.000 TL,Manisa,Yunusemre,Muradiye Mah.,Manisa / Yunusemre / Muradiye Mah.,2 + 1,60,1,-,1 Yaşında,Klima,Yok,Yok,Yok,İkinci El,Mülk Sahibi,Kat İrtifakı,-,etin,-,...,Evet,Haritası,Hatırlatmaları,Eşyalı Değil,Satılık,106564-323,12-10-2025,https://www.hepsiemlak.com/manisa-yunusemre-muradiye-satilik/bina/106564-323,2025-12-03 22:00:52
Cumhuriyet Caddesi'nde - Sadıklar Konfeksiyon Civarında Satılık 2+1 Daire,1.950.000 TL,Manisa,Turgutlu,Turan Mah.,Manisa / Turgutlu / Turan Mah.,2 + 1,95,1,4. Kat,30 Yaşında,Klima,Yok,Yok,Yok,-,-,Kat Mülkiyeti,-,etin,-,...,-,Haritası,Hatırlatmaları,-,Satılık,141766-279,11-10-2025,https://www.hepsiemlak.com/manisa-turgutlu-turan-satilik/daire/141766-279,2025-12-03 22:01:14
PLUS+ GAYRİMENKUL FARKIYLA ACARLAR'DA SATILIK KÖŞE DAİRE,2.550.000 TL,Manisa,Turgutlu,Acarlar Mah.,Manisa / Turgutlu / Acarlar Mah.,-,-,-,-,-,-,Yok,Yok,Yok,-,-,-,-,etin,-,-,-,Haritası,-,-,-,154320-240,01-10-2025,https://www.hepsiemlak.com/manisa-turgutlu-acarlar-satilik/daire/154320-240,2025-12-03 22:01:33
MUSTAFA BAŞYİĞİT EMLAKTAN GAZİ OKULU YOLUNDA SATILIK DAİRE,1.875.000 TL,Manisa,Akhisar,Kethuda Mah.,Manisa / Akhisar / Kethuda Mah.,3 + 1,118,1,4. Kat,21 Yaşında,Kombi,Var,Yok,Yok,-,Boş,Kat Mülkiyeti,-,etin,-,...,Hayır,Haritası,Hatırlatmaları,Eşyalı Değil,Satılık,162406-158,03-12-2025,https://www.hepsiemlak.com/manisa-akhisar-kethuda-satilik/daire/162406-158,2025-12-03 22:01:54
"Satılık 3+1 Daire Şehitler Mahallesi, Adliye Yakını",2.380.000 TL,Manisa,Turgutlu,Sehitler Mah.,Manisa / Turgutlu / Sehitler Mah.,3 + 1,115,1,Zemin,11 Yaşında,Kombi,Yok,Yok,Yok,-,Mülk Sahibi,Kat Mülkiyeti,-,etin,-,...,Hayır,Haritası,Hatırlatmaları,Eşyalı Değil,Satılık,160048-57,21-11-2025,https://www.hepsiemlak.com/manisa-turgutlu-sehitler-satilik/daire/160048-57,2025-12-03 22:04:14
EMİR GRUP'TAN CENGİZ TOPEL'DE SATILIK 2+1 SIFIR ARAKAT DAİRE,3.050.000 TL,Manisa,Saruhanli,Cengiz Mah.,Manisa / Saruhanli / Cengiz Mah.,2 + 1,75,1,3. Kat,1 Yaşında,Kombi,Yok,Yok,Var,-,Boş,Kat İrtifakı,-,etin,-,...,Evet,Haritası,Hatırlatmaları,Eşyalı Değil,Satılık,163565-40,28-10-2025,https://www.hepsiemlak.com/manisa-saruhanli-cengiz-topel-satilik/daire/163565-40,2025-12-03 22:04:37
Salihlide satılık daire 3568,4.250.000 TL,Manisa,Salihli,Saglik Mah.,Manisa / Salihli / Saglik Mah.,3 + 1,150,1,4. Kat,15 Yaşında,Kombi,Yok,Yok,Yok,İkinci El,Boş,Kat Mülkiyeti,-,etin,200 TL,...,Hayır,Haritası,Hatırlatmaları,Eşyalı Değil,Satılık,57265-8,17-09-2025,https://www.hepsiemlak.com/manisa-salihli-saglik-satilik/daire/57265-8,2025-12-03 22:05:00
YENİ MAHALLEDE 2+1 95M2 ARAKAT ASANSÖRLÜ SIFIR DAİRE,5.475.000 TL,Manisa,Yunusemre,Yeni Mah.,Manisa / Yunusemre / Yeni Mah.,2 + 1,95,1,2. Kat,1 Yaşında,Kombi,Var,Var,Var,-,Boş,Kat İrtifakı,Kuzey,etin,-,...,Evet,Haritası,Hatırlatmaları,Eşyalı Değil,Satılık,162376-26,17-10-2025,https://www.hepsiemlak.com/manisa-yunusemre-yeni-mahalle-satilik/daire/162376-26,2025-12-03 22:05:18
SUBAŞINDA SATILIK SIFIR DAİRE,3.800.000 TL,Manisa,Turgutlu,Subasi Mah.,Manisa / Turgutlu / Subasi Mah.,2 + 1,110,1,2. Kat,Sıfır Bina,Kombi,Var,Var,Var,-,Boş,Kat İrtifakı,-,etin,-,...,Hayır,Haritası,Hatırlatmaları,Eşyalı Değil,Satılık,160009-7,09-09-2025,https://www.hepsiemlak.com/manisa-turgutlu-subasi-satilik/daire/160009-7,2025-12-03 22:05:40
Ergenekon Mahallesi 140 m2 Geniş Daire,5.350.000 TL,Manisa,Turgutlu,Ergenekon Mah.,Manisa / Turgutlu / Ergenekon Mah.,3 + 1,140,2,1. Kat,1 Yaşında,Yerden Isıtma,Yok,Var,Var,-,Boş,Kat Mülkiyeti,-,etin,-,...,Hayır,Haritası,Hatırlatmaları,Eşyalı Değil,Satılık,160048-74,22-11-2025,https://www.hepsiemlak.com/manisa-turgutlu-ergenekon-satilik/daire/160048-74,2025-12-03 22:06:04
Mergenden Efendi Mahallesinde 3+1,3.100.000 TL,Manisa,Akhisar,Efendi Mah.,Manisa / Akhisar / Efendi Mah.,3 + 1,135,1,3. Kat,Sıfır Bina,Kombi,Yok,Var,Var,Sıfır,Boş,Kat Mülkiyeti,"Güney, Batı",etin,100 TL,...,Evet,Haritası,Hatırlatmaları,Eşyalı Değil,Satılık,160594-11,09-10-2025,https://www.hepsiemlak.com/manisa-akhisar-efendi-satilik/daire/160594-11,2025-12-03 22:06:25
SALİHLİ SATILIK 190 M2 3+1 LUX DAİRE MASAL ORMANI CİVARI,7.750.000 TL,Manisa,Salihli,Kurtulus Mah.,Manisa / Salihli / Kurtulus Mah.,3 + 1,190,2,3. Kat,Sıfır Bina,Kombi,Var,Var,Var,-,Mülk Sahibi,Kat Mülkiyeti,-,etin,-,...,Evet,Haritası,Hatırlatmaları,Eşyalı Değil,Satılık,153067-71,23-10-2025,https://www.hepsiemlak.com/manisa-salihli-kurtulus-satilik/daire/153067-71,2025-12-03 22:06:46
Yedieylül Mahallesinde 2 Katlı Müstakil Ev,2.250.000 TL,Manisa,Turgutlu,Yedi Mah.,Manisa / Turgutlu / Yedi Mah.,2 + 1,142,1,1. Kat,26 Yaşında,Soba,Yok,Yok,Yok,-,Boş,Müstakil Tapulu,-,etin,-,...,Evet,Haritası,Hatırlatmaları,Eşyalı Değil,Satılık,154320-270,01-10-2025,https://www.hepsiemlak.com/manisa-turgutlu-yedi-eylul-satilik/daire/154320-270,2025-12-03 22:07:08
AKHİSAR ATATÜRK GÖLET MANZARALI FAHRİ SERTEL EMLAKTAN SATILIK 3+1,2.850.000 TL,Manisa,Akhisar,Ataturk Mah.,Manisa / Akhisar / Ataturk Mah.,3 + 1,135,1,3. Kat,28 Yaşında,Kombi,Var,Yok,Var,İkinci El,Mülk Sahibi,Müstakil Tapulu,-,etin,-,...,Evet,Haritası,Hatırlatmaları,Eşyalı Değil,Satılık,144740-229,30-10-2025,https://www.hepsiemlak.com/manisa-akhisar-ataturk-satilik/daire/144740-229,2025-12-03 22:07:38
BEYAZ GAYRİMENKUL’DEN SARUHAN MAH 3+1 BAHÇELİ FIRSAT ZEMİN,3.950.000 TL,Manisa,Sehzadeler,Adakale Mah.,Manisa / Sehzadeler / Adakale Mah.,3 + 1,130,1,Yüksek Giriş,18 Yaşında,Kombi,Yok,Yok,Var,İkinci El,Boş,Kat İrtifakı,"Kuzey, Güney, Doğu, Batı",etin,-,...,Hayır,Haritası,Hatırlatmaları,Eşyalı Değil,Satılık,119915-544,27-09-2025,https://www.hepsiemlak.com/manisa-sehzadeler-adakale-satilik/daire/119915-544,2025-12-03 22:08:20
MANİSA KÖPRÜBAŞI MERKEZDE SATILIK 2.KAT DAİRE,2.200.000 TL,Manisa,Koprubasi,Mehmet Mah.,Manisa / Koprubasi / Mehmet Mah.,3 + 1,130,1,En Üst Kat,7 Yaşında,Soba,Yok,Yok,Yok,İkinci El,Mülk Sahibi,Kat İrtifakı,"Güney, Doğu",etin,-,...,Hayır,Haritası,Hatırlatmaları,Eşyalı Değil,Satılık,138755-42,03-12-2025,https://www.hepsiemlak.com/manisa-koprubasi-mehmet-akif-ersoy-satilik/daire/138755-42,2025-12-03 22:08:42
TURGUTLU AVŞAR'DA SATILIK MÜSTAKİL EV,12.500.000 TL,Manisa,Turgutlu,Avsar Mah.,Manisa / Turgutlu / Avsar Mah.,3 + 1,380,3,Bahçe Katı,5 Yaşında,Isıtma Yok,Var,Var,Yok,-,Mülk Sahibi,Kat İrtifakı,-,etin,-,...,Hayır,Haritası,Hatırlatmaları,Eşyalı Değil,Satılık,52577-374,27-10-2025,https://www.hepsiemlak.com/manisa-turgutlu-avsar-satilik/mustakil-ev/52577-374,2025-12-03 22:09:06
Mergenden Hurriyet Mahallesinde 2+1 lüx daire,3.100.000 TL,Manisa,Akhisar,Hurriyet Mah.,Manisa / Akhisar / Hurriyet Mah.,2 + 1,85,2,1. Kat,Sıfır Bina,Yerden Isıtma,Yok,Var,Var,Sıfır,Boş,Kat Mülkiyeti,"Güney, Doğu, Batı",etin,50 TL,...,Evet,Haritası,Hatırlatmaları,Eşyalı Değil,Satılık,160594-55,22-10-2025,https://www.hepsiemlak.com/manisa-akhisar-hurriyet-satilik/daire/160594-55,2025-12-03 22:09:25
SALİHLİ SATILIK 2+1 DAİRE CUMHURİYET MAHALLESİ,3.425.000 TL,Manisa,Salihli,Cumhuriyet Mah.,Manisa / Salihli / Cumhuriyet Mah.,2 + 1,95,1,3. Kat,4 Yaşında,Kombi,Yok,Var,Var,-,Kiracılı,Kat Mülkiyeti,-,etin,-,...,Hayır,Haritası,Hatırlatmaları,Eşyalı Değil,Satılık,153067-64,23-10-2025,https://www.hepsiemlak.com/manisa-salihli-cumhuriyet-satilik/daire/153067-64,2025-12-03 22:09:45
Ergenekon'da 165M2 / 3+1 Sıfır Daire,4.390.000 TL,Manisa,Turgutlu,Ergenekon Mah.,Manisa / Turgutlu / Ergenekon Mah.,3 + 1,185,2,4. Kat,Sıfır Bina,Kombi,Yok,Var,Yok,-,Boş,Tapu Yok,-,etin,-,...,Evet,Haritası,Hatırlatmaları,Eşyalı Değil,Satılık,154320-144,01-10-2025,https://www.hepsiemlak.com/manisa-turgutlu-ergenekon-satilik/daire/154320-144,2025-12-03 22:10:06
SALİHLİ CİN EMLAK'TAN KIRVELİ MAH AVAR CAD ÜZERİNDE SATILIK 3+1 DOĞALGAZLI DAİRE,3.400.000 TL,Manisa,Salihli,Yoruk Mah.,Manisa / Salihli / Yoruk Mah.,3 + 2,140,1,2. Kat,25 Yaşında,Kombi,Yok,Var,Yok,İkinci El,Boş,Kat İrtifakı,"Doğu, Batı",etin,-,...,Hayır,içerisinde 5 nci kat Satılık Daire,Hatırlatmaları,Eşyalı Değil,Satılık,37897-2479,04-11-2025,https://www.hepsiemlak.com/manisa-salihli-yoruk-satilik/daire/37897-2479,2025-12-03 22:10:24
MUSTAFA BAŞYİĞİT EMLAK'TAN HÜRRİYET'TE 3+1 ZEMİN KAT,1.750.000 TL,Manisa,Akhisar,Hurriyet Mah.,Manisa / Akhisar / Hurriyet Mah.,3 + 1,130,1,Zemin,26 Yaşında,Soba,Yok,Yok,Yok,-,Boş,Kat İrtifakı,Güney,etin,-,...,Hayır,Haritası,Hatırlatmaları,Eşyalı Değil,Satılık,162406-146,22-10-2025,https://www.hepsiemlak.com/manisa-akhisar-hurriyet-satilik/daire/162406-146,2025-12-03 22:10:46
Akhisar Kethüda Mahallesi Lise Yakını Merkezi Konumda Satılık Müstakil Ev,1.550.000 TL,Manisa,Akhisar,Kethuda Mah.,Manisa / Akhisar / Kethuda Mah.,2 + 1,67,1,-,24 Yaşında,Klima,Yok,Yok,Yok,İkinci El,Boş,Müstakil Tapulu,-,etin,1 TL,...,Hayır,Haritası,Hatırlatmaları,Eşyalı Değil,Satılık,94123-2768,06-11-2025,https://www.hepsiemlak.com/manisa-akhisar-kethuda-satilik/mustakil-ev/94123-2768,2025-12-03 22:11:08
Manisa Yunus Emre Muradiye • Satılık 2+1 Daireler • Su Deposu Yakını,2.950.000 TL,Manisa,Yunusemre,Muradiye Mah.,Manisa / Yunusemre / Muradiye Mah.,2 + 0,95,2,Yüksek Giriş,Sıfır Bina,Kombi,Yok,Var,Yok,Sıfır,Boş,Müstakil Tapulu,Kuzey,etin,-,...,Evet,Haritası,Hatırlatmaları,Eşyalı Değil,Satılık,95753-2041,30-11-2025,https://www.hepsiemlak.com/manisa-yunusemre-muradiye-satilik/daire/95753-2041,2025-12-03 22:11:29
Manisa Şehzadeler İbrahim Çelebi Mahallesinde 3+1 Satılık Daire,4.800.000 TL,Manisa,Sehzadeler,Ibrahimcelebi Mah.,Manisa / Sehzadeler / Ibrahimcelebi Mah.,3 + 1,130,1,Kot 2,25 Yaşında,Kombi,Yok,Yok,Yok,İkinci El,Boş,Kat İrtifakı,Doğu,etin,-,...,Hayır,Haritası,Hatırlatmaları,Eşyalı Değil,Satılık,95753-2101,30-11-2025,https://www.hepsiemlak.com/manisa-sehzadeler-ibrahimcelebi-satilik/bina/95753-2101,2025-12-03 22:12:18
Çobanisa merkez,2.450.000 TL,Manisa,Sehzadeler,Asagicobanisa Mah.,Manisa / Sehzadeler / Asagicobanisa Mah.,2 + 1,100,1,1. Kat,5 Yaşında,Kombi,Yok,Yok,Yok,-,Boş,Kat Mülkiyeti,-,etin,-,...,Hayır,Haritası,Hatırlatmaları,Eşyalı Değil,Satılık,161356-16,07-10-2025,https://www.hepsiemlak.com/manisa-sehzadeler-asagicobanisa-satilik/daire/161356-16,2025-12-03 22:12:40
Manisa Turgutlu Şehitler mahallesinde 2+1 satılık daire,3.850.000 TL,Manisa,Turgutlu,Yildirim Mah.,Manisa / Turgutlu / Yildirim Mah.,3 + 1,114,1,4. Kat,6 Yaşında,Kombi,Yok,Var,Yok,İkinci El,-,Kat Mülkiyeti,-,etin,-,...,-,Haritası,Hatırlatmaları,Eşyalı Değil,Satılık,154320-282,23-09-2025,https://www.hepsiemlak.com/manisa-turgutlu-yildirim-satilik/daire/154320-282,2025-12-03 22:13:00
Manisa Gülbahçe'De Müstakil Havuzlu 5+1 Satılık Villa,22.000.000 TL,Manisa,Yunusemre,Gulbahce Mah.,Manisa / Yunusemre / Gulbahce Mah.,5 + 1,280,4,-,2 Yaşında,Yerden Isıtma,Yok,Yok,Yok,İkinci El,-,Kat Mülkiyeti,"Kuzey, Güney, Doğu, Batı",etin,-,...,Evet,Haritası,Hatırlatmaları,-,Satılık,160489-20,21-10-2025,https://www.hepsiemlak.com/manisa-yunusemre-gulbahce-satilik/villa/160489-20,2025-12-03 22:13:20
KALE EMLAK TAN ATATÜRK MAH. PARK ÖNÜ 145 m2 3+1 SATILIK DAİRE,4.350.000 TL,Manisa,Akhisar,Ataturk Mah.,Manisa / Akhisar / Ataturk Mah.,3 + 1,145,2,4. Kat,1 Yaşında,Kombi,Var,Var,Var,-,Boş,Kat Mülkiyeti,-,etin,1 TL,...,Hayır,Haritası,Hatırlatmaları,Eşyalı Değil,Satılık,72050-861,04-10-2025,https://www.hepsiemlak.com/manisa-akhisar-ataturk-satilik/daire/72050-861,2025-12-03 22:13:39
DOMBAYLI MAH. SATILIK MÜSTAKİL KÖY EVİ,2.045.000 TL,Manisa,Salihli,Dombayli Mah.,Manisa / Salihli / Dombayli Mah.,-,-,-,-,-,-,Yok,Yok,Yok,-,-,-,-,etin,-,-,-,Haritası,-,-,-,114169-28,28-11-2025,https://www.hepsiemlak.com/manisa-salihli-dombayli-satilik/mustakil-ev/114169-28,2025-12-03 22:14:01
Manisa Alaybey Mah. Satılık 3+1 Dublex Daire 170m²,4.300.000 TL,Manisa,Sehzadeler,Alaybey Mah.,Manisa / Sehzadeler / Alaybey Mah.,-,-,-,-,-,-,Yok,Yok,Yok,-,-,-,-,etin,-,-,-,Haritası,-,-,-,155351-77,08-11-2025,https://www.hepsiemlak.com/manisa-sehzadeler-alaybey-satilik/daire/155351-77,2025-12-03 22:14:24
Ana cadde üzeri 3+1 - 130 m² full özellikli harika daire,3.600.000 TL,Manisa,Saruhanli,Cumhuriyet Mah.,Manisa / Saruhanli / Cumhuriyet Mah.,3 + 1,140,1,4. Kat,1 Yaşında,Kombi,Var,Var,Yok,-,Boş,Kat Mülkiyeti,Doğu,etin,-,...,Evet,Haritası,Hatırlatmaları,Eşyalı,Satılık,137495-178,08-09-2025,https://www.hepsiemlak.com/manisa-saruhanli-cumhuriyet-satilik/daire/137495-178,2025-12-03 22:14:42
Turgutlu İstiklal Mh. Satılık Daire,"Fiyat
En Az
TL
En Çok
TL",Manisa,Turgutlu,Istiklal Mah.,Manisa / Turgutlu / Istiklal Mah.,-,-,Seçiniz,Kat Seçiniz,Bina Yaşı,Isınma Tipi Seçiniz,Var,Var,Var,-,Kullanım Durumu Seçiniz,Tapu Durumu Seçiniz,Cephe Seçiniz,etin,-,k,a Uygun,Tümü,-,Tümü,-,-,10-10-2025,https://www.hepsiemlak.com/manisa-turgutlu-istiklal-satilik/daire/154992-33,2025-12-03 22:15:08
SALİHLİ STİL EMLAKTAN SATILIK 190 M2 3+1 LUX DAİRE MASAL ORMANI CİVARI,7.750.000 TL,Manisa,Salihli,Kurtulus Mah.,Manisa / Salihli / Kurtulus Mah.,3 + 1,190,2,3. Kat,8 Yaşında,Kombi,Var,Var,Var,-,-,Kat Mülkiyeti,-,etin,-,...,-,Haritası,Hatırlatmaları,-,Satılık,153067-70,09-09-2025,https://www.hepsiemlak.com/manisa-salihli-kurtulus-satilik/daire/153067-70,2025-12-03 22:15:31
YARHASANLAR MAH MEVKİ YERDE SATILIK 1+1 KAPALI MUTFAK BAHÇELİ DAİRE,2.750.000 TL,Manisa,Sehzadeler,Yarhasanlar Mah.,Manisa / Sehzadeler / Yarhasanlar Mah.,1 + 1,55,1,Zemin,25 Yaşında,Kombi,Yok,Yok,Yok,İkinci El,Kiracılı,Kat İrtifakı,"Kuzey, Güney",etin,-,...,Evet,Haritası,Hatırlatmaları,Eşyalı Değil,Satılık,70124-3983,01-11-2025,https://www.hepsiemlak.com/manisa-sehzadeler-yarhasanlar-satilik/daire/70124-3983,2025-12-03 22:16:15
EMİR GRUP'TAN MURADİYE'DE 1+1 ULTRA LÜX SIFIR ARAKAT DAİRE,2.950.000 TL,Manisa,Yunusemre,Muradiye Mah.,Manisa / Yunusemre / Muradiye Mah.,1 + 1,55,1,2. Kat,1 Yaşında,Kombi,Yok,Yok,Yok,-,Boş,Kat İrtifakı,-,etin,-,...,Evet,İçerisinde,Hatırlatmaları,Eşyalı Değil,Satılık,163565-73,28-10-2025,https://www.hepsiemlak.com/manisa-yunusemre-muradiye-satilik/daire/163565-73,2025-12-03 22:16:36
DEMA EMLAKTAN KUPON DUBLEX,5.900.000 TL,Manisa,Salihli,Kurtulus Mah.,Manisa / Salihli / Kurtulus Mah.,3 + 1,200,1,3. Kat,5 Yaşında,Kombi,Yok,Var,Var,İkinci El,Mülk Sahibi,Kat Mülkiyeti,Kuzey,etin,1 TL,...,Evet,Haritası,Hatırlatmaları,Eşyalı Değil,Satılık,152193-67,26-09-2025,https://www.hepsiemlak.com/manisa-salihli-kurtulus-satilik/daire/152193-67,2025-12-03 22:16:56
KARAKÖYDE ÖNÜ AÇIK TADILATLI 3+1 DAİRE,5.100.000 TL,Manisa,Yunusemre,Topcuasim Mah.,Manisa / Yunusemre / Topcuasim Mah.,3 + 1,120,1,5. Kat,26 Yaşında,Kombi,Yok,Var,Var,-,Mülk Sahibi,Kat İrtifakı,"Kuzey, Güney",etin,-,...,Hayır,Haritası,Hatırlatmaları,Eşyalı Değil,Satılık,158110-239,22-10-2025,https://www.hepsiemlak.com/manisa-yunusemre-topcuasim-satilik/daire/158110-239,2025-12-03 22:17:18
Manisa Şehzadeler Peker Mahallesinde 3+1 Satılık Daire,3.950.000 TL,Manisa,Sehzadeler,Peker Mah.,Manisa / Sehzadeler / Peker Mah.,3 + 1,130,1,3. Kat,20 Yaşında,Kombi,Var,Var,Var,-,-,Kat İrtifakı,li – Ferah 3+1 • 120 m²,etin,-,...,Hayır,Haritası,Hatırlatmaları,Eşyalı Değil,Satılık,95753-2096,30-11-2025,https://www.hepsiemlak.com/manisa-sehzadeler-peker-satilik/daire/95753-2096,2025-12-03 22:17:39
SARIGÖL BAĞLICA KÖY İÇİNDE SATILIK MUSTAKİL EV VE BAHÇE HİSESİ,340.000 TL,Manisa,Sarigol,Baglica Mah.,Manisa / Sarigol / Baglica Mah.,2 + 1,300,1,-,26 Yaşında,Soba,Yok,Yok,Yok,-,Mülk Sahibi,Hisseli Tapu,"Kuzey, Güney, Doğu, Batı",etin,1 TL,...,Hayır,Haritası,Hatırlatmaları,Eşyalı Değil,Satılık,43406-570,09-11-2025,https://www.hepsiemlak.com/manisa-sarigol-baglica-satilik/mustakil-ev/43406-570,2025-12-03 22:17:59
TURPA'DAN CUMHURİYET MH. SATILIK FIRSAT 7 YILLIK LÜKS 2+1 DAİRE,3.500.000 TL,Manisa,Turgutlu,Cumhuriyet Mah.,Manisa / Turgutlu / Cumhuriyet Mah.,2 + 1,100,1,4. Kat,7 Yaşında,Kombi,Var,Yok,Yok,İkinci El,Mülk Sahibi,Kat Mülkiyeti,-,etin,-,...,Hayır,Haritası,Hatırlatmaları,Eşyalı Değil,Satılık,144722-266,21-10-2025,https://www.hepsiemlak.com/manisa-turgutlu-cumhuriyet-satilik/daire/144722-266,2025-12-03 22:18:22
YK GROUP'TAN MURADİYE'DE SATILIK 2+1 AÇIK MUTFAK,2.850.000 TL,Manisa,Yunusemre,Muradiye Mah.,Manisa / Yunusemre / Muradiye Mah.,2 + 1,95,1,Yüksek Giriş,3 Yaşında,Kombi,Yok,Yok,Var,-,Boş,Kat İrtifakı,-,etin,-,...,Evet,Haritası,Hatırlatmaları,Eşyalı Değil,Satılık,153592-33,16-09-2025,https://www.hepsiemlak.com/manisa-yunusemre-muradiye-satilik/daire/153592-33,2025-12-03 22:18:43
Manisa Şehzadeler 1. Anafartalar Mh. Merkezi Konumda Lux 3+1 Arakat Satılık,3.590.000 TL,Manisa,Sehzadeler,1 Mah.,Manisa / Sehzadeler / 1 Mah.,3 + 1,105,1,Ara Kat,25 Yaşında,Kombi,Var,Var,Yok,İkinci El,Boş,Kat Mülkiyeti,"Kuzey, Güney, Doğu, Batı",etin,100 TL,...,Evet,Haritası,Hatırlatmaları,Eşyalı Değil,Satılık,95753-1927,16-11-2025,https://www.hepsiemlak.com/manisa-sehzadeler-1-anafartalar-satilik/daire/95753-1927,2025-12-03 22:19:09
Çift Girişe Uygun 5+1 Dubleks,4.500.000 TL,Manisa,Yunusemre,Muradiye Mah.,Manisa / Yunusemre / Muradiye Mah.,-,-,-,-,-,-,Yok,Yok,Yok,-,-,-,-,etin,-,-,-,Haritası,-,-,-,152909-27,27-11-2025,https://www.hepsiemlak.com/manisa-yunusemre-muradiye-satilik/daire/152909-27,2025-12-03 22:19:31
Turgutlu Turgutlar Mh 2+1 Sıfır Satılık Daire,3.150.000 TL,Manisa,Turgutlu,Yeni Mah.,Manisa / Turgutlu / Yeni Mah.,2 + 1,95,1,4. Kat,Sıfır Bina,Kombi,Yok,Var,Var,-,Boş,Kat İrtifakı,"Doğu, Batı",etin,-,...,Evet,Haritası,Hatırlatmaları,-,Satılık,123058-2090,16-10-2025,https://www.hepsiemlak.com/manisa-turgutlu-yeni-satilik/daire/123058-2090,2025-12-03 22:20:21
TURGUTLU PRESTİJ EVLERİNDE 3+1 ARAKAT HAVUZ CEPHELİ SATILIK,4.650.000 TL,Manisa,Turgutlu,Selvilitepe Mah.,Manisa / Turgutlu / Selvilitepe Mah.,3 + 1,152,2,4. Kat,1 Yaşında,Merkezi (Pay Öl...,Var,Var,Var,-,Boş,Kat İrtifakı,"Kuzey, Güney, Doğu",etin,2.000 TL,...,Hayır,İçerisinde,Hatırlatmaları,Eşyalı Değil,Satılık,123058-2091,25-10-2025,https://www.hepsiemlak.com/manisa-turgutlu-selvilitepe-satilik/daire/123058-2091,2025-12-03 22:20:39
M&Ş Gayrumenkulden satılık dublex daire,4.400.000 TL,Manisa,Salihli,Karaagac Mah.,Manisa / Salihli / Karaagac Mah.,4 + 1,210,2,4. Kat,6 Yaşında,Kombi,Yok,Yok,Var,İkinci El,Boş,Kat Mülkiyeti,-,etin,-,...,Hayır,Haritası,Hatırlatmaları,Eşyalı Değil,Satılık,139585-161,26-09-2025,https://www.hepsiemlak.com/manisa-salihli-karaagac-satilik/daire/139585-161,2025-12-03 22:21:00
CUMHURİYET MAHALLESİ TÜRKMEN YOLU ÜZERİNDE SIFIR DAİRE!,4.500.000 TL,Manisa,Turgutlu,Cumhuriyet Mah.,Manisa / Turgutlu / Cumhuriyet Mah.,3 + 1,127,1,4. Kat,1 Yaşında,Kombi,Var,Var,Var,-,Boş,Kat Mülkiyeti,-,etin,-,...,Hayır,Haritası,Hatırlatmaları,Eşyalı Değil,Satılık,160048-8,09-11-2025,https://www.hepsiemlak.com/manisa-turgutlu-cumhuriyet-satilik/daire/160048-8,2025-12-03 22:21:21
"ARI EMLAK'TAN ÇARŞI MERKEZİNDE, ASANSÖRLÜ, DOĞALGAZLI, 145 m2, 3+1, CADDE ÜZERİNDE, FERAH DAİRE",4.500.000 TL,Manisa,Turgutlu,Yilmazlar Mah.,Manisa / Turgutlu / Yilmazlar Mah.,3 + 1,155,2,5. Kat,15 Yaşında,Kombi,Var,Var,Var,İkinci El,Boş,Kat Mülkiyeti,"Kuzey, Güney, Batı",etin,-,...,Hayır,Haritası,Hatırlatmaları,Eşyalı Değil,Satılık,155616-31,02-12-2025,https://www.hepsiemlak.com/manisa-turgutlu-yilmazlar-satilik/daire/155616-31,2025-12-03 22:21:46
CUMHURİYET MAH. ÇAĞLAK PARKI KARŞISI 3+1 SATILIK DUBLEKS DAİRE,3.850.000 TL,Manisa,Akhisar,Cumhuriyet Mah.,Manisa / Akhisar / Cumhuriyet Mah.,4 + 1,200,2,En Üst Kat,Sıfır Bina,Kombi,Var,Var,Var,Sıfır,Boş,Kat İrtifakı,"Kuzey, Güney",etin,-,...,-,Haritası,Hatırlatmaları,Eşyalı Değil,Satılık,94123-2609,06-11-2025,https://www.hepsiemlak.com/manisa-akhisar-cumhuriyet-satilik/daire/94123-2609,2025-12-03 22:22:09
Manisa Yunus Emre Muradiye 3+1 Vadeli Daire • 8 Aya Teslim • Su Deposu Yakını,3.500.000 TL,Manisa,Yunusemre,Muradiye Mah.,Manisa / Yunusemre / Muradiye Mah.,3 + 0,110,1,Yüksek Giriş,Sıfır Bina,Kombi,Yok,Yok,Yok,Sıfır,-,Müstakil Tapulu,Güney,etin,-,...,Evet,Haritası,Hatırlatmaları,Eşyalı Değil,Satılık,95753-2046,30-11-2025,https://www.hepsiemlak.com/manisa-yunusemre-muradiye-satilik/daire/95753-2046,2025-12-03 22:22:31
Atatürk MH satılık daire,4.750.000 TL,Manisa,Akhisar,Ataturk Mah.,Manisa / Akhisar / Ataturk Mah.,2 + 1,105,1,Ara Kat,7 Yaşında,Kombi,Yok,Yok,Var,İkinci El,Kiracılı,Kat İrtifakı,Kuzey,etin,1.200 TL,...,Evet,İçerisinde,Hatırlatmaları,Eşyalı Değil,Satılık,124874-249,06-11-2025,https://www.hepsiemlak.com/manisa-akhisar-ataturk-satilik/daire/124874-249,2025-12-03 22:22:54
MANİSA ŞEHZADELER 2.ANAFARTALAR MAH SATILIK 3+1 FULLÜKS BAHÇELİ YÜKSEK ZEMİN,4.450.000 TL,Manisa,Sehzadeler,2 Mah.,Manisa / Sehzadeler / 2 Mah.,3 + 1,130,1,Yüksek Giriş,30 Yaşında,Kombi,Yok,Var,Var,İkinci El,Boş,Kat Mülkiyeti,Batı,etin,100 TL,...,Evet,Haritası,Hatırlatmaları,Eşyalı Değil,Satılık,147260-31,16-09-2025,https://www.hepsiemlak.com/manisa-sehzadeler-2-anafartalar-satilik/daire/147260-31,2025-12-03 22:23:13
Manisa Güzelyurt Mh. 3+1 Kapalı Mutfak Asansörlü Boş Kullanıma Hazır Ara Kat Satılık Daire,6.875.000 TL,Manisa,Yunusemre,Guzelyurt Mah.,Manisa / Yunusemre / Guzelyurt Mah.,3 + 1,135,1,5. Kat,13 Yaşında,Kombi,Var,Var,Var,İkinci El,Boş,Kat İrtifakı,"Güney, Batı",etin,1.500 TL,...,Hayır,İçerisinde,li Site,Eşyalı Değil,Satılık,95753-2055,10-11-2025,https://www.hepsiemlak.com/manisa-yunusemre-guzelyurt-satilik/daire/95753-2055,2025-12-03 22:23:36
EPA Rüzgar Gayrimenkul’den Muradiye’de Satılık 3+1 Kapalı Mutfak Daire ⭕️,3.950.000 TL,Manisa,Yunusemre,Muradiye Mah.,Manisa / Yunusemre / Muradiye Mah.,3 + 1,130,1,1. Kat,7 Yaşında,Kombi,Var,Var,Var,İkinci El,Boş,Kat İrtifakı,"Kuzey, Güney, Doğu, Batı",etin,-,...,Evet,Özelliğinde – Güvenli ve Temiz Ortam,Hatırlatmaları,Eşyalı Değil,Satılık,95753-1934,22-10-2025,https://www.hepsiemlak.com/manisa-yunusemre-muradiye-satilik/daire/95753-1934,2025-12-03 22:25:42
AKMESCİT MAHALLESİNDE 3 YAŞINDA SATILIK DUBLEKS DAİRE,5.250.000 TL,Manisa,Yunusemre,Akmescit Mah.,Manisa / Yunusemre / Akmescit Mah.,4 + 1,245,1,3. Kat,3 Yaşında,Kombi,Var,Var,Var,-,Mülk Sahibi,Kat Mülkiyeti,"Kuzey, Güney",etin,350 TL,...,Hayır,Haritası,Hatırlatmaları,Eşyalı Değil,Satılık,94966-602,19-09-2025,https://www.hepsiemlak.com/manisa-yunusemre-akmescit-satilik/daire/94966-602,2025-12-03 22:26:03
AKHİSAR RAGIPBEY FAHRİ SERTEL EMLAKTAN SATLIK 2+1 DAİRE,1.685.000 TL,Manisa,Akhisar,Ragip Mah.,Manisa / Akhisar / Ragip Mah.,2 + 1,90,1,En Üst Kat,27 Yaşında,Soba,Yok,Yok,Yok,-,-,Müstakil Tapulu,-,etin,-,...,Evet,Haritası,Hatırlatmaları,-,Satılık,144740-241,30-10-2025,https://www.hepsiemlak.com/manisa-akhisar-ragip-bey-satilik/daire/144740-241,2025-12-03 22:26:26
PLUS+ GAYRİMENKUL FARKIYLA BAYRAM YERİNDE KÖŞE KONUM DAİRE,2.900.000 TL,Manisa,Turgutlu,Kurtulus Mah.,Manisa / Turgutlu / Kurtulus Mah.,-,-,-,-,-,-,Yok,Yok,Yok,-,-,-,-,etin,-,-,-,Haritası,-,-,-,154320-232,21-11-2025,https://www.hepsiemlak.com/manisa-turgutlu-kurtulus-satilik/daire/154320-232,2025-12-03 22:26:47
Bu siteye ulaşılamıyor,-,Manisa,Yunusemre,Topcuasim Mah.,Manisa / Yunusemre / Topcuasim Mah.,-,-,-,-,-,-,Yok,Yok,Yok,-,-,-,-,-,-,-,-,-,-,-,-,-,-,https://www.hepsiemlak.com/manisa-yunusemre-topcuasim-satilik/daire/162376-24,2025-12-03 22:28:35
İdris emlaktan Manisa muradiyeden satılık daire,3.300.000 TL,Manisa,Yunusemre,Muradiye Mah.,Manisa / Yunusemre / Muradiye Mah.,2 + 1,100,1,1. Kat,4 Yaşında,Kombi,Var,Var,Var,-,Mülk Sahibi,Kat İrtifakı,Doğu,etin,150 TL,...,Hayır,İçi Sıfır 1+1 Daire ⭕️,Hatırlatmaları,-,Satılık,22991-769,23-10-2025,https://www.hepsiemlak.com/manisa-yunusemre-muradiye-satilik/daire/22991-769,2025-12-03 22:29:45
EVREN GAYRİMENKULDEN ACARLAR MAHALLESİNDE SATILIK 3+1 LÜKS DAİRE,3.500.000 TL,Manisa,Turgutlu,Acarlar Mah.,Manisa / Turgutlu / Acarlar Mah.,2 + 1,110,1,1. Kat,1 Yaşında,Kombi,Yok,Var,Var,-,Boş,Kat İrtifakı,-,etin,-,...,Evet,Haritası,Hatırlatmaları,Eşyalı Değil,Satılık,163190-6,14-10-2025,https://www.hepsiemlak.com/manisa-turgutlu-acarlar-satilik/daire/163190-6,2025-12-03 22:30:35
3+1 FERAHLIĞINDA 2+1 ARAYANLARA MEVLANA CAMİİ YANINDA DAİRE,3.800.000 TL,Manisa,Salihli,Zafer Mah.,Manisa / Salihli / Zafer Mah.,2 + 1,110,1,2. Kat,Sıfır Bina,Yerden Isıtma,Var,Var,Yok,-,Boş,Kat İrtifakı,"Güney, Doğu",etin,-,...,Evet,Haritası,Hatırlatmaları,Eşyalı Değil,Satılık,114169-14,01-11-2025,https://www.hepsiemlak.com/manisa-salihli-zafer-satilik/daire/114169-14,2025-12-03 22:31:13
SALİHLİ SATILIK 3+1 AÇIK MUTFAK SIFIR DAİRE MEVLANA CAMİİ CİVARI,3.425.000 TL,Manisa,Salihli,Zafer Mah.,Manisa / Salihli / Zafer Mah.,3 + 1,120,1,3. Kat,1 Yaşında,Kombi,Var,Var,Var,-,Boş,Kat Mülkiyeti,-,etin,250 TL,...,Hayır,Haritası,Hatırlatmaları,Eşyalı Değil,Satılık,153067-36,23-10-2025,https://www.hepsiemlak.com/manisa-salihli-zafer-satilik/daire/153067-36,2025-12-03 22:31:37
"Ulucami Mah. Ring Yolu Cepheli, Köşe Konumlu 3+1 Satılık Daire.",3.850.000 TL,Manisa,Akhisar,Ulu Mah.,Manisa / Akhisar / Ulu Mah.,3 + 1,125,1,3. Kat,2 Yaşında,Kombi,Yok,Var,Yok,Sıfır,Boş,Kat İrtifakı,"li, Köşe Konumlu 3+1 Satılık Daire.",etin,-,...,Hayır,Haritası,Hatırlatmaları,Eşyalı Değil,Satılık,94123-2747,24-10-2025,https://www.hepsiemlak.com/manisa-akhisar-ulu-camii-satilik/daire/94123-2747,2025-12-03 22:32:05
AKHİSAR ÇINARLIKAPI YAKINI BİREYSEL OTOPARKLI 3+1 DAİRE,3.500.000 TL,Manisa,Akhisar,Efendi Mah.,Manisa / Akhisar / Efendi Mah.,3 + 1,130,1,1. Kat,1 Yaşında,Kombi,Yok,Var,Var,İkinci El,Mülk Sahibi,Kat İrtifakı,"Kuzey, Batı",etin,-,...,Evet,Haritası,Hatırlatmaları,Eşyalı Değil,Satılık,94123-2670,12-09-2025,https://www.hepsiemlak.com/manisa-akhisar-efendi-satilik/daire/94123-2670,2025-12-03 22:32:32
SALİHLİ CİN EMLAK'TAN DURASILLI MAH SATILIK MÜSTAKİL EV,7.000.000 TL,Manisa,Salihli,Durasilli Mah.,Manisa / Salihli / Durasilli Mah.,3 + 1,120,1,-,15 Yaşında,Soba,Yok,Var,Var,İkinci El,Mülk Sahibi,Kat İrtifakı,"Kuzey, Güney, Doğu, Batı",etin,-,...,Hayır,Haritası,Hatırlatmaları,Eşyalı Değil,Satılık,37897-2051,27-09-2025,https://www.hepsiemlak.com/manisa-salihli-durasilli-satilik/mustakil-ev/37897-2051,2025-12-03 22:32:57
MANİSA SALİHLİ DEVLET HASTANESİ ARKASI SATILIK DAİRE,5.700.000 TL,Manisa,Salihli,Saglik Mah.,Manisa / Salihli / Saglik Mah.,3 + 1,135,1,4. Kat,Sıfır Bina,Isıtma Yok,Var,Var,Var,Sıfır,Boş,Kat İrtifakı,Güney,etin,-,...,Hayır,Haritası,Hatırlatmaları,Eşyalı Değil,Satılık,138755-97,13-11-2025,https://www.hepsiemlak.com/manisa-salihli-saglik-satilik/daire/138755-97,2025-12-03 22:33:17
Satılık Muradiye Cadde Üzeri 3+1 130 m2 Daire,4.600.000 TL,Manisa,Yunusemre,Muradiye Mah.,Manisa / Yunusemre / Muradiye Mah.,3 + 1,140,2,2. Kat,5 Yaşında,Kombi,Yok,Var,Yok,İkinci El,-,Müstakil Tapulu,Güney,etin,-,...,Evet,Haritası,Hatırlatmaları,-,Satılık,95753-2047,12-10-2025,https://www.hepsiemlak.com/manisa-yunusemre-muradiye-satilik/daire/95753-2047,2025-12-03 22:33:38
FİLO GAYRİMENKULDEN SATILIK FULL EŞYALI DAİRE,2.100.000 TL,Manisa,Alasehir,Kurtulus Mah.,Manisa / Alasehir / Kurtulus Mah.,1 + 1,58,1,2. Kat,4 Yaşında,Klima,Var,Yok,Yok,-,Boş,Kat Mülkiyeti,Batı,etin,200 TL,...,Hayır,Haritası,Hatırlatmaları,Eşyalı,Satılık,160709-14,04-10-2025,https://www.hepsiemlak.com/manisa-alasehir-kurtulus-satilik/daire/160709-14,2025-12-03 22:34:01
PLUS+ GAYRİMENKUL FARKIYLA GARDALYA'DA HARİKA KONUMDA DAİRE,3.750.000 TL,Manisa,Turgutlu,Cumhuriyet Mah.,Manisa / Turgutlu / Cumhuriyet Mah.,3 + 1,135,1,4. Kat,16 Yaşında,Kombi,Yok,Yok,Yok,-,Kiracılı,Müstakil Tapulu,-,etin,-,...,Hayır,Haritası,Hatırlatmaları,Eşyalı Değil,Satılık,154320-245,02-10-2025,https://www.hepsiemlak.com/manisa-turgutlu-cumhuriyet-satilik/daire/154320-245,2025-12-03 22:34:20
MERGENDEN MÜKEMMEL KONUMDA SATILIK 140m2 3+1 DAİRE,4.550.000 TL,Manisa,Akhisar,Ataturk Mah.,Manisa / Akhisar / Ataturk Mah.,3 + 1,140,2,3. Kat,Sıfır Bina,Kombi,Yok,Yok,Var,-,Boş,Kat Mülkiyeti,"Kuzey, Güney",etin,100 TL,...,Evet,Haritası,Hatırlatmaları,Eşyalı Değil,Satılık,160594-46,14-11-2025,https://www.hepsiemlak.com/manisa-akhisar-ataturk-satilik/daire/160594-46,2025-12-03 22:35:10
3 ADAM EMLAK'TAN ULUCAMİ MH SATILIK 3+1 DAİRE,4.100.000 TL,Manisa,Akhisar,Ulu Mah.,Manisa / Akhisar / Ulu Mah.,3 + 1,132,2,1. Kat,Sıfır Bina,Kombi,Yok,Yok,Var,-,Boş,Kat İrtifakı,-,etin,-,...,Hayır,Haritası,Hatırlatmaları,Eşyalı Değil,Satılık,143910-131,26-11-2025,https://www.hepsiemlak.com/manisa-akhisar-ulu-camii-satilik/daire/143910-131,2025-12-03 22:35:34
ERGENEKON'DA SATILIK 150M2 3+1 DAİRE,6.000.000 TL,Manisa,Turgutlu,Ergenekon Mah.,Manisa / Turgutlu / Ergenekon Mah.,3 + 1,150,2,2. Kat,Sıfır Bina,Yerden Isıtma,Var,Var,Var,-,Boş,Kat Mülkiyeti,-,etin,-,...,Evet,sinde 2+1 Satılık Köşe Daire,Hatırlatmaları,Eşyalı Değil,Satılık,52577-369,27-10-2025,https://www.hepsiemlak.com/manisa-turgutlu-ergenekon-satilik/daire/52577-369,2025-12-03 22:35:52
Akhisar Efendi Mahallesi'nde 2+1 Satılık Daire,2.950.000 TL,Manisa,Akhisar,Efendi Mah.,Manisa / Akhisar / Efendi Mah.,2 + 1,95,1,4. Kat,Sıfır Bina,Kombi,Yok,Var,Var,Sıfır,Boş,Kat İrtifakı,"Kuzey, Batı",etin,-,...,Hayır,Haritası,Hatırlatmaları,Eşyalı Değil,Satılık,94137-1331,12-09-2025,https://www.hepsiemlak.com/manisa-akhisar-efendi-satilik/daire/94137-1331,2025-12-03 22:36:36
ERGENEKON'DA KAÇMAZ FIRSAT 2+1 DAİRE,3.490.000 TL,Manisa,Turgutlu,Ergenekon Mah.,Manisa / Turgutlu / Ergenekon Mah.,2 + 1,100,1,3. Kat,Sıfır Bina,Yerden Isıtma,Var,Var,Var,-,Boş,Kat Mülkiyeti,-,etin,-,...,Evet,Haritası,Hatırlatmaları,Eşyalı Değil,Satılık,52577-371,27-10-2025,https://www.hepsiemlak.com/manisa-turgutlu-ergenekon-satilik/daire/52577-371,2025-12-03 22:36:53
MANİSA YUNUSEMRE TEVFİKİYE MAHALLESİ SATILIK ARAKAT,4.150.000 TL,Manisa,Yunusemre,Tevfikiye Mah.,Manisa / Yunusemre / Tevfikiye Mah.,3 + 1,130,1,3. Kat,21 Yaşında,Kombi,Yok,Var,Var,İkinci El,Boş,Kat İrtifakı,"Kuzey, Güney, Doğu, Batı",etin,1 TL,...,Evet,Haritası,Hatırlatmaları,Eşyalı Değil,Satılık,162290-3,18-09-2025,https://www.hepsiemlak.com/manisa-yunusemre-tevfikiye-satilik/daire/162290-3,2025-12-03 22:37:13
FIRSAT ! TURPA'DAN SUBAŞI MH. SATILIK LÜKS KAT DUBLEKSİ,4.750.000 TL,Manisa,Turgutlu,Subasi Mah.,Manisa / Turgutlu / Subasi Mah.,3 + 1,180,2,3. Kat,15 Yaşında,Kombi,Var,Var,Var,İkinci El,Boş,Kat Mülkiyeti,-,etin,-,...,Hayır,Haritası,Hatırlatmaları,Eşyalı,Satılık,144722-236,20-09-2025,https://www.hepsiemlak.com/manisa-turgutlu-subasi-satilik/daire/144722-236,2025-12-03 22:37:36
ÖZYURTLAR'DAN AKINCILAR'DA FULL LÜX ARA KAT DAİRE,3.875.000 TL,Manisa,Sehzadeler,Akincilar Mah.,Manisa / Sehzadeler / Akincilar Mah.,3 + 1,115,1,3. Kat,26 Yaşında,Kombi,Yok,Var,Yok,-,Boş,Kat İrtifakı,-,etin,-,...,Evet,Haritası,Hatırlatmaları,Eşyalı Değil,Satılık,162860-36,06-10-2025,https://www.hepsiemlak.com/manisa-sehzadeler-akincilar-satilik/daire/162860-36,2025-12-03 22:38:01
PLUS+ GAYRİMENKUL'den ANAFARTALAR'da Zemin Üstü - 4+1 - 180m2,5.400.000 TL,Manisa,Turgutlu,Cumhuriyet Mah.,Manisa / Turgutlu / Cumhuriyet Mah.,4 + 1,200,1,1. Kat,21 Yaşında,Kombi,Var,Yok,Yok,-,Mülk Sahibi,Kat İrtifakı,"Kuzey, Güney",etin,200 TL,...,Hayır,İçerisinde 165 METREKARE 3+1 DAİRE,Hatırlatmaları,Eşyalı Değil,Satılık,154320-191,03-10-2025,https://www.hepsiemlak.com/manisa-turgutlu-cumhuriyet-satilik/daire/154320-191,2025-12-03 22:38:25
Manisa Şehzadeler 2. Anafartalar Mah. 3+1 Asansörlü Ara Kat,5.450.000 TL,Manisa,Sehzadeler,2 Mah.,Manisa / Sehzadeler / 2 Mah.,3 + 1,127,1,6. Kat,15 Yaşında,Kombi,Var,Var,Var,İkinci El,Mülk Sahibi,Kat Mülkiyeti,"Kuzey, Güney, Doğu, Batı",etin,300 TL,...,Evet,Haritası,Hatırlatmaları,Eşyalı Değil,Satılık,95753-2077,15-11-2025,https://www.hepsiemlak.com/manisa-sehzadeler-2-anafartalar-satilik/daire/95753-2077,2025-12-03 22:38:46
MÜSTAKİL GİBİ 3+1 DAİRE,3.875.000 TL,Manisa,Soma,Onuc Mah.,Manisa / Soma / Onuc Mah.,3 + 1,135,1,Yüksek Giriş,11 Yaşında,Jeotermal Isıtm...,Var,Yok,Var,-,-,Kat Mülkiyeti,-,etin,-,...,Evet,Haritası,Hatırlatmaları,Eşyalı Değil,Satılık,691819-906,13-11-2025,https://www.hepsiemlak.com/manisa-soma-onuc-eylul-satilik/daire/691819-906,2025-12-03 22:39:26
EMİR GRUP'TAN MURADİYE'DE SATILIK ULTRA LÜX ARAKAT DAİRE,3.900.000 TL,Manisa,Yunusemre,Muradiye Mah.,Manisa / Yunusemre / Muradiye Mah.,2 + 1,85,1,2. Kat,1 Yaşında,Yerden Isıtma,Yok,Var,Var,-,Boş,Kat İrtifakı,-,etin,-,...,Hayır,Haritası,Hatırlatmaları,Eşyalı Değil,Satılık,163565-8,29-10-2025,https://www.hepsiemlak.com/manisa-yunusemre-muradiye-satilik/daire/163565-8,2025-12-03 22:39:46
KURTULUŞ'DA ADLİYE'YE YAKIN KONUMDA TEMİZ DAİRE FIRSATI!,3.500.000 TL,Manisa,Turgutlu,Kurtulus Mah.,Manisa / Turgutlu / Kurtulus Mah.,3 + 1,125,1,4. Kat,6 Yaşında,Kombi,Var,Yok,Var,-,Kiracılı,Kat Mülkiyeti,"Kuzey, Güney, Doğu, Batı",etin,-,...,Evet,Haritası,Hatırlatmaları,Eşyalı Değil,Satılık,164247-66,21-11-2025,https://www.hepsiemlak.com/manisa-turgutlu-kurtulus-satilik/daire/164247-66,2025-12-03 22:40:06
EVONA GAYRİMENKULDEN SİTE İÇERİSİNDE BAHÇE KATI 2+1 DAİRE,5.750.000 TL,Manisa,Yunusemre,Muradiye Mah.,Manisa / Yunusemre / Muradiye Mah.,2 + 1,80,1,Bahçe Katı,3 Yaşında,Kombi,Yok,Yok,Yok,-,Mülk Sahibi,Kat İrtifakı,-,etin,-,...,Hayır,İçerisinde,Hatırlatmaları,Eşyalı Değil,Satılık,163068-12,23-11-2025,https://www.hepsiemlak.com/manisa-yunusemre-muradiye-satilik/daire/163068-12,2025-12-03 22:40:35
MANİSA SALİHLİ(KİPA) LUNA AVM CİVARINDA SATILIK 5.KAT 3+1 DAİRE,4.150.000 TL,Manisa,Salihli,Sehitler Mah.,Manisa / Salihli / Sehitler Mah.,3 + 1,135,2,5. Kat,Sıfır Bina,Yerden Isıtma,Yok,Var,Var,Sıfır,Boş,Kat İrtifakı,"Güney, Doğu",etin,-,...,-,Haritası,Hatırlatmaları,Eşyalı Değil,Satılık,138755-305,02-12-2025,https://www.hepsiemlak.com/manisa-salihli-sehitler-satilik/daire/138755-305,2025-12-03 22:40:59
EMRAH EMLAKTAN ATATÜRK MAH SATILIK DAİRE,3.900.000 TL,Manisa,Akhisar,Ataturk Mah.,Manisa / Akhisar / Ataturk Mah.,2 + 1,105,1,2. Kat,5 Yaşında,Kombi,Yok,Var,Yok,-,Kiracılı,Kat İrtifakı,"Güney, Batı",etin,-,...,Hayır,Haritası,Hatırlatmaları,Eşyalı,Satılık,141484-20,30-10-2025,https://www.hepsiemlak.com/manisa-akhisar-ataturk-satilik/daire/141484-20,2025-12-03 22:41:22
ESLİFE'DAN ACARLAR MAH. 3+1 ARAKAT DAİRE,4.600.000 TL,Manisa,Turgutlu,Acarlar Mah.,Manisa / Turgutlu / Acarlar Mah.,3 + 1,135,1,2. Kat,6 Yaşında,Kombi,Yok,Yok,Yok,-,Boş,Kat Mülkiyeti,Güney,etin,-,...,Evet,Haritası,Hatırlatmaları,Eşyalı Değil,Satılık,136231-34,31-10-2025,https://www.hepsiemlak.com/manisa-turgutlu-acarlar-satilik/daire/136231-34,2025-12-03 22:41:44
Cumhuriyet Mahallesinde Satılık Daire,3.950.000 TL,Manisa,Turgutlu,Cumhuriyet Mah.,Manisa / Turgutlu / Cumhuriyet Mah.,2 + 1,115,1,3. Kat,16 Yaşında,Kombi,Var,Var,Var,-,Mülk Sahibi,Kat Mülkiyeti,-,etin,-,...,Hayır,Haritası,Hatırlatmaları,Eşyalı Değil,Satılık,160048-64,27-11-2025,https://www.hepsiemlak.com/manisa-turgutlu-cumhuriyet-satilik/daire/160048-64,2025-12-03 22:42:13
LİDYA GARDEN CİTY'DE HAVUZLU LÜX SİTE İÇİNDE,4.100.000 TL,Manisa,Turgutlu,Irlamaz Mah.,Manisa / Turgutlu / Irlamaz Mah.,2 + 1,102,2,5. Kat,Sıfır Bina,Yerden Isıtma,Yok,Var,Var,Sıfır,Boş,Kat İrtifakı,-,etin,-,...,Evet,İçerisinde,.,Eşyalı Değil,Satılık,140379-21,04-11-2025,https://www.hepsiemlak.com/manisa-turgutlu-irlamaz-satilik/daire/140379-21,2025-12-03 22:42:38
SALİHLİ YÖRÜKDE SATILIK 3+1 DAİRE123456,6.500.000 TL,Manisa,Salihli,Yoruk Mah.,Manisa / Salihli / Yoruk Mah.,3 + 1,175,1,2. Kat,12 Yaşında,Kombi,Yok,Var,Yok,İkinci El,Mülk Sahibi,Kat İrtifakı,-,etin,-,...,Hayır,Haritası,Hatırlatmaları,Eşyalı Değil,Satılık,104662-630,16-09-2025,https://www.hepsiemlak.com/manisa-salihli-yoruk-satilik/daire/104662-630,2025-12-03 22:43:04
MANİSA MURADİYE MAH. CUMHURİYET OKULU CİVARINDA 2+1 SATILIK,3.700.000 TL,Manisa,Yunusemre,Muradiye Mah.,Manisa / Yunusemre / Muradiye Mah.,2 + 1,95,1,Yüksek Giriş,4 Yaşında,Kombi,Var,Yok,Yok,-,Mülk Sahibi,Kat İrtifakı,"Güney, Doğu",etin,-,...,Evet,Haritası,Hatırlatmaları,Eşyalı Değil,Satılık,150932-40,05-10-2025,https://www.hepsiemlak.com/manisa-yunusemre-muradiye-satilik/daire/150932-40,2025-12-03 22:44:03
Manisa salihli M&Ş Gayrumenkulden satılık ultra lüks dairemiz satılıktır.,5.500.000 TL,Manisa,Salihli,Gunes Mah.,Manisa / Salihli / Gunes Mah.,3 + 1,160,2,Kot 2,5 Yaşında,Kombi,Yok,Yok,Var,-,Mülk Sahibi,Kat İrtifakı,-,etin,-,...,Evet,Haritası,Hatırlatmaları,Eşyalı Değil,Satılık,139585-96,26-09-2025,https://www.hepsiemlak.com/manisa-salihli-gunes-satilik/daire/139585-96,2025-12-03 22:44:29
176 M2 DUBLEKS DAİRE YIL SONU FIRSATI İLE SUBAŞI MAHALLESİNDE,4.440.000 TL,Manisa,Turgutlu,Subasi Mah.,Manisa / Turgutlu / Subasi Mah.,4 + 1,200,2,4. Kat,Sıfır Bina,Kombi,Yok,Yok,Var,-,Boş,Kat Mülkiyeti,-,etin,-,...,Hayır,Haritası,Hatırlatmaları,Eşyalı Değil,Satılık,156788-223,03-12-2025,https://www.hepsiemlak.com/manisa-turgutlu-subasi-satilik/daire/156788-223,2025-12-03 22:44:53
TURGUTLU'DA SATILIK LÜKS DAİRELER,5.600.000 TL,Manisa,Turgutlu,Ergenekon Mah.,Manisa / Turgutlu / Ergenekon Mah.,3 + 1,134,2,Ara Kat,Sıfır Bina,Kombi,Yok,Var,Var,-,-,Kat Mülkiyeti,-,etin,-,...,Hayır,Haritası,Hatırlatmaları,Eşyalı Değil,Satılık,141766-35,27-09-2025,https://www.hepsiemlak.com/manisa-turgutlu-ergenekon-satilik/daire/141766-35,2025-12-03 22:45:17
Manisa Şehzadeler Peker Mah. Fırsat 3+1 Arakat Çift Balkonlu,4.700.000 TL,Manisa,Sehzadeler,Peker Mah.,Manisa / Sehzadeler / Peker Mah.,3 + 1,125,1,Ara Kat,25 Yaşında,Kombi,Var,Var,Yok,İkinci El,Mülk Sahibi,Kat Mülkiyeti,"Kuzey, Güney, Doğu, Batı",etin,200 TL,...,Hayır,Haritası,Hatırlatmaları,Eşyalı Değil,Satılık,95753-2057,15-11-2025,https://www.hepsiemlak.com/manisa-sehzadeler-peker-satilik/daire/95753-2057,2025-12-03 22:45:36
MANİSA MURADİYE SIFIR 2+1 ÖNÜ AÇIK SATILIK DAİRE,3.500.000 TL,Manisa,Yunusemre,Muradiye Mah.,Manisa / Yunusemre / Muradiye Mah.,2 + 1,95,1,2. Kat,1 Yaşında,Yerden Isıtma,Var,Var,Yok,-,Boş,Kat İrtifakı,-,etin,-,...,Evet,Haritası,Hatırlatmaları,Eşyalı Değil,Satılık,150932-47,05-10-2025,https://www.hepsiemlak.com/manisa-yunusemre-muradiye-satilik/daire/150932-47,2025-12-03 22:45:55
EMİR GRUP'TAN SATILIK 5+2 ASANSÖRLÜ ÇİFT GİRİŞLİ DUBLEKS,5.250.000 TL,Manisa,Yunusemre,Muradiye Mah.,Manisa / Yunusemre / Muradiye Mah.,5 + 1,280,3,5. Kat,1 Yaşında,Kombi,Var,Var,Var,-,Boş,Kat İrtifakı,-,etin,-,...,Evet,Haritası,Hatırlatmaları,Eşyalı Değil,Satılık,163565-60,28-10-2025,https://www.hepsiemlak.com/manisa-yunusemre-muradiye-satilik/daire/163565-60,2025-12-03 22:46:15
NOVA'DAN ERGENEKON'DA SATILIK 3+1 ARAKAT SIFIR DAİRE,4.750.000 TL,Manisa,Turgutlu,Ergenekon Mah.,Manisa / Turgutlu / Ergenekon Mah.,3 + 1,130,1,2. Kat,Sıfır Bina,Kombi,Var,Var,Var,-,Boş,Kat İrtifakı,"Güney, Doğu",etin,-,...,Hayır,Haritası,Hatırlatmaları,Eşyalı Değil,Satılık,123058-1845,03-10-2025,https://www.hepsiemlak.com/manisa-turgutlu-ergenekon-satilik/daire/123058-1845,2025-12-03 22:46:36
şehitler Mh'de ferah bakımlı daire,3.490.000 TL,Manisa,Turgutlu,Sehitler Mah.,Manisa / Turgutlu / Sehitler Mah.,3 + 1,130,1,4. Kat,6 Yaşında,Kombi,Yok,Yok,Var,-,Kiracılı,Kat Mülkiyeti,-,etin,-,...,Hayır,Haritası,Hatırlatmaları,Eşyalı Değil,Satılık,160048-94,25-11-2025,https://www.hepsiemlak.com/manisa-turgutlu-sehitler-satilik/daire/160048-94,2025-12-03 22:46:56
TURPA'DAN CUMHURİYET MH. SATILIK FIRSAT 3+1-155 M2 SATILIK DAİRE,4.500.000 TL,Manisa,Turgutlu,Cumhuriyet Mah.,Manisa / Turgutlu / Cumhuriyet Mah.,3 + 1,155,2,4. Kat,11 Yaşında,Kombi,Var,Var,Var,-,Boş,Kat Mülkiyeti,-,etin,-,...,Evet,Haritası,Hatırlatmaları,Eşyalı Değil,Satılık,144722-272,25-10-2025,https://www.hepsiemlak.com/manisa-turgutlu-cumhuriyet-satilik/daire/144722-272,2025-12-03 22:47:19
ÖZ DOST EMLAKTAN MURADİYEDE SATILIK 5+1 DUBLEX,5.000.000 TL,Manisa,Yunusemre,Muradiye Mah.,Manisa / Yunusemre / Muradiye Mah.,5 + 1,250,3,4. Kat,4 Yaşında,Kombi,Yok,Yok,Yok,-,Mülk Sahibi,Kat İrtifakı,-,etin,-,...,Evet,Haritası,Hatırlatmaları,Eşyalı Değil,Satılık,137460-23,07-11-2025,https://www.hepsiemlak.com/manisa-yunusemre-muradiye-satilik/daire/137460-23,2025-12-03 22:49:47
MANİSA YUNUSEMRE Kuyualan Mah. Kumludere Cad. Full Lüx Satılık Daire,4.500.000 TL,Manisa,Yunusemre,Kuyualan Mah.,Manisa / Yunusemre / Kuyualan Mah.,3 + 1,130,1,3. Kat,21 Yaşında,Kombi,Yok,Var,Var,-,Boş,Kat İrtifakı,"Kuzey, Güney, Doğu, Batı",etin,-,...,Hayır,Haritası,Hatırlatmaları,Eşyalı Değil,Satılık,162290-7,18-09-2025,https://www.hepsiemlak.com/manisa-yunusemre-kuyualan-satilik/daire/162290-7,2025-12-03 22:50:07
MANİSA KAYNAK MAHALLESİNDE SATILIK YÜKSEK ZEMİN DAİRE,4.250.000 TL,Manisa,Yunusemre,Kaynak Mah.,Manisa / Yunusemre / Kaynak Mah.,2 + 1,95,1,Yüksek Giriş,11 Yaşında,Kombi,Yok,Var,Var,-,Mülk Sahibi,Kat Mülkiyeti,-,etin,100 TL,...,Evet,Haritası,Hatırlatmaları,Eşyalı Değil,Satılık,158110-234,21-10-2025,https://www.hepsiemlak.com/manisa-yunusemre-kaynak-satilik/daire/158110-234,2025-12-03 22:50:29
14.000 TL KİRACILI 2.ANAFARTALAR MAH SATILIK 1+1 KAPALI MUTFAK DÜŞÜK ZEMİN,2.550.000 TL,Manisa,Sehzadeler,2 Mah.,Manisa / Sehzadeler / 2 Mah.,1 + 1,60,1,Zemin,25 Yaşında,Doğalgaz Sobası,Yok,Yok,Yok,İkinci El,Boş,Kat İrtifakı,Doğu,etin,-,...,Evet,Haritası,Hatırlatmaları,Eşyalı Değil,Satılık,70124-3978,13-11-2025,https://www.hepsiemlak.com/manisa-sehzadeler-2-anafartalar-satilik/daire/70124-3978,2025-12-03 22:50:50
Yunusemre Muradiye Mh. Satılık Daire,"Fiyat
En Az
TL
En Çok
TL",Manisa,Yunusemre,Muradiye Mah.,Manisa / Yunusemre / Muradiye Mah.,-,-,Seçiniz,Kat Seçiniz,Bina Yaşı,Isınma Tipi Seçiniz,Var,Var,Var,-,Kullanım Durumu Seçiniz,Tapu Durumu Seçiniz,Cephe Seçiniz,etin,-,k,a Uygun,Tümü,li Site İçi 2+1 Satılık Daire ⭕️,Tümü,-,-,03-12-2025,https://www.hepsiemlak.com/manisa-yunusemre-muradiye-satilik/daire/158110-201,2025-12-03 22:51:16
Muradiye de okul karsısında satılık sıfır 2+1,3.050.000 TL,Manisa,Yunusemre,Muradiye Mah.,Manisa / Yunusemre / Muradiye Mah.,2 + 1,85,1,Yüksek Giriş,1 Yaşında,Kombi,Yok,Var,Var,-,Boş,Kat Mülkiyeti,-,etin,-,...,Evet,İçi Satılık 1+1 Daire ⭕️,Hatırlatmaları,Eşyalı Değil,Satılık,163401-7,05-11-2025,https://www.hepsiemlak.com/manisa-yunusemre-muradiye-satilik/daire/163401-7,2025-12-03 22:51:37
TREND LİFE Sitesi Müstakil Havuzlu Ultra Lüks Sıfır Villa,25.000.000 TL,Manisa,Yunusemre,Muradiye Mah.,Manisa / Yunusemre / Muradiye Mah.,8 + 1,550,2,Bahçe Katı,Sıfır Bina,Yerden Isıtma,Yok,Var,Var,-,Boş,Müstakil Tapulu,"Kuzey, Güney, Doğu, Batı",etin,-,...,Evet,si Müstakil Havuzlu Ultra Lüks Sıfır Villa,Hatırlatmaları,Eşyalı Değil,Satılık,158110-7,02-12-2025,https://www.hepsiemlak.com/manisa-yunusemre-muradiye-satilik/villa/158110-7,2025-12-03 22:51:56
SATILIK YAZLIK 2+1 EV,2.500.000 TL,Manisa,Turgutlu,Altay Mah.,Manisa / Turgutlu / Altay Mah.,2 + 1,75,1,Bahçe Katı,4 Yaşında,Klima,Yok,Yok,Yok,-,Boş,Kooperatiften H...,-,etin,-,...,Hayır,Haritası,Hatırlatmaları,Eşyalı,Satılık,160009-14,24-09-2025,https://www.hepsiemlak.com/manisa-turgutlu-altay-satilik/yazlik/160009-14,2025-12-03 22:52:17
Manisa Yunusemre Topçuasım Mh 3+1 Ara Kat Daire,4.350.000 TL,Manisa,Yunusemre,Topcuasim Mah.,Manisa / Yunusemre / Topcuasim Mah.,3 + 1,120,1,Ara Kat,25 Yaşında,Kombi,Var,Var,Yok,İkinci El,Boş,Kat Mülkiyeti,"Kuzey, Güney, Doğu, Batı",etin,250 TL,...,Evet,Haritası,Hatırlatmaları,Eşyalı Değil,Satılık,95753-2030,27-09-2025,https://www.hepsiemlak.com/manisa-yunusemre-topcuasim-satilik/daire/95753-2030,2025-12-03 22:52:38
DEDE EMLAK'TAN MURADİYE DE SATILIK DAİRE,2.900.000 TL,Manisa,Yunusemre,Muradiye Mah.,Manisa / Yunusemre / Muradiye Mah.,2 + 1,85,1,Yüksek Giriş,1 Yaşında,Kombi,Yok,Var,Yok,-,Boş,Kat İrtifakı,-,etin,-,...,Hayır,İçi Satılık 1+1 Daire ⭕️,Hatırlatmaları,Eşyalı Değil,Satılık,163401-11,05-11-2025,https://www.hepsiemlak.com/manisa-yunusemre-muradiye-satilik/daire/163401-11,2025-12-03 22:53:01
MURADİYE MH 3+1 KAP.MUTFAK 120M² 2.BALKON 6 YAŞ FULL LÜKS DAİRE,4.250.000 TL,Manisa,Yunusemre,Muradiye Mah.,Manisa / Yunusemre / Muradiye Mah.,3 + 1,135,1,3. Kat,1 Yaşında,Kombi,Var,Var,Var,-,Mülk Sahibi,Kat İrtifakı,-,etin,-,...,Hayır,Haritası,Hatırlatmaları,Eşyalı Değil,Satılık,114523-373,10-09-2025,https://www.hepsiemlak.com/manisa-yunusemre-muradiye-satilik/daire/114523-373,2025-12-03 22:53:40
ÖZYURTLAR'DAN KUYUALAN'DA FULL ÖZELLİKLİ LÜX 4+1,6.700.000 TL,Manisa,Yunusemre,Kuyualan Mah.,Manisa / Yunusemre / Kuyualan Mah.,4 + 1,180,2,2. Kat,1 Yaşında,Kombi,Yok,Var,Yok,-,Mülk Sahibi,Kat İrtifakı,-,etin,-,...,Hayır,Haritası,Hatırlatmaları,Eşyalı Değil,Satılık,162860-7,06-10-2025,https://www.hepsiemlak.com/manisa-yunusemre-kuyualan-satilik/daire/162860-7,2025-12-03 22:54:03
ZEKİ EMLAK'TAN MURADİYE'DE EŞYALI SATILIK 1+1 ARA KAT DAİRE,2.650.000 TL,Manisa,Yunusemre,Muradiye Mah.,Manisa / Yunusemre / Muradiye Mah.,1 + 1,50,1,2. Kat,7 Yaşında,Kombi,Yok,Yok,Var,İkinci El,Boş,Kat İrtifakı,-,etin,-,...,-,Haritası,Hatırlatmaları,Eşyalı,Satılık,156185-459,02-12-2025,https://www.hepsiemlak.com/manisa-yunusemre-muradiye-satilik/daire/156185-459,2025-12-03 22:54:25
EMİR GRUP'TAN MURADİYE'DE SATILIK 2+1 90M² SIFIR ARAKAT DAİRE,3.900.000 TL,Manisa,Yunusemre,Muradiye Mah.,Manisa / Yunusemre / Muradiye Mah.,2 + 1,90,1,2. Kat,1 Yaşında,Kombi,Yok,Yok,Var,-,Boş,Kat İrtifakı,-,etin,-,...,Hayır,Haritası,Hatırlatmaları,Eşyalı Değil,Satılık,163565-27,28-10-2025,https://www.hepsiemlak.com/manisa-yunusemre-muradiye-satilik/daire/163565-27,2025-12-03 22:54:46
TokiNin en Güzel Yerinde 3 Cephe Önü Açık,4.650.000 TL,Manisa,Yunusemre,Akgedik Mah.,Manisa / Yunusemre / Akgedik Mah.,-,-,-,-,-,-,Yok,Yok,Yok,-,-,-,Önü Açık,etin,-,-,-,Haritası,-,-,-,152909-32,30-11-2025,https://www.hepsiemlak.com/manisa-yunusemre-akgedik-satilik/daire/152909-32,2025-12-03 22:55:05
MERCAN EMLAK KAYNAK MAH. 4+1 DUBLEKS 280 m2 ASANSÖR LÜ DAİRE SATILIKTIR.,6.000.000 TL,Manisa,Yunusemre,Kaynak Mah.,Manisa / Yunusemre / Kaynak Mah.,4 + 1,280,2,4. Kat,22 Yaşında,Kombi,Var,Var,Var,İkinci El,Mülk Sahibi,Kat İrtifakı,-,etin,-,...,Evet,si Açık Mutfak 2+1 Satılık Daire,Hatırlatmaları,Eşyalı Değil,Satılık,106564-436,01-11-2025,https://www.hepsiemlak.com/manisa-yunusemre-kaynak-satilik/daire/106564-436,2025-12-03 22:55:29
MUSTAFA BAŞYİĞİT EMLAKTAN ATATÜRK MAH SATILIK GENİŞ 2+0,2.550.000 TL,Manisa,Akhisar,Ataturk Mah.,Manisa / Akhisar / Ataturk Mah.,2 + 0,92,1,4. Kat,1 Yaşında,Kombi,Yok,Var,Yok,-,Kiracılı,Kat Mülkiyeti,Doğu,etin,-,...,Hayır,Haritası,Hatırlatmaları,Eşyalı Değil,Satılık,162406-140,23-10-2025,https://www.hepsiemlak.com/manisa-akhisar-ataturk-satilik/daire/162406-140,2025-12-03 22:55:49
MANİSA ŞEHZADELER Zirve Emlak'tan Alaybey Mh Uygun Fiyata Full öz satılık Arakat,2.950.000 TL,Manisa,Sehzadeler,Alaybey Mah.,Manisa / Sehzadeler / Alaybey Mah.,2 + 1,80,1,2. Kat,21 Yaşında,Kombi,Yok,Var,Var,-,Boş,Kat İrtifakı,"Kuzey, Güney, Doğu, Batı",etin,-,...,Evet,Haritası,Hatırlatmaları,Eşyalı Değil,Satılık,162290-19,18-09-2025,https://www.hepsiemlak.com/manisa-sehzadeler-alaybey-satilik/daire/162290-19,2025-12-03 22:56:15
Salihli Aksoy Mh. Satılık Daire,"Fiyat
En Az
TL
En Çok
TL",Manisa,Salihli,Aksoy Mah.,Manisa / Salihli / Aksoy Mah.,-,-,Seçiniz,Kat Seçiniz,Bina Yaşı,Isınma Tipi Seçiniz,Var,Var,Var,-,Kullanım Durumu Seçiniz,Tapu Durumu Seçiniz,Cephe Seçiniz,etin,-,k,a Uygun,Tümü,-,Tümü,-,-,06-11-2025,https://www.hepsiemlak.com/manisa-salihli-aksoy-satilik/daire/37897-2538,2025-12-03 22:56:36
MERGENDEN HÜRRİYETTE MERKEZİ KONUMDA ARAKAT 2+1 DAİRE,3.600.000 TL,Manisa,Akhisar,Hurriyet Mah.,Manisa / Akhisar / Hurriyet Mah.,2 + 1,90,2,2. Kat,1 Yaşında,Kombi,Yok,Var,Var,-,Boş,Kat Mülkiyeti,"Kuzey, Güney",etin,200 TL,...,Evet,Haritası,Hatırlatmaları,Eşyalı Değil,Satılık,160594-37,23-10-2025,https://www.hepsiemlak.com/manisa-akhisar-hurriyet-satilik/daire/160594-37,2025-12-03 22:56:55
"Ursavaş Villalarında Emsalsiz Sıfır Lüks Villa – Havuz Cepheli, Mükemmel Konumda!",14.950.000 TL,Manisa,Akhisar,Resat Mah.,Manisa / Akhisar / Resat Mah.,5 + 1,225,2,-,Sıfır Bina,Yerden Isıtma,Var,Yok,Var,-,-,Müstakil Tapulu,"li, Mükemmel Konumda!",etin,-,...,Hayır,İçerisinde,Hatırlatmaları,Eşyalı Değil,Satılık,0-45486544,24-10-2025,https://www.hepsiemlak.com/manisa-akhisar-resat-bey-satilik/villa/0-45486544,2025-12-03 22:57:41
Turgutlu Ergenekon Mh. Yerden Isıtmalı 3+1 Sıfır Satılık,4.500.000 TL,Manisa,Turgutlu,Ergenekon Mah.,Manisa / Turgutlu / Ergenekon Mah.,3 + 1,130,2,3. Kat,Sıfır Bina,Kombi,Var,Var,Yok,-,Boş,Kat İrtifakı,"Kuzey, Doğu",etin,-,...,Evet,Haritası,Hatırlatmaları,Eşyalı Değil,Satılık,123058-1840,24-11-2025,https://www.hepsiemlak.com/manisa-turgutlu-ergenekon-satilik/daire/123058-1840,2025-12-03 22:58:02
SALİHLİ CİN EMLAKTAN YÖRÜKMAHALLESİNDE 3 NCÜ KAT 3+1 DOGALGAZLI ASANSÖRLÜ SATILIK DAİRE,4.600.000 TL,Manisa,Salihli,Yoruk Mah.,Manisa / Salihli / Yoruk Mah.,3 + 1,145,1,3. Kat,20 Yaşında,Kombi,Yok,Var,Var,İkinci El,-,Kat Mülkiyeti,"Güney, Batı",etin,-,...,Hayır,içerisinde güvenli yaşam,Hatırlatmaları,-,Satılık,37897-2526,09-09-2025,https://www.hepsiemlak.com/manisa-salihli-yoruk-satilik/daire/37897-2526,2025-12-03 22:58:23
Altay Mahallesi satılık daire zeminden ısıtma 5 yıllık 130 M2,4.250.000 TL,Manisa,Turgutlu,Altay Mah.,Manisa / Turgutlu / Altay Mah.,3 + 1,130,1,3. Kat,1 Yaşında,Yerden Isıtma,Var,Var,Yok,-,Boş,Kat İrtifakı,-,etin,-,...,Hayır,Haritası,Hatırlatmaları,-,Satılık,154992-6,24-09-2025,https://www.hepsiemlak.com/manisa-turgutlu-altay-satilik/daire/154992-6,2025-12-03 22:58:45
SALİHLİ SATILIK 3+1 DOĞALGAZLI ASANSÖRLÜ DAİRE CUMHURİYET MAH,3.500.000 TL,Manisa,Salihli,Cumhuriyet Mah.,Manisa / Salihli / Cumhuriyet Mah.,3 + 1,160,1,6. Kat,21 Yaşında,Kombi,Var,Var,Var,-,Mülk Sahibi,Kat Mülkiyeti,-,etin,150 TL,...,Hayır,Haritası,Hatırlatmaları,Eşyalı Değil,Satılık,153067-24,23-10-2025,https://www.hepsiemlak.com/manisa-salihli-cumhuriyet-satilik/daire/153067-24,2025-12-03 22:59:06
ŞEHİTLER MAHALLESİ'NDE SATILIK 310M2 DUBLEKS,5.500.000 TL,Manisa,Turgutlu,Sehitler Mah.,Manisa / Turgutlu / Sehitler Mah.,5 + 1,310,3,5. Kat,Sıfır Bina,Kombi,Yok,Var,Var,-,Boş,Kat Mülkiyeti,-,etin,-,...,Evet,Haritası,Hatırlatmaları,Eşyalı Değil,Satılık,52577-380,01-10-2025,https://www.hepsiemlak.com/manisa-turgutlu-sehitler-satilik/daire/52577-380,2025-12-03 22:59:25
ARAS YAPI'DAN MURADİYE'DE 4+2 ÇİFT GİRİŞE UYGUN SATILIK DUBLEX,4.740.000 TL,Manisa,Yunusemre,Muradiye Mah.,Manisa / Yunusemre / Muradiye Mah.,4 + 2,250,2,4. Kat,1 Yaşında,Kombi,Var,Var,Var,-,Boş,Kat İrtifakı,-,etin,-,...,Hayır,Haritası,Hatırlatmaları,Eşyalı Değil,Satılık,159142-60,17-09-2025,https://www.hepsiemlak.com/manisa-yunusemre-muradiye-satilik/daire/159142-60,2025-12-03 22:59:47
Manisa Şehzadeler İbrahim Çelebi MH 3+1 120 M2 Full Ara Kat,4.800.000 TL,Manisa,Sehzadeler,Ibrahimcelebi Mah.,Manisa / Sehzadeler / Ibrahimcelebi Mah.,3 + 1,120,1,3. Kat,25 Yaşında,Kombi,Var,Var,Yok,İkinci El,Boş,Kat İrtifakı,"Kuzey, Güney, Doğu, Batı",etin,300 TL,...,Evet,Haritası,Hatırlatmaları,Eşyalı Değil,Satılık,95753-2099,24-11-2025,https://www.hepsiemlak.com/manisa-sehzadeler-ibrahimcelebi-satilik/daire/95753-2099,2025-12-03 23:00:06
ÖZYURTLAR'DAN TOPÇUASIM MAHALLESİNDE FIRSAT DAİRE,3.650.000 TL,Manisa,Yunusemre,Topcuasim Mah.,Manisa / Yunusemre / Topcuasim Mah.,3 + 1,100,1,5. Kat,21 Yaşında,Kombi,Yok,Var,Yok,-,Boş,Kat İrtifakı,-,etin,-,...,Evet,Haritası,Hatırlatmaları,Eşyalı Değil,Satılık,162860-37,06-10-2025,https://www.hepsiemlak.com/manisa-yunusemre-topcuasim-satilik/daire/162860-37,2025-12-03 23:00:30
TURAN MH. MERKEZİ KONUM SATILIK 3+1 DAİRE,3.600.000 TL,Manisa,Turgutlu,Turan Mah.,Manisa / Turgutlu / Turan Mah.,3 + 1,130,1,3. Kat,16 Yaşında,Kombi,Var,Var,Var,-,Boş,Kat İrtifakı,"Doğu, Batı",etin,-,...,Evet,Haritası,Hatırlatmaları,Eşyalı Değil,Satılık,123058-2247,25-10-2025,https://www.hepsiemlak.com/manisa-turgutlu-turan-satilik/daire/123058-2247,2025-12-03 23:00:50
EMİR GRUP'TAN MURADİYE'DE İSTASYON CİV 3+1 SIFIR FULL LÜX DAİRE,3.500.000 TL,Manisa,Yunusemre,Muradiye Mah.,Manisa / Yunusemre / Muradiye Mah.,3 + 1,115,2,Yüksek Giriş,1 Yaşında,Kombi,Yok,Yok,Var,-,Boş,Kat İrtifakı,-,etin,-,...,Evet,Haritası,Hatırlatmaları,Eşyalı Değil,Satılık,163565-13,28-10-2025,https://www.hepsiemlak.com/manisa-yunusemre-muradiye-satilik/daire/163565-13,2025-12-03 23:01:40
MANİSA YUNUSEMRE ZİRVE EMLAK'TAN TEVFİKİYE MH FULL LÜKS SATILIK ARAKAT DAİRE,4.150.000 TL,Manisa,Yunusemre,Tevfikiye Mah.,Manisa / Yunusemre / Tevfikiye Mah.,3 + 1,125,1,3. Kat,26 Yaşında,Kombi,Var,Var,Var,-,Boş,Kat İrtifakı,"Kuzey, Güney, Doğu, Batı",etin,-,...,Evet,Haritası,Hatırlatmaları,Eşyalı Değil,Satılık,162290-4,18-09-2025,https://www.hepsiemlak.com/manisa-yunusemre-tevfikiye-satilik/daire/162290-4,2025-12-03 23:02:04
TAM NOKTA TURGUTLU'DAN MERKEZDE YATIRIMLIK SATILIK KOMPLE BİNA,21.000.000 TL,Manisa,Turgutlu,Turan Mah.,Manisa / Turgutlu / Turan Mah.,10 + 1,1,1,-,25 Yaşında,Klima,Yok,Yok,Yok,İkinci El,-,Hisseli Tapu,-,etin,-,...,-,Haritası,Hatırlatmaları,-,Satılık,156788-155,21-11-2025,https://www.hepsiemlak.com/manisa-turgutlu-turan-satilik/bina/156788-155,2025-12-03 23:02:29
ARAS YAPI'DAN MURADİYE'DE CADDE DE 2+1 SATILIK SIFIR DAİRE,3.450.000 TL,Manisa,Yunusemre,Muradiye Mah.,Manisa / Yunusemre / Muradiye Mah.,2 + 1,95,1,1. Kat,1 Yaşında,Kombi,Yok,Var,Yok,-,Boş,Kat İrtifakı,-,etin,-,...,Hayır,Satılık 2+1 Daire,Hatırlatmaları,Eşyalı Değil,Satılık,159142-74,08-11-2025,https://www.hepsiemlak.com/manisa-yunusemre-muradiye-satilik/daire/159142-74,2025-12-03 23:02:51
acil satılık doğalgazlı daire 140m2 Yılmazlar mahallesi,2.500.000 TL,Manisa,Turgutlu,Yilmazlar Mah.,Manisa / Turgutlu / Yilmazlar Mah.,3 + 1,141,1,3. Kat,11 Yaşında,Kombi,Yok,Var,Yok,-,Kiracılı,Kat İrtifakı,-,etin,-,...,Hayır,Haritası,Hatırlatmaları,-,Satılık,154992-26,30-09-2025,https://www.hepsiemlak.com/manisa-turgutlu-yilmazlar-satilik/daire/154992-26,2025-12-03 23:03:20
MURADİYEDE SÜPER KONUMDA 3+1 DAİRE,4.250.000 TL,Manisa,Yunusemre,Muradiye Mah.,Manisa / Yunusemre / Muradiye Mah.,3 + 1,125,1,2. Kat,4 Yaşında,Kombi,Yok,Yok,Var,-,Boş,Kat İrtifakı,-,etin,100 TL,...,Evet,Haritası,Hatırlatmaları,Eşyalı Değil,Satılık,153592-35,16-09-2025,https://www.hepsiemlak.com/manisa-yunusemre-muradiye-satilik/daire/153592-35,2025-12-03 23:03:48
Manisa Muradiye Satılık Ferah 3+1 Kapalı Mutfak 2. Kat Daire,4.500.000 TL,Manisa,Yunusemre,Muradiye Mah.,Manisa / Yunusemre / Muradiye Mah.,3 + 1,125,1,2. Kat,5 Yaşında,Kombi,Yok,Var,Var,İkinci El,Mülk Sahibi,Müstakil Tapulu,Doğu,etin,-,...,Evet,Haritası,Hatırlatmaları,Eşyalı Değil,Satılık,95753-2085,03-11-2025,https://www.hepsiemlak.com/manisa-yunusemre-muradiye-satilik/daire/95753-2085,2025-12-03 23:04:20
EMRAH EMLAKTAN SATILIK DUBLEKS DAİRE,4.600.000 TL,Manisa,Akhisar,Efendi Mah.,Manisa / Akhisar / Efendi Mah.,5 + 1,230,2,3. Kat,1 Yaşında,Kombi,Yok,Var,Var,-,Boş,Kat İrtifakı,Kuzey,etin,-,...,Evet,Haritası,Hatırlatmaları,Eşyalı Değil,Satılık,141484-9,31-10-2025,https://www.hepsiemlak.com/manisa-akhisar-efendi-satilik/daire/141484-9,2025-12-03 23:04:53
SALİHLİ CİN EMLAK'TAN ATATÜRK MAH SATILIK İKİ KATLI MÜSTAKİL EV,7.200.000 TL,Manisa,Salihli,Ataturk Mah.,Manisa / Salihli / Ataturk Mah.,2 + 1,116,1,-,5 Yaşında,Soba,Yok,Var,Var,İkinci El,Kiracılı,Kat İrtifakı,"Doğu, Batı",etin,-,...,Hayır,si Altında – 2 Katlı Daireli Arsa,Hatırlatmaları,Eşyalı Değil,Satılık,37897-2534,17-09-2025,https://www.hepsiemlak.com/manisa-salihli-ataturk-satilik/mustakil-ev/37897-2534,2025-12-03 23:05:14
SALİHLİ CİN EMLAK'TAN CUMHURİYET MAH BELEDİYE CAD ÜZERİNDE SATILIK 3+1 230 M2 DUBLEKS,3.600.000 TL,Manisa,Salihli,Cumhuriyet Mah.,Manisa / Salihli / Cumhuriyet Mah.,3 + 1,231,1,5. Kat,10 Yaşında,Kombi,Yok,Var,Yok,Sıfır,Boş,Kat İrtifakı,"Güney, Doğu",etin,-,...,-,içerisinde 5 nci kat Satılık Daire,Hatırlatmaları,Eşyalı Değil,Satılık,37897-2386,18-09-2025,https://www.hepsiemlak.com/manisa-salihli-cumhuriyet-satilik/daire/37897-2386,2025-12-03 23:05:35
SATILIK KIRVELİDE 3+1 135 M2 EBEVEYNLİ ÖZEL OTOPARKLI LÜKS DAİRE,6.200.000 TL,Manisa,Salihli,Poyraz Mah.,Manisa / Salihli / Poyraz Mah.,3 + 1,135,2,3. Kat,Sıfır Bina,Kombi,Var,Yok,Var,Sıfır,Boş,Kat İrtifakı,"Doğu, Batı",etin,1 TL,...,Evet,Haritası,Hatırlatmaları,Eşyalı Değil,Satılık,150639-42,22-10-2025,https://www.hepsiemlak.com/manisa-salihli-poyraz-satilik/daire/150639-42,2025-12-03 23:06:23
PLUS+ GAYRİMENKUL'DEN ERGENEKONDA 2+1 FIRSAT DAİRE,4.200.000 TL,Manisa,Turgutlu,Ergenekon Mah.,Manisa / Turgutlu / Ergenekon Mah.,2 + 1,100,1,2. Kat,1 Yaşında,Kombi,Yok,Yok,Var,-,Boş,Kat Mülkiyeti,-,etin,-,...,Hayır,İçerisinde,Hatırlatmaları,Eşyalı Değil,Satılık,154320-269,03-10-2025,https://www.hepsiemlak.com/manisa-turgutlu-ergenekon-satilik/daire/154320-269,2025-12-03 23:06:48
EMİR GRUP'TAN MURADİYE'DE 2+1 ÇİFT CEPHELİ SIFIR DAİRE,4.100.000 TL,Manisa,Yunusemre,Muradiye Mah.,Manisa / Yunusemre / Muradiye Mah.,2 + 1,110,1,4. Kat,1 Yaşında,Kombi,Yok,Yok,Var,-,Boş,Kat İrtifakı,-,etin,-,...,Evet,Haritası,Hatırlatmaları,Eşyalı Değil,Satılık,163565-74,28-10-2025,https://www.hepsiemlak.com/manisa-yunusemre-muradiye-satilik/daire/163565-74,2025-12-03 23:07:08
ÖZ DOST EMLAKTAN MURADİYEDE SATILIK 2+1 DAİRE,3.600.000 TL,Manisa,Yunusemre,Muradiye Mah.,Manisa / Yunusemre / Muradiye Mah.,2 + 1,85,1,4. Kat,Sıfır Bina,Yerden Isıtma,Yok,Yok,Yok,-,Boş,Kat İrtifakı,-,etin,-,...,Hayır,Haritası,Hatırlatmaları,Eşyalı Değil,Satılık,137460-78,23-11-2025,https://www.hepsiemlak.com/manisa-yunusemre-muradiye-satilik/daire/137460-78,2025-12-03 23:07:28
EMİR GRUP'TAN MURADİYE'DE SATILIK 2+1 SIFIR FULL LÜX DAİRE,3.400.000 TL,Manisa,Yunusemre,Muradiye Mah.,Manisa / Yunusemre / Muradiye Mah.,2 + 1,100,1,Yüksek Giriş,1 Yaşında,Kombi,Yok,Yok,Var,-,Boş,Kat İrtifakı,-,etin,-,...,Hayır,Haritası,Hatırlatmaları,Eşyalı Değil,Satılık,163565-5,28-10-2025,https://www.hepsiemlak.com/manisa-yunusemre-muradiye-satilik/daire/163565-5,2025-12-03 23:07:51
Irlamaz Piknik Alanı Üzeri Satılık 3+1 Ferhat Daire,3.950.000 TL,Manisa,Turgutlu,Yeni Mah.,Manisa / Turgutlu / Yeni Mah.,3 + 1,125,2,3. Kat,1 Yaşında,Kombi,Var,Var,Yok,-,Boş,Kat Mülkiyeti,-,etin,-,...,Hayır,Haritası,Hatırlatmaları,Eşyalı Değil,Satılık,160048-3,09-11-2025,https://www.hepsiemlak.com/manisa-turgutlu-yeni-satilik/daire/160048-3,2025-12-03 23:08:14
TAM NOKTA TURGUTLU'DAN İNŞAATTAN SATILIK DAİRELER,4.000.000 TL,Manisa,Turgutlu,Acarlar Mah.,Manisa / Turgutlu / Acarlar Mah.,2 + 1,105,1,2. Kat,Sıfır Bina,Kombi,Yok,Yok,Yok,Sıfır,Boş,Kat Mülkiyeti,-,etin,-,...,-,Haritası,Hatırlatmaları,Eşyalı Değil,Satılık,156788-137,21-11-2025,https://www.hepsiemlak.com/manisa-turgutlu-acarlar-satilik/daire/156788-137,2025-12-03 23:08:33
EMİR GRUP'TAN MURADİYE MAH. 3+1 FULL LÜKS ÖZELLİKLİ GENİŞ,4.100.000 TL,Manisa,Yunusemre,Muradiye Mah.,Manisa / Yunusemre / Muradiye Mah.,3 + 1,140,2,Yüksek Giriş,1 Yaşında,Kombi,Yok,Yok,Var,-,Boş,Kat İrtifakı,-,etin,-,...,Evet,Haritası,Hatırlatmaları,Eşyalı Değil,Satılık,163565-64,28-10-2025,https://www.hepsiemlak.com/manisa-yunusemre-muradiye-satilik/daire/163565-64,2025-12-03 23:08:53
BEYAZ GAYRİMENKUL'DEN ALAYBEY MAH FIRSAT 3+1,3.900.000 TL,Manisa,Sehzadeler,Alaybey Mah.,Manisa / Sehzadeler / Alaybey Mah.,3 + 1,140,1,1. Kat,25 Yaşında,Kombi,Var,Var,Yok,İkinci El,Boş,Kat İrtifakı,"Kuzey, Güney, Doğu, Batı",etin,-,...,Hayır,Haritası,Hatırlatmaları,Eşyalı Değil,Satılık,119915-534,08-09-2025,https://www.hepsiemlak.com/manisa-sehzadeler-alaybey-satilik/daire/119915-534,2025-12-03 23:09:15
evinburada gayrimenkul'den satılık daire,1.600.000 TL,Manisa,Turgutlu,Albayrak Mah.,Manisa / Turgutlu / Albayrak Mah.,2 + 1,75,1,2. Kat,11 Yaşında,Kombi,Yok,Yok,Yok,-,Boş,Kat Mülkiyeti,Güney,etin,-,...,Hayır,İçerisinde,Hatırlatmaları,Eşyalı Değil,Satılık,160048-38,20-11-2025,https://www.hepsiemlak.com/manisa-turgutlu-albayrak-satilik/daire/160048-38,2025-12-03 23:09:35
MERGENDEN SEYİTAHMETTE SATILIK 3+1 135 m2 KAPALI OTOPARK,3.250.000 TL,Manisa,Akhisar,Seyit Mah.,Manisa / Akhisar / Seyit Mah.,3 + 1,135,1,1. Kat,Sıfır Bina,Kombi,Yok,Var,Var,-,Boş,Kat Mülkiyeti,"Doğu, Batı",etin,100 TL,...,Evet,Haritası,Hatırlatmaları,Eşyalı Değil,Satılık,160594-30,17-11-2025,https://www.hepsiemlak.com/manisa-akhisar-seyit-ahmet-satilik/daire/160594-30,2025-12-03 23:12:17
Manisa Şehzadeler Adakale Mah. Fırsat Sıfır 5+1 Dubleks Daire,5.200.000 TL,Manisa,Sehzadeler,Adakale Mah.,Manisa / Sehzadeler / Adakale Mah.,5 + 1,195,1,Ara Kat,Sıfır Bina,Kombi,Var,Var,Yok,Sıfır,Boş,Kat Mülkiyeti,"Kuzey, Güney, Doğu, Batı",etin,200 TL,...,Hayır,Haritası,Hatırlatmaları,Eşyalı Değil,Satılık,95753-2067,21-11-2025,https://www.hepsiemlak.com/manisa-sehzadeler-adakale-satilik/daire/95753-2067,2025-12-03 23:12:45
EMİR GRUP'TAN KARAALİ'DE 3+1 ULTRA LÜX ARAKAT SATILIK DAİRE,4.300.000 TL,Manisa,Yunusemre,Muradiye Mah.,Manisa / Yunusemre / Muradiye Mah.,3 + 1,140,1,2. Kat,6 Yaşında,Kombi,Yok,Var,Var,-,Kiracılı,Kat İrtifakı,-,etin,-,...,Hayır,Haritası,Hatırlatmaları,Eşyalı Değil,Satılık,163565-65,03-12-2025,https://www.hepsiemlak.com/manisa-yunusemre-muradiye-satilik/daire/163565-65,2025-12-03 23:13:09
EMİR GRUP'TAN MURADİYE'DE 2+1 FULL LÜX ÖNÜ AÇIK DAİRE,3.650.000 TL,Manisa,Yunusemre,Muradiye Mah.,Manisa / Yunusemre / Muradiye Mah.,2 + 1,105,1,4. Kat,5 Yaşında,Kombi,Yok,Yok,Var,-,Mülk Sahibi,Kat İrtifakı,-,etin,-,...,Hayır,Haritası,Hatırlatmaları,Eşyalı Değil,Satılık,163565-41,02-12-2025,https://www.hepsiemlak.com/manisa-yunusemre-muradiye-satilik/daire/163565-41,2025-12-03 23:13:38
NOVA'DAN SELVİLİTEPE MAHALLESİ'NDE SATILIK 2+1 ARAKAT DAİRE,2.690.000 TL,Manisa,Turgutlu,Selvilitepe Mah.,Manisa / Turgutlu / Selvilitepe Mah.,2 + 1,90,1,Ara Kat,7 Yaşında,Kombi,Yok,Yok,Yok,İkinci El,Kiracılı,Kat İrtifakı,-,etin,-,...,Hayır,Haritası,Hatırlatmaları,Eşyalı Değil,Satılık,123058-2161,23-09-2025,https://www.hepsiemlak.com/manisa-turgutlu-selvilitepe-satilik/daire/123058-2161,2025-12-03 23:14:05
SALİHLİ CİN EMLAK'TAN GÜNEŞ MAH SATILIK 2+1 100 M2 2 KAT DOĞALGAZLI DAİRE,3.300.000 TL,Manisa,Salihli,Gunes Mah.,Manisa / Salihli / Gunes Mah.,2 + 1,100,1,2. Kat,25 Yaşında,Kombi,Yok,Var,Yok,İkinci El,Kiracılı,Kat Mülkiyeti,"Doğu, Batı",etin,-,...,Hayır,içerisinde 5 nci kat Satılık Daire,Hatırlatmaları,Eşyalı Değil,Satılık,37897-2541,25-09-2025,https://www.hepsiemlak.com/manisa-salihli-gunes-satilik/daire/37897-2541,2025-12-03 23:14:32
Turgutlu Selvilitepe Mah. Mimar Sinan Cad. SATILIK 3+1 DAİRE,3.750.000 TL,Manisa,Turgutlu,Selvilitepe Mah.,Manisa / Turgutlu / Selvilitepe Mah.,3 + 1,120,1,2. Kat,5 Yaşında,Kombi,Yok,Var,Var,-,Boş,Müstakil Tapulu,"Kuzey, Güney",etin,-,...,Hayır,Haritası,Hatırlatmaları,Eşyalı Değil,Satılık,156738-57,06-11-2025,https://www.hepsiemlak.com/manisa-turgutlu-selvilitepe-satilik/daire/156738-57,2025-12-03 23:14:59
KİRVEM EMLAK'TAN CENGİZ TOPEL'DE KÖŞE 3+1 DAİRE,3.695.000 TL,Manisa,Saruhanli,Cengiz Mah.,Manisa / Saruhanli / Cengiz Mah.,3 + 1,120,1,3. Kat,1 Yaşında,Kombi,Yok,Var,Yok,-,Boş,Kat İrtifakı,-,etin,-,...,Hayır,Haritası,Hatırlatmaları,Eşyalı Değil,Satılık,162496-5,26-09-2025,https://www.hepsiemlak.com/manisa-saruhanli-cengiz-topel-satilik/daire/162496-5,2025-12-03 23:15:25
UNCUBOZKÖYDE PARK MANZARALI SATILIK DAİRE,6.600.000 TL,Manisa,Yunusemre,Uncubozkoy Mah.,Manisa / Yunusemre / Uncubozkoy Mah.,3 + 1,158,1,2. Kat,30 Yaşında,Kombi,Var,Var,Yok,İkinci El,Mülk Sahibi,Kat İrtifakı,"Kuzey, Güney",etin,-,...,Evet,Haritası,Hatırlatmaları,Eşyalı Değil,Satılık,158110-240,20-10-2025,https://www.hepsiemlak.com/manisa-yunusemre-uncubozkoy-satilik/daire/158110-240,2025-12-03 23:15:51
Manisa'nın En Avantajlı Bölgesinde AVM Yanı 3+1 Daire,8.600.000 TL,Manisa,Yunusemre,Laleli Mah.,Manisa / Yunusemre / Laleli Mah.,3 + 1,114,1,6. Kat,Sıfır Bina,Kombi,Yok,Var,Var,-,Mülk Sahibi,Kat İrtifakı,-,etin,-,...,Evet,İçerisinde Sıfır 4+1 Geniş Daire,Hatırlatmaları,Eşyalı Değil,Satılık,154167-390,17-11-2025,https://www.hepsiemlak.com/manisa-yunusemre-laleli-satilik/daire/154167-390,2025-12-03 23:16:16
FİT GAYRİMENKUL'DEN SATILIK KÖY EVİ BU FİYATA BÖYLESİ YOK!...,2.750.000 TL,Manisa,Saruhanli,Gozlet Mah.,Manisa / Saruhanli / Gozlet Mah.,3 + 1,140,1,Bahçe Katı,6 Yaşında,Soba,Yok,Yok,Yok,-,Mülk Sahibi,Müstakil Tapulu,-,etin,-,...,Hayır,Haritası,Hatırlatmaları,Eşyalı,Satılık,163843-2,02-12-2025,https://www.hepsiemlak.com/manisa-saruhanli-gozlet-satilik/mustakil-ev/163843-2,2025-12-03 23:17:03
AYNI ALİ MAHALLESİ SATILIK 3+1 K.M DAİRE,3.950.000 TL,Manisa,Yunusemre,Ayni Mah.,Manisa / Yunusemre / Ayni Mah.,3 + 1,160,1,Yüksek Giriş,25 Yaşında,Kombi,Yok,Var,Var,İkinci El,Boş,Kat İrtifakı,-,etin,-,...,Hayır,Haritası,Hatırlatmaları,Eşyalı Değil,Satılık,162376-22,29-09-2025,https://www.hepsiemlak.com/manisa-yunusemre-ayni-ali-satilik/daire/162376-22,2025-12-03 23:17:32
3 ADAM EMLAK'TAN EFENDİ MH RİNG YOLU ÜZERİ SATILIK 3+1 DAİRE,3.850.000 TL,Manisa,Akhisar,Efendi Mah.,Manisa / Akhisar / Efendi Mah.,3 + 1,140,2,2. Kat,Sıfır Bina,Kombi,Yok,Yok,Yok,-,Boş,Kat İrtifakı,-,etin,-,...,Hayır,Haritası,Hatırlatmaları,Eşyalı Değil,Satılık,143910-114,17-11-2025,https://www.hepsiemlak.com/manisa-akhisar-efendi-satilik/daire/143910-114,2025-12-03 23:17:59
Akhisar Cumhuriyet Mahallesi'nde 2+1 Satılık Daire,3.550.000 TL,Manisa,Akhisar,Cumhuriyet Mah.,Manisa / Akhisar / Cumhuriyet Mah.,2 + 1,96,1,2. Kat,Sıfır Bina,Kombi,Var,Var,Var,Sıfır,Boş,Kat İrtifakı,"Kuzey, Doğu",etin,-,...,Hayır,Haritası,Hatırlatmaları,Eşyalı,Satılık,94137-1365,09-10-2025,https://www.hepsiemlak.com/manisa-akhisar-cumhuriyet-satilik/daire/94137-1365,2025-12-03 23:18:27
Efendi Mahallesinin En Güzel Dairesi Satılık!,6.500.000 TL,Manisa,Akhisar,Efendi Mah.,Manisa / Akhisar / Efendi Mah.,4 + 1,210,2,3. Kat,3 Yaşında,Kombi,Var,Yok,Var,-,Mülk Sahibi,Kat İrtifakı,-,etin,-,...,Evet,Haritası,Hatırlatmaları,Eşyalı Değil,Satılık,162211-31,29-10-2025,https://www.hepsiemlak.com/manisa-akhisar-efendi-satilik/daire/162211-31,2025-12-03 23:18:51
EMİR GRUP'TAN MURADİYE'DE 2+1 SIFIR FULL LÜX FIRSAT DAİRE,3.850.000 TL,Manisa,Yunusemre,Muradiye Mah.,Manisa / Yunusemre / Muradiye Mah.,2 + 1,95,1,Yüksek Giriş,Sıfır Bina,Kombi,Yok,Var,Var,-,Boş,Kat İrtifakı,-,etin,-,...,Evet,Haritası,Hatırlatmaları,Eşyalı Değil,Satılık,163565-86,30-10-2025,https://www.hepsiemlak.com/manisa-yunusemre-muradiye-satilik/daire/163565-86,2025-12-03 23:19:10
EMİR GRUP'TAN MURADİYE'DE 3+1 SİTE İÇERİSİNDE ARAKAT DAİRE,4.500.000 TL,Manisa,Yunusemre,Muradiye Mah.,Manisa / Yunusemre / Muradiye Mah.,3 + 1,145,1,3. Kat,3 Yaşında,Kombi,Yok,Yok,Var,-,Boş,Kat İrtifakı,-,etin,-,...,Evet,İçerisinde,Hatırlatmaları,Eşyalı Değil,Satılık,163565-31,28-10-2025,https://www.hepsiemlak.com/manisa-yunusemre-muradiye-satilik/daire/163565-31,2025-12-03 23:19:35
ZEKİ EMLAK'TAN MURADİYE'DE 2+1 AÇIK MUTFAK SATILIK DAİRE,3.400.000 TL,Manisa,Yunusemre,Muradiye Mah.,Manisa / Yunusemre / Muradiye Mah.,2 + 1,83,1,4. Kat,Sıfır Bina,Kombi,Yok,Var,Yok,Sıfır,Boş,Kat İrtifakı,-,etin,-,...,Hayır,İçi Satılık 1+1 Daire ⭕️,Hatırlatmaları,Eşyalı,Satılık,156185-324,06-10-2025,https://www.hepsiemlak.com/manisa-yunusemre-muradiye-satilik/daire/156185-324,2025-12-03 23:19:54
PALMİYE EMLAKTAN Atatürk Mah. 250m2 Asansörlü 5+1 Dubleks Daire,5.250.000 TL,Manisa,Akhisar,Ataturk Mah.,Manisa / Akhisar / Ataturk Mah.,5 + 1,250,2,4. Kat,5 Yaşında,Kombi,Yok,Var,Var,-,Mülk Sahibi,Kat İrtifakı,"Doğu, Batı",etin,-,...,Evet,Haritası,Hatırlatmaları,Eşyalı Değil,Satılık,156444-26,16-09-2025,https://www.hepsiemlak.com/manisa-akhisar-ataturk-satilik/daire/156444-26,2025-12-03 23:20:13
Manisa Muradiye Mah. Su Deposu Civarı Satılık 3+1 Daire,5.000.000 TL,Manisa,Yunusemre,Muradiye Mah.,Manisa / Yunusemre / Muradiye Mah.,3 + 1,145,1,3. Kat,Sıfır Bina,Kombi,Var,Var,Var,Sıfır,Boş,Kat İrtifakı,"Kuzey, Güney, Doğu, Batı",etin,-,...,Evet,Haritası,Hatırlatmaları,Eşyalı Değil,Satılık,95753-1929,23-09-2025,https://www.hepsiemlak.com/manisa-yunusemre-muradiye-satilik/daire/95753-1929,2025-12-03 23:20:33
23 NİSAN PARKI SATILIK ARAKAT 3+1 FULL TADİLATLI DAİRE,4.350.000 TL,Manisa,Yunusemre,Muradiye Mah.,Manisa / Yunusemre / Muradiye Mah.,3 + 1,130,1,4. Kat,4 Yaşında,Kombi,Yok,Var,Var,-,Boş,Kat İrtifakı,-,etin,-,...,Evet,Haritası,Hatırlatmaları,Eşyalı Değil,Satılık,162376-31,09-10-2025,https://www.hepsiemlak.com/manisa-yunusemre-muradiye-satilik/daire/162376-31,2025-12-03 23:21:25
AYNİ ALİ MAH ASANSÖRLÜ MASRAFSIZ MÜKEMMEL BİR DAİRE,3.890.000 TL,Manisa,Yunusemre,Ayni Mah.,Manisa / Yunusemre / Ayni Mah.,2 + 1,105,1,4. Kat,21 Yaşında,Kombi,Yok,Var,Var,-,Boş,Müstakil Tapulu,-,etin,200 TL,...,Evet,Haritası,Hatırlatmaları,Eşyalı Değil,Satılık,162591-12,23-10-2025,https://www.hepsiemlak.com/manisa-yunusemre-ayni-ali-satilik/daire/162591-12,2025-12-03 23:21:45
ÖZYURTLAR'DAN MURADİYE'DE FULL ÖZELLİKLİ ASANSÖRLÜ ARAKAT,3.200.000 TL,Manisa,Yunusemre,Muradiye Mah.,Manisa / Yunusemre / Muradiye Mah.,2 + 1,95,1,4. Kat,1 Yaşında,Kombi,Yok,Var,Yok,-,Kiracılı,Kat İrtifakı,-,etin,-,...,Evet,Haritası,Hatırlatmaları,Eşyalı Değil,Satılık,162860-33,06-10-2025,https://www.hepsiemlak.com/manisa-yunusemre-muradiye-satilik/daire/162860-33,2025-12-03 23:22:04
ÖZ DOST EMLAKTAN MURADİYEDE SATILIK 2+1 DAİRE,3.500.000 TL,Manisa,Yunusemre,Muradiye Mah.,Manisa / Yunusemre / Muradiye Mah.,2 + 1,80,1,2. Kat,Sıfır Bina,Kombi,Yok,Yok,Yok,-,Boş,Kat İrtifakı,-,etin,-,...,Hayır,Haritası,Hatırlatmaları,Eşyalı Değil,Satılık,137460-89,15-11-2025,https://www.hepsiemlak.com/manisa-yunusemre-muradiye-satilik/daire/137460-89,2025-12-03 23:22:22
NİLVEST'TEN MANİSA KÖPRÜBAŞI BORLU’DA SATILIK MÜSTAKİL EV VE ARSA,870.000 TL,Manisa,Koprubasi,Borlu Mah.,Manisa / Koprubasi / Borlu Mah.,2 + 2,188,1,-,20 Yaşında,Kombi,Yok,Yok,Yok,-,-,Müstakil Tapulu,-,etin,-,...,-,Haritası,Hatırlatmaları,-,Satılık,156663-46,05-09-2025,https://www.hepsiemlak.com/manisa-koprubasi-borlu-satilik/mustakil-ev/156663-46,2025-12-03 23:22:44
ARAS YAPI'DAN MURADİYE'DE UYGUN FİYATLI GENİŞ 4+1 SATILIK DUBLEX,4.400.000 TL,Manisa,Yunusemre,Muradiye Mah.,Manisa / Yunusemre / Muradiye Mah.,4 + 1,180,2,5. Kat,4 Yaşında,Kombi,Var,Var,Yok,-,Boş,Kat İrtifakı,-,etin,-,...,Hayır,Haritası,Hatırlatmaları,Eşyalı Değil,Satılık,159142-32,16-09-2025,https://www.hepsiemlak.com/manisa-yunusemre-muradiye-satilik/daire/159142-32,2025-12-03 23:23:04
ŞEHİTLER YOLU ÜZERİ'NDE SATILIK 135M2 DAİRE,2.500.000 TL,Manisa,Turgutlu,Sehitler Mah.,Manisa / Turgutlu / Sehitler Mah.,3 + 1,135,1,3. Kat,21 Yaşında,Kombi,Yok,Yok,Yok,-,Kiracılı,Kat İrtifakı,-,etin,-,...,Hayır,Haritası,Hatırlatmaları,Eşyalı Değil,Satılık,52577-381,14-09-2025,https://www.hepsiemlak.com/manisa-turgutlu-sehitler-satilik/daire/52577-381,2025-12-03 23:23:24
MURADİYE 23NİSAN PARKI YANI 3+1 150m2 ARAKAT MASRAFSIZ DAİRE,5.750.000 TL,Manisa,Yunusemre,Muradiye Mah.,Manisa / Yunusemre / Muradiye Mah.,3 + 1,150,2,2. Kat,4 Yaşında,Kombi,Var,Var,Yok,-,Kiracılı,Kat İrtifakı,"Kuzey, Güney",etin,-,...,Evet,Haritası,Hatırlatmaları,Eşyalı Değil,Satılık,162376-36,09-10-2025,https://www.hepsiemlak.com/manisa-yunusemre-muradiye-satilik/daire/162376-36,2025-12-03 23:23:44
ÖZYURTLAR'DAN KARAALİ VİLLALAR BÖLGESİ'NDE HAVUZLU 1+1,3.500.000 TL,Manisa,Yunusemre,Muradiye Mah.,Manisa / Yunusemre / Muradiye Mah.,1 + 1,60,1,3. Kat,1 Yaşında,Kombi,Yok,Var,Var,-,Boş,Kat İrtifakı,-,etin,-,...,Hayır,İçerisinde,Hatırlatmaları,-,Satılık,162860-16,06-10-2025,https://www.hepsiemlak.com/manisa-yunusemre-muradiye-satilik/daire/162860-16,2025-12-03 23:24:08
ATLAS'TAN MERKEZİ KONUMDA OTOPARKLI ASANSÖRLÜ 3+1 SATILIK DAİRE,4.250.000 TL,Manisa,Turgutlu,Acarlar Mah.,Manisa / Turgutlu / Acarlar Mah.,3 + 1,130,1,4. Kat,Sıfır Bina,Kombi,Var,Var,Var,-,Boş,Kat Mülkiyeti,-,etin,-,...,Hayır,Haritası,Hatırlatmaları,Eşyalı Değil,Satılık,156738-71,15-10-2025,https://www.hepsiemlak.com/manisa-turgutlu-acarlar-satilik/daire/156738-71,2025-12-03 23:24:30
MUSTAFA BAŞYİĞİT EMLAK'TAN CUMARTESİ PAZARI KÖŞESİ LÜKS 3+1,4.100.000 TL,Manisa,Akhisar,Pasa Mah.,Manisa / Akhisar / Pasa Mah.,3 + 1,140,1,2. Kat,1 Yaşında,Yerden Isıtma,Yok,Var,Yok,-,Boş,Kat İrtifakı,"Güney, Doğu",etin,-,...,Hayır,Haritası,Hatırlatmaları,Eşyalı Değil,Satılık,162406-12,18-10-2025,https://www.hepsiemlak.com/manisa-akhisar-pasa-satilik/daire/162406-12,2025-12-03 23:25:10
EVONA GAYRİMENKULDEN AKGEDİK 2+1 FIRSAT EV,3.950.000 TL,Manisa,Yunusemre,Akgedik Mah.,Manisa / Yunusemre / Akgedik Mah.,2 + 1,100,2,2. Kat,Sıfır Bina,Yerden Isıtma,Yok,Var,Yok,-,Boş,Kat İrtifakı,-,etin,-,...,Hayır,İçerisinde,Hatırlatmaları,Eşyalı Değil,Satılık,163068-14,23-11-2025,https://www.hepsiemlak.com/manisa-yunusemre-akgedik-satilik/daire/163068-14,2025-12-03 23:25:33
ÖZ DOST EMLAKTAN MURADİYEDE SATILIK 2+1 DAİRE,3.650.000 TL,Manisa,Yunusemre,Muradiye Mah.,Manisa / Yunusemre / Muradiye Mah.,2 + 1,85,1,Yüksek Giriş,Sıfır Bina,Kombi,Yok,Var,Yok,-,Boş,Kat İrtifakı,-,etin,-,...,Hayır,Haritası,Hatırlatmaları,Eşyalı Değil,Satılık,137460-67,15-11-2025,https://www.hepsiemlak.com/manisa-yunusemre-muradiye-satilik/daire/137460-67,2025-12-03 23:25:52
ÖZ DOST EMLAKTAN MURADİYEDE SATILIK 2+1 DAİRE,3.500.000 TL,Manisa,Yunusemre,Muradiye Mah.,Manisa / Yunusemre / Muradiye Mah.,2 + 1,90,1,3. Kat,Sıfır Bina,Kombi,Yok,Yok,Yok,-,Boş,Kat İrtifakı,-,etin,-,...,Evet,Haritası,Hatırlatmaları,Eşyalı Değil,Satılık,137460-76,15-11-2025,https://www.hepsiemlak.com/manisa-yunusemre-muradiye-satilik/daire/137460-76,2025-12-03 23:26:11
TAM NOKTA TURGUTLU'DAN İNŞAATTAN SATILIK DAİRELER,4.000.000 TL,Manisa,Turgutlu,Acarlar Mah.,Manisa / Turgutlu / Acarlar Mah.,2 + 1,105,1,2. Kat,Sıfır Bina,Kombi,Yok,Yok,Yok,-,Boş,Kat Mülkiyeti,-,etin,-,...,Evet,Haritası,Hatırlatmaları,Eşyalı Değil,Satılık,156788-192,18-11-2025,https://www.hepsiemlak.com/manisa-turgutlu-acarlar-satilik/daire/156788-192,2025-12-03 23:26:34
ÖZ DOST EMLAKTAN MURADİYEDE SATILIK 1+1 DAİRE,2.800.000 TL,Manisa,Yunusemre,Muradiye Mah.,Manisa / Yunusemre / Muradiye Mah.,1 + 1,65,1,2. Kat,Sıfır Bina,Kombi,Yok,Yok,Yok,-,Boş,Kat İrtifakı,-,etin,-,...,Hayır,Haritası,Hatırlatmaları,Eşyalı Değil,Satılık,137460-90,15-11-2025,https://www.hepsiemlak.com/manisa-yunusemre-muradiye-satilik/daire/137460-90,2025-12-03 23:26:54
ERGENEKON MAHALLESİNDE KABA İNŞAATTAN SATILIK DAİRE,6.800.000 TL,Manisa,Turgutlu,Ergenekon Mah.,Manisa / Turgutlu / Ergenekon Mah.,3 + 1,140,2,2. Kat,Sıfır Bina,Yerden Isıtma,Yok,Yok,Var,-,Boş,Kat İrtifakı,-,etin,-,...,Hayır,Haritası,Hatırlatmaları,Eşyalı Değil,Satılık,156788-204,02-12-2025,https://www.hepsiemlak.com/manisa-turgutlu-ergenekon-satilik/daire/156788-204,2025-12-03 23:27:14
KALENDER EMLAK'TAN ŞEHİTLER MH. SATILIK DAİRE,2.350.000 TL,Manisa,Turgutlu,Sehitler Mah.,Manisa / Turgutlu / Sehitler Mah.,3 + 1,130,1,4. Kat,11 Yaşında,Kombi,Var,Var,Var,-,Kiracılı,Kat Mülkiyeti,"Kuzey, Güney, Doğu, Batı",etin,-,...,Hayır,Haritası,Hatırlatmaları,Eşyalı Değil,Satılık,162001-7,10-11-2025,https://www.hepsiemlak.com/manisa-turgutlu-sehitler-satilik/daire/162001-7,2025-12-03 23:27:35
PLUS+ GAYRİMENKUL FARKIYLA CUMHURİYET MAHALLESİNDE HARİKA DAİRE,5.500.000 TL,Manisa,Turgutlu,Cumhuriyet Mah.,Manisa / Turgutlu / Cumhuriyet Mah.,3 + 1,155,1,1. Kat,5 Yaşında,Yerden Isıtma,Var,Yok,Yok,-,Mülk Sahibi,Tapu Yok,165m2 Tadilatlı Ara Kat FIRSAT Daire,etin,-,...,Hayır,İçerisinde 165 METREKARE 3+1 DAİRE,Hatırlatmaları,Eşyalı Değil,Satılık,154320-207,01-10-2025,https://www.hepsiemlak.com/manisa-turgutlu-cumhuriyet-satilik/daire/154320-207,2025-12-03 23:27:58
Sancaklıbozköy Mh. Satılık Daire,"Fiyat
En Az
TL
En Çok
TL",Manisa,Sehzadeler,Sancaklibozkoy Mah.,Manisa / Sehzadeler / Sancaklibozkoy Mah.,-,-,Seçiniz,Kat Seçiniz,Bina Yaşı,Isınma Tipi Seçiniz,Var,Var,Var,-,Kullanım Durumu Seçiniz,Tapu Durumu Seçiniz,Cephe Seçiniz,etin,-,k,a Uygun,Tümü,-,Tümü,-,-,27-11-2025,https://www.hepsiemlak.com/manisa-sehzadeler-sancaklibozkoy-satilik/daire/158110-178,2025-12-03 23:28:16
ACARLARDA SATILIK DAİRE,2.000.000 TL,Manisa,Turgutlu,Acarlar Mah.,Manisa / Turgutlu / Acarlar Mah.,2 + 1,115,1,En Üst Kat,25 Yaşında,Soba,Yok,Yok,Yok,İkinci El,Kiracılı,Kat İrtifakı,"Kuzey, Güney",etin,-,...,Hayır,Haritası,Hatırlatmaları,Eşyalı Değil,Satılık,126164-290,20-10-2025,https://www.hepsiemlak.com/manisa-turgutlu-acarlar-satilik/daire/126164-290,2025-12-03 23:29:09
TURYAP CENTERDAN MANİSA ÇARŞI MERKEZDE 3+1 DAİRE,5.700.000 TL,Manisa,Sehzadeler,1 Mah.,Manisa / Sehzadeler / 1 Mah.,3 + 1,140,2,4. Kat,26 Yaşında,Kombi,Var,Var,Var,-,Boş,Kat İrtifakı,"Doğu, Batı",etin,-,...,Hayır,Haritası,Hatırlatmaları,Eşyalı Değil,Satılık,158110-244,29-10-2025,https://www.hepsiemlak.com/manisa-sehzadeler-1-anafartalar-satilik/daire/158110-244,2025-12-03 23:30:55
MURADİYE'DE SIFIR ARAKAT SATILIK 2+1 A. MUTFAK DAİRE,3.850.000 TL,Manisa,Yunusemre,Muradiye Mah.,Manisa / Yunusemre / Muradiye Mah.,3 + 1,100,1,1. Kat,1 Yaşında,Kombi,Var,Var,Var,-,Boş,Kat İrtifakı,-,etin,-,...,Evet,Haritası,Hatırlatmaları,Eşyalı Değil,Satılık,162376-33,16-10-2025,https://www.hepsiemlak.com/manisa-yunusemre-muradiye-satilik/daire/162376-33,2025-12-03 23:31:22
ÖZ DOST EMLAKTAN MURADİYEDE SATILIK 3+1 DUBLEKS,5.150.000 TL,Manisa,Yunusemre,Muradiye Mah.,Manisa / Yunusemre / Muradiye Mah.,3 + 1,150,1,4. Kat,6 Yaşında,Kombi,Var,Var,Yok,-,Boş,Kat İrtifakı,-,etin,-,...,Hayır,Haritası,Hatırlatmaları,Eşyalı Değil,Satılık,137460-68,16-11-2025,https://www.hepsiemlak.com/manisa-yunusemre-muradiye-satilik/daire/137460-68,2025-12-03 23:31:46
ULUCAMİ MAHALLESİ YENİ GARAJ YAKINI SATILIK 3+1 SIFIR DAİRE.,4.000.000 TL,Manisa,Akhisar,Ulu Mah.,Manisa / Akhisar / Ulu Mah.,3 + 1,125,1,1. Kat,Sıfır Bina,Kombi,Var,Var,Var,Sıfır,Boş,Kat İrtifakı,"Güney, Doğu",etin,-,...,-,Haritası,Hatırlatmaları,Eşyalı Değil,Satılık,94123-2687,25-09-2025,https://www.hepsiemlak.com/manisa-akhisar-ulu-camii-satilik/daire/94123-2687,2025-12-03 23:32:14
Manisa Yunusemre Merkezefendi Mah. Lüks 3+1 Asansörlü Arakat,3.800.000 TL,Manisa,Yunusemre,Merkez Mah.,Manisa / Yunusemre / Merkez Mah.,3 + 1,115,1,2. Kat,25 Yaşında,Kombi,Var,Var,Var,İkinci El,Boş,Kat Mülkiyeti,"Kuzey, Güney",etin,100 TL,...,Evet,İçi Sıfır 1+1 Daire ⭕️,Hatırlatmaları,Eşyalı Değil,Satılık,95753-1651,25-11-2025,https://www.hepsiemlak.com/manisa-yunusemre-merkez-efendi-satilik/daire/95753-1651,2025-12-03 23:32:40
MERKEZEFENDİ MAH. FULL TADİLATLI ARAKAT SATILIK 3+1 DAİRE,4.275.000 TL,Manisa,Yunusemre,Merkez Mah.,Manisa / Yunusemre / Merkez Mah.,3 + 1,130,1,4. Kat,25 Yaşında,Kombi,Yok,Var,Var,-,-,Kat İrtifakı,-,etin,-,...,Evet,Haritası,Hatırlatmaları,-,Satılık,162376-17,08-10-2025,https://www.hepsiemlak.com/manisa-yunusemre-merkez-efendi-satilik/daire/162376-17,2025-12-03 23:33:11
AKMAN GAYRİMENKULDEN MURADİYE MAH.2+1KAPALI MUTFAK SATILIK DAİRE,3.350.000 TL,Manisa,Yunusemre,Muradiye Mah.,Manisa / Yunusemre / Muradiye Mah.,2 + 1,90,1,4. Kat,6 Yaşında,Kombi,Yok,Yok,Yok,-,Kiracılı,Kat İrtifakı,-,etin,-,...,Evet,Haritası,Hatırlatmaları,Eşyalı Değil,Satılık,113243-7,17-11-2025,https://www.hepsiemlak.com/manisa-yunusemre-muradiye-satilik/daire/113243-7,2025-12-03 23:33:37
ERSOY'DAN KARALİ'DE 3+1 K.MUTFAK FUL ÖZELLİKLİ 10 YAŞINDA ARAKAT,4.150.000 TL,Manisa,Yunusemre,Muradiye Mah.,Manisa / Yunusemre / Muradiye Mah.,3 + 1,120,1,3. Kat,1 Yaşında,Kombi,Var,Var,Var,-,Boş,Kat İrtifakı,Dış Cephe Mantolamalı 犯 Cam Balkon,etin,-,...,Hayır,Haritası,Hatırlatmaları,Eşyalı Değil,Satılık,114523-378,10-09-2025,https://www.hepsiemlak.com/manisa-yunusemre-muradiye-satilik/daire/114523-378,2025-12-03 23:35:40
EMİR GRUP'TAN MURADİYE'DE SATILIK 2+1 FULL LÜX SIFIR DAİRE,3.450.000 TL,Manisa,Yunusemre,Muradiye Mah.,Manisa / Yunusemre / Muradiye Mah.,2 + 1,95,1,Yüksek Giriş,Sıfır Bina,Kombi,Yok,Yok,Var,-,Boş,Kat İrtifakı,-,etin,-,...,Evet,Haritası,Hatırlatmaları,Eşyalı Değil,Satılık,163565-103,16-11-2025,https://www.hepsiemlak.com/manisa-yunusemre-muradiye-satilik/daire/163565-103,2025-12-03 23:36:04
SALİHLİ CİN EMLAK'TAN CUMHURİYET MAH SATILIK 3+1 DOĞALGAZLI DAİRE,6.000.000 TL,Manisa,Salihli,Cumhuriyet Mah.,Manisa / Salihli / Cumhuriyet Mah.,3 + 1,140,1,3. Kat,4 Yaşında,Kombi,Yok,Var,Var,-,Kiracılı,Kat İrtifakı,"Kuzey, Güney",etin,-,...,Hayır,Haritası,Hatırlatmaları,Eşyalı Değil,Satılık,37897-2156,03-11-2025,https://www.hepsiemlak.com/manisa-salihli-cumhuriyet-satilik/daire/37897-2156,2025-12-03 23:36:26
ÖZ DOST EMLAKTAN MURADİYEDE SATILIK 2+1 DAİRE,3.850.000 TL,Manisa,Yunusemre,Muradiye Mah.,Manisa / Yunusemre / Muradiye Mah.,2 + 1,85,1,3. Kat,Sıfır Bina,Kombi,Yok,Var,Yok,-,Boş,Kat İrtifakı,-,etin,-,...,Hayır,Haritası,Hatırlatmaları,Eşyalı Değil,Satılık,137460-54,16-11-2025,https://www.hepsiemlak.com/manisa-yunusemre-muradiye-satilik/daire/137460-54,2025-12-03 23:36:47
Yeni Mahalle Satılık Daire,5.250.000 TL,Manisa,Turgutlu,Yeni Mah.,Manisa / Turgutlu / Yeni Mah.,3 + 1,150,2,3. Kat,Sıfır Bina,Yerden Isıtma,Yok,Var,Var,-,Boş,Kat Mülkiyeti,-,etin,-,...,Hayır,Haritası,Hatırlatmaları,Eşyalı Değil,Satılık,160048-9,25-11-2025,https://www.hepsiemlak.com/manisa-turgutlu-yeni-satilik/daire/160048-9,2025-12-03 23:37:08
Yıldırım Mh cadde üstünde geniş ferah daire,4.300.000 TL,Manisa,Turgutlu,Ataturk Mah.,Manisa / Turgutlu / Ataturk Mah.,3 + 1,157,1,2. Kat,6 Yaşında,Kombi,Yok,Yok,Var,-,Mülk Sahibi,Kat Mülkiyeti,-,etin,-,...,Hayır,Haritası,Hatırlatmaları,Eşyalı Değil,Satılık,160048-92,17-11-2025,https://www.hepsiemlak.com/manisa-turgutlu-ataturk-satilik/daire/160048-92,2025-12-03 23:37:27
ACARLAR MH 3+1 130 m2 ASANSÖRLÜ DOĞALGAZLI OTOPARKLI FERAH DAİRE,4.000.000 TL,Manisa,Turgutlu,Acarlar Mah.,Manisa / Turgutlu / Acarlar Mah.,3 + 1,130,1,4. Kat,Sıfır Bina,Kombi,Yok,Var,Var,-,Boş,Kat Mülkiyeti,"Kuzey, Güney",etin,-,...,Hayır,Haritası,Hatırlatmaları,Eşyalı Değil,Satılık,123058-2245,03-10-2025,https://www.hepsiemlak.com/manisa-turgutlu-acarlar-satilik/daire/123058-2245,2025-12-03 23:37:48
EMİR GRUP'TAN MURADİYE'DE SATILIK 2+1 SIFIR FUL LÜX ARAKAT DAİRE,3.650.000 TL,Manisa,Yunusemre,Muradiye Mah.,Manisa / Yunusemre / Muradiye Mah.,2 + 1,85,1,2. Kat,Sıfır Bina,Kombi,Yok,Var,Var,-,Boş,Kat İrtifakı,-,etin,-,...,Evet,Haritası,Hatırlatmaları,Eşyalı Değil,Satılık,163565-6,26-11-2025,https://www.hepsiemlak.com/manisa-yunusemre-muradiye-satilik/daire/163565-6,2025-12-03 23:38:13
MANİSA TURGUTLU TURAN MH 130m2 3.SON KAT TEK DAİRE ÜZERİNDE,3.750.000 TL,Manisa,Turgutlu,Turan Mah.,Manisa / Turgutlu / Turan Mah.,3 + 1,135,1,En Üst Kat,12 Yaşında,Kombi,Var,Var,Yok,İkinci El,Boş,Kat Mülkiyeti,"Kuzey, Güney",etin,-,...,Evet,Haritası,Hatırlatmaları,Eşyalı Değil,Satılık,94181-658,26-11-2025,https://www.hepsiemlak.com/manisa-turgutlu-turan-satilik/daire/94181-658,2025-12-03 23:38:38
ŞEHİTLER MAHALLESİ TOKİ CIVARI 120 M2 SATILIK DAİRE,3.750.000 TL,Manisa,Turgutlu,Sehitler Mah.,Manisa / Turgutlu / Sehitler Mah.,3 + 1,120,1,2. Kat,Sıfır Bina,Kombi,Var,Var,Var,-,Boş,Kat İrtifakı,"Kuzey, Batı",etin,-,...,Hayır,Haritası,Hatırlatmaları,Eşyalı Değil,Satılık,155066-37,31-10-2025,https://www.hepsiemlak.com/manisa-turgutlu-sehitler-satilik/daire/155066-37,2025-12-03 23:39:01
KALE EMLAK 'TAN DİNGİLLER MAH.MANZARALI MUSTAKİL HAVUZLU YAZLIK,13.500.000 TL,Manisa,Akhisar,Dingiller Mah.,Manisa / Akhisar / Dingiller Mah.,2 + 1,7,1,Bahçe Katı,3 Yaşında,Klima,Yok,Yok,Var,-,Mülk Sahibi,Tapu Yok,-,etin,-,...,Hayır,si’nde Havuzlu ve Geniş Villa!,Hatırlatmaları,Eşyalı Değil,Satılık,72050-859,04-10-2025,https://www.hepsiemlak.com/manisa-akhisar-dingiller-satilik/yazlik/72050-859,2025-12-03 23:39:53
MANİSA TEVFİKİYE AKGÜN MAH'DE SATILIK İKİ AYRI GİRİŞLİ DUBLEKS,8.250.000 TL,Manisa,Yunusemre,Tevfikiye Mah.,Manisa / Yunusemre / Tevfikiye Mah.,5 + 2,240,2,2. Kat,16 Yaşında,Kombi,Yok,Var,Yok,-,Mülk Sahibi,Kat İrtifakı,Kuzey,etin,100 TL,...,Hayır,Haritası,Hatırlatmaları,Eşyalı Değil,Satılık,158110-233,21-10-2025,https://www.hepsiemlak.com/manisa-yunusemre-tevfikiye-satilik/daire/158110-233,2025-12-03 23:40:22
acil satılık doğalgazlı daire 95 m2 Acarlar Mahallesi,2.495.000 TL,Manisa,Turgutlu,Acarlar Mah.,Manisa / Turgutlu / Acarlar Mah.,2 + 1,95,1,Yüksek Giriş,11 Yaşında,Doğalgaz Sobası,Yok,Yok,Yok,-,Kiracılı,Kat İrtifakı,-,etin,-,...,Evet,Haritası,Hatırlatmaları,-,Satılık,154992-34,08-10-2025,https://www.hepsiemlak.com/manisa-turgutlu-acarlar-satilik/daire/154992-34,2025-12-03 23:40:50
Manisa Yunus Emre Muradiye Mah. Sıfır Asansörlü Arakat SATILIK 2+1 Açık Mutfak,3.400.000 TL,Manisa,Yunusemre,Muradiye Mah.,Manisa / Yunusemre / Muradiye Mah.,2 + 1,80,1,Ara Kat,Sıfır Bina,Kombi,Yok,Var,Yok,Sıfır,Boş,Kat Mülkiyeti,"Kuzey, Güney, Doğu, Batı",etmeliğe Uygun,50 TL,...,Evet,İçi 1+1 Daire ⭕️,Hatırlatmaları,Eşyalı Değil,Satılık,95753-1684,07-10-2025,https://www.hepsiemlak.com/manisa-yunusemre-muradiye-satilik/daire/95753-1684,2025-12-03 23:41:17
Surkent'ten satılık Atatürk Mahallesi'nde çatı dubleksi,"4.200.000
TL",Manisa,Turgutlu,Ataturk Mah.,Manisa / Turgutlu / Ataturk Mah.,5 + 2,300,2,Çatı Katı,18 Yaşında,Kombi,Yok,Var,Yok,İkinci El,-,Kat Mülkiyeti,"Kuzey, Batı",etin,-,...,Hayır,Haritası,Hatırlatmaları,Eşyalı Değil,Satılık,143929-11,29-10-2025,https://www.hepsiemlak.com/manisa-turgutlu-ataturk-satilik/daire/143929-11,2025-12-03 23:41:43
Manisa Şehzadeler Ege Mahallesinde 2+1 Satılık Daire,3.050.000 TL,Manisa,Sehzadeler,Ege Mah.,Manisa / Sehzadeler / Ege Mah.,2 + 1,110,1,5. Kat,21 Yaşında,Kombi,Var,Yok,Yok,-,Mülk Sahibi,Kat Mülkiyeti,-,etin,-,...,Evet,Haritası,Hatırlatmaları,Eşyalı Değil,Satılık,162359-6,16-09-2025,https://www.hepsiemlak.com/manisa-sehzadeler-ege-satilik/daire/162359-6,2025-12-03 23:42:12
EMİR GRUP'TAN MURADİYE'DE 2+1 105M² ARAKAT SIFIR FULL LÜX DAİRE,4.100.000 TL,Manisa,Yunusemre,Muradiye Mah.,Manisa / Yunusemre / Muradiye Mah.,2 + 1,105,1,3. Kat,1 Yaşında,Kombi,Yok,Yok,Var,-,Boş,Kat İrtifakı,-,etin,-,...,Hayır,Haritası,Hatırlatmaları,Eşyalı Değil,Satılık,163565-22,28-10-2025,https://www.hepsiemlak.com/manisa-yunusemre-muradiye-satilik/daire/163565-22,2025-12-03 23:42:46
ZİRVE EMLAK'TAN PANORAMİK MANZARALI ASANSÖRLÜ ARAKAT,4.295.000 TL,Manisa,Yunusemre,Ayni Mah.,Manisa / Yunusemre / Ayni Mah.,3 + 1,135,1,4. Kat,21 Yaşında,Kombi,Var,Var,Var,-,Mülk Sahibi,Kat İrtifakı,"Kuzey, Güney, Doğu, Batı",etin,-,...,Hayır,Haritası,Hatırlatmaları,Eşyalı Değil,Satılık,162290-23,13-09-2025,https://www.hepsiemlak.com/manisa-yunusemre-ayni-ali-satilik/daire/162290-23,2025-12-03 23:43:15
Altay Mahallesi satılık daire zeminden ısıtma 5 yıllık 130 M2,4.250.000 TL,Manisa,Turgutlu,Altay Mah.,Manisa / Turgutlu / Altay Mah.,3 + 1,130,1,3. Kat,1 Yaşında,Yerden Isıtma,Var,Var,Yok,-,Boş,Kat İrtifakı,-,etin,-,...,Hayır,Haritası,Hatırlatmaları,-,Satılık,154992-42,30-09-2025,https://www.hepsiemlak.com/manisa-turgutlu-altay-satilik/daire/154992-42,2025-12-03 23:43:45
MANİSA AKHİSR SATILIK DAİRE,4.000.000 TL,Manisa,Akhisar,Ataturk Mah.,Manisa / Akhisar / Ataturk Mah.,2 + 1,110,1,1. Kat,Sıfır Bina,Kombi,Yok,Yok,Var,Sıfır,Boş,Kat İrtifakı,-,etin,-,...,Hayır,Haritası,Hatırlatmaları,Eşyalı Değil,Satılık,160589-9,02-10-2025,https://www.hepsiemlak.com/manisa-akhisar-ataturk-satilik/daire/160589-9,2025-12-03 23:44:15
AKMAN GAYRİMENKUL'DEN MURADİYE'DE SATILIK ARAKAT 3+1 SIFIR DAİRE,5.000.000 TL,Manisa,Yunusemre,Muradiye Mah.,Manisa / Yunusemre / Muradiye Mah.,3 + 1,140,1,2. Kat,1 Yaşında,Yerden Isıtma,Yok,Yok,Var,-,Boş,Kat İrtifakı,-,etin,-,...,Evet,Haritası,Hatırlatmaları,Eşyalı Değil,Satılık,113243-19,23-10-2025,https://www.hepsiemlak.com/manisa-yunusemre-muradiye-satilik/daire/113243-19,2025-12-03 23:45:23
EMİR GRUP'TAN MURADİYE'DE 3+1 ULTRA LÜKS ARA KAT SATILIK DAİRE,4.950.000 TL,Manisa,Yunusemre,Muradiye Mah.,Manisa / Yunusemre / Muradiye Mah.,3 + 1,125,1,2. Kat,Sıfır Bina,Yerden Isıtma,Yok,Yok,Var,-,Boş,Kat İrtifakı,-,etin,-,...,Evet,Haritası,Hatırlatmaları,Eşyalı Değil,Satılık,163565-72,23-11-2025,https://www.hepsiemlak.com/manisa-yunusemre-muradiye-satilik/daire/163565-72,2025-12-03 23:46:12
SALİHLİ EVİM EMLAK TAN KOCAÇEŞME MAHALLESİNDE 100M2 2+1 DAİRE,2.625.000 TL,Manisa,Salihli,Kocacesme Mah.,Manisa / Salihli / Kocacesme Mah.,2 + 1,125,1,2. Kat,16 Yaşında,Klima,Yok,Yok,Var,-,Kiracılı,Kat Mülkiyeti,"Kuzey, Güney",etin,-,...,Hayır,Haritası,Hatırlatmaları,Eşyalı Değil,Satılık,139685-205,17-10-2025,https://www.hepsiemlak.com/manisa-salihli-kocacesme-satilik/daire/139685-205,2025-12-03 23:46:48
salihlide satılık 5 katlı bina,65.000.000 TL,Manisa,Salihli,Taytan Mah.,Manisa / Salihli / Taytan Mah.,3 + 1,600,1,-,5 Yaşında,Kat Kaloriferi,Yok,Yok,Yok,-,Kiracılı,Kat Mülkiyeti,-,etin,200 TL,...,-,Haritası,Hatırlatmaları,-,Satılık,57265-18,17-09-2025,https://www.hepsiemlak.com/manisa-salihli-taytan-satilik/bina/57265-18,2025-12-03 23:47:21
ARDA MAH ASANSÖRLÜ ÖNÜ AÇIK CADDE ÜZERİ 3+1 DAİRE,3.850.000 TL,Manisa,Sehzadeler,Arda Mah.,Manisa / Sehzadeler / Arda Mah.,3 + 1,130,2,6. Kat,21 Yaşında,Kombi,Var,Var,Var,-,Mülk Sahibi,Kat İrtifakı,"Kuzey, Güney",etin,-,...,Hayır,Haritası,Hatırlatmaları,Eşyalı Değil,Satılık,114523-384,10-09-2025,https://www.hepsiemlak.com/manisa-sehzadeler-arda-satilik/daire/114523-384,2025-12-03 23:47:55
Manisa Yunusemre Atatürk Mah. Fırsat 3+1 Kapalı Mutfak Bahçeli Daire,3.995.000 TL,Manisa,Yunusemre,Ataturk Mah.,Manisa / Yunusemre / Ataturk Mah.,3 + 1,125,1,Yüksek Giriş,4 Yaşında,Kombi,Var,Var,Yok,İkinci El,Mülk Sahibi,Kat Mülkiyeti,"Kuzey, Güney, Doğu, Batı",etin,200 TL,...,Hayır,Haritası,Hatırlatmaları,Eşyalı Değil,Satılık,95753-2083,30-10-2025,https://www.hepsiemlak.com/manisa-yunusemre-ataturk-satilik/daire/95753-2083,2025-12-03 23:48:30
PLUS+ GAYRİMENKUL farkıyla Yılmazlar mahallesinde fırsat daire,2.550.000 TL,Manisa,Turgutlu,Yilmazlar Mah.,Manisa / Turgutlu / Yilmazlar Mah.,2 + 1,100,1,Zemin,21 Yaşında,Kombi,Yok,Yok,Yok,-,Mülk Sahibi,Kat Mülkiyeti,-,etin,-,...,Hayır,Haritası,Hatırlatmaları,Eşyalı,Satılık,154320-250,01-10-2025,https://www.hepsiemlak.com/manisa-turgutlu-yilmazlar-satilik/daire/154320-250,2025-12-03 23:49:05
EMİR GRUP'TAN MURADİYE'DE 2+1 95M² FULL ÖZELLİKLİ MEVKİ DAİRE,3.125.000 TL,Manisa,Yunusemre,Muradiye Mah.,Manisa / Yunusemre / Muradiye Mah.,2 + 1,95,1,4. Kat,1 Yaşında,Kombi,Yok,Yok,Yok,-,Boş,Kat İrtifakı,-,etin,-,...,Hayır,Haritası,Hatırlatmaları,Eşyalı Değil,Satılık,163565-45,28-10-2025,https://www.hepsiemlak.com/manisa-yunusemre-muradiye-satilik/daire/163565-45,2025-12-03 23:49:30
İstiklal Mahallesi Altıntaş Mevkiinde Satılık Daire,1.480.000 TL,Manisa,Turgutlu,Istiklal Mah.,Manisa / Turgutlu / Istiklal Mah.,2 + 1,80,1,4. Kat,21 Yaşında,Klima,Yok,Yok,Yok,-,Boş,Kat Mülkiyeti,-,etin,-,...,Hayır,Haritası,Hatırlatmaları,Eşyalı Değil,Satılık,160048-71,09-11-2025,https://www.hepsiemlak.com/manisa-turgutlu-istiklal-satilik/daire/160048-71,2025-12-03 23:49:50
Akhisar Ragıpbey'de Satılık Doğalgazlı Sıfır Ayarında Arakat 3+1 Daire,2.700.000 TL,Manisa,Akhisar,Ragip Mah.,Manisa / Akhisar / Ragip Mah.,3 + 1,130,1,3. Kat,26 Yaşında,Kombi,Yok,Var,Yok,-,Mülk Sahibi,Kat İrtifakı,"Kuzey, Güney",etin,-,...,Evet,Haritası,Hatırlatmaları,Eşyalı Değil,Satılık,72047-1507,01-12-2025,https://www.hepsiemlak.com/manisa-akhisar-ragip-bey-satilik/daire/72047-1507,2025-12-03 23:50:10
MANİSA KIRKAĞAÇ DA SATILIK 2+1 DOĞALGAZLI+BALKONLU ÇİĞLİ SERKAN DAN,1.350.000 TL,Manisa,Kirkagac,Sair Mah.,Manisa / Kirkagac / Sair Mah.,2 + 1,95,1,4. Kat,23 Yaşında,Kombi,Var,Yok,Yok,İkinci El,Kiracılı,Kat Mülkiyeti,-,etin,-,...,Hayır,Haritası,Hatırlatmaları,Eşyalı Değil,Satılık,21001-18467,15-09-2025,https://www.hepsiemlak.com/manisa-kirkagac-sair-esref-satilik/daire/21001-18467,2025-12-03 23:50:59
Akhisar Atatürk Mahallesi'nde 2+1 Satılık Daire,4.000.000 TL,Manisa,Akhisar,Ataturk Mah.,Manisa / Akhisar / Ataturk Mah.,2 + 1,95,2,1. Kat,Sıfır Bina,Kombi,Yok,Var,Var,Sıfır,Boş,Kat İrtifakı,Güney,etin,-,...,Hayır,Haritası,Hatırlatmaları,Eşyalı Değil,Satılık,94137-1313,02-10-2025,https://www.hepsiemlak.com/manisa-akhisar-ataturk-satilik/daire/94137-1313,2025-12-03 23:51:23
SALİHLİ CİN EMLAKTAN DEDETAŞI MAH. ŞAZİMENT OKULU YANI 3+1 DOGALGAZLI ASANSÖRLÜ SATILIK DAİRE,6.500.000 TL,Manisa,Salihli,Kirveli Mah.,Manisa / Salihli / Kirveli Mah.,3 + 0,143,2,4. Kat,3 Yaşında,Kombi,Yok,Var,Var,Sıfır,-,Kat İrtifakı,"Kuzey, Güney",etin,-,...,Hayır,ye ait özel otopark,Hatırlatmaları,Eşyalı Değil,Satılık,37897-2528,05-09-2025,https://www.hepsiemlak.com/manisa-salihli-kirveli-satilik/daire/37897-2528,2025-12-03 23:51:43
SAFİR EMLAKTAN TURGUTLU MUSAL SİTESİNDE SATILIK 3. KAT DAİRE,6.350.000 TL,Manisa,Turgutlu,Selvilitepe Mah.,Manisa / Turgutlu / Selvilitepe Mah.,3 + 1,150,2,3. Kat,9 Yaşında,Merkezi,Yok,Yok,Var,-,Kiracılı,Kat Mülkiyeti,Doğu,etin,2.000 TL,...,-,Haritası,Hatırlatmaları,-,Satılık,155031-22,01-12-2025,https://www.hepsiemlak.com/manisa-turgutlu-selvilitepe-satilik/daire/155031-22,2025-12-03 23:52:05
TURGUTLU EGE KOOP.'TA SATILIK 3+1 SIFIR FIRSAT DAİRESİ,5.250.000 TL,Manisa,Turgutlu,Selvilitepe Mah.,Manisa / Turgutlu / Selvilitepe Mah.,3 + 1,160,1,5. Kat,1 Yaşında,Merkezi,Var,Var,Var,-,Boş,Kat İrtifakı,Doğu,etin,-,...,Evet,İçerisinde,Hatırlatmaları,Eşyalı Değil,Satılık,161345-6,14-11-2025,https://www.hepsiemlak.com/manisa-turgutlu-selvilitepe-satilik/daire/161345-6,2025-12-03 23:52:25
MANİSA TURGUTLU IRLAMAZ VADİSİ MANZARALI 3+1 150m2 LÜX DAİRE,5.250.000 TL,Manisa,Turgutlu,Yeni Mah.,Manisa / Turgutlu / Yeni Mah.,3 + 1,150,2,1. Kat,Sıfır Bina,Yerden Isıtma,Yok,Var,Var,-,Boş,Kat Mülkiyeti,"Doğu, Batı",etin,200 TL,...,Evet,Haritası,Hatırlatmaları,Eşyalı Değil,Satılık,94181-663,01-10-2025,https://www.hepsiemlak.com/manisa-turgutlu-yeni-satilik/daire/94181-663,2025-12-03 23:52:48
Altay Mahallesi,4.750.000 TL,Manisa,Turgutlu,Altay Mah.,Manisa / Turgutlu / Altay Mah.,2 + 1,120,1,4. Kat,Sıfır Bina,Yerden Isıtma,Yok,Var,Yok,-,Boş,Kat Mülkiyeti,-,etin,-,...,Hayır,Haritası,Hatırlatmaları,Eşyalı Değil,Satılık,164247-33,21-11-2025,https://www.hepsiemlak.com/manisa-turgutlu-altay-satilik/daire/164247-33,2025-12-03 23:53:08
AKMAN GAYRİMENKUL'DEN 50.YIL MAH SATILIK 3+1 ARAKAT DAİRE,5.175.000 TL,Manisa,Yunusemre,50 Mah.,Manisa / Yunusemre / 50 Mah.,3 + 1,135,1,3. Kat,4 Yaşında,Kombi,Var,Var,Yok,-,Mülk Sahibi,Kat İrtifakı,-,etin,-,...,Hayır,Haritası,Hatırlatmaları,Eşyalı Değil,Satılık,113243-20,23-10-2025,https://www.hepsiemlak.com/manisa-yunusemre-50-yil-satilik/daire/113243-20,2025-12-03 23:53:35
YILDIRIM MAHALLESİNDE SATILIK 3+1 DAİRE,4.550.000 TL,Manisa,Turgutlu,Yildirim Mah.,Manisa / Turgutlu / Yildirim Mah.,3 + 1,178,2,2. Kat,6 Yaşında,Kombi,Var,Var,Yok,-,Mülk Sahibi,Kat Mülkiyeti,-,etin,-,...,Evet,Haritası,Hatırlatmaları,Eşyalı Değil,Satılık,156788-242,03-12-2025,https://www.hepsiemlak.com/manisa-turgutlu-yildirim-satilik/daire/156788-242,2025-12-03 23:54:02
NOVA'DAN PAVİLİON GARDEN'DA SATILIK 2+1 EBEVEYN BAYOLU DAİRE,5.250.000 TL,Manisa,Turgutlu,Ergenekon Mah.,Manisa / Turgutlu / Ergenekon Mah.,2 + 1,130,2,1. Kat,Sıfır Bina,Yerden Isıtma,Var,Var,Var,-,Boş,Kat İrtifakı,-,etin,-,...,Evet,İçerisinde,Hatırlatmaları,Eşyalı Değil,Satılık,123058-1732,23-09-2025,https://www.hepsiemlak.com/manisa-turgutlu-ergenekon-satilik/daire/123058-1732,2025-12-03 23:54:34
MANİSA ÇARŞI SEVGİ YOLU ÜZERİ TERASLI SATILIK 2+1 DAİRE,8.600.000 TL,Manisa,Sehzadeler,Utku Mah.,Manisa / Sehzadeler / Utku Mah.,2 + 1,110,1,2. Kat,Sıfır Bina,Yerden Isıtma,Yok,Yok,Yok,-,Boş,Kat İrtifakı,-,etin,-,...,Hayır,Haritası,Hatırlatmaları,Eşyalı Değil,Satılık,163068-6,04-11-2025,https://www.hepsiemlak.com/manisa-sehzadeler-utku-satilik/daire/163068-6,2025-12-03 23:55:19
EVREN GAYRİMENKULDEN 8. MINTIKA BOSTANLI MEVKİİ SATILIK ÇİFTLİK.,6.500.000 TL,Manisa,Turgutlu,Istasyonalti Mah.,Manisa / Turgutlu / Istasyonalti Mah.,2 + 0,110,1,Bahçe Katı,5 Yaşında,Soba,Yok,Yok,Yok,-,-,Müstakil Tapulu,"Kuzey, Güney",etin,-,...,Evet,Haritası,Hatırlatmaları,-,Satılık,163190-3,24-11-2025,https://www.hepsiemlak.com/manisa-turgutlu-istasyonalti-satilik/ciftlik-evi/163190-3,2025-12-03 23:55:46
MANİSA TURGUTLU SUBAŞI MH YEŞİLLİK ALANI DİBİ 2+1 SIFIR DAİRE,3.800.000 TL,Manisa,Turgutlu,Subasi Mah.,Manisa / Turgutlu / Subasi Mah.,3 + 0,100,-,Ara Kat,1 Yaşında,Kombi,Yok,Var,Var,Sıfır,Boş,Kat İrtifakı,"Kuzey, Güney",etin,-,...,Hayır,Haritası,Hatırlatmaları,Eşyalı Değil,Satılık,94181-695,08-09-2025,https://www.hepsiemlak.com/manisa-turgutlu-subasi-satilik/daire/94181-695,2025-12-03 23:56:15
MANİSA AYNİALİ MH CADDE ÜZERİ ESKİ GARAJ KONUMLU 3+1 150m2 DAİRE,8.750.000 TL,Manisa,Yunusemre,Ayni Mah.,Manisa / Yunusemre / Ayni Mah.,3 + 1,165,2,3. Kat,3 Yaşında,Kombi,Yok,Yok,Var,-,Boş,Kat İrtifakı,-,etin,-,...,Evet,Haritası,Hatırlatmaları,Eşyalı Değil,Satılık,162754-16,26-11-2025,https://www.hepsiemlak.com/manisa-yunusemre-ayni-ali-satilik/daire/162754-16,2025-12-03 23:56:39
CUMHURİYET MAH. ÇAĞLAK PARKI KARŞISI SATILIK 3+1 DAİRE.,3.750.000 TL,Manisa,Akhisar,Cumhuriyet Mah.,Manisa / Akhisar / Cumhuriyet Mah.,3 + 1,115,1,1. Kat,Sıfır Bina,Kombi,Yok,Var,Var,-,Boş,Kat İrtifakı,"Kuzey, Batı",etin,-,...,Hayır,Haritası,Hatırlatmaları,Eşyalı Değil,Satılık,94123-2713,15-10-2025,https://www.hepsiemlak.com/manisa-akhisar-cumhuriyet-satilik/daire/94123-2713,2025-12-03 23:57:05
EMİR GRUP'TAN SİTE İÇİNDE SIFIR FUL LÜX 3+1 OTOPARKLI DAİRE,4.750.000 TL,Manisa,Yunusemre,Muradiye Mah.,Manisa / Yunusemre / Muradiye Mah.,3 + 1,125,1,3. Kat,Sıfır Bina,Kombi,Yok,Yok,Var,-,Boş,Kat İrtifakı,-,etin,-,...,Evet,İçerisinde,Hatırlatmaları,Eşyalı Değil,Satılık,163565-59,03-12-2025,https://www.hepsiemlak.com/manisa-yunusemre-muradiye-satilik/daire/163565-59,2025-12-03 23:57:30
ATLAS GAYRİMENKUL'DEN SELVİLİTEPEDE DOĞALGAZLI 2+1 SATILIK DAİRE,2.950.000 TL,Manisa,Turgutlu,Selvilitepe Mah.,Manisa / Turgutlu / Selvilitepe Mah.,2 + 1,90,1,Zemin,11 Yaşında,Kombi,Var,Yok,Yok,-,Mülk Sahibi,Kat Mülkiyeti,-,etin,-,...,Hayır,Haritası,Hatırlatmaları,Eşyalı Değil,Satılık,156738-53,21-09-2025,https://www.hepsiemlak.com/manisa-turgutlu-selvilitepe-satilik/daire/156738-53,2025-12-03 23:58:00
GARANTİ EMLAK ALTAY MAHALLESİ SATILIK KÖŞE DAİRE,5.450.000 TL,Manisa,Turgutlu,Altay Mah.,Manisa / Turgutlu / Altay Mah.,3 + 1,155,2,En Üst Kat,4 Yaşında,Kombi,Var,Var,Var,İkinci El,Mülk Sahibi,Kat İrtifakı,-,etin,-,...,Hayır,Haritası,Hatırlatmaları,Eşyalı Değil,Satılık,137655-327,01-12-2025,https://www.hepsiemlak.com/manisa-turgutlu-altay-satilik/daire/137655-327,2025-12-03 23:58:27
MANİSA TURGUTLU ERGENEKON MH 170m2 SIFIR ARA KAT DAİRE,6.500.000 TL,Manisa,Turgutlu,Ergenekon Mah.,Manisa / Turgutlu / Ergenekon Mah.,4 + 1,170,-,Ara Kat,Sıfır Bina,Kombi,Var,Var,Var,Sıfır,Boş,Kat Mülkiyeti,Batı,etin,-,...,Evet,Haritası,Hatırlatmaları,Eşyalı Değil,Satılık,94181-688,26-11-2025,https://www.hepsiemlak.com/manisa-turgutlu-ergenekon-satilik/daire/94181-688,2025-12-03 23:58:51
SELVİTEPE mahallesi,3.650.000 TL,Manisa,Turgutlu,Selvilitepe Mah.,Manisa / Turgutlu / Selvilitepe Mah.,2 + 1,115,1,2. Kat,Sıfır Bina,Kombi,Yok,Var,Var,-,Boş,Kat Mülkiyeti,-,etin,-,...,Hayır,Haritası,Hatırlatmaları,Eşyalı Değil,Satılık,164247-24,21-11-2025,https://www.hepsiemlak.com/manisa-turgutlu-selvilitepe-satilik/daire/164247-24,2025-12-03 23:59:18
EMİR GRUP'TAN MURADİYEDE 2+1 SIFIR KAPALI OTOPARKLI ARAKAT DAİRE,3.400.000 TL,Manisa,Yunusemre,Muradiye Mah.,Manisa / Yunusemre / Muradiye Mah.,2 + 1,95,1,3. Kat,Sıfır Bina,Kombi,Yok,Yok,Var,-,Boş,Kat İrtifakı,-,etin,-,...,Hayır,Haritası,Hatırlatmaları,Eşyalı Değil,Satılık,163565-47,16-11-2025,https://www.hepsiemlak.com/manisa-yunusemre-muradiye-satilik/daire/163565-47,2025-12-04 00:01:46
3 ADAM GAYRİMENKUL REŞATBEY MH DUTLULU SATILIK TRİPLEKS VİLLA,14.500.000 TL,Manisa,Akhisar,Resat Mah.,Manisa / Akhisar / Resat Mah.,5 + 1,227,3,Bahçe Katı,1 Yaşında,Kombi,Var,Yok,Yok,-,Boş,Kat İrtifakı,-,etin,-,...,Evet,Haritası,Hatırlatmaları,Eşyalı Değil,Satılık,143910-90,24-10-2025,https://www.hepsiemlak.com/manisa-akhisar-resat-bey-satilik/villa/143910-90,2025-12-04 00:02:11
ERGENEKON MAHALLESİ MERKEZİ KONUMDA LÜKS 3+1 DAİRE,5.490.000 TL,Manisa,Turgutlu,Ergenekon Mah.,Manisa / Turgutlu / Ergenekon Mah.,3 + 1,130,1,3. Kat,Sıfır Bina,Kombi,Yok,Var,Var,-,Boş,Kat İrtifakı,"Güney, Batı",etin,200 TL,...,Evet,Haritası,Hatırlatmaları,Eşyalı Değil,Satılık,164247-5,21-11-2025,https://www.hepsiemlak.com/manisa-turgutlu-ergenekon-satilik/daire/164247-5,2025-12-04 00:02:34
PLUS+ GAYRİMENKUL'den PRESTİJ EVLERİ'nde HAVUZ CEPHE 3+1,4.475.000 TL,Manisa,Turgutlu,Selvilitepe Mah.,Manisa / Turgutlu / Selvilitepe Mah.,3 + 1,140,2,11. Kat,1 Yaşında,Merkezi (Pay Öl...,Yok,Var,Var,-,Boş,Kat Mülkiyeti,Kuzey,etin,1.500 TL,...,Evet,İçerisinde,Hatırlatmaları,Eşyalı Değil,Satılık,154320-181,16-09-2025,https://www.hepsiemlak.com/manisa-turgutlu-selvilitepe-satilik/daire/154320-181,2025-12-04 00:02:56
BEYAZ GAYRİMENKUL'DEN TOPÇU ASIM MAH 3+1 FIRSATT,4.350.000 TL,Manisa,Yunusemre,Topcuasim Mah.,Manisa / Yunusemre / Topcuasim Mah.,3 + 1,140,1,3. Kat,16 Yaşında,Kombi,Yok,Var,Var,İkinci El,Boş,Kat İrtifakı,"Kuzey, Güney, Doğu, Batı",etin,-,...,Hayır,Haritası,Hatırlatmaları,Eşyalı Değil,Satılık,119915-549,10-10-2025,https://www.hepsiemlak.com/manisa-yunusemre-topcuasim-satilik/daire/119915-549,2025-12-04 00:03:16
ÖZ DOST EMLAKTAN MURADİYEDE SATILIK 2+1 DAİRE,3.495.000 TL,Manisa,Yunusemre,Muradiye Mah.,Manisa / Yunusemre / Muradiye Mah.,2 + 1,85,1,Çatı Katı,1 Yaşında,Kombi,Var,Yok,Var,-,Boş,Kat İrtifakı,-,etin,-,...,Hayır,Haritası,Hatırlatmaları,Eşyalı Değil,Satılık,137460-52,07-11-2025,https://www.hepsiemlak.com/manisa-yunusemre-muradiye-satilik/daire/137460-52,2025-12-04 00:03:37
ALTAY MEYDANI YAKINI SATILIK DAİRE,1.900.000 TL,Manisa,Turgutlu,Altay Mah.,Manisa / Turgutlu / Altay Mah.,3 + 1,120,1,5. Kat,21 Yaşında,Soba,Yok,Yok,Yok,-,Boş,Kat İrtifakı,-,etin,-,...,Hayır,Haritası,Hatırlatmaları,Eşyalı Değil,Satılık,160009-11,24-09-2025,https://www.hepsiemlak.com/manisa-turgutlu-altay-satilik/daire/160009-11,2025-12-04 00:04:02
NOVA'DAN SELVİLİTEPE MAHALLESİ'NDE 2+1 OTOPARKLI SIFIR DAİRELER,3.650.000 TL,Manisa,Turgutlu,Selvilitepe Mah.,Manisa / Turgutlu / Selvilitepe Mah.,2 + 1,115,1,2. Kat,Sıfır Bina,Kombi,Yok,Var,Var,-,Boş,Kat İrtifakı,-,etin,-,...,Evet,Haritası,Hatırlatmaları,Eşyalı Değil,Satılık,123058-2185,25-10-2025,https://www.hepsiemlak.com/manisa-turgutlu-selvilitepe-satilik/daire/123058-2185,2025-12-04 00:04:26
Manisa yagcilarda 750 M2 bahçeli imarlı ev,7.950.000 TL,Manisa,Yunusemre,Yagcilar Mah.,Manisa / Yunusemre / Yagcilar Mah.,3 + 1,750,1,Bahçe Katı,16 Yaşında,Soba,Yok,Yok,Yok,-,Boş,Müstakil Tapulu,-,etin,-,...,Hayır,Haritası,Hatırlatmaları,Eşyalı Değil,Satılık,110165-1024,11-11-2025,https://www.hepsiemlak.com/manisa-yunusemre-yagcilar-satilik/mustakil-ev/110165-1024,2025-12-04 00:04:48
MANİSA 50. YIL’DA ARAKAT FULL ÖZELLİKLİ SATILIK 3+1 DAİRE,4.975.000 TL,Manisa,Yunusemre,50 Mah.,Manisa / Yunusemre / 50 Mah.,3 + 1,120,1,Ara Kat,5 Yaşında,Kombi,Yok,Var,Var,-,-,Kat İrtifakı,-,etin,-,...,-,Haritası,Hatırlatmaları,Eşyalı Değil,Satılık,162376-47,24-11-2025,https://www.hepsiemlak.com/manisa-yunusemre-50-yil-satilik/daire/162376-47,2025-12-04 00:05:11
Manisa Hafsa Sultan Mah. 3+1 130m2 Asansörlü Satılık Daire ⭕️,5.450.000 TL,Manisa,Yunusemre,Hafsa Mah.,Manisa / Yunusemre / Hafsa Mah.,3 + 1,140,1,5. Kat,8 Yaşında,Kombi,Var,Var,Yok,İkinci El,Mülk Sahibi,Kat İrtifakı,"Kuzey, Güney, Doğu, Batı",etin,250 TL,...,Evet,Haritası,Hatırlatmaları,Eşyalı Değil,Satılık,95753-2054,15-10-2025,https://www.hepsiemlak.com/manisa-yunusemre-hafsa-sultan-satilik/daire/95753-2054,2025-12-04 00:06:02
YENİ MAHALLEDE SATILIK KAÇIRILMAYACAK 3+1 LÜX DAİRE,3.850.000 TL,Manisa,Turgutlu,Yeni Mah.,Manisa / Turgutlu / Yeni Mah.,3 + 1,145,1,1. Kat,6 Yaşında,Kombi,Var,Yok,Var,-,Mülk Sahibi,Kat Mülkiyeti,-,etin,-,...,Hayır,Haritası,Hatırlatmaları,Eşyalı Değil,Satılık,156788-214,02-12-2025,https://www.hepsiemlak.com/manisa-turgutlu-yeni-satilik/daire/156788-214,2025-12-04 00:06:21
Cumhuriyet Mahallesi 140 m2 yüksek giriş zemin kat doğalgazlı Bahçeli,4.500.000 TL,Manisa,Turgutlu,Cumhuriyet Mah.,Manisa / Turgutlu / Cumhuriyet Mah.,3 + 1,140,1,Giriş Katı,21 Yaşında,Kombi,Yok,Var,Yok,İkinci El,Boş,Kat İrtifakı,-,etin,-,...,Hayır,Haritası,Hatırlatmaları,Eşyalı Değil,Satılık,154992-45,04-10-2025,https://www.hepsiemlak.com/manisa-turgutlu-cumhuriyet-satilik/daire/154992-45,2025-12-04 00:06:47
beft gayrimenkul den yarhasanlar mh cadde üzeri satılık full 3+1 arakat daire,4.350.000 TL,Manisa,Sehzadeler,Yarhasanlar Mah.,Manisa / Sehzadeler / Yarhasanlar Mah.,3 + 1,125,1,3. Kat,34 Yaşında,Kombi,Var,Var,Yok,İkinci El,Boş,Kat İrtifakı,-,etin,-,...,Evet,Haritası,Hatırlatmaları,Eşyalı Değil,Satılık,162044-92,09-10-2025,https://www.hepsiemlak.com/manisa-sehzadeler-yarhasanlar-satilik/daire/162044-92,2025-12-04 00:07:12
ZEKİ EMLAK'TAN MURADİYE'DE 1. SINIF İŞÇİLİKLİ 2+1 SATILIK DAİRE,4.500.000 TL,Manisa,Yunusemre,Muradiye Mah.,Manisa / Yunusemre / Muradiye Mah.,2 + 1,100,2,Yüksek Giriş,Sıfır Bina,Yerden Isıtma,Var,Var,Var,Sıfır,Boş,Kat İrtifakı,-,etin,-,...,-,Haritası,Hatırlatmaları,Eşyalı Değil,Satılık,156185-416,27-11-2025,https://www.hepsiemlak.com/manisa-yunusemre-muradiye-satilik/daire/156185-416,2025-12-04 00:07:32
ÖZ DOST EMLAKTAN MURADİYEDE SATILIK 2+1 DAİRE,4.250.000 TL,Manisa,Yunusemre,Muradiye Mah.,Manisa / Yunusemre / Muradiye Mah.,2 + 1,75,1,2. Kat,Sıfır Bina,Kombi,Yok,Yok,Yok,-,Boş,Kat İrtifakı,-,etin,-,...,Hayır,Haritası,Hatırlatmaları,Eşyalı Değil,Satılık,137460-74,15-11-2025,https://www.hepsiemlak.com/manisa-yunusemre-muradiye-satilik/daire/137460-74,2025-12-04 00:07:56
MURADİYE'DE GENİŞ BAHÇELİ TADİLATLI SATILIK 3+1 DAİRE,4.100.000 TL,Manisa,Yunusemre,Muradiye Mah.,Manisa / Yunusemre / Muradiye Mah.,3 + 1,160,1,Yüksek Giriş,5 Yaşında,Kombi,Yok,Var,Var,-,Boş,Kat İrtifakı,-,etin,-,...,Hayır,Haritası,Hatırlatmaları,Eşyalı Değil,Satılık,162376-32,13-10-2025,https://www.hepsiemlak.com/manisa-yunusemre-muradiye-satilik/daire/162376-32,2025-12-04 00:08:19
Yeni Mahalle Satılık Daire,5.250.000 TL,Manisa,Turgutlu,Yeni Mah.,Manisa / Turgutlu / Yeni Mah.,3 + 1,150,2,3. Kat,Sıfır Bina,Yerden Isıtma,Yok,Var,Var,-,Boş,Kat Mülkiyeti,-,etin,-,...,Hayır,Haritası,Hatırlatmaları,Eşyalı Değil,Satılık,164247-19,21-11-2025,https://www.hepsiemlak.com/manisa-turgutlu-yeni-satilik/daire/164247-19,2025-12-04 00:08:39
ZEKİ EMLAK'TAN GÜZELYURT TOKİ 2'DE ARA KAT 3+1 SATILIK DAİRE,6.800.000 TL,Manisa,Yunusemre,Guzelyurt Mah.,Manisa / Yunusemre / Guzelyurt Mah.,3 + 1,120,1,2. Kat,21 Yaşında,Kombi,Var,Var,Var,İkinci El,Boş,Kat İrtifakı,-,etin,750 TL,...,-,İçerisinde,-,Eşyalı Değil,Satılık,156185-392,27-11-2025,https://www.hepsiemlak.com/manisa-yunusemre-guzelyurt-satilik/daire/156185-392,2025-12-04 00:09:04
MUSTAFA BAŞYİĞİT EMLAK'TAN NOVADA YOLU ÜZERİ 4+1 DUBLEKS,4.000.000 TL,Manisa,Akhisar,Pasa Mah.,Manisa / Akhisar / Pasa Mah.,4 + 1,275,2,3. Kat,1 Yaşında,Kombi,Yok,Var,Var,-,Boş,Kat İrtifakı,"Güney, Batı",etin,-,...,Evet,Haritası,Hatırlatmaları,Eşyalı Değil,Satılık,162406-79,26-09-2025,https://www.hepsiemlak.com/manisa-akhisar-pasa-satilik/daire/162406-79,2025-12-04 00:09:26
EMİR GRUP'TAN MURADİYE'DE 3+1 125M ÖNÜ AÇIK SATILIK DAİRE,3.550.000 TL,Manisa,Yunusemre,Muradiye Mah.,Manisa / Yunusemre / Muradiye Mah.,3 + 1,125,1,Yüksek Giriş,1 Yaşında,Kombi,Yok,Yok,Var,-,Kiracılı,Kat İrtifakı,-,etin,-,...,Evet,Haritası,Hatırlatmaları,Eşyalı Değil,Satılık,163565-12,28-10-2025,https://www.hepsiemlak.com/manisa-yunusemre-muradiye-satilik/daire/163565-12,2025-12-04 00:10:08
Manisa Muradiyede Satılık 3+1 Kapalı Mutfak Daire,5.250.000 TL,Manisa,Yunusemre,Muradiye Mah.,Manisa / Yunusemre / Muradiye Mah.,3 + 1,120,2,3. Kat,Sıfır Bina,Kombi,Var,Var,Var,-,Boş,Kat Mülkiyeti,-,etin,-,...,Evet,Haritası,Hatırlatmaları,Eşyalı Değil,Satılık,162754-19,25-11-2025,https://www.hepsiemlak.com/manisa-yunusemre-muradiye-satilik/daire/162754-19,2025-12-04 00:10:29
EMİR GRUP'TAN MURADİYE'DE OTOPARKLI 3+1 ARAKAT SATILIK DAİRE,4.700.000 TL,Manisa,Yunusemre,Muradiye Mah.,Manisa / Yunusemre / Muradiye Mah.,3 + 1,125,1,2. Kat,1 Yaşında,Kombi,Yok,Var,Var,-,Boş,Kat İrtifakı,-,etin,-,...,Evet,Haritası,Hatırlatmaları,Eşyalı Değil,Satılık,163565-71,28-10-2025,https://www.hepsiemlak.com/manisa-yunusemre-muradiye-satilik/daire/163565-71,2025-12-04 00:11:02
ATATÜRK MAHALLESİNDE SATILIK 3 KATLI BİNA,6.500.000 TL,Manisa,Turgutlu,Ataturk Mah.,Manisa / Turgutlu / Ataturk Mah.,3 + 1,130,1,2. Kat,11 Yaşında,Soba,Yok,Yok,Var,-,Boş,Kat Mülkiyeti,-,etin,-,...,Hayır,Haritası,Hatırlatmaları,Eşyalı Değil,Satılık,164247-73,21-11-2025,https://www.hepsiemlak.com/manisa-turgutlu-ataturk-satilik/daire/164247-73,2025-12-04 00:11:21
EMİR GRUP'TAN MURADİYE'DE 3+1 FULL LÜX ÖNÜ AÇIK SATILIK DAİRE,4.500.000 TL,Manisa,Yunusemre,Muradiye Mah.,Manisa / Yunusemre / Muradiye Mah.,3 + 1,135,1,5. Kat,1 Yaşında,Kombi,Yok,Var,Var,-,Boş,Kat İrtifakı,-,etin,-,...,Evet,Haritası,Hatırlatmaları,Eşyalı Değil,Satılık,163565-61,28-10-2025,https://www.hepsiemlak.com/manisa-yunusemre-muradiye-satilik/daire/163565-61,2025-12-04 00:11:45
EMİR GRUP'TAN MURADİYE'DE SATILIK 3+1 FUL LÜX ARAKAT GENİŞ DAİRE,4.100.000 TL,Manisa,Yunusemre,Muradiye Mah.,Manisa / Yunusemre / Muradiye Mah.,3 + 1,145,1,4. Kat,6 Yaşında,Kombi,Var,Yok,Var,-,Boş,Kat İrtifakı,-,etin,-,...,Hayır,Haritası,Hatırlatmaları,Eşyalı Değil,Satılık,163565-10,11-11-2025,https://www.hepsiemlak.com/manisa-yunusemre-muradiye-satilik/daire/163565-10,2025-12-04 00:12:10
KALE EMLAK'TAN ASFALT YOL CEPHELİ MÜSTAKİL HAVUZLU FIRSAT YAZLIK,11.750.000 TL,Manisa,Akhisar,Karaborklu Mah.,Manisa / Akhisar / Karaborklu Mah.,2 + 1,4,1,Villa Katı,Sıfır Bina,Klima,Yok,Yok,Var,-,Boş,Tapu Yok,"Kuzey, Güney, Doğu, Batı",etin,-,...,Evet,si’nde Havuzlu ve Geniş Villa!,Hatırlatmaları,Eşyalı Değil,Satılık,72050-860,04-10-2025,https://www.hepsiemlak.com/manisa-akhisar-karaborklu-satilik/yazlik/72050-860,2025-12-04 00:12:36
ZEKİ EMLAK'TAN MURADİYE'DE SATILIK 2+1 KAPALI MUTFAK SIFIR DAİRE,4.100.000 TL,Manisa,Yunusemre,Muradiye Mah.,Manisa / Yunusemre / Muradiye Mah.,2 + 1,100,1,4. Kat,Sıfır Bina,Kombi,Var,Var,Var,İkinci El,Boş,Kat İrtifakı,-,etin,-,...,Hayır,Haritası,Hatırlatmaları,Eşyalı,Satılık,156185-346,23-10-2025,https://www.hepsiemlak.com/manisa-yunusemre-muradiye-satilik/daire/156185-346,2025-12-04 00:12:58
MANİSA MURADİYE SIFIR ARAKAT 2+1 K.MUTFAK FIRSAT SATILIK DAİRE,4.500.000 TL,Manisa,Yunusemre,Muradiye Mah.,Manisa / Yunusemre / Muradiye Mah.,2 + 1,92,1,1. Kat,1 Yaşında,Yerden Isıtma,Yok,Var,Yok,-,Boş,Kat İrtifakı,-,etin,-,...,Evet,Haritası,Hatırlatmaları,Eşyalı Değil,Satılık,150932-48,06-10-2025,https://www.hepsiemlak.com/manisa-yunusemre-muradiye-satilik/daire/150932-48,2025-12-04 00:13:17
ÖZ DOST EMLAKTAN MURADİYEDE SATILIK 3+1 DAİRE,5.300.000 TL,Manisa,Yunusemre,Muradiye Mah.,Manisa / Yunusemre / Muradiye Mah.,3 + 1,135,1,2. Kat,1 Yaşında,Kombi,Yok,Var,Yok,-,Boş,Kat Mülkiyeti,-,etin,-,...,Evet,Haritası,Hatırlatmaları,Eşyalı Değil,Satılık,137460-53,07-11-2025,https://www.hepsiemlak.com/manisa-yunusemre-muradiye-satilik/daire/137460-53,2025-12-04 00:13:38
ERGENEKON MAHALLESİNDE BİLGİKENT OKULUNA YAKIN SATILIK 2+1 DAİRE,4.100.000 TL,Manisa,Turgutlu,Ergenekon Mah.,Manisa / Turgutlu / Ergenekon Mah.,2 + 1,100,1,2. Kat,Sıfır Bina,Kombi,Yok,Var,Var,-,Boş,Kat İrtifakı,"Kuzey, Güney",etin,300 TL,...,Evet,Haritası,Hatırlatmaları,Eşyalı Değil,Satılık,164247-28,21-11-2025,https://www.hepsiemlak.com/manisa-turgutlu-ergenekon-satilik/daire/164247-28,2025-12-04 00:14:25
Yedieylül mahallesi,5.000.000 TL,Manisa,Turgutlu,Yedi Mah.,Manisa / Turgutlu / Yedi Mah.,3 + 1,150,1,3. Kat,Sıfır Bina,Kombi,Yok,Var,Var,-,Boş,Kat Mülkiyeti,-,etin,-,...,Hayır,Haritası,Hatırlatmaları,Eşyalı Değil,Satılık,164247-34,21-11-2025,https://www.hepsiemlak.com/manisa-turgutlu-yedi-eylul-satilik/daire/164247-34,2025-12-04 00:14:48
NOVA'DAN YİĞİTLER MAH'DE 4+1 SATILIK SIFIR DAİRE,4.250.000 TL,Manisa,Turgutlu,Yigitler Mah.,Manisa / Turgutlu / Yigitler Mah.,4 + 1,180,2,4. Kat,1 Yaşında,Kombi,Var,Var,Var,-,Boş,Kat İrtifakı,"Kuzey, Güney",etin,-,...,Hayır,Haritası,Hatırlatmaları,Eşyalı Değil,Satılık,123058-2316,28-10-2025,https://www.hepsiemlak.com/manisa-turgutlu-yigitler-satilik/daire/123058-2316,2025-12-04 00:15:10
ÖZYURTLAR'DAN FULL LÜX EGE'DE ASANSÖRLÜ ARA KAT,4.950.000 TL,Manisa,Sehzadeler,Ege Mah.,Manisa / Sehzadeler / Ege Mah.,3 + 1,136,1,4. Kat,21 Yaşında,Kombi,Yok,Var,Yok,-,Boş,Kat İrtifakı,-,etin,-,...,Evet,Haritası,Hatırlatmaları,Eşyalı Değil,Satılık,162860-31,06-10-2025,https://www.hepsiemlak.com/manisa-sehzadeler-ege-satilik/daire/162860-31,2025-12-04 00:15:31
Manisa Turgutlu Cafeler Caddesi'nde A sınıfı dubleks,10.250.000 TL,Manisa,Turgutlu,Cumhuriyet Mah.,Manisa / Turgutlu / Cumhuriyet Mah.,4 + 1,250,2,En Üst Kat,6 Yaşında,Kombi,Var,Var,Yok,İkinci El,Boş,Kat İrtifakı,"Doğu, Batı",etin,250 TL,...,Evet,İçerisinde 165 METREKARE 3+1 DAİRE,Hatırlatmaları,Eşyalı Değil,Satılık,154320-93,02-10-2025,https://www.hepsiemlak.com/manisa-turgutlu-cumhuriyet-satilik/daire/154320-93,2025-12-04 00:15:52
SELVİLİTEPEDE MERKEZE EN YAKIN KONUMDA,4.150.000 TL,Manisa,Turgutlu,Selvilitepe Mah.,Manisa / Turgutlu / Selvilitepe Mah.,3 + 1,125,2,3. Kat,Sıfır Bina,Yerden Isıtma,Var,Var,Var,-,Boş,Kat Mülkiyeti,-,etin,-,...,Hayır,Haritası,Hatırlatmaları,Eşyalı Değil,Satılık,156738-50,21-09-2025,https://www.hepsiemlak.com/manisa-turgutlu-selvilitepe-satilik/daire/156738-50,2025-12-04 00:16:16
Dağ Evi Zeytinlik ve İncir Bahçesi + kamyonet hediyeli...,12.500.000 TL,Manisa,Saruhanli,Saricam Mah.,Manisa / Saruhanli / Saricam Mah.,1 + 1,64,1,-,5 Yaşında,Soba,Yok,Yok,Yok,Sıfır,Mülk Sahibi,Hisseli Tapu,Batı,etin,-,...,Hayır,Haritası,Hatırlatmaları,-,Satılık,0-44982791,09-11-2025,https://www.hepsiemlak.com/manisa-saruhanli-saricam-satilik/dag-evi/0-44982791,2025-12-04 00:16:35
MANİSA AKMESCİT 2+1 3+1 LÜKS DAİRELER KAPALI OTOPARKLI,5.495.000 TL,Manisa,Yunusemre,Akmescit Mah.,Manisa / Yunusemre / Akmescit Mah.,2 + 1,100,1,2. Kat,Sıfır Bina,Kombi,Yok,Yok,Var,-,Boş,Kat İrtifakı,-,etin,-,...,Evet,Haritası,Hatırlatmaları,Eşyalı Değil,Satılık,162754-2,20-11-2025,https://www.hepsiemlak.com/manisa-yunusemre-akmescit-satilik/daire/162754-2,2025-12-04 00:17:00
MANİSA YUNUSEMRE UYGUN FİYAT!! TEVFİKİYE MAHALLESİ 3+1 ÖZELLİKLİ ARAKAT DAİRE,3.500.000 TL,Manisa,Yunusemre,Tevfikiye Mah.,Manisa / Yunusemre / Tevfikiye Mah.,3 + 1,125,1,4. Kat,21 Yaşında,Kombi,Yok,Var,Var,İkinci El,Boş,Kat İrtifakı,yalıtımlı Uygun fiyat Arakat daire,etin,1 TL,...,Hayır,Haritası,Hatırlatmaları,Eşyalı Değil,Satılık,162290-15,18-09-2025,https://www.hepsiemlak.com/manisa-yunusemre-tevfikiye-satilik/daire/162290-15,2025-12-04 00:17:22
ÖZ DOST EMLAKTAN MURADİYEDE SATILIK 5+1 DUBLEX DAİRE,6.250.000 TL,Manisa,Yunusemre,Muradiye Mah.,Manisa / Yunusemre / Muradiye Mah.,5 + 1,200,1,5. Kat,Sıfır Bina,Kombi,Yok,Yok,Yok,-,Boş,Kat İrtifakı,-,etin,-,...,Hayır,Haritası,Hatırlatmaları,Eşyalı Değil,Satılık,137460-61,15-11-2025,https://www.hepsiemlak.com/manisa-yunusemre-muradiye-satilik/daire/137460-61,2025-12-04 00:17:44
Yiğitler mahallesi,3.900.000 TL,Manisa,Turgutlu,Yigitler Mah.,Manisa / Turgutlu / Yigitler Mah.,3 + 1,150,2,2. Kat,Sıfır Bina,Kombi,Yok,Var,Var,-,Boş,Kat Mülkiyeti,-,etin,-,...,Evet,Haritası,Hatırlatmaları,Eşyalı Değil,Satılık,164247-25,21-11-2025,https://www.hepsiemlak.com/manisa-turgutlu-yigitler-satilik/daire/164247-25,2025-12-04 00:18:19
SY YILMAZ'DAN MUTLU MAH. 3+1 ULTRA LÜX ARAKAT DAİRE,4.575.000 TL,Manisa,Yunusemre,Mutlu Mah.,Manisa / Yunusemre / Mutlu Mah.,3 + 1,130,1,4. Kat,21 Yaşında,Kombi,Var,Var,Yok,-,Mülk Sahibi,Kat Mülkiyeti,-,etin,-,...,Hayır,Haritası,Hatırlatmaları,Eşyalı Değil,Satılık,161259-4,14-11-2025,https://www.hepsiemlak.com/manisa-yunusemre-mutlu-satilik/daire/161259-4,2025-12-04 00:18:39
Yedi Eylül Mahallesi,3.350.000 TL,Manisa,Turgutlu,Yedi Mah.,Manisa / Turgutlu / Yedi Mah.,2 + 1,105,1,2. Kat,Sıfır Bina,Kombi,Yok,Var,Var,-,Boş,Kat Mülkiyeti,-,etin,-,...,Hayır,Haritası,Hatırlatmaları,Eşyalı Değil,Satılık,164247-82,21-11-2025,https://www.hepsiemlak.com/manisa-turgutlu-yedi-eylul-satilik/daire/164247-82,2025-12-04 00:18:57
1+1 Cengiz Topel mh satılık daire,2.100.000 TL,Manisa,Saruhanli,Cengiz Mah.,Manisa / Saruhanli / Cengiz Mah.,1 + 1,65,1,1. Kat,1 Yaşında,Kombi,Yok,Yok,Yok,-,Boş,Müstakil Tapulu,-,etin,-,...,Hayır,Haritası,Hatırlatmaları,Eşyalı Değil,Satılık,163108-7,20-10-2025,https://www.hepsiemlak.com/manisa-saruhanli-cengiz-topel-satilik/daire/163108-7,2025-12-04 00:19:20
UNCUBOZKÖY'DE GÜZEL LOKASYONDA 4+1 ASANSÖRLÜ SATILIK DAİRE,8.300.000 TL,Manisa,Yunusemre,Uncubozkoy Mah.,Manisa / Yunusemre / Uncubozkoy Mah.,4 + 1,180,2,4. Kat,11 Yaşında,Kombi,Var,Var,Var,-,Mülk Sahibi,Kat Mülkiyeti,"Kuzey, Doğu, Batı",etin,-,...,Hayır,Haritası,Hatırlatmaları,Eşyalı Değil,Satılık,94966-604,19-09-2025,https://www.hepsiemlak.com/manisa-yunusemre-uncubozkoy-satilik/daire/94966-604,2025-12-04 00:19:42
KONUTLARDA ARAKAT SATILIK DAİRE FIRSATI,5.000.000 TL,Manisa,Turgutlu,Ergenekon Mah.,Manisa / Turgutlu / Ergenekon Mah.,3 + 1,145,2,3. Kat,Sıfır Bina,Kombi,Yok,Yok,Yok,-,Boş,Arsa,-,etin,-,...,Hayır,Haritası,Hatırlatmaları,Eşyalı Değil,Satılık,156788-28,03-12-2025,https://www.hepsiemlak.com/manisa-turgutlu-ergenekon-satilik/daire/156788-28,2025-12-04 00:20:02
SALİHLİ CİN EMLAK'TAN GÜNEŞ MAH SATILIK MÜSTAKİL İKİ KATLI EV VE ARSASI,7.500.000 TL,Manisa,Salihli,Gunes Mah.,Manisa / Salihli / Gunes Mah.,3 + 1,357,1,-,25 Yaşında,Soba,Yok,Var,Var,İkinci El,Kiracılı,Arsa,"Doğu, Batı",etin,-,...,Hayır,Haritası,Hatırlatmaları,Eşyalı Değil,Satılık,37897-2506,04-10-2025,https://www.hepsiemlak.com/manisa-salihli-gunes-satilik/mustakil-ev/37897-2506,2025-12-04 00:20:24
PALMİYE EMLAK'TAN Reşatbey Umut Parkı Yanı 200m2 4+1 Dubleks,4.500.000 TL,Manisa,Akhisar,Resat Mah.,Manisa / Akhisar / Resat Mah.,4 + 1,200,2,4. Kat,1 Yaşında,Kombi,Var,Var,Var,-,Mülk Sahibi,Kat İrtifakı,Batı,etin,-,...,Hayır, PALMİYE EMLAK  Telefonu Göster,Hatırlatmaları,Eşyalı Değil,Satılık,156444-30,16-09-2025,https://www.hepsiemlak.com/manisa-akhisar-resat-bey-satilik/daire/156444-30,2025-12-04 00:20:45
Turan Mahallesi,3.599.000 TL,Manisa,Turgutlu,Turan Mah.,Manisa / Turgutlu / Turan Mah.,3 + 1,140,1,4. Kat,11 Yaşında,Kombi,Yok,Var,Var,-,Boş,Kat Mülkiyeti,-,etin,-,...,Hayır,Haritası,Hatırlatmaları,Eşyalı,Satılık,164247-30,21-11-2025,https://www.hepsiemlak.com/manisa-turgutlu-turan-satilik/daire/164247-30,2025-12-04 00:21:08
Cami Önü Mevkii 3+1 Daire,3.300.000 TL,Manisa,Turgutlu,Yigitler Mah.,Manisa / Turgutlu / Yigitler Mah.,3 + 1,140,1,1. Kat,1 Yaşında,Kombi,Yok,Var,Var,-,Boş,Kat Mülkiyeti,-,etin,-,...,Hayır,Haritası,Hatırlatmaları,Eşyalı Değil,Satılık,164247-51,21-11-2025,https://www.hepsiemlak.com/manisa-turgutlu-yigitler-satilik/daire/164247-51,2025-12-04 00:21:37
Ergenekon mahallesi satılık Daire,6.750.000 TL,Manisa,Turgutlu,Ergenekon Mah.,Manisa / Turgutlu / Ergenekon Mah.,3 + 1,160,2,1. Kat,Sıfır Bina,Yerden Isıtma,Yok,Var,Var,-,Boş,Kat Mülkiyeti,-,etin,-,...,Hayır,Haritası,Hatırlatmaları,Eşyalı Değil,Satılık,164247-32,21-11-2025,https://www.hepsiemlak.com/manisa-turgutlu-ergenekon-satilik/daire/164247-32,2025-12-04 00:23:34
Manisa Yunusemre Muradiye’de Site İçinde Satılık 2+1 Daire,3.350.000 TL,Manisa,Yunusemre,Muradiye Mah.,Manisa / Yunusemre / Muradiye Mah.,2 + 1,90,1,Yüksek Giriş,5 Yaşında,Kombi,Var,Var,Yok,İkinci El,Boş,Müstakil Tapulu,Batı,etin,-,...,Evet,Satılık 2+1 Daire,Hatırlatmaları,Eşyalı Değil,Satılık,95753-2061,15-11-2025,https://www.hepsiemlak.com/manisa-yunusemre-muradiye-satilik/daire/95753-2061,2025-12-04 00:23:58
UTKU MAHALLESİNDE FULL TADİLATLI SATILIK 3+1 DAİRE,3.680.000 TL,Manisa,Sehzadeler,Utku Mah.,Manisa / Sehzadeler / Utku Mah.,3 + 1,125,1,4. Kat,25 Yaşında,Kombi,Yok,Yok,Yok,-,-,Kat İrtifakı,-,etin,-,...,-,Haritası,Hatırlatmaları,Eşyalı Değil,Satılık,162376-25,07-10-2025,https://www.hepsiemlak.com/manisa-sehzadeler-utku-satilik/daire/162376-25,2025-12-04 00:24:17
DERE MAH 2008 YAPIMI 3+1 FULLÜKS 140 M2 ASANSÖRLÜ FERAH DAİRE,4.350.000 TL,Manisa,Sehzadeler,Dere Mah.,Manisa / Sehzadeler / Dere Mah.,3 + 1,140,1,5. Kat,16 Yaşında,Kombi,Yok,Var,Var,-,Mülk Sahibi,Kat Mülkiyeti,-,etin,-,...,Evet,Haritası,Hatırlatmaları,Eşyalı Değil,Satılık,147260-12,05-09-2025,https://www.hepsiemlak.com/manisa-sehzadeler-dere-satilik/daire/147260-12,2025-12-04 00:24:39
NOVA'DAN SİTE İÇERİSİNDE SATILIK 2+1 SIFIR DAİRE,4.250.000 TL,Manisa,Turgutlu,Ergenekon Mah.,Manisa / Turgutlu / Ergenekon Mah.,2 + 1,130,2,3. Kat,Sıfır Bina,Yerden Isıtma,Yok,Yok,Var,-,Boş,Kat İrtifakı,"Kuzey, Güney",etin,-,...,Evet,İçerisinde,Hatırlatmaları,Eşyalı Değil,Satılık,123058-2046,03-10-2025,https://www.hepsiemlak.com/manisa-turgutlu-ergenekon-satilik/daire/123058-2046,2025-12-04 00:24:57
7 EYLÜL MAH. ÇATALÇEŞME YAKINI 3+1 SATILIK DAİRE,2.350.000 TL,Manisa,Turgutlu,Yedi Mah.,Manisa / Turgutlu / Yedi Mah.,3 + 1,125,1,3. Kat,26 Yaşında,Isıtma Yok,Yok,Var,Var,-,Boş,Kat İrtifakı,"Doğu, Batı",etin,-,...,Hayır,Haritası,Hatırlatmaları,Eşyalı Değil,Satılık,164247-68,21-11-2025,https://www.hepsiemlak.com/manisa-turgutlu-yedi-eylul-satilik/daire/164247-68,2025-12-04 00:25:20
BEFT GAYRİMENKUL DEN YARHASANLAR MH SATILIK 3+1 ARAKAT,3.350.000 TL,Manisa,Sehzadeler,Yarhasanlar Mah.,Manisa / Sehzadeler / Yarhasanlar Mah.,3 + 1,125,1,4. Kat,34 Yaşında,Kombi,Var,Var,Yok,İkinci El,Boş,Kat İrtifakı,-,etin,-,...,Hayır,Haritası,Hatırlatmaları,Eşyalı Değil,Satılık,162044-88,24-10-2025,https://www.hepsiemlak.com/manisa-sehzadeler-yarhasanlar-satilik/daire/162044-88,2025-12-04 00:25:43
GÜMÜLCELİ MAH. 475 m2 MÜSTAKİL EV SATILIKTIR.,2.550.000 TL,Manisa,Saruhanli,Gumulceli Mah.,Manisa / Saruhanli / Gumulceli Mah.,2 + 1,480,1,-,30 Yaşında,Soba,Yok,Yok,Yok,İkinci El,Boş,Müstakil Tapulu,-,etin,-,...,Hayır,Haritası,Hatırlatmaları,Eşyalı Değil,Satılık,106564-521,23-11-2025,https://www.hepsiemlak.com/manisa-saruhanli-gumulceli-satilik/mustakil-ev/106564-521,2025-12-04 00:26:00
ALPHARD CİVARI ASANSÖRLÜ ARAKAT DAİRE!,2.950.000 TL,Manisa,Turgutlu,Selvilitepe Mah.,Manisa / Turgutlu / Selvilitepe Mah.,3 + 1,135,1,6. Kat,21 Yaşında,Kombi,Var,Var,Var,-,Mülk Sahibi,Kat Mülkiyeti,"Kuzey, Doğu, Batı",etin,-,...,Evet,Haritası,Hatırlatmaları,Eşyalı Değil,Satılık,164247-64,21-11-2025,https://www.hepsiemlak.com/manisa-turgutlu-selvilitepe-satilik/daire/164247-64,2025-12-04 00:26:21
AKGEDİK FIRSAT YATIRIMLIK 0 BİNA 1+1,2.650.000 TL,Manisa,Yunusemre,Akgedik Mah.,Manisa / Yunusemre / Akgedik Mah.,1 + 1,60,1,2. Kat,Sıfır Bina,Merkezi (Pay Öl...,Yok,Yok,Yok,-,Boş,Kat İrtifakı,-,etin,-,...,Hayır,İçerisinde,Hatırlatmaları,Eşyalı Değil,Satılık,163068-9,04-11-2025,https://www.hepsiemlak.com/manisa-yunusemre-akgedik-satilik/daire/163068-9,2025-12-04 00:26:42
Manisa Akhisar'da Satılık 3+1 Daire,2.950.000 TL,Manisa,Akhisar,Pasa Mah.,Manisa / Akhisar / Pasa Mah.,3 + 1,145,1,3. Kat,31 Yaşında,Kombi,Yok,Yok,Yok,-,Boş,Kat Mülkiyeti,"Kuzey, Güney",-,-,...,Hayır,Haritası,Hatırlatmaları,Eşyalı Değil,Satılık,125162-479,06-09-2025,https://www.hepsiemlak.com/manisa-akhisar-pasa-satilik/daire/125162-479,2025-12-04 00:27:18
ÖZ DOST EMLAKTAN MURADİYEDE SATILIK 3+1 DAİRE,3.470.000 TL,Manisa,Yunusemre,Muradiye Mah.,Manisa / Yunusemre / Muradiye Mah.,3 + 1,89,2,Yüksek Giriş,Sıfır Bina,Kombi,Yok,Yok,Yok,-,Boş,Kat İrtifakı,-,etin,-,...,Evet,Haritası,Hatırlatmaları,Eşyalı Değil,Satılık,137460-56,16-11-2025,https://www.hepsiemlak.com/manisa-yunusemre-muradiye-satilik/daire/137460-56,2025-12-04 00:27:38
Manisa Akhisar Doktorlar Sitesi’nde Havuzlu ve Geniş Villa!,14.000.000 TL,Manisa,Akhisar,Ulu Mah.,Manisa / Akhisar / Ulu Mah.,4 + 1,280,1,-,19 Yaşında,Kombi,Var,Yok,Yok,İkinci El,-,Kat İrtifakı,"Kuzey, Güney",etin,3.250 TL,...,Evet,si’nde Havuzlu ve Geniş Villa!,Hatırlatmaları,Eşyalı Değil,Satılık,107888-3022,27-11-2025,https://www.hepsiemlak.com/manisa-akhisar-ulu-camii-satilik/villa/107888-3022,2025-12-04 00:28:02
Ergenekon Mahallesi,4.150.000 TL,Manisa,Turgutlu,Ergenekon Mah.,Manisa / Turgutlu / Ergenekon Mah.,2 + 1,105,1,2. Kat,Sıfır Bina,Kombi,Yok,Var,Var,-,Boş,Kat Mülkiyeti,-,etin,-,...,Hayır,Haritası,Hatırlatmaları,Eşyalı Değil,Satılık,164247-75,21-11-2025,https://www.hepsiemlak.com/manisa-turgutlu-ergenekon-satilik/daire/164247-75,2025-12-04 00:28:29
Selvilitepe Mahallesi Kaçırılmayacak Fırsat!,3.650.000 TL,Manisa,Turgutlu,Selvilitepe Mah.,Manisa / Turgutlu / Selvilitepe Mah.,2 + 1,105,1,1. Kat,Sıfır Bina,Kombi,Var,Var,Var,-,Boş,Kat Mülkiyeti,-,etin,-,...,Hayır,Haritası,Hatırlatmaları,Eşyalı Değil,Satılık,160048-104,01-12-2025,https://www.hepsiemlak.com/manisa-turgutlu-selvilitepe-satilik/daire/160048-104,2025-12-04 00:28:58
SİNAN EMLAK'TAN YEDİEYLÜL MAHALLESİNDE SATILIK KÖŞE DAİRE,2.550.000 TL,Manisa,Turgutlu,Yedi Mah.,Manisa / Turgutlu / Yedi Mah.,2 + 1,95,1,Ara Kat,25 Yaşında,Kombi,Var,Yok,Yok,İkinci El,Mülk Sahibi,Kat İrtifakı,"Güney, Doğu",etin,1 TL,...,Hayır,Haritası,Hatırlatmaları,Eşyalı Değil,Satılık,159995-30,19-11-2025,https://www.hepsiemlak.com/manisa-turgutlu-yedi-eylul-satilik/daire/159995-30,2025-12-04 00:29:19
SOMA İSTASYON ZAFER MAH.SATILIK MÜSTAKİL EV,1.500.000 TL,Manisa,Soma,Zafer Mah.,Manisa / Soma / Zafer Mah.,2 + 1,316,1,-,35 Yaşında,Soba,Yok,Yok,Yok,İkinci El,Boş,Arsa,-,etin,-,...,Hayır,Haritası,Hatırlatmaları,Eşyalı Değil,Satılık,106969-14,29-11-2025,https://www.hepsiemlak.com/manisa-soma-zafer-satilik/mustakil-ev/106969-14,2025-12-04 00:29:43
AKgedik Toki Geniş Kullanışlı 3+1 Daire,4.650.000 TL,Manisa,Yunusemre,Akgedik Mah.,Manisa / Yunusemre / Akgedik Mah.,-,-,-,-,-,-,Yok,Yok,Yok,-,-,-,-,etin,-,-,-,Haritası,-,-,-,152909-33,02-12-2025,https://www.hepsiemlak.com/manisa-yunusemre-akgedik-satilik/daire/152909-33,2025-12-04 00:30:00
SATLIK MANİSA EGE MH 3+1 KAPALI MUTFAK YENİ BİNA,4.950.000 TL,Manisa,Sehzadeler,Ege Mah.,Manisa / Sehzadeler / Ege Mah.,3 + 1,135,1,2. Kat,4 Yaşında,Kombi,Yok,Yok,Var,-,Mülk Sahibi,Kat İrtifakı,-,etin,-,...,Evet,Haritası,Hatırlatmaları,Eşyalı Değil,Satılık,162754-15,23-10-2025,https://www.hepsiemlak.com/manisa-sehzadeler-ege-satilik/daire/162754-15,2025-12-04 00:30:19
Manisa Yunusemre Hafsa Sultan Mahallesinde Satılık 4+1 Daire,8.000.000 TL,Manisa,Yunusemre,Hafsa Mah.,Manisa / Yunusemre / Hafsa Mah.,4 + 1,180,2,4. Kat,11 Yaşında,Merkezi (Pay Öl...,Var,Yok,Var,-,Mülk Sahibi,Kat İrtifakı,Doğu & Güney,etin,-,...,Güzelyurt’tan daire ile takas düşünülür,İçerisinde Satılık Dubleks Daire,Hatırlatmaları,Eşyalı Değil,Satılık,162359-14,16-09-2025,https://www.hepsiemlak.com/manisa-yunusemre-hafsa-sultan-satilik/daire/162359-14,2025-12-04 00:30:46
Manisa Saruhanlı da Satılık Hazır Çiftlik,29.900.000 TL,Manisa,Saruhanli,Apak Mah.,Manisa / Saruhanli / Apak Mah.,3 + 0,200,1,Bahçe Katı,3 Yaşında,Klima,Yok,Yok,Yok,-,-,Müstakil Tapulu,"Kuzey, Güney, Doğu, Batı",etin,-,...,Evet,ler Yalı Denize Sıfır Satılık Teraslı Dubleks 3+1,Hatırlatmaları,-,Satılık,58372-5848,08-11-2025,https://www.hepsiemlak.com/manisa-saruhanli-apak-satilik/ciftlik-evi/58372-5848,2025-12-04 00:31:36
BAHÇELİEVLER AKTÜRK SOKAK 2+1 ZEMİN KAT DAİRE,2.700.000 TL,Manisa,Turgutlu,Cumhuriyet Mah.,Manisa / Turgutlu / Cumhuriyet Mah.,2 + 1,100,1,Zemin,31 Yaşında,Kombi,Yok,Yok,Yok,-,Boş,Kat İrtifakı,-,etin,-,...,Hayır,Haritası,Hatırlatmaları,Eşyalı Değil,Satılık,156788-193,18-11-2025,https://www.hepsiemlak.com/manisa-turgutlu-cumhuriyet-satilik/daire/156788-193,2025-12-04 00:32:06
Ergenekon Mahallesi,4.750.000 TL,Manisa,Turgutlu,Ergenekon Mah.,Manisa / Turgutlu / Ergenekon Mah.,2 + 1,110,1,4. Kat,Sıfır Bina,Yerden Isıtma,Yok,Var,Var,-,Boş,Kat Mülkiyeti,-,etin,-,...,Hayır,Haritası,Hatırlatmaları,Eşyalı Değil,Satılık,164247-93,27-11-2025,https://www.hepsiemlak.com/manisa-turgutlu-ergenekon-satilik/daire/164247-93,2025-12-04 00:32:33
Manisa Şehzadeler Çamköy'de 2 katlı villa,8.500.000 TL,Manisa,Sehzadeler,Camkoy Mah.,Manisa / Sehzadeler / Camkoy Mah.,3 + 2,250,2,Bahçe Katı,5 Yaşında,Kat Kaloriferi,Yok,Var,Yok,-,Mülk Sahibi,Tapu Yok,-,etin,-,...,Evet,Haritası,Hatırlatmaları,Eşyalı Değil,Satılık,158110-185,04-11-2025,https://www.hepsiemlak.com/manisa-sehzadeler-camkoy-satilik/villa/158110-185,2025-12-04 00:32:56
MANİSA KULA EMRE KÖYÜNDE SATILIK TAŞ EV VE ARSASI,650.000 TL,Manisa,Kula,Emre Mah.,Manisa / Kula / Emre Mah.,2 + 0,360,-,1. Kat,31 Yaşında,Isıtma Yok,Yok,Yok,Yok,-,Boş,Tapu Yok,"Kuzey, Güney",etin,-,...,Hayır,Haritası,Hatırlatmaları,Eşyalı Değil,Satılık,77108-887,25-10-2025,https://www.hepsiemlak.com/manisa-kula-emre-satilik/daire/77108-887,2025-12-04 00:33:16
EMİR GRUP'TAN MURADİYE'DE 2+1 SIFIR FULL LÜX SATILIK DAİRE,3.650.000 TL,Manisa,Yunusemre,Muradiye Mah.,Manisa / Yunusemre / Muradiye Mah.,2 + 1,90,1,Yüksek Giriş,Sıfır Bina,Kombi,Yok,Yok,Var,-,Boş,Kat İrtifakı,-,etin,-,...,Evet,Haritası,Hatırlatmaları,Eşyalı Değil,Satılık,163565-67,21-11-2025,https://www.hepsiemlak.com/manisa-yunusemre-muradiye-satilik/daire/163565-67,2025-12-04 00:33:37
YILMAZLAR MAHALLESİ MERKEZE YAKIN FERAH 3+1 DAİRE,3.225.000 TL,Manisa,Turgutlu,Yilmazlar Mah.,Manisa / Turgutlu / Yilmazlar Mah.,3 + 1,150,1,4. Kat,16 Yaşında,Kombi,Yok,Var,Var,-,Mülk Sahibi,Kat İrtifakı,"Doğu, Batı",etin,200 TL,...,Evet,Haritası,Hatırlatmaları,Eşyalı Değil,Satılık,164247-2,21-11-2025,https://www.hepsiemlak.com/manisa-turgutlu-yilmazlar-satilik/daire/164247-2,2025-12-04 00:34:06
AKMAN GAYRİMENKULDEN MURADİYEDE SİTE İÇİNDE SATILIK 2+1 DAİRE,3.450.000 TL,Manisa,Yunusemre,Muradiye Mah.,Manisa / Yunusemre / Muradiye Mah.,2 + 1,85,1,2. Kat,4 Yaşında,Kombi,Yok,Yok,Var,-,Boş,Kat İrtifakı,-,etin,-,...,Evet,Haritası,Hatırlatmaları,Eşyalı Değil,Satılık,113243-16,23-10-2025,https://www.hepsiemlak.com/manisa-yunusemre-muradiye-satilik/daire/113243-16,2025-12-04 00:34:33
KİRVEM EMLAK'TAN ARA KAT 3+1 DAİRELER,3.800.000 TL,Manisa,Saruhanli,Cengiz Mah.,Manisa / Saruhanli / Cengiz Mah.,3 + 1,135,1,2. Kat,1 Yaşında,Kombi,Var,Var,Yok,-,Boş,Kat İrtifakı,-,etin,-,...,Hayır,Haritası,Hatırlatmaları,Eşyalı Değil,Satılık,162496-6,02-10-2025,https://www.hepsiemlak.com/manisa-saruhanli-cengiz-topel-satilik/daire/162496-6,2025-12-04 00:35:00
MEDİGÜN HASTANESİ YANI 3+1 137 M² SATILIK FERAH DAİRE,3.000.000 TL,Manisa,Akhisar,Kethuda Mah.,Manisa / Akhisar / Kethuda Mah.,3 + 1,150,1,2. Kat,11 Yaşında,Kombi,Var,Yok,Yok,-,Mülk Sahibi,Kat Mülkiyeti,"Doğu, Batı",etin,-,...,Hayır,Haritası,Hatırlatmaları,Eşyalı Değil,Satılık,156788-244,25-11-2025,https://www.hepsiemlak.com/manisa-akhisar-kethuda-satilik/daire/156788-244,2025-12-04 00:35:27
SATILIK AKMESCİT LÜKS 3+1 KAPALI OTOPARKLI DARİE SIFIR,7.500.000 TL,Manisa,Yunusemre,Akmescit Mah.,Manisa / Yunusemre / Akmescit Mah.,3 + 1,140,2,3. Kat,Sıfır Bina,Kombi,Yok,Yok,Var,-,Boş,Kat İrtifakı,-,etin,-,...,Evet,Haritası,Hatırlatmaları,Eşyalı Değil,Satılık,162754-5,06-11-2025,https://www.hepsiemlak.com/manisa-yunusemre-akmescit-satilik/daire/162754-5,2025-12-04 00:36:20
Kayalıoğlu Villalar Bölgesi'nde Eşsiz Bir Yaşam Alanı!,16.250.000 TL,Manisa,Akhisar,Kayalioglu Mah.,Manisa / Akhisar / Kayalioglu Mah.,-,-,-,-,-,-,Yok,Yok,Yok,-,-,-,-,etin,-,-,-,Haritası,-,-,-,158857-15,12-11-2025,https://www.hepsiemlak.com/manisa-akhisar-kayalioglu-satilik/villa/158857-15,2025-12-04 00:36:46
TURGUTLU TURGUTLAR MH.2+1 KULLANIŞLI SATILIK DAİRE,2.500.000 TL,Manisa,Turgutlu,Turgutlar Mah.,Manisa / Turgutlu / Turgutlar Mah.,2 + 1,100,1,3. Kat,5 Yaşında,Kombi,Yok,Yok,Yok,-,Mülk Sahibi,Kat İrtifakı,Güney,etin,-,...,Hayır,Haritası,Hatırlatmaları,Eşyalı Değil,Satılık,123058-1827,03-10-2025,https://www.hepsiemlak.com/manisa-turgutlu-turgutlar-satilik/daire/123058-1827,2025-12-04 00:37:23
MANİSA ŞEHZADELER Akıncılar Mah. Full Lüx Bahçeli Yüksek Zemin Satılık Daire,3.850.000 TL,Manisa,Sehzadeler,Akincilar Mah.,Manisa / Sehzadeler / Akincilar Mah.,3 + 1,140,1,Yüksek Giriş,16 Yaşında,Kombi,Yok,Var,Var,-,Boş,Kat İrtifakı,"Kuzey, Güney, Doğu, Batı",etin,1 TL,...,Hayır,Haritası,Hatırlatmaları,Eşyalı Değil,Satılık,162290-14,18-09-2025,https://www.hepsiemlak.com/manisa-sehzadeler-akincilar-satilik/daire/162290-14,2025-12-04 00:38:06
ERSOY'DAN CENGİZ TOPEL'DE CADDE ÜZERİ 3+1 10 YAS ASANSÖRLÜ DAİRE,3.950.000 TL,Manisa,Saruhanli,Cengiz Mah.,Manisa / Saruhanli / Cengiz Mah.,3 + 1,135,1,4. Kat,1 Yaşında,Kombi,Var,Var,Yok,-,Boş,Kat İrtifakı,-,etin,-,...,Hayır,Haritası,Hatırlatmaları,Eşyalı Değil,Satılık,114523-398,18-09-2025,https://www.hepsiemlak.com/manisa-saruhanli-cengiz-topel-satilik/daire/114523-398,2025-12-04 00:38:49
SERKAN YILMAZ DAN 2.ANAFARTALAR DA ARAKAT DAİRE,3.950.000 TL,Manisa,Sehzadeler,2 Mah.,Manisa / Sehzadeler / 2 Mah.,2 + 1,130,1,2. Kat,21 Yaşında,Kombi,Yok,Var,Yok,-,Boş,Kat Mülkiyeti,-,etin,-,...,Hayır,Haritası,Hatırlatmaları,Eşyalı Değil,Satılık,161259-11,14-11-2025,https://www.hepsiemlak.com/manisa-sehzadeler-2-anafartalar-satilik/daire/161259-11,2025-12-04 00:39:18
Cuma Pazarı Yakını 95 m2 Asansörlü Doğalgazlı Otoparklı,3.100.000 TL,Manisa,Turgutlu,Bozkurt Mah.,Manisa / Turgutlu / Bozkurt Mah.,2 + 1,95,1,1. Kat,1 Yaşında,Kombi,Var,Var,Var,-,Boş,Kat Mülkiyeti,"Kuzey, Güney, Doğu, Batı",etin,-,...,Hayır,Haritası,Hatırlatmaları,Eşyalı Değil,Satılık,162001-50,24-09-2025,https://www.hepsiemlak.com/manisa-turgutlu-bozkurt-satilik/daire/162001-50,2025-12-04 00:39:36
ÖZYURTLAR'DAN ARDA'DA FULL ÖZELLİKLİ LÜX DAİRE,4.220.000 TL,Manisa,Sehzadeler,Arda Mah.,Manisa / Sehzadeler / Arda Mah.,3 + 1,125,1,2. Kat,26 Yaşında,Kombi,Var,Var,Yok,-,Mülk Sahibi,Kat İrtifakı,-,etin,-,...,Evet,Haritası,Hatırlatmaları,Eşyalı Değil,Satılık,162860-6,06-10-2025,https://www.hepsiemlak.com/manisa-sehzadeler-arda-satilik/daire/162860-6,2025-12-04 00:39:57
TURPA'DAN SUBAŞI MAH. SATILIK ASANSÖRLÜ OTOPARKLI SIFIR DAİRELER,3.800.000 TL,Manisa,Turgutlu,Subasi Mah.,Manisa / Turgutlu / Subasi Mah.,2 + 1,102,1,2. Kat,Sıfır Bina,Kombi,Yok,Var,Var,-,Boş,Kat Mülkiyeti,-,etin,-,...,Hayır,Haritası,Hatırlatmaları,Eşyalı Değil,Satılık,144722-254,25-10-2025,https://www.hepsiemlak.com/manisa-turgutlu-subasi-satilik/daire/144722-254,2025-12-04 00:40:21
ŞEHİR MERKEZİ BELEDİYE YAKINI SATILIK 3+1 ARAKAT DAİRE.,2.450.000 TL,Manisa,Akhisar,Ragip Mah.,Manisa / Akhisar / Ragip Mah.,3 + 1,115,1,2. Kat,26 Yaşında,Kombi,Var,Var,Yok,İkinci El,Mülk Sahibi,Kat İrtifakı,"Güney, Doğu",etin,-,...,Hayır,Haritası,Hatırlatmaları,Eşyalı Değil,Satılık,94123-2750,14-10-2025,https://www.hepsiemlak.com/manisa-akhisar-ragip-bey-satilik/daire/94123-2750,2025-12-04 00:40:39
Salihli Adala da 41.220 m2 Satılık Çiftlik Evi Müstakil Tapulu,23.500.000 TL,Manisa,Salihli,Adala Mah.,Manisa / Salihli / Adala Mah.,4 + 0,300,2,Bahçe Katı,10 Yaşında,Klima,Yok,Yok,Yok,-,-,Müstakil Tapulu,"Kuzey, Güney, Doğu, Batı",etin,-,...,Evet,Haritası,Hatırlatmaları,-,Satılık,155797-12,17-11-2025,https://www.hepsiemlak.com/manisa-salihli-adala-satilik/ciftlik-evi/155797-12,2025-12-04 00:41:21
75. Yıl Mahallesinde Yatırımlık 3+1 Fırsat Daire!,4.650.000 TL,Manisa,Yunusemre,75 Mah.,Manisa / Yunusemre / 75 Mah.,3 + 1,110,1,2. Kat,23 Yaşında,Kombi,Yok,Var,Yok,İkinci El,Kiracılı,Kat İrtifakı,-,etin,100 TL,...,Hayır,Haritası,Hatırlatmaları,Eşyalı Değil,Satılık,160648-20,27-10-2025,https://www.hepsiemlak.com/manisa-yunusemre-75-yil-satilik/daire/160648-20,2025-12-04 00:41:43
ALAYBEY MAH SATILIK 3+1 ASANSÖRLÜ ARAKAT,3.750.000 TL,Manisa,Sehzadeler,Alaybey Mah.,Manisa / Sehzadeler / Alaybey Mah.,3 + 1,130,1,2. Kat,20 Yaşında,Kombi,Yok,Var,Yok,İkinci El,Boş,Kat İrtifakı,-,etin,-,...,Evet,Haritası,Hatırlatmaları,Eşyalı Değil,Satılık,162044-42,17-09-2025,https://www.hepsiemlak.com/manisa-sehzadeler-alaybey-satilik/daire/162044-42,2025-12-04 00:42:07
Yılmazlar Mahallesi,2.400.000 TL,Manisa,Turgutlu,Yilmazlar Mah.,Manisa / Turgutlu / Yilmazlar Mah.,2 + 1,130,1,4. Kat,26 Yaşında,Kombi,Yok,Var,Var,-,Boş,Kat Mülkiyeti,-,etin,-,...,Hayır,Haritası,Hatırlatmaları,Eşyalı Değil,Satılık,164247-43,21-11-2025,https://www.hepsiemlak.com/manisa-turgutlu-yilmazlar-satilik/daire/164247-43,2025-12-04 00:42:28
TURYAP CENTER'DAN FIRSAT DAİRE,2.950.000 TL,Manisa,Sehzadeler,Sakarya Mah.,Manisa / Sehzadeler / Sakarya Mah.,2 + 1,100,1,Çatı Katı,21 Yaşında,Kombi,Yok,Var,Var,-,Boş,Kat Mülkiyeti,-,etin,-,...,Hayır,Haritası,Hatırlatmaları,Eşyalı Değil,Satılık,158110-278,21-11-2025,https://www.hepsiemlak.com/manisa-sehzadeler-sakarya-satilik/daire/158110-278,2025-12-04 00:42:48
Manisa Yunusemre Merkez Efendi Mahallesi 3+1 Açık Mutfak Full Lüks,3.750.000 TL,Manisa,Yunusemre,Merkez Mah.,Manisa / Yunusemre / Merkez Mah.,3 + 1,120,1,1. Kat,25 Yaşında,Kombi,Var,Var,Yok,İkinci El,Boş,Kat Mülkiyeti,"Kuzey, Güney, Doğu, Batı",etin,200 TL,...,Evet,İçerisinde Satılık Arakat Daire,Hatırlatmaları,Eşyalı Değil,Satılık,95753-2071,15-11-2025,https://www.hepsiemlak.com/manisa-yunusemre-merkez-efendi-satilik/daire/95753-2071,2025-12-04 00:43:06
TAM NOKTA TURGUTLU'DAN CUMHURİYET CAD. SATILIK DAİRE,3.500.000 TL,Manisa,Turgutlu,Turan Mah.,Manisa / Turgutlu / Turan Mah.,3 + 1,135,1,3. Kat,21 Yaşında,Kombi,Var,Yok,Yok,-,Boş,Kat İrtifakı,-,etin,-,...,Hayır,Haritası,Hatırlatmaları,Eşyalı Değil,Satılık,156788-101,02-12-2025,https://www.hepsiemlak.com/manisa-turgutlu-turan-satilik/daire/156788-101,2025-12-04 00:43:27
AKMAN GAYRİMENKUL DEN MURADİYE DECADDE ÜZERİ SATILIK 3+1 DAİRE,3.975.000 TL,Manisa,Yunusemre,Muradiye Mah.,Manisa / Yunusemre / Muradiye Mah.,3 + 1,140,1,1. Kat,6 Yaşında,Kombi,Yok,Var,Yok,-,Boş,Kat İrtifakı,-,etin,-,...,Evet,Haritası,Hatırlatmaları,Eşyalı Değil,Satılık,113243-26,10-11-2025,https://www.hepsiemlak.com/manisa-yunusemre-muradiye-satilik/daire/113243-26,2025-12-04 00:43:48
ERGENEKON MAH. SATILIK TEK DAİRE ÜZERİ OTOPARKLI DAİRE,5.500.000 TL,Manisa,Turgutlu,Ergenekon Mah.,Manisa / Turgutlu / Ergenekon Mah.,3 + 1,150,2,2. Kat,Sıfır Bina,Kombi,Var,Var,Var,-,Boş,Kat Mülkiyeti,"Kuzey, Güney, Doğu, Batı",etin,-,...,Evet,Haritası,Hatırlatmaları,Eşyalı Değil,Satılık,123058-2016,03-10-2025,https://www.hepsiemlak.com/manisa-turgutlu-ergenekon-satilik/daire/123058-2016,2025-12-04 00:44:11
SALİHLİ CİN EMLAK'TAN KULA BALIBEY MAH DOĞAYLA İÇ İÇE SATLIK İKİ KATLI MÜSTAKİL EV,1.950.000 TL,Manisa,Kula,Balibey Mah.,Manisa / Kula / Balibey Mah.,2 + 1,200,1,-,25 Yaşında,Soba,Yok,Yok,Yok,İkinci El,-,Arsa,"Kuzey, Güney, Doğu, Batı",etin,-,...,Hayır,Haritası,Hatırlatmaları,Eşyalı,Satılık,37897-2354,04-10-2025,https://www.hepsiemlak.com/manisa-kula-balibey-satilik/mustakil-ev/37897-2354,2025-12-04 00:44:46
Ergenekon Mahallesi 4+1 giyinme odalı,6.000.000 TL,Manisa,Turgutlu,Ergenekon Mah.,Manisa / Turgutlu / Ergenekon Mah.,4 + 1,200,2,3. Kat,Sıfır Bina,Yerden Isıtma,Yok,Yok,Var,-,Boş,Kat Mülkiyeti,-,etin,-,...,Hayır,Haritası,Hatırlatmaları,Eşyalı Değil,Satılık,164247-71,21-11-2025,https://www.hepsiemlak.com/manisa-turgutlu-ergenekon-satilik/daire/164247-71,2025-12-04 00:47:14
SUBAŞI MAHALLESİ'NDE ULTRA LÜKS DUBLEKS!,6.149.000 TL,Manisa,Turgutlu,Subasi Mah.,Manisa / Turgutlu / Subasi Mah.,3 + 1,200,2,4. Kat,Sıfır Bina,Kombi,Yok,Var,Var,-,Boş,Kat Mülkiyeti,"Kuzey, Güney, Doğu, Batı",etin,-,...,Evet,Haritası,Hatırlatmaları,Eşyalı Değil,Satılık,164247-50,21-11-2025,https://www.hepsiemlak.com/manisa-turgutlu-subasi-satilik/daire/164247-50,2025-12-04 00:47:37
MUSTAFA BAŞYIĞIT EMLAKTAN HASHOCA KÖYLÜ PARKI YANİ KOMPLE BİNA,2.700.000 TL,Manisa,Akhisar,Has Mah.,Manisa / Akhisar / Has Mah.,2 + 1,103,1,2. Kat,26 Yaşında,Kombi,Yok,Yok,Yok,-,Kiracılı,Kat İrtifakı,"Kuzey, Batı",etin,-,...,Hayır,Haritası,Hatırlatmaları,Eşyalı Değil,Satılık,162406-91,18-10-2025,https://www.hepsiemlak.com/manisa-akhisar-has-hoca-satilik/daire/162406-91,2025-12-04 00:48:00
Ergenekon Mahallesi'nde 2+1 Dubleks Fırsatı,3.500.000 TL,Manisa,Turgutlu,Ergenekon Mah.,Manisa / Turgutlu / Ergenekon Mah.,2 + 1,104,2,3. Kat,Sıfır Bina,Kombi,Var,Yok,Var,-,Boş,Kat İrtifakı,-,etin,-,...,Hayır,İçerisinde,Hatırlatmaları,Eşyalı Değil,Satılık,154320-251,03-10-2025,https://www.hepsiemlak.com/manisa-turgutlu-ergenekon-satilik/daire/154320-251,2025-12-04 00:48:21
EMİR GRUP'TAN SİTE İÇİNDE OTOPARKLI 1+1 ULTRA LÜX ARAKAT DAİRE,2.900.000 TL,Manisa,Yunusemre,Muradiye Mah.,Manisa / Yunusemre / Muradiye Mah.,1 + 1,58,1,3. Kat,1 Yaşında,Kombi,Var,Yok,Var,-,Boş,Kat İrtifakı,-,etin,-,...,Evet,İçerisinde,Hatırlatmaları,Eşyalı Değil,Satılık,163565-15,28-10-2025,https://www.hepsiemlak.com/manisa-yunusemre-muradiye-satilik/daire/163565-15,2025-12-04 00:48:42
MANİSA KARAALİ HAVUZLU SİTE İÇERİSİ 1+1,4.450.000 TL,Manisa,Yunusemre,Karaali Mah.,Manisa / Yunusemre / Karaali Mah.,1 + 1,65,1,Yüksek Giriş,4 Yaşında,Kombi,Var,Yok,Var,-,Boş,Kat İrtifakı,-,etin,-,...,Evet,si,Hatırlatmaları,Eşyalı Değil,Satılık,162754-9,26-11-2025,https://www.hepsiemlak.com/manisa-yunusemre-karaali-satilik/daire/162754-9,2025-12-04 00:49:04
STADYUM KARŞISINDA 3+1 DAİRE,4.900.000 TL,Manisa,Turgutlu,Cumhuriyet Mah.,Manisa / Turgutlu / Cumhuriyet Mah.,3 + 1,160,2,2. Kat,5 Yaşında,Kombi,Var,Var,Yok,-,Mülk Sahibi,Kat Mülkiyeti,-,etin,-,...,Hayır,Haritası,Hatırlatmaları,Eşyalı Değil,Satılık,164247-74,21-11-2025,https://www.hepsiemlak.com/manisa-turgutlu-cumhuriyet-satilik/daire/164247-74,2025-12-04 00:49:24
PLUS+ GAYRİMENKUL farkıyla Yayla köyünde havuzlu dubleks villa,18.500.000 TL,Manisa,Turgutlu,Yayla Mah.,Manisa / Turgutlu / Yayla Mah.,8 + 1,350,2,Bahçe Katı,1 Yaşında,Isıtma Yok,Yok,Yok,Yok,-,Mülk Sahibi,Müstakil Tapulu,-,etin,-,...,Hayır,ye Hakim Tripleks,Hatırlatmaları,Eşyalı Değil,Satılık,154320-267,20-09-2025,https://www.hepsiemlak.com/manisa-turgutlu-yayla-satilik/villa/154320-267,2025-12-04 00:49:47
TURGUTLU'DA SATILIK DAİRE,2.500.000 TL,Manisa,Turgutlu,Yilmazlar Mah.,Manisa / Turgutlu / Yilmazlar Mah.,3 + 1,135,1,Ara Kat,25 Yaşında,Doğalgaz Sobası,Yok,Yok,Yok,-,-,Kat Mülkiyeti,-,etin,-,...,Hayır,Haritası,Hatırlatmaları,-,Satılık,141766-262,03-12-2025,https://www.hepsiemlak.com/manisa-turgutlu-yilmazlar-satilik/daire/141766-262,2025-12-04 00:50:10
KERVAN YOLUNA CEPHELİ 165M2 3+1 LÜKS SATILIK ARA KAT DAİRE,7.650.000 TL,Manisa,Turgutlu,Cumhuriyet Mah.,Manisa / Turgutlu / Cumhuriyet Mah.,3 + 1,165,2,2. Kat,4 Yaşında,Yerden Isıtma,Yok,Var,Yok,-,Boş,Kat İrtifakı,"Kuzey, Güney, Doğu",etin,-,...,Evet,Haritası,Hatırlatmaları,Eşyalı,Satılık,164247-14,21-11-2025,https://www.hepsiemlak.com/manisa-turgutlu-cumhuriyet-satilik/daire/164247-14,2025-12-04 00:50:30
ZEKİ EMLAKTAN LALE MEYDANI ÖZSARUHAN BLV ÜZERİ SATILIK 3+1 DAİRE,4.150.000 TL,Manisa,Yunusemre,Mesir Mah.,Manisa / Yunusemre / Mesir Mah.,3 + 1,125,2,3. Kat,24 Yaşında,Kombi,Var,Var,Var,İkinci El,Mülk Sahibi,Kat Mülkiyeti,-,etin,-,...,-,Haritası,Hatırlatmaları,Eşyalı Değil,Satılık,156185-421,17-11-2025,https://www.hepsiemlak.com/manisa-yunusemre-mesir-satilik/daire/156185-421,2025-12-04 00:51:06
SATILIK FATİH CADDESİNDE 2+1 90 M2 OTOPARKLI SIFIR ARA KAT DAİRE,3.400.000 TL,Manisa,Salihli,Seyrantepe Mah.,Manisa / Salihli / Seyrantepe Mah.,2 + 1,90,1,3. Kat,Sıfır Bina,Kombi,Var,Var,Var,-,Boş,Kat İrtifakı,"Kuzey, Güney",etin,-,...,Evet,Haritası,Hatırlatmaları,Eşyalı Değil,Satılık,150639-30,26-11-2025,https://www.hepsiemlak.com/manisa-salihli-seyrantepe-satilik/daire/150639-30,2025-12-04 00:51:27
Turgutlar mahallesi,3.500.000 TL,Manisa,Turgutlu,Turgutlar Mah.,Manisa / Turgutlu / Turgutlar Mah.,2 + 1,120,1,3. Kat,Sıfır Bina,Kombi,Yok,Var,Var,-,Boş,Kat İrtifakı,-,etin,-,...,Hayır,Haritası,Hatırlatmaları,Eşyalı Değil,Satılık,164247-38,21-11-2025,https://www.hepsiemlak.com/manisa-turgutlu-turgutlar-satilik/daire/164247-38,2025-12-04 00:51:50
SUBAŞI MAHALASİNDE MERKEZE YAKIN GENİŞ 2+1 DAİRE,3.630.000 TL,Manisa,Turgutlu,Subasi Mah.,Manisa / Turgutlu / Subasi Mah.,2 + 1,110,1,2. Kat,1 Yaşında,Kombi,Var,Var,Var,-,Mülk Sahibi,Kat İrtifakı,Batı,etin,300 TL,...,Hayır,Haritası,Hatırlatmaları,Eşyalı Değil,Satılık,164247-42,21-11-2025,https://www.hepsiemlak.com/manisa-turgutlu-subasi-satilik/daire/164247-42,2025-12-04 00:52:10
CBÜ TOKİ de Fırsat 4+1,4.650.000 TL,Manisa,Yunusemre,Muradiye Mah.,Manisa / Yunusemre / Muradiye Mah.,4 + 1,190,2,5. Kat,Sıfır Bina,Merkezi (Pay Öl...,Var,Var,Var,-,Boş,Kat İrtifakı,"Kuzey, Doğu",etin,-,...,Evet,İçerisinde,Hatırlatmaları,Eşyalı Değil,Satılık,158110-252,02-12-2025,https://www.hepsiemlak.com/manisa-yunusemre-muradiye-satilik/daire/158110-252,2025-12-04 00:52:30
AKHİSAR FAHRİ SERTEL EMLAKTAN SATILIK MÜSTAKİL EV TAKAS OLUR,5.450.000 TL,Manisa,Akhisar,Cumhuriyet Mah.,Manisa / Akhisar / Cumhuriyet Mah.,3 + 1,230,1,-,27 Yaşında,Soba,Yok,Yok,Yok,-,-,Kat İrtifakı,-,etin,-,...,-,Haritası,Hatırlatmaları,-,Satılık,144740-71,30-10-2025,https://www.hepsiemlak.com/manisa-akhisar-cumhuriyet-satilik/mustakil-ev/144740-71,2025-12-04 00:52:54
İTFAİYE ARKASINDA 2+1 YÜKSEK ZEMİN EŞYALI 17000 KİRACILI,2.980.000 TL,Manisa,Yunusemre,Merkez Mah.,Manisa / Yunusemre / Merkez Mah.,2 + 1,140,1,Yüksek Giriş,11 Yaşında,Kombi,Yok,Yok,Yok,-,Kiracılı,Kat İrtifakı,-,etin,150 TL,...,Hayır,Sıfır 1+1 Kampüse Yakın Yerden Isıtmalı,Hatırlatmaları,Eşyalı,Satılık,162776-28,15-11-2025,https://www.hepsiemlak.com/manisa-yunusemre-merkez-efendi-satilik/daire/162776-28,2025-12-04 00:53:16
MANİSA ŞEHZADELER Akıncılar Mah. Full Lüx Ebeveny Banyolu Otoparklı Satılık Daire,3.850.000 TL,Manisa,Sehzadeler,Akincilar Mah.,Manisa / Sehzadeler / Akincilar Mah.,3 + 1,130,2,Zemin,21 Yaşında,Kombi,Yok,Var,Var,İkinci El,Boş,Kat İrtifakı,"Kuzey, Güney, Doğu, Batı",etin,1 TL,...,Hayır,Haritası,Hatırlatmaları,Eşyalı Değil,Satılık,162290-13,18-09-2025,https://www.hepsiemlak.com/manisa-sehzadeler-akincilar-satilik/daire/162290-13,2025-12-04 00:53:44
Manisa Kula Encekler Köyünde//Tektapu Bahçeli/620m2/2Ev Ve Ahır,1.750.000 TL,Manisa,Kula,Encekler Mah.,Manisa / Kula / Encekler Mah.,2 + 1,620,1,-,40 Yaşında,Soba,Yok,Yok,Yok,-,-,Müstakil Tapulu,-,etin,-,...,-,Haritası,Hatırlatmaları,-,Satılık,85846-2060,12-09-2025,https://www.hepsiemlak.com/manisa-kula-encekler-satilik/mustakil-ev/85846-2060,2025-12-04 00:54:07
Ergenekon Mahallesi,5.950.000 TL,Manisa,Turgutlu,Ergenekon Mah.,Manisa / Turgutlu / Ergenekon Mah.,3 + 1,130,2,3. Kat,Sıfır Bina,Kombi,Yok,Yok,Var,-,Boş,Kat Mülkiyeti,-,etin,-,...,Hayır,Haritası,Hatırlatmaları,Eşyalı Değil,Satılık,164247-22,21-11-2025,https://www.hepsiemlak.com/manisa-turgutlu-ergenekon-satilik/daire/164247-22,2025-12-04 00:54:33
"Manisa Çamköy 'de , Doğa içinde Fırsat Müstakil Ev",6.500.000 TL,Manisa,Sehzadeler,Camkoy Mah.,Manisa / Sehzadeler / Camkoy Mah.,4 + 1,120,2,Bahçe Katı,5 Yaşında,Soba,Yok,Var,Var,-,Mülk Sahibi,Tapu Yok,"Kuzey, Güney, Doğu, Batı",etin,-,...,Evet,İçerisinde Sıfır 4+1 Geniş Daire,Hatırlatmaları,Eşyalı Değil,Satılık,154167-111,22-10-2025,https://www.hepsiemlak.com/manisa-sehzadeler-camkoy-satilik/mustakil-ev/154167-111,2025-12-04 00:55:16
MUSTAFA BAŞYİĞİT EMLAKTAN ERZURUMLULAR DERNEĞİ KARŞISI 2+1,3.200.000 TL,Manisa,Akhisar,Resat Mah.,Manisa / Akhisar / Resat Mah.,2 + 1,95,1,2. Kat,1 Yaşında,Kombi,Yok,Yok,Yok,-,Boş,Kat İrtifakı,-,etin,-,...,Hayır,Haritası,Hatırlatmaları,Eşyalı Değil,Satılık,162406-196,22-10-2025,https://www.hepsiemlak.com/manisa-akhisar-resat-bey-satilik/daire/162406-196,2025-12-04 00:55:45
ERGENEKON MAHALLESİ 6+2 DUBLEKS,15.000.000 TL,Manisa,Turgutlu,Ergenekon Mah.,Manisa / Turgutlu / Ergenekon Mah.,6 + 2,400,3,4. Kat,Sıfır Bina,Yerden Isıtma,Yok,Var,Yok,-,Boş,Kat Mülkiyeti,-,etin,-,...,Evet,Haritası,Hatırlatmaları,Eşyalı Değil,Satılık,164247-89,27-11-2025,https://www.hepsiemlak.com/manisa-turgutlu-ergenekon-satilik/daire/164247-89,2025-12-04 00:56:11
3 ADAM EMLAK'TAN DÜKKAN&OFİS YAPINA UYGUN 3+1 DAİRE,2.300.000 TL,Manisa,Akhisar,Hurriyet Mah.,Manisa / Akhisar / Hurriyet Mah.,3 + 1,140,1,1. Kat,26 Yaşında,Soba,Yok,Yok,Yok,-,Boş,Kat İrtifakı,-,etin,-,...,Hayır,Haritası,Hatırlatmaları,Eşyalı Değil,Satılık,143910-105,16-11-2025,https://www.hepsiemlak.com/manisa-akhisar-hurriyet-satilik/daire/143910-105,2025-12-04 00:56:38
Cengiz topel mahallesinde hükümet caddesi üzerinde satılık daire,3.375.000 TL,Manisa,Saruhanli,Cengiz Mah.,Manisa / Saruhanli / Cengiz Mah.,3 + 1,130,1,4. Kat,1 Yaşında,Kombi,Var,Var,Yok,-,Boş,Kat Mülkiyeti,-,etin,-,...,Hayır,Haritası,Hatırlatmaları,Eşyalı Değil,Satılık,137495-189,16-09-2025,https://www.hepsiemlak.com/manisa-saruhanli-cengiz-topel-satilik/daire/137495-189,2025-12-04 00:57:10
TAM NOKTA TURGUTLU'DAN KONUTLARDA SATILIK SIFIR DAİRE,8.000.000 TL,Manisa,Turgutlu,Ergenekon Mah.,Manisa / Turgutlu / Ergenekon Mah.,3 + 1,160,2,4. Kat,Sıfır Bina,Kombi,Var,Yok,Yok,-,Boş,Kat İrtifakı,"Kuzey, Güney, Batı",etin,-,...,Hayır,Haritası,Hatırlatmaları,Eşyalı Değil,Satılık,156788-126,02-12-2025,https://www.hepsiemlak.com/manisa-turgutlu-ergenekon-satilik/daire/156788-126,2025-12-04 00:57:38
AKMAN GAYRİMENKULDEN KARAALİDE 3+1 KAPALI MUTFAK 130 M2 DAİRE,4.450.000 TL,Manisa,Yunusemre,Muradiye Mah.,Manisa / Yunusemre / Muradiye Mah.,3 + 1,140,1,4. Kat,6 Yaşında,Kombi,Var,Yok,Yok,-,Kiracılı,Kat İrtifakı,-,etin,-,...,Hayır,Haritası,Hatırlatmaları,Eşyalı Değil,Satılık,113243-2,03-11-2025,https://www.hepsiemlak.com/manisa-yunusemre-muradiye-satilik/daire/113243-2,2025-12-04 00:58:11
Şehir Merkezinde Ulupark yakını 3+1 Otoparklı Daire,4.500.000 TL,Manisa,Sehzadeler,Akincilar Mah.,Manisa / Sehzadeler / Akincilar Mah.,3 + 1,116,2,5. Kat,26 Yaşında,Kombi,Var,Var,Var,-,Mülk Sahibi,Kat İrtifakı,-,etin,-,...,Evet,2000'de Ferah 3+1 Kaçırılmayacak Fırsat!,Hatırlatmaları,Eşyalı Değil,Satılık,154167-346,17-11-2025,https://www.hepsiemlak.com/manisa-sehzadeler-akincilar-satilik/daire/154167-346,2025-12-04 00:58:37
Salihli Cumhuriyet Mahallesinde Satılık daire,4.450.000 TL,Manisa,Salihli,Cumhuriyet Mah.,Manisa / Salihli / Cumhuriyet Mah.,3 + 1,130,1,Ara Kat,20 Yaşında,Kombi,Yok,Var,Yok,İkinci El,-,Kat İrtifakı,"Kuzey, Güney, Batı",etin,-,...,Hayır,Haritası,Hatırlatmaları,Eşyalı Değil,Satılık,138755-290,01-12-2025,https://www.hepsiemlak.com/manisa-salihli-cumhuriyet-satilik/daire/138755-290,2025-12-04 00:59:02
3 ADAM EMLAK'TAN REŞATBEY MH. SATILIK 5+1 DUBLEKS DAİRE,8.500.000 TL,Manisa,Akhisar,Resat Mah.,Manisa / Akhisar / Resat Mah.,5 + 1,191,3,3. Kat,1 Yaşında,Kombi,Yok,Var,Var,-,Boş,Kat İrtifakı,-,etin,-,...,Evet,Haritası,Hatırlatmaları,Eşyalı Değil,Satılık,143910-107,16-10-2025,https://www.hepsiemlak.com/manisa-akhisar-resat-bey-satilik/daire/143910-107,2025-12-04 00:59:32
Çarşı Merkezde 2+1 Satılık Daire,2.199.000 TL,Manisa,Turgutlu,Yedi Mah.,Manisa / Turgutlu / Yedi Mah.,2 + 1,100,1,4. Kat,11 Yaşında,Kombi,Var,Var,Yok,-,Mülk Sahibi,Kat Mülkiyeti,-,etin,-,...,Hayır,Haritası,Hatırlatmaları,Eşyalı Değil,Satılık,160048-42,09-11-2025,https://www.hepsiemlak.com/manisa-turgutlu-yedi-eylul-satilik/daire/160048-42,2025-12-04 01:00:21
yedi Eylül mahallesi de satılık yüksek zemin acil.satilik,3.150.000 TL,Manisa,Turgutlu,Yedi Mah.,Manisa / Turgutlu / Yedi Mah.,3 + 1,130,1,Zemin,7 Yaşında,Kombi,Yok,Var,Yok,İkinci El,Boş,Kat İrtifakı,Güney,etin,-,...,Hayır,Haritası,Hatırlatmaları,Eşyalı Değil,Satılık,154559-28,14-10-2025,https://www.hepsiemlak.com/manisa-turgutlu-yedi-eylul-satilik/daire/154559-28,2025-12-04 01:00:51
"ÖZGÜN GM'DEN-GÜZELYURT'TA SATILIK 4+1 FIRSAT ""TEK YETKİLİ"" ARAKAT DAİRE. FİYAT DÜŞTÜ",12.600.000 TL,Manisa,Yunusemre,Guzelyurt Mah.,Manisa / Yunusemre / Guzelyurt Mah.,4 + 1,240,2,4. Kat,5 Yaşında,Kombi,Var,Var,Var,-,Boş,Kat İrtifakı,"Kuzey, Güney, Doğu",etin,-,...,Hayır,İçerisinde,Hatırlatmaları,Eşyalı Değil,Satılık,122193-585,10-11-2025,https://www.hepsiemlak.com/manisa-yunusemre-guzelyurt-satilik/daire/122193-585,2025-12-04 01:01:21
3+1 CUMHURİYET MH SATILIK DAİRE,3.600.000 TL,Manisa,Saruhanli,Ataturk Mah.,Manisa / Saruhanli / Ataturk Mah.,3 + 1,120,1,4. Kat,6 Yaşında,Kombi,Yok,Var,Yok,-,Boş,Müstakil Tapulu,-,etin,-,...,Hayır,Haritası,Hatırlatmaları,Eşyalı Değil,Satılık,163108-3,12-11-2025,https://www.hepsiemlak.com/manisa-saruhanli-ataturk-satilik/daire/163108-3,2025-12-04 01:01:46
TURPADAN YEDİEYLÜL MH.TERASLI ASANSÖRLÜ ULTRA LÜKS SATILIK DAİRE,5.980.000 TL,Manisa,Turgutlu,Yedi Mah.,Manisa / Turgutlu / Yedi Mah.,3 + 1,230,2,2. Kat,5 Yaşında,Kombi,Yok,Var,Yok,-,Mülk Sahibi,Kat Mülkiyeti,-,etin,-,...,Evet,Haritası,Hatırlatmaları,Eşyalı Değil,Satılık,144722-196,25-10-2025,https://www.hepsiemlak.com/manisa-turgutlu-yedi-eylul-satilik/daire/144722-196,2025-12-04 01:02:16
ayniali mh 4+1 200m2 asansörlü doğalgazlı teraslı dubleks,5.500.000 TL,Manisa,Yunusemre,Ayni Mah.,Manisa / Yunusemre / Ayni Mah.,4 + 1,200,1,5. Kat,15 Yaşında,Kombi,Yok,Var,Var,-,-,Kat İrtifakı,-,etin,-,...,-,Haritası,Hatırlatmaları,-,Satılık,110165-1065,16-09-2025,https://www.hepsiemlak.com/manisa-yunusemre-ayni-ali-satilik/daire/110165-1065,2025-12-04 01:02:43
Ergenekon Mahallesi 3+1,4.700.000 TL,Manisa,Turgutlu,Ergenekon Mah.,Manisa / Turgutlu / Ergenekon Mah.,3 + 1,130,1,4. Kat,Sıfır Bina,Kombi,Yok,Var,Var,-,Boş,Kat Mülkiyeti,-,etin,-,...,Hayır,Haritası,Hatırlatmaları,Eşyalı Değil,Satılık,164247-92,27-11-2025,https://www.hepsiemlak.com/manisa-turgutlu-ergenekon-satilik/daire/164247-92,2025-12-04 01:03:15
MUSTAFA BAŞYİĞİT EMLAKTAN CUMHURİYET MH SATILIK 2+1,2.550.000 TL,Manisa,Akhisar,Cumhuriyet Mah.,Manisa / Akhisar / Cumhuriyet Mah.,2 + 1,90,1,1. Kat,1 Yaşında,Kombi,Yok,Var,Var,-,Boş,Kat İrtifakı,-,etin,-,...,Evet,Haritası,Hatırlatmaları,Eşyalı Değil,Satılık,162406-111,22-10-2025,https://www.hepsiemlak.com/manisa-akhisar-cumhuriyet-satilik/daire/162406-111,2025-12-04 01:03:44
TURGUTLU MERKEZDE SATILIK DAİRE,4.500.000 TL,Manisa,Turgutlu,Yilmazlar Mah.,Manisa / Turgutlu / Yilmazlar Mah.,3 + 1,145,2,En Üst Kat,15 Yaşında,Kombi,Var,Var,Yok,-,-,Kat Mülkiyeti,-,etin,-,...,-,Haritası,Hatırlatmaları,-,Satılık,141766-251,10-10-2025,https://www.hepsiemlak.com/manisa-turgutlu-yilmazlar-satilik/daire/141766-251,2025-12-04 01:04:19
Manisa Meydan Sitesi Havuz Cephe 2+1 Kapalı Mutfak Satılık Daire,9.980.000 TL,Manisa,Yunusemre,Uncubozkoy Mah.,Manisa / Yunusemre / Uncubozkoy Mah.,2 + 1,106,2,4. Kat,1 Yaşında,Merkezi (Pay Öl...,Var,Yok,Var,-,Boş,Kat Mülkiyeti,2+1 Kapalı Mutfak Satılık Daire,etin,1.758 TL,...,Hayır,si Havuz Cephe 2+1 Kapalı Mutfak Satılık Daire,Hatırlatmaları,Eşyalı Değil,Satılık,58372-5817,04-11-2025,https://www.hepsiemlak.com/manisa-yunusemre-uncubozkoy-satilik/daire/58372-5817,2025-12-04 01:04:52
TAM NOKTA TURGUTLU'DAN ANKARA ASFALTINDA SATILIK DAİRE,6.000.000 TL,Manisa,Turgutlu,Selvilitepe Mah.,Manisa / Turgutlu / Selvilitepe Mah.,3 + 1,130,1,2. Kat,Sıfır Bina,Kombi,Yok,Yok,Yok,-,Boş,Kat İrtifakı,-,etin,-,...,Hayır,Haritası,Hatırlatmaları,Eşyalı Değil,Satılık,156788-118,02-12-2025,https://www.hepsiemlak.com/manisa-turgutlu-selvilitepe-satilik/daire/156788-118,2025-12-04 01:05:50
Manisa salihli M&Ş Gayrumenkulden satılık 4+1 ultra lüks daire.....,9.400.000 TL,Manisa,Salihli,Saglik Mah.,Manisa / Salihli / Saglik Mah.,4 + 1,210,2,Kot 1,Sıfır Bina,Kombi,Var,Var,Var,Sıfır,Boş,Kat İrtifakı,-,etin,-,...,Evet,Haritası,Hatırlatmaları,-,Satılık,139585-111,06-10-2025,https://www.hepsiemlak.com/manisa-salihli-saglik-satilik/daire/139585-111,2025-12-04 01:06:19
160 METREKARE 3+1 DAİRE YIL SONU FIRSATI,3.140.000 TL,Manisa,Turgutlu,Yilmazlar Mah.,Manisa / Turgutlu / Yilmazlar Mah.,3 + 1,170,1,3. Kat,16 Yaşında,Kombi,Yok,Var,Yok,-,Mülk Sahibi,Kat Mülkiyeti,-,etin,-,...,Hayır,Haritası,Hatırlatmaları,Eşyalı Değil,Satılık,156788-220,03-12-2025,https://www.hepsiemlak.com/manisa-turgutlu-yilmazlar-satilik/daire/156788-220,2025-12-04 01:06:49
TURPA'DAN TURAN MH. SADIKLAR CİVARI SATILIK 3+1 GENİŞ DAİRE,3.100.000 TL,Manisa,Turgutlu,Turan Mah.,Manisa / Turgutlu / Turan Mah.,3 + 1,160,1,4. Kat,16 Yaşında,Kombi,Var,Var,Var,-,Mülk Sahibi,Kat Mülkiyeti,-,etin,-,...,Evet,Haritası,Hatırlatmaları,Eşyalı Değil,Satılık,144722-217,19-09-2025,https://www.hepsiemlak.com/manisa-turgutlu-turan-satilik/daire/144722-217,2025-12-04 01:07:18
ZEKİ EMLAK'TAN MURADİYE'DE PANOROMA 2'DE SATILIK 2+1 K.MUTFAK D.,4.950.000 TL,Manisa,Yunusemre,Muradiye Mah.,Manisa / Yunusemre / Muradiye Mah.,2 + 1,100,1,Yüksek Giriş,4 Yaşında,Kombi,Yok,Yok,Yok,İkinci El,Boş,Kat İrtifakı,-,etin,1.400 TL,...,-,Haritası,Hatırlatmaları,Eşyalı Değil,Satılık,156185-384,06-11-2025,https://www.hepsiemlak.com/manisa-yunusemre-muradiye-satilik/daire/156185-384,2025-12-04 01:07:48
MURADİYEDE ÇOK GÜZEL BİR DAİRE,4.250.000 TL,Manisa,Yunusemre,Muradiye Mah.,Manisa / Yunusemre / Muradiye Mah.,3 + 0,120,1,1. Kat,1 Yaşında,Kombi,Yok,Var,Yok,-,Mülk Sahibi,Müstakil Tapulu,-,etin,200 TL,...,Hayır,Haritası,Hatırlatmaları,Eşyalı Değil,Satılık,162591-7,31-10-2025,https://www.hepsiemlak.com/manisa-yunusemre-muradiye-satilik/daire/162591-7,2025-12-04 01:08:16
Turgutlar mahallesinde Satılık Sıfır Daire,3.600.000 TL,Manisa,Turgutlu,Turgutlar Mah.,Manisa / Turgutlu / Turgutlar Mah.,2 + 1,115,1,Ara Kat,Sıfır Bina,Kombi,Yok,Var,Yok,Sıfır,Boş,Kat Mülkiyeti,Kuzey,etin,-,...,-,Haritası,Hatırlatmaları,Eşyalı Değil,Satılık,126164-317,22-10-2025,https://www.hepsiemlak.com/manisa-turgutlu-turgutlar-satilik/daire/126164-317,2025-12-04 01:08:44
ÖZYURTLAR'DAN AKINCILAR'DA FULL LÜX YÜKSEK ZEMİN DAİRE,3.850.000 TL,Manisa,Sehzadeler,Akincilar Mah.,Manisa / Sehzadeler / Akincilar Mah.,3 + 1,120,1,Yüksek Giriş,21 Yaşında,Kombi,Yok,Var,Yok,-,Boş,Kat İrtifakı,-,etin,-,...,Hayır,Haritası,Hatırlatmaları,Eşyalı Değil,Satılık,162860-32,06-10-2025,https://www.hepsiemlak.com/manisa-sehzadeler-akincilar-satilik/daire/162860-32,2025-12-04 01:09:15
Muradiye mah. 2+1 Açık Mutfak SIFIR DAİRE,3.150.000 TL,Manisa,Yunusemre,Muradiye Mah.,Manisa / Yunusemre / Muradiye Mah.,2 + 1,80,1,Kot 3,Sıfır Bina,Kombi,Yok,Yok,Yok,-,Boş,Kat İrtifakı,-,etin,-,...,Hayır,Haritası,Hatırlatmaları,Eşyalı Değil,Satılık,163278-4,15-11-2025,https://www.hepsiemlak.com/manisa-yunusemre-muradiye-satilik/daire/163278-4,2025-12-04 01:09:46
Manisa Şehzadeler Peker Mah. Full Lüks Geniş 3+1 Arakat,4.800.000 TL,Manisa,Sehzadeler,Peker Mah.,Manisa / Sehzadeler / Peker Mah.,3 + 1,130,1,4. Kat,20 Yaşında,Kombi,Var,Var,Yok,İkinci El,Boş,Kat Mülkiyeti,"Kuzey, Güney, Doğu, Batı",etin,200 TL,...,Evet,Haritası,Hatırlatmaları,Eşyalı Değil,Satılık,95753-2036,15-11-2025,https://www.hepsiemlak.com/manisa-sehzadeler-peker-satilik/daire/95753-2036,2025-12-04 01:10:16
3 ADAM EMLAK'TAN SÜLEYMANLI MH SATILIK HARİKA VİLLA,13.500.000 TL,Manisa,Akhisar,Suleymanli Mah.,Manisa / Akhisar / Suleymanli Mah.,4 + 1,390,3,Bahçe Katı,Sıfır Bina,Yerden Isıtma,Var,Yok,Var,-,Boş,Müstakil Tapulu,-,etin,-,...,Evet,Haritası,Hatırlatmaları,Eşyalı Değil,Satılık,143910-97,24-11-2025,https://www.hepsiemlak.com/manisa-akhisar-suleymanli-satilik/villa/143910-97,2025-12-04 01:12:06
MANİSA TURGUTLU KURTULUŞ M SATILIK 2+1 DAİRE,2.500.000 TL,Manisa,Turgutlu,Kurtulus Mah.,Manisa / Turgutlu / Kurtulus Mah.,2 + 1,100,1,4. Kat,6 Yaşında,Isıtma Yok,Yok,Var,Var,-,Kiracılı,Kat Mülkiyeti,-,etin,-,...,Hayır,Haritası,Hatırlatmaları,-,Satılık,164007-25,20-11-2025,https://www.hepsiemlak.com/manisa-turgutlu-kurtulus-satilik/daire/164007-25,2025-12-04 01:12:31
EMİR GRUP'TAN ÇAKRA PARK YANI 3+1 140M OTOPARKLI 9.YILLIK ARAKAT,5.950.000 TL,Manisa,Yunusemre,Merkez Mah.,Manisa / Yunusemre / Merkez Mah.,3 + 1,140,1,2. Kat,1 Yaşında,Kombi,Yok,Var,Var,-,Boş,Kat İrtifakı,-,etin,-,...,Evet,İçerisinde,Hatırlatmaları,Eşyalı Değil,Satılık,163565-23,28-10-2025,https://www.hepsiemlak.com/manisa-yunusemre-merkez-efendi-satilik/daire/163565-23,2025-12-04 01:13:03
PAVİLİON GARDEN'DA 2+1 AÇIK MUTFAKLI DAİRE,4.250.000 TL,Manisa,Turgutlu,Ergenekon Mah.,Manisa / Turgutlu / Ergenekon Mah.,2 + 1,105,1,1. Kat,Sıfır Bina,Yerden Isıtma,Var,Var,Var,-,Boş,Kat İrtifakı,-,etin,-,...,Evet,İçerisinde,Hatırlatmaları,Eşyalı Değil,Satılık,123058-1833,25-10-2025,https://www.hepsiemlak.com/manisa-turgutlu-ergenekon-satilik/daire/123058-1833,2025-12-04 01:13:31
