Fiyat,Ilce,M2,Banyo,Kat,Bina_Yasi,Isinma,Balkon,Asansor,Garaj,Yapı Durumu,Kullanım Durumu,Tapu Durumu,Takas,Eşya Durumu,Fiyat_numeric,oda_sayisi,salon_sayisi
3.500.000 TL,Alasehir,120,1,3. Kat,7 Yaşında,Merkezi,Var,Var,Yok,İkinci El,Boş,Kat İrtifakı,-,Eşyalı Değil,3500000.0,3,1
2.150.000 TL,Turgutlu,85,1,4. Kat,31 Yaşında,Isıtma Yok,Yok,Yok,Yok,-,Boş,Kat Mülkiyeti,Hayır,Eşyalı Değil,2150000.0,2,1
3.850.000 TL,Akhisar,165,1,1. Kat,21 Yaşında,Kombi,Yok,Yok,Yok,-,Boş,Kat Mülkiyeti,Hayır,Eşyalı Değil,3850000.0,3,1
3.500.000 TL,Akhisar,150,1,3. Kat,6 Yaşında,Kombi,Yok,Var,Yok,-,Boş,Kat İrtifakı,Hayır,Eşyalı Değil,3500000.0,3,1
3.500.000 TL,Yunusemre,110,1,Yüksek Giriş,5 Yaşında,Kombi,Var,Var,Yok,-,Boş,Kat Mülkiyeti,Evet,Eşyalı Değil,3500000.0,2,1
3.550.000 TL,Turgutlu,145,1,3. Kat,17 Yaşında,Kombi,Yok,Var,Var,İkinci El,Boş,Kat İrtifakı,Hayır,-,3550000.0,3,1
4.600.000 TL,Turgutlu,130,1,2. Kat,6 Yaşında,Kombi,Var,Var,Yok,-,Boş,Kat İrtifakı,Hayır,Eşyalı Değil,4600000.0,3,1
1.700.000 TL,Alasehir,47,1,2. Kat,Sıfır Bina,Kombi,Yok,Yok,Yok,-,Boş,Kat İrtifakı,Hayır,Eşyalı Değil,1700000.0,1,1
3.100.000 TL,Turgutlu,107,1,2. Kat,Sıfır Bina,Kombi,Yok,Var,Var,-,Boş,Kat İrtifakı,Evet,Eşyalı Değil,3100000.0,2,1
15.500.000 TL,Yunusemre,270,3,-,25 Yaşında,Kombi,Yok,Yok,Var,İkinci El,Kiracılı,Kat İrtifakı,Hayır,Eşyalı Değil,15500000.0,4,1
4.200.000 TL,Yunusemre,130,1,Bahçe Katı,4 Yaşında,Soba,Yok,Yok,Var,-,Mülk Sahibi,Müstakil Tapulu,Evet,Eşyalı Değil,4200000.0,4,1
2.400.000 TL,Akhisar,120,1,1. Kat,15 Yaşında,Kombi,Yok,Yok,Yok,İkinci El,Mülk Sahibi,Kat İrtifakı,Hayır,Eşyalı Değil,2400000.0,2,1
4.750.000 TL,Sehzadeler,130,1,2. Kat,16 Yaşında,Kombi,Var,Var,Yok,-,Boş,Kat Mülkiyeti,Evet,Eşyalı Değil,4750000.0,3,1
3.295.000 TL,Sehzadeler,135,1,2. Kat,21 Yaşında,Kombi,Yok,Yok,Yok,-,Boş,Kat İrtifakı,Evet,Eşyalı Değil,3295000.0,3,1
3.375.000 TL,Sehzadeler,110,1,4. Kat,16 Yaşında,Kombi,Var,Var,Var,-,Boş,Müstakil Tapulu,Hayır,Eşyalı Değil,3375000.0,2,1
3.200.000 TL,Alasehir,145,2,3. Kat,Sıfır Bina,Kombi,Yok,Yok,Yok,-,Boş,Müstakil Tapulu,Hayır,Eşyalı Değil,3200000.0,3,1
2.075.000 TL,Kirkagac,115,1,Ara Kat,28 Yaşında,Kombi,Yok,Yok,Var,-,-,Müstakil Tapulu,-,-,2075000.0,3,1
3.490.000 TL,Sehzadeler,105,1,1. Kat,11 Yaşında,Kombi,Yok,Yok,Yok,-,Boş,Kat İrtifakı,Evet,Eşyalı,3490000.0,2,1
3.695.000 TL,Yunusemre,90,1,Ara Kat,5 Yaşında,Kombi,Var,Var,Var,Sıfır,Mülk Sahibi,Kat Mülkiyeti,Hayır,Eşyalı Değil,3695000.0,2,1
3.700.000 TL,Yunusemre,130,1,4. Kat,30 Yaşında,Kombi,Yok,Yok,Var,İkinci El,-,Kat İrtifakı,Evet,Eşyalı Değil,3700000.0,3,1
4.650.000 TL,Sehzadeler,300,1,Villa Katı,1 Yaşında,Yerden Isıtma,Yok,Var,Yok,-,Mülk Sahibi,Kat İrtifakı,Evet,Eşyalı Değil,4650000.0,2,1
1.190.000 TL,Kirkagac,115,1,4. Kat,21 Yaşında,Kombi,Yok,Yok,Yok,-,Boş,Kat Mülkiyeti,Evet,Eşyalı Değil,1190000.0,2,1
3.875.000 TL,Sehzadeler,115,1,3. Kat,26 Yaşında,Kombi,Yok,Var,Var,-,Boş,Müstakil Tapulu,Hayır,Eşyalı Değil,3875000.0,3,1
3.500.000 TL,Kirkagac,100,1,-,50 Yaşında,Soba,Yok,Yok,Yok,İkinci El,Mülk Sahibi,Müstakil Tapulu,Hayır,Eşyalı,3500000.0,2,1
24.990.000 TL,Turgutlu,370,3,Bahçe Katı,6 Yaşında,Yerden Isıtma,Yok,Yok,Yok,-,Mülk Sahibi,Müstakil Tapulu,Hayır,Eşyalı,24990000.0,6,1
2.750.000 TL,Turgutlu,85,1,3. Kat,5 Yaşında,Kombi,Var,Var,Var,-,Kiracılı,Kat İrtifakı,Hayır,Eşyalı Değil,2750000.0,2,1
3.100.000 TL,Yunusemre,80,1,2. Kat,4 Yaşında,Kombi,Var,Var,Yok,-,Kiracılı,Kat Mülkiyeti,Evet,Eşyalı Değil,3100000.0,2,1
1.150.000 TL,Ahmetli,80,1,2. Kat,5 Yaşında,Kombi,Yok,Yok,Yok,-,Boş,Kat Mülkiyeti,Hayır,Eşyalı Değil,1150000.0,1,1
3.550.000 TL,Sehzadeler,120,1,3. Kat,25 Yaşında,Kombi,Var,Var,Yok,İkinci El,-,Kat İrtifakı,Hayır,Eşyalı Değil,3550000.0,3,1
3.975.000 TL,Sehzadeler,120,1,Bahçe Katı,21 Yaşında,Kombi,Yok,Var,Yok,İkinci El,Boş,Kat Mülkiyeti,Evet,-,3975000.0,3,1
1.595.000 TL,Turgutlu,120,1,2. Kat,26 Yaşında,Isıtma Yok,Yok,Yok,Yok,-,Boş,Kat Mülkiyeti,Evet,Eşyalı Değil,1595000.0,3,1
3.950.000 TL,Sehzadeler,120,1,Ara Kat,25 Yaşında,Kombi,Var,Var,Var,İkinci El,Boş,Kat Mülkiyeti,Hayır,Eşyalı Değil,3950000.0,3,1
3.495.000 TL,Sehzadeler,130,1,4. Kat,21 Yaşında,Kombi,Yok,Var,Var,-,Boş,Kat İrtifakı,Evet,Eşyalı Değil,3495000.0,3,1
565.000 TL,Akhisar,73,-,Bahçe Katı,31 Yaşında,Isıtma Yok,Yok,Yok,Yok,-,Boş,Müstakil Tapulu,Hayır,Eşyalı Değil,565000.0,1,1
1.725.000 TL,Akhisar,91,1,-,40 Yaşında,Soba,Yok,Yok,Yok,İkinci El,Kiracılı,Müstakil Tapulu,Hayır,Eşyalı Değil,1725000.0,3,1
2.680.000 TL,Turgutlu,115,1,3. Kat,1 Yaşında,Kombi,Yok,Yok,Yok,-,Mülk Sahibi,Kat Mülkiyeti,Hayır,Eşyalı Değil,2680000.0,3,1
7.100.000 TL,Yunusemre,160,2,Çatı Katı,16 Yaşında,Kombi,Var,Var,Var,-,Kiracılı,Kat İrtifakı,Evet,Eşyalı Değil,7100000.0,4,1
3.400.000 TL,Salihli,125,1,Yüksek Giriş,18 Yaşında,Kombi,Yok,Yok,Yok,-,Boş,Kat Mülkiyeti,-,Eşyalı Değil,3400000.0,3,1
2.700.000 TL,Saruhanli,50,1,Yüksek Giriş,1 Yaşında,Isıtma Yok,Yok,Yok,Yok,-,-,Müstakil Tapulu,-,-,2700000.0,1,1
750.000 TL,Akhisar,34,1,-,10 Yaşında,Soba,Yok,Yok,Yok,İkinci El,Boş,Arsa,-,Eşyalı Değil,750000.0,1,1
2.950.000 TL,Yunusemre,125,1,5. Kat,26 Yaşında,Kombi,Yok,Yok,Yok,-,Mülk Sahibi,Kat İrtifakı,Evet,-,2950000.0,3,1
4.650.000 TL,Sehzadeler,135,1,4. Kat,26 Yaşında,Kombi,Var,Var,Yok,İkinci El,Boş,Kat Mülkiyeti,-,Eşyalı Değil,4650000.0,3,1
2.475.000 TL,Turgutlu,90,1,1. Kat,6 Yaşında,Kombi,Yok,Var,Var,-,Boş,Kat İrtifakı,Hayır,Eşyalı Değil,2475000.0,2,1
3.950.000 TL,Yunusemre,130,1,2. Kat,8 Yaşında,Kombi,Yok,Var,Var,İkinci El,Boş,Kat İrtifakı,Hayır,Eşyalı Değil,3950000.0,3,1
2.000.000 TL,Salihli,345,1,-,15 Yaşında,Soba,Yok,Yok,Yok,İkinci El,Mülk Sahibi,Kat Mülkiyeti,-,Eşyalı Değil,2000000.0,2,1
2.340.000 TL,Yunusemre,70,1,3. Kat,Sıfır Bina,Kombi,Yok,Yok,Yok,-,Boş,Kat İrtifakı,Hayır,Eşyalı,2340000.0,1,1
3.290.000 TL,Sehzadeler,130,1,-,Sıfır Bina,Klima,Yok,Yok,Yok,Sıfır,Mülk Sahibi,Müstakil Tapulu,Evet,Eşyalı Değil,3290000.0,2,1
3.500.000 TL,Yunusemre,430,1,-,25 Yaşında,Klima,Yok,Yok,Yok,İkinci El,Boş,Müstakil Tapulu,Hayır,Eşyalı Değil,3500000.0,3,1
2.950.000 TL,Sehzadeler,85,1,Yüksek Giriş,25 Yaşında,Klima,Yok,Yok,Yok,İkinci El,Kiracılı,Kat İrtifakı,Evet,Eşyalı,2950000.0,2,1
2.100.000 TL,Akhisar,140,1,1. Kat,26 Yaşında,Klima,Yok,Var,Yok,İkinci El,Boş,Kat Mülkiyeti,-,Eşyalı Değil,2100000.0,3,1
2.950.000 TL,Sehzadeler,105,1,En Üst Kat,25 Yaşında,Kombi,Var,Yok,Yok,İkinci El,Mülk Sahibi,Kat İrtifakı,Evet,Eşyalı Değil,2950000.0,3,1
8.850.000 TL,Yunusemre,225,2,4. Kat,16 Yaşında,Kombi,Yok,Var,Yok,-,Mülk Sahibi,Kat İrtifakı,Hayır,Eşyalı Değil,8850000.0,4,1
1.700.000 TL,Akhisar,90,1,2. Kat,21 Yaşında,Kombi,Yok,Yok,Yok,-,Kiracılı,Kat İrtifakı,Hayır,Eşyalı Değil,1700000.0,2,1
2.850.000 TL,Salihli,145,2,4. Kat,1 Yaşında,Kombi,Yok,Var,Var,-,Mülk Sahibi,Kat Mülkiyeti,Hayır,Eşyalı Değil,2850000.0,2,1
2.950.000 TL,Turgutlu,115,1,3. Kat,25 Yaşında,Kombi,Var,Yok,Yok,İkinci El,Boş,Kat Mülkiyeti,Hayır,Eşyalı Değil,2950000.0,2,1
2.850.000 TL,Yunusemre,100,1,Çatı Katı,29 Yaşında,Kombi,Var,Var,Var,İkinci El,Boş,Kat İrtifakı,Hayır,Eşyalı Değil,2850000.0,3,1
2.500.000 TL,Akhisar,100,1,3. Kat,Sıfır Bina,Kombi,Yok,Yok,Var,-,Boş,Kat İrtifakı,Hayır,Eşyalı Değil,2500000.0,2,1
4.850.000 TL,Yunusemre,135,1,4. Kat,11 Yaşında,Kombi,Yok,Var,Yok,-,Mülk Sahibi,Kat İrtifakı,Hayır,Eşyalı Değil,4850000.0,3,1
3.000.000 TL,Alasehir,150,1,En Üst Kat,15 Yaşında,Kombi,Yok,Yok,Var,İkinci El,Mülk Sahibi,Kat İrtifakı,Hayır,Eşyalı Değil,3000000.0,3,1
7.950.000 TL,Yunusemre,160,2,Yüksek Giriş,1 Yaşında,Kombi,Var,Var,Var,-,Kiracılı,Kat İrtifakı,Evet,Eşyalı Değil,7950000.0,3,1
2.300.000 TL,Turgutlu,100,1,Ara Kat,25 Yaşında,Kombi,Var,Yok,Yok,-,-,Kat Mülkiyeti,-,Eşyalı Değil,2300000.0,2,1
2.300.000 TL,Saruhanli,101,1,Ara Kat,Sıfır Bina,Kombi,Yok,Yok,Yok,Sıfır,Boş,Kat İrtifakı,Evet,Eşyalı Değil,2300000.0,2,1
4.150.000 TL,Sehzadeler,105,2,Yüksek Giriş,2 Yaşında,Yerden Isıtma,Var,Yok,Var,-,Boş,Kat İrtifakı,Evet,Eşyalı Değil,4150000.0,2,1
2.450.000 TL,Yunusemre,65,1,4. Kat,Sıfır Bina,Kombi,Yok,Yok,Var,-,Boş,Kat İrtifakı,Hayır,Eşyalı Değil,2450000.0,1,1
3.950.000 TL,Yunusemre,140,1,Giriş Katı,30 Yaşında,Kombi,Var,Var,Var,İkinci El,Kiracılı,Müstakil Tapulu,Hayır,Eşyalı Değil,3950000.0,3,1
2.650.000 TL,Soma,95,1,3. Kat,5 Yaşında,Merkezi,Yok,Yok,Var,İkinci El,Mülk Sahibi,Kat İrtifakı,-,-,2650000.0,2,1
3.950.000 TL,Sehzadeler,498,1,-,49 Yaşında,Soba,Yok,Yok,Var,İkinci El,Boş,Arsa,Hayır,Eşyalı Değil,3950000.0,4,1
2.550.000 TL,Akhisar,90,1,1. Kat,31 Yaşında,Kombi,Yok,Var,Yok,-,Mülk Sahibi,Kat İrtifakı,Evet,Eşyalı Değil,2550000.0,2,1
4.250.000 TL,Yunusemre,120,1,6. Kat,21 Yaşında,Kombi,Yok,Var,Var,-,Mülk Sahibi,Kat Mülkiyeti,Hayır,Eşyalı Değil,4250000.0,3,1
3.150.000 TL,Yunusemre,60,1,2. Kat,1 Yaşında,Kombi,Yok,Yok,Var,-,Boş,Kat Mülkiyeti,Hayır,Eşyalı Değil,3150000.0,1,1
2.650.000 TL,Sehzadeler,100,1,4. Kat,26 Yaşında,Kombi,Var,Yok,Yok,-,Boş,Kat Mülkiyeti,Hayır,Eşyalı Değil,2650000.0,2,1
6.750.000 TL,Turgutlu,209,1,Bahçe Katı,11 Yaşında,Doğalgaz Sobası,Yok,Yok,Yok,-,Mülk Sahibi,Müstakil Tapulu,Hayır,Eşyalı Değil,6750000.0,3,1
3.200.000 TL,Sehzadeler,115,1,Ara Kat,35 Yaşında,Kombi,Var,Var,Var,İkinci El,Boş,Kat Mülkiyeti,Hayır,Eşyalı Değil,3200000.0,3,1
2.100.000 TL,Salihli,52,1,5. Kat,6 Yaşında,Klima,Var,Var,Yok,-,Kiracılı,Kat Mülkiyeti,Hayır,Eşyalı Değil,2100000.0,1,1
3.150.000 TL,Akhisar,110,1,En Üst Kat,Sıfır Bina,Kombi,Var,Var,Var,Sıfır,Boş,Kat İrtifakı,Hayır,Eşyalı Değil,3150000.0,2,1
6.250.000 TL,Yunusemre,120,1,Kot 3,15 Yaşında,Kombi,Var,Var,Yok,İkinci El,Boş,Kat İrtifakı,Hayır,Eşyalı,6250000.0,2,1
2.550.000 TL,Turgutlu,130,2,Yüksek Giriş,1 Yaşında,Klima,Yok,Var,Var,-,Boş,Kat Mülkiyeti,Evet,Eşyalı Değil,2550000.0,2,1
4.000.000 TL,Gordes,110,1,Bahçe Katı,30 Yaşında,Soba,Yok,Yok,Yok,-,-,Müstakil Tapulu,Hayır,-,4000000.0,3,0
16.000.000 TL,Turgutlu,342,1,-,27 Yaşında,Kombi,Yok,Yok,Var,İkinci El,Boş,Kat İrtifakı,Hayır,Eşyalı Değil,16000000.0,4,1
3.480.000 TL,Salihli,150,1,8. Kat,25 Yaşında,Klima,Var,Var,Var,İkinci El,Boş,Kat Mülkiyeti,Hayır,Eşyalı Değil,3480000.0,3,1
2.600.000 TL,Turgutlu,110,1,En Üst Kat,20 Yaşında,Kombi,Yok,Yok,Yok,İkinci El,Kiracılı,Kat İrtifakı,Hayır,Eşyalı Değil,2600000.0,2,1
3.500.000 TL,Sehzadeler,90,1,2. Kat,35 Yaşında,Kombi,Yok,Var,Yok,İkinci El,Kiracılı,Kat İrtifakı,Hayır,Eşyalı Değil,3500000.0,2,1
2.650.000 TL,Sehzadeler,70,1,Zemin,30 Yaşında,Kombi,Yok,Yok,Yok,İkinci El,Kiracılı,Kat İrtifakı,Evet,Eşyalı,2650000.0,2,1
2.200.000 TL,Sehzadeler,150,1,Çatı Katı,31 Yaşında,Soba,Yok,Yok,Yok,-,Kiracılı,Kat İrtifakı,Hayır,Eşyalı Değil,2200000.0,3,1
3.450.000 TL,Yunusemre,115,1,3. Kat,3 Yaşında,Kombi,Yok,Var,Var,-,Mülk Sahibi,Kat İrtifakı,Hayır,Eşyalı Değil,3450000.0,2,1
5.750.000 TL,Yunusemre,170,2,4. Kat,11 Yaşında,Kombi,Yok,Var,Var,-,Boş,Kat İrtifakı,Evet,Eşyalı Değil,5750000.0,3,1
2.350.000 TL,Salihli,110,1,Ara Kat,50 Yaşında,Klima,Yok,Yok,Yok,-,Boş,Kat İrtifakı,-,Eşyalı Değil,2350000.0,3,1
3.350.000 TL,Yunusemre,85,1,Yüksek Giriş,5 Yaşında,Kombi,Yok,Yok,Var,-,Boş,Kat Mülkiyeti,Hayır,Eşyalı Değil,3350000.0,2,1
2.725.000 TL,Salihli,120,1,3. Kat,21 Yaşında,Klima,Yok,Yok,Var,-,Kiracılı,Kat Mülkiyeti,Hayır,Eşyalı,2725000.0,3,1
5.750.000 TL,Yunusemre,100,1,En Üst Kat,4 Yaşında,Kombi,Yok,Var,Var,İkinci El,Kiracılı,Kat İrtifakı,Hayır,Eşyalı Değil,5750000.0,2,1
4.700.000 TL,Yunusemre,130,1,3. Kat,15 Yaşında,Kombi,Var,Var,Yok,İkinci El,Mülk Sahibi,Kat Mülkiyeti,Evet,Eşyalı Değil,4700000.0,3,1
2.780.000 TL,Akhisar,108,1,2. Kat,1 Yaşında,Kombi,Yok,Yok,Yok,-,Boş,Kat Mülkiyeti,Evet,Eşyalı Değil,2780000.0,2,1
1.750.000 TL,Turgutlu,110,1,3. Kat,30 Yaşında,Soba,Yok,Yok,Yok,-,Boş,Kat Mülkiyeti,-,Eşyalı Değil,1750000.0,2,1
2.850.000 TL,Turgutlu,102,1,3. Kat,4 Yaşında,Kombi,Yok,Yok,Yok,-,Boş,Kat İrtifakı,Evet,Eşyalı,2850000.0,2,1
2.900.000 TL,Soma,110,1,1. Kat,4 Yaşında,Merkezi,Yok,Yok,Var,-,Boş,Kat İrtifakı,Evet,Eşyalı Değil,2900000.0,3,1
2.500.000 TL,Turgutlu,135,1,Giriş Katı,15 Yaşında,Kombi,Var,Var,Var,-,Kiracılı,Kat Mülkiyeti,Hayır,Eşyalı Değil,2500000.0,3,1
3.400.000 TL,Salihli,87,1,En Üst Kat,5 Yaşında,Kombi,Var,Var,Var,İkinci El,Mülk Sahibi,Kat İrtifakı,Hayır,Eşyalı Değil,3400000.0,2,1
5.700.000 TL,Yunusemre,120,3,-,Sıfır Bina,Klima,Var,Yok,Var,Sıfır,Boş,Kat Mülkiyeti,Hayır,Eşyalı Değil,5700000.0,3,1
10.400.000 TL,Yunusemre,150,2,Yüksek Giriş,4 Yaşında,Güneş Enerjisi,Yok,Var,Yok,İkinci El,Mülk Sahibi,Kat Mülkiyeti,Hayır,-,10400000.0,3,1
2.900.000 TL,Turgutlu,105,1,Zemin,11 Yaşında,Kombi,Yok,Var,Var,İkinci El,Boş,Kat Mülkiyeti,Hayır,Eşyalı Değil,2900000.0,2,1
2.100.000 TL,Akhisar,130,1,1. Kat,26 Yaşında,Kombi,Var,Yok,Yok,-,Kiracılı,Kat İrtifakı,Hayır,Eşyalı Değil,2100000.0,3,1
2.450.000 TL,Akhisar,140,2,4. Kat,26 Yaşında,Kombi,Var,Var,Yok,-,Boş,Tapu Yok,Hayır,Eşyalı Değil,2450000.0,3,1
1.750.000 TL,Akhisar,130,1,Zemin,26 Yaşında,Soba,Yok,Yok,Yok,-,Boş,Kat İrtifakı,Hayır,Eşyalı Değil,1750000.0,3,1
2.100.000 TL,Sehzadeler,119,1,Bahçe Katı,31 Yaşında,Soba,Yok,Yok,Yok,-,Boş,Müstakil Tapulu,Evet,Eşyalı Değil,2100000.0,2,1
810.000 TL,Akhisar,226,1,-,32 Yaşında,Soba,Yok,Yok,Yok,İkinci El,Kiracılı,Müstakil Tapulu,Hayır,Eşyalı Değil,810000.0,3,1
1.975.000 TL,Akhisar,130,1,3. Kat,26 Yaşında,Soba,Yok,Yok,Yok,-,Kiracılı,Kat İrtifakı,Hayır,-,1975000.0,3,1
1.780.000 TL,Saruhanli,354,1,Yüksek Giriş,32 Yaşında,Klima,Yok,Yok,Yok,İkinci El,Mülk Sahibi,Kat Mülkiyeti,Evet,Eşyalı,1780000.0,2,1
2.750.000 TL,Salihli,160,1,5. Kat,21 Yaşında,Kombi,Var,Var,Var,-,Kiracılı,Kat Mülkiyeti,Hayır,Eşyalı Değil,2750000.0,3,1
7.300.000 TL,Salihli,174,2,-,3 Yaşında,Belirtilmemiş,Yok,Yok,Yok,İkinci El,Mülk Sahibi,Arsa,Evet,Eşyalı Değil,7300000.0,2,1
2.099.000 TL,Turgutlu,100,1,4. Kat,20 Yaşında,Kombi,Yok,Yok,Yok,İkinci El,Kiracılı,Kat İrtifakı,Hayır,Eşyalı Değil,2099000.0,2,1
1.980.000 TL,Akhisar,130,1,Giriş Katı,21 Yaşında,Kombi,Yok,Yok,Yok,-,Mülk Sahibi,Kat Mülkiyeti,Hayır,Eşyalı,1980000.0,3,1
2.900.000 TL,Ahmetli,145,1,Yüksek Giriş,5 Yaşında,Kombi,Yok,Var,Yok,-,-,Kat İrtifakı,-,-,2900000.0,3,1
3.500.000 TL,Akhisar,220,2,2. Kat,11 Yaşında,Kombi,Yok,Var,Var,-,Mülk Sahibi,Kat İrtifakı,Hayır,Eşyalı Değil,3500000.0,5,1
3.450.000 TL,Sehzadeler,120,1,Zemin,26 Yaşında,Kombi,Var,Yok,Yok,-,Boş,Müstakil Tapulu,Evet,Eşyalı Değil,3450000.0,1,1
2.650.000 TL,Turgutlu,110,1,3. Kat,7 Yaşında,Kombi,Var,Yok,Yok,İkinci El,Kiracılı,Kat Mülkiyeti,Hayır,Eşyalı Değil,2650000.0,2,1
1.900.000 TL,Salihli,60,1,3. Kat,10 Yaşında,Klima,Yok,Yok,Yok,İkinci El,Boş,Kat İrtifakı,Hayır,Eşyalı,1900000.0,1,1
13.500.000 TL,Yunusemre,220,2,3. Kat,2 Yaşında,Kombi,Yok,Var,Var,-,Boş,Kat Mülkiyeti,Hayır,Eşyalı Değil,13500000.0,4,1
8.500.000 TL,Turgutlu,280,3,6. Kat,Sıfır Bina,Yerden Isıtma,Yok,Var,Yok,-,Boş,Kat İrtifakı,Evet,Eşyalı Değil,8500000.0,5,1
3.075.000 TL,Akhisar,140,1,3. Kat,6 Yaşında,Kombi,Yok,Var,Var,-,Mülk Sahibi,Kat Mülkiyeti,Hayır,Eşyalı Değil,3075000.0,3,1
3.675.000 TL,Salihli,90,1,En Üst Kat,Sıfır Bina,Kombi,Var,Var,Var,Sıfır,Boş,Kat İrtifakı,Evet,Eşyalı Değil,3675000.0,2,1
3.400.000 TL,Kirkagac,120,2,2. Kat,Sıfır Bina,Kombi,Yok,Var,Var,Sıfır,Boş,Kat İrtifakı,Hayır,Eşyalı Değil,3400000.0,3,1
3.500.000 TL,Akhisar,140,1,2. Kat,7 Yaşında,Kombi,Yok,Yok,Var,İkinci El,Boş,Kat İrtifakı,-,Eşyalı Değil,3500000.0,3,1
2.750.000 TL,Saruhanli,90,1,3. Kat,1 Yaşında,Kombi,Yok,Var,Yok,-,Boş,Müstakil Tapulu,Evet,Eşyalı Değil,2750000.0,2,1
4.000.000 TL,Yunusemre,110,1,Yüksek Giriş,4 Yaşında,Kombi,Var,Var,Yok,İkinci El,Boş,Kat İrtifakı,Hayır,Eşyalı Değil,4000000.0,2,1
3.600.000 TL,Yunusemre,60,1,Bahçe Katı,3 Yaşında,Kombi,Yok,Yok,Yok,İkinci El,Boş,Kat İrtifakı,Hayır,Eşyalı Değil,3600000.0,1,1
3.550.000 TL,Akhisar,130,2,1. Kat,Sıfır Bina,Kombi,Yok,Yok,Var,-,Boş,Kat Mülkiyeti,Hayır,Eşyalı Değil,3550000.0,2,1
2.585.000 TL,Akhisar,115,1,3. Kat,Sıfır Bina,Kombi,Yok,Var,Var,Sıfır,Boş,Kat İrtifakı,Evet,Eşyalı Değil,2585000.0,2,1
1.580.000 TL,Akhisar,290,1,-,25 Yaşında,Soba,Yok,Yok,Yok,İkinci El,Kiracılı,Müstakil Tapulu,-,Eşyalı Değil,1580000.0,2,1
3.250.000 TL,Sehzadeler,120,1,En Üst Kat,50 Yaşında,Merkezi,Var,Var,Yok,İkinci El,-,Kat Mülkiyeti,Hayır,Eşyalı Değil,3250000.0,3,1
1.850.000 TL,Soma,460,1,-,25 Yaşında,Soba,Yok,Yok,Var,İkinci El,Boş,Müstakil Tapulu,Hayır,Eşyalı Değil,1850000.0,2,1
4.200.000 TL,Sehzadeler,231,1,-,37 Yaşında,Soba,Yok,Yok,Var,İkinci El,Mülk Sahibi,Müstakil Tapulu,Hayır,Eşyalı Değil,4200000.0,3,1
11.000.000 TL,Akhisar,280,3,-,5 Yaşında,Kombi,Yok,Yok,Var,Sıfır,Boş,Kat Mülkiyeti,Evet,Eşyalı,11000000.0,4,2
3.500.000 TL,Soma,300,1,Bahçe Katı,21 Yaşında,Soba,Yok,Var,Var,-,Kiracılı,Hisseli Tapu,Hayır,-,3500000.0,2,1
5.295.000 TL,Salihli,210,3,4. Kat,2 Yaşında,Kombi,Var,Yok,Var,-,Boş,Kat Mülkiyeti,Evet,Eşyalı Değil,5295000.0,3,1
1.925.000 TL,Salihli,50,1,Ara Kat,8 Yaşında,Klima,Yok,Var,Yok,-,-,Kat Mülkiyeti,-,-,1925000.0,1,1
3.175.000 TL,Yunusemre,85,1,Yüksek Giriş,4 Yaşında,Kombi,Yok,Var,Var,İkinci El,Kiracılı,Kat İrtifakı,Evet,Eşyalı Değil,3175000.0,2,1
1.650.000 TL,Salihli,55,1,5. Kat,10 Yaşında,Klima,Yok,Yok,Yok,-,Boş,Kat Mülkiyeti,-,Eşyalı,1650000.0,1,1
2.700.000 TL,Yunusemre,180,2,-,20 Yaşında,Soba,Yok,Yok,Yok,İkinci El,Boş,Kat Mülkiyeti,Evet,Eşyalı Değil,2700000.0,2,1
2.150.000 TL,Akhisar,130,2,2. Kat,35 Yaşında,Kombi,Yok,Yok,Yok,İkinci El,Kiracılı,Kat İrtifakı,Hayır,Eşyalı Değil,2150000.0,3,1
2.600.000 TL,Salihli,105,-,Ara Kat,20 Yaşında,Klima,Var,Yok,Yok,İkinci El,Kiracılı,Kat İrtifakı,-,Eşyalı Değil,2600000.0,2,1
9.650.000 TL,Sehzadeler,200,2,4. Kat,6 Yaşında,Kombi,Var,Yok,Var,-,Boş,Kat Mülkiyeti,Evet,Eşyalı Değil,9650000.0,3,1
9.750.000 TL,Yunusemre,185,2,5. Kat,1 Yaşında,Kombi,Yok,Yok,Yok,-,Boş,Kat İrtifakı,Evet,Eşyalı Değil,9750000.0,3,1
4.200.000 TL,Turgutlu,160,2,4. Kat,6 Yaşında,Kombi,Yok,Var,Var,-,Boş,Kat İrtifakı,Hayır,Eşyalı Değil,4200000.0,4,1
2.900.000 TL,Yunusemre,46,1,2. Kat,Sıfır Bina,Kombi,Yok,Var,Var,-,Boş,Kat İrtifakı,Evet,Eşyalı Değil,2900000.0,1,1
3.420.000 TL,Soma,180,1,1. Kat,35 Yaşında,Jeotermal Isıtm...,Var,Yok,Yok,İkinci El,Boş,Hisseli Tapu,Hayır,Eşyalı Değil,3420000.0,3,1
3.100.000 TL,Saruhanli,147,2,4. Kat,1 Yaşında,Kombi,Yok,Var,Var,-,Boş,Kat İrtifakı,Hayır,Eşyalı Değil,3100000.0,2,1
3.100.000 TL,Yunusemre,85,1,5. Kat,32 Yaşında,Kombi,Yok,Var,Var,İkinci El,Boş,Kat İrtifakı,Hayır,Eşyalı Değil,3100000.0,2,1
1.350.000 TL,Koprubasi,180,1,-,40 Yaşında,Soba,Yok,Yok,Yok,İkinci El,Boş,Kat Mülkiyeti,Hayır,Eşyalı Değil,1350000.0,3,1
6.500.000 TL,Turgutlu,141,1,-,30 Yaşında,Kat Kaloriferi,Var,Yok,Var,İkinci El,Boş,Müstakil Tapulu,Hayır,Eşyalı Değil,6500000.0,3,1
4.600.000 TL,Salihli,85,1,-,24 Yaşında,Klima,Yok,Yok,Yok,İkinci El,Mülk Sahibi,Müstakil Tapulu,Hayır,Eşyalı Değil,4600000.0,2,1
2.849.000 TL,Yunusemre,70,1,4. Kat,6 Yaşında,Kombi,Var,Var,Yok,-,Boş,Kat İrtifakı,Hayır,Eşyalı Değil,2849000.0,2,1
2.999.000 TL,Turgutlu,120,1,4. Kat,6 Yaşında,Kombi,Yok,Var,Var,-,Boş,Kat Mülkiyeti,Hayır,Eşyalı Değil,2999000.0,3,1
3.175.000 TL,Yunusemre,85,1,3. Kat,4 Yaşında,Kombi,Yok,Var,Var,Sıfır,Boş,Kat İrtifakı,Hayır,Eşyalı Değil,3175000.0,2,1
3.050.000 TL,Akhisar,90,3,2. Kat,Sıfır Bina,Kombi,Yok,Var,Yok,-,Boş,Kat İrtifakı,Hayır,Eşyalı Değil,3050000.0,2,1
2.950.000 TL,Akhisar,145,1,Yüksek Giriş,8 Yaşında,Kombi,Var,Var,Var,-,-,Müstakil Tapulu,Evet,-,2950000.0,3,1
2.590.000 TL,Akhisar,70,1,1. Kat,Sıfır Bina,Kombi,Var,Var,Yok,-,Boş,Kat İrtifakı,Evet,Eşyalı Değil,2590000.0,2,0
1.700.000 TL,Yunusemre,75,1,Zemin,6 Yaşında,Kombi,Var,Yok,Yok,-,Boş,Kat İrtifakı,Hayır,Eşyalı Değil,1700000.0,2,1
4.750.000 TL,Yunusemre,110,1,-,15 Yaşında,Kat Kaloriferi,Yok,Yok,Yok,Sıfır,Boş,Kat Mülkiyeti,Hayır,Eşyalı Değil,4750000.0,2,1
2.750.000 TL,Soma,100,1,Yüksek Giriş,Sıfır Bina,Merkezi,Var,Var,Yok,Sıfır,Boş,Kat İrtifakı,Evet,Eşyalı Değil,2750000.0,2,1
8.650.000 TL,Saruhanli,285,2,4. Kat,5 Yaşında,Kombi,Yok,Yok,Yok,-,Mülk Sahibi,Müstakil Tapulu,Evet,Eşyalı Değil,8650000.0,6,1
2.650.000 TL,Turgutlu,150,1,3. Kat,26 Yaşında,Kombi,Var,Yok,Yok,-,Boş,Kat Mülkiyeti,Hayır,Eşyalı Değil,2650000.0,3,1
3.350.000 TL,Akhisar,100,1,Ara Kat,Sıfır Bina,Kombi,Yok,Var,Var,Sıfır,Boş,Kat Mülkiyeti,Hayır,Eşyalı Değil,3350000.0,2,1
4.200.000 TL,Yunusemre,240,2,5. Kat,20 Yaşında,Kombi,Var,Var,Var,İkinci El,Mülk Sahibi,Kat İrtifakı,Hayır,Eşyalı Değil,4200000.0,4,1
4.900.000 TL,Salihli,125,1,5. Kat,6 Yaşında,Kombi,Var,Var,Var,İkinci El,Kiracılı,Kat İrtifakı,Evet,Eşyalı Değil,4900000.0,3,1
3.625.000 TL,Akhisar,135,1,2. Kat,Sıfır Bina,Kombi,Var,Var,Var,Sıfır,Boş,Kat İrtifakı,-,Eşyalı Değil,3625000.0,3,1
4.900.000 TL,Yunusemre,90,1,2. Kat,8 Yaşında,Kombi,Var,Var,Var,İkinci El,Mülk Sahibi,Kat İrtifakı,Evet,Eşyalı Değil,4900000.0,2,1
6.750.000 TL,Salihli,148,1,Bahçe Katı,15 Yaşında,Soba,Yok,Yok,Var,İkinci El,Mülk Sahibi,Kat Mülkiyeti,Hayır,Eşyalı Değil,6750000.0,3,1
6.600.000 TL,Akhisar,150,2,En Üst Kat,Sıfır Bina,Kombi,Yok,Var,Yok,Sıfır,Boş,Kat Mülkiyeti,Evet,Eşyalı Değil,6600000.0,5,1
1.685.000 TL,Demirci,65,1,Giriş Katı,9 Yaşında,Kat Kaloriferi,Var,Yok,Yok,İkinci El,Kiracılı,Kat İrtifakı,Evet,-,1685000.0,2,1
3.300.000 TL,Yunusemre,110,1,En Üst Kat,12 Yaşında,Kombi,Var,Var,Yok,İkinci El,Boş,Kat Mülkiyeti,Hayır,-,3300000.0,3,1
4.500.000 TL,Salihli,110,1,En Üst Kat,Sıfır Bina,Kombi,Yok,Yok,Var,Sıfır,Boş,Kat İrtifakı,-,-,4500000.0,2,1
5.200.000 TL,Sehzadeler,135,1,Ara Kat,16 Yaşında,Kombi,Yok,Var,Yok,İkinci El,Boş,Kat Mülkiyeti,Evet,Eşyalı Değil,5200000.0,3,1
4.850.000 TL,Yunusemre,48,1,12. Kat,1 Yaşında,Merkezi (Pay Öl...,Var,Yok,Var,Sıfır,Kiracılı,Kat Mülkiyeti,Hayır,Eşyalı,4850000.0,1,1
3.650.000 TL,Akhisar,105,1,3. Kat,Sıfır Bina,Kombi,Yok,Var,Var,Sıfır,Boş,Kat İrtifakı,Hayır,Eşyalı Değil,3650000.0,2,1
5.850.000 TL,Yunusemre,200,1,Çatı Katı,3 Yaşında,Kombi,Yok,Var,Yok,İkinci El,Boş,Kat Mülkiyeti,Evet,Eşyalı,5850000.0,3,1
11.750.000 TL,Yunusemre,174,2,Ara Kat,11 Yaşında,Kombi,Var,Var,Var,İkinci El,Boş,Kat İrtifakı,Evet,Eşyalı Değil,11750000.0,4,1
2.350.000 TL,Yunusemre,50,1,2. Kat,6 Yaşında,Kombi,Yok,Yok,Yok,-,Boş,Kat İrtifakı,Hayır,Eşyalı Değil,2350000.0,1,1
6.750.000 TL,Turgutlu,155,2,1. Kat,Sıfır Bina,Yerden Isıtma,Var,Var,Var,-,Boş,Kat Mülkiyeti,Hayır,Eşyalı Değil,6750000.0,3,1
2.800.000 TL,Salihli,85,1,1. Kat,Sıfır Bina,Kombi,Var,Var,Var,Yapım Aşamasınd...,Boş,Kat İrtifakı,Evet,-,2800000.0,2,1
4.100.000 TL,Salihli,145,1,4. Kat,20 Yaşında,Jeotermal Isıtm...,Var,Var,Var,İkinci El,Boş,Kat Mülkiyeti,-,Eşyalı Değil,4100000.0,3,1
3.600.000 TL,Akhisar,90,2,1. Kat,Sıfır Bina,Yerden Isıtma,Var,Var,Var,Sıfır,Boş,Kat İrtifakı,-,Eşyalı Değil,3600000.0,2,1
4.200.000 TL,Yunusemre,240,2,5. Kat,20 Yaşında,Kombi,Var,Var,Yok,İkinci El,Mülk Sahibi,Kat Mülkiyeti,Evet,Eşyalı Değil,4200000.0,4,1
16.500.000 TL,Yunusemre,257,3,Bahçe Katı,26 Yaşında,Kombi,Yok,Yok,Yok,-,Mülk Sahibi,Kat İrtifakı,Evet,Eşyalı Değil,16500000.0,4,1
3.250.000 TL,Salihli,165,1,-,20 Yaşında,Soba,Yok,Yok,Yok,İkinci El,Mülk Sahibi,Kat Mülkiyeti,Hayır,Eşyalı Değil,3250000.0,3,1
2.600.000 TL,Turgutlu,110,1,4. Kat,21 Yaşında,Kombi,Yok,Yok,Yok,-,Kiracılı,Kat Mülkiyeti,Evet,Eşyalı Değil,2600000.0,2,1
12.000.000 TL,Salihli,200,1,-,12 Yaşında,Klima,Yok,Yok,Yok,İkinci El,Mülk Sahibi,Hisseli Tapu,Evet,Eşyalı Değil,12000000.0,3,1
3.970.000 TL,Yunusemre,83,-,3. Kat,12 Yaşında,Kombi,Yok,Yok,Yok,-,Belirtilmemiş,Kat Mülkiyeti,-,Eşyalı Değil,3970000.0,2,1
6.750.000 TL,Yunusemre,115,-,9. Kat,11 Yaşında,Kombi,Yok,Yok,Var,-,Mülk Sahibi,Kat İrtifakı,Hayır,Eşyalı Değil,6750000.0,3,1
3.250.000 TL,Turgutlu,115,1,Yüksek Giriş,6 Yaşında,Kombi,Yok,Yok,Yok,-,Mülk Sahibi,Kat Mülkiyeti,Hayır,Eşyalı Değil,3250000.0,2,1
3.700.000 TL,Sehzadeler,140,1,4. Kat,26 Yaşında,Kombi,Yok,Yok,Yok,-,Boş,Kat Mülkiyeti,Hayır,Eşyalı Değil,3700000.0,3,1
9.900.000 TL,Turgutlu,160,2,Bahçe Katı,5 Yaşında,Kombi,Yok,Yok,Yok,-,-,Arsa,Hayır,-,9900000.0,1,0
3.300.000 TL,Turgutlu,135,1,3. Kat,20 Yaşında,Kombi,Var,Var,Var,-,Mülk Sahibi,Kat Mülkiyeti,Evet,-,3300000.0,4,1
2.575.000 TL,Yunusemre,50,1,Yüksek Giriş,Sıfır Bina,Kombi,Yok,Var,Var,Sıfır,Boş,Kat İrtifakı,-,Eşyalı Değil,2575000.0,1,1
35.000.000 TL,Salihli,300,3,-,1 Yaşında,Kat Kaloriferi,Var,Yok,Var,-,Boş,Müstakil Tapulu,Evet,Eşyalı Değil,35000000.0,7,1
2.990.000 TL,Yunusemre,75,1,Yüksek Giriş,Sıfır Bina,Yerden Isıtma,Yok,Yok,Yok,Sıfır,Boş,Kat İrtifakı,Evet,Eşyalı Değil,2990000.0,2,1
2.950.000 TL,Yunusemre,75,1,2. Kat,4 Yaşında,Kombi,Yok,Var,Yok,-,Boş,Kat İrtifakı,Hayır,Eşyalı Değil,2950000.0,2,1
2.300.000 TL,Turgutlu,85,1,3. Kat,Sıfır Bina,Kombi,Var,Var,Var,-,Boş,Kat İrtifakı,Evet,Eşyalı Değil,2300000.0,2,1
7.900.000 TL,Yunusemre,250,2,4. Kat,1 Yaşında,Kombi,Yok,Var,Yok,Sıfır,Boş,Müstakil Tapulu,-,Eşyalı Değil,7900000.0,5,1
4.100.000 TL,Sehzadeler,145,1,Yüksek Giriş,30 Yaşında,Kombi,Var,Var,Yok,İkinci El,Boş,Kat Mülkiyeti,Hayır,Eşyalı Değil,4100000.0,4,1
5.400.000 TL,Turgutlu,130,2,Ara Kat,2 Yaşında,Merkezi (Pay Öl...,Yok,Var,Var,İkinci El,Boş,Kat İrtifakı,Hayır,Eşyalı Değil,5400000.0,3,1
8.980.000 TL,Yunusemre,275,2,Yüksek Giriş,14 Yaşında,Kombi,Var,Var,Yok,İkinci El,Mülk Sahibi,Kat Mülkiyeti,Hayır,-,8980000.0,6,2
3.750.000 TL,Turgutlu,120,1,4. Kat,6 Yaşında,Kombi,Var,Var,Yok,İkinci El,Mülk Sahibi,Kat Mülkiyeti,Evet,Eşyalı Değil,3750000.0,2,1
3.400.000 TL,Sehzadeler,75,1,Ara Kat,23 Yaşında,Kombi,Var,Var,Var,İkinci El,Mülk Sahibi,Kat İrtifakı,Hayır,Eşyalı Değil,3400000.0,2,1
3.475.000 TL,Yunusemre,120,1,Zemin,16 Yaşında,Kombi,Var,Var,Yok,-,Mülk Sahibi,Kat İrtifakı,Hayır,Eşyalı Değil,3475000.0,3,1
2.100.000 TL,Turgutlu,159,1,Zemin,25 Yaşında,Kombi,Yok,Yok,Yok,İkinci El,Mülk Sahibi,Kat Mülkiyeti,Evet,Eşyalı Değil,2100000.0,2,1
4.800.000 TL,Salihli,157,1,Bahçe Katı,10 Yaşında,Soba,Var,Var,Var,İkinci El,Mülk Sahibi,Müstakil Tapulu,Hayır,Eşyalı Değil,4800000.0,3,1
4.490.000 TL,Yunusemre,160,2,En Üst Kat,12 Yaşında,Kombi,Var,Var,Var,İkinci El,Kiracılı,Kat Mülkiyeti,Hayır,Eşyalı,4490000.0,4,1
2.350.000 TL,Turgutlu,105,1,Ara Kat,8 Yaşında,Kombi,Yok,Yok,Yok,İkinci El,Kiracılı,Kat Mülkiyeti,Hayır,-,2350000.0,3,1
4.150.000 TL,Akhisar,125,1,2. Kat,Sıfır Bina,Yerden Isıtma,Var,Var,Yok,Sıfır,Boş,Kat İrtifakı,Evet,Eşyalı Değil,4150000.0,3,1
4.600.000 TL,Yunusemre,145,1,2. Kat,6 Yaşında,Kombi,Var,Yok,Yok,-,Kiracılı,Kat İrtifakı,Hayır,Eşyalı Değil,4600000.0,3,1
3.950.000 TL,Yunusemre,115,1,4. Kat,4 Yaşında,Kombi,Var,Var,Yok,İkinci El,Boş,Kat İrtifakı,Evet,Eşyalı Değil,3950000.0,3,1
4.650.000 TL,Yunusemre,100,1,3. Kat,11 Yaşında,Kombi,Var,Var,Var,-,Boş,Kat İrtifakı,Hayır,Eşyalı Değil,4650000.0,2,1
4.650.000 TL,Salihli,145,1,Ara Kat,15 Yaşında,Kombi,Var,Var,Var,İkinci El,-,Kat İrtifakı,Hayır,-,4650000.0,3,1
4.550.000 TL,Yunusemre,125,1,1. Kat,6 Yaşında,Kombi,Yok,Var,Yok,-,Boş,Kat Mülkiyeti,Evet,Eşyalı Değil,4550000.0,3,1
8.500.000 TL,Turgutlu,280,3,5. Kat,Sıfır Bina,Yerden Isıtma,Var,Var,Yok,-,Boş,Kat Mülkiyeti,Hayır,Eşyalı Değil,8500000.0,5,1
4.750.000 TL,Alasehir,155,2,8. Kat,6 Yaşında,Kombi,Var,Yok,Var,-,Boş,Kat Mülkiyeti,Hayır,Eşyalı Değil,4750000.0,3,1
3.650.000 TL,Salihli,125,1,3. Kat,Sıfır Bina,Kombi,Var,Var,Var,-,Boş,Kat İrtifakı,Evet,Eşyalı Değil,3650000.0,3,1
7.700.000 TL,Sehzadeler,145,2,5. Kat,6 Yaşında,Kombi,Var,Var,Yok,-,Mülk Sahibi,Kat İrtifakı,Hayır,Eşyalı Değil,7700000.0,3,1
3.150.000 TL,Koprubasi,110,1,3. Kat,4 Yaşında,Kat Kaloriferi,Yok,Var,Yok,-,-,Kat Mülkiyeti,Evet,-,3150000.0,2,1
6.800.000 TL,Yunusemre,145,1,5. Kat,13 Yaşında,Kombi,Var,Var,Var,İkinci El,Kiracılı,Kat İrtifakı,Hayır,Eşyalı Değil,6800000.0,3,1
2.800.000 TL,Turgutlu,90,2,En Üst Kat,7 Yaşında,Merkezi (Pay Öl...,Yok,Yok,Yok,İkinci El,Mülk Sahibi,Kat İrtifakı,Evet,Eşyalı Değil,2800000.0,2,1
4.200.000 TL,Sehzadeler,120,1,Ara Kat,20 Yaşında,Kombi,Yok,Yok,Var,İkinci El,Mülk Sahibi,Kat İrtifakı,Hayır,Eşyalı Değil,4200000.0,3,1
5.700.000 TL,Yunusemre,120,2,2. Kat,4 Yaşında,Kombi,Var,Var,Var,-,Boş,Kat İrtifakı,Evet,Eşyalı Değil,5700000.0,3,1
2.450.000 TL,Salihli,85,1,Giriş Katı,4 Yaşında,Kombi,Yok,Yok,Yok,İkinci El,Kiracılı,Kat Mülkiyeti,Evet,Eşyalı Değil,2450000.0,2,1
4.200.000 TL,Yunusemre,140,1,4. Kat,6 Yaşında,Kombi,Yok,Var,Yok,-,Mülk Sahibi,Kat Mülkiyeti,Evet,Eşyalı Değil,4200000.0,3,1
1.550.000 TL,Sehzadeler,86,1,1. Kat,2 Yaşında,Merkezi,Yok,Yok,Var,-,Boş,Tapu Yok,Evet,Eşyalı Değil,1550000.0,2,1
3.250.000 TL,Turgutlu,145,1,Ara Kat,2 Yaşında,Kombi,Var,Var,Var,-,Boş,Kat İrtifakı,Evet,Eşyalı Değil,3250000.0,3,1
3.500.000 TL,Akhisar,103,2,2. Kat,Sıfır Bina,Kombi,Yok,Yok,Var,Sıfır,Boş,Kat İrtifakı,Hayır,Eşyalı Değil,3500000.0,2,1
1.800.000 TL,Ahmetli,45,1,Yüksek Giriş,6 Yaşında,Klima,Var,Yok,Yok,İkinci El,-,Kat İrtifakı,-,Eşyalı,1800000.0,1,1
3.150.000 TL,Yunusemre,80,1,2. Kat,8 Yaşında,Kombi,Yok,Var,Var,İkinci El,Kiracılı,Kat İrtifakı,Evet,Eşyalı Değil,3150000.0,2,1
3.550.000 TL,Yunusemre,90,1,Ara Kat,2 Yaşında,Kombi,Yok,Var,Var,İkinci El,Kiracılı,Kat Mülkiyeti,Hayır,Eşyalı Değil,3550000.0,2,1
6.100.000 TL,Salihli,135,1,3. Kat,3 Yaşında,Kombi,Yok,Var,Var,İkinci El,-,Kat İrtifakı,Hayır,Eşyalı Değil,6100000.0,3,1
3.425.000 TL,Sehzadeler,145,1,5. Kat,27 Yaşında,Kombi,Var,Var,Var,İkinci El,Mülk Sahibi,Kat Mülkiyeti,Hayır,Eşyalı Değil,3425000.0,3,1
3.600.000 TL,Salihli,95,1,3. Kat,5 Yaşında,Kombi,Var,Var,Var,-,Mülk Sahibi,Kat İrtifakı,Evet,Eşyalı Değil,3600000.0,2,1
2.340.000 TL,Sehzadeler,90,1,En Üst Kat,34 Yaşında,Klima,Yok,Yok,Yok,-,Kiracılı,Kat İrtifakı,Hayır,Eşyalı,2340000.0,2,1
5.400.000 TL,Salihli,204,2,4. Kat,5 Yaşında,Kombi,Yok,Var,Var,-,Boş,Kat Mülkiyeti,Evet,Eşyalı Değil,5400000.0,4,1
5.250.000 TL,Akhisar,202,2,3. Kat,Sıfır Bina,Kombi,Yok,Var,Var,-,Boş,Kat İrtifakı,Evet,Eşyalı Değil,5250000.0,4,1
5.250.000 TL,Alasehir,170,2,6. Kat,Sıfır Bina,Kombi,Yok,Var,Yok,-,Boş,Kat İrtifakı,Evet,Eşyalı Değil,5250000.0,3,1
1.705.000 TL,Akhisar,100,1,Zemin,31 Yaşında,Soba,Var,Yok,Yok,-,Kiracılı,Kat İrtifakı,Hayır,Eşyalı Değil,1705000.0,2,1
2.650.000 TL,Salihli,110,1,Kot 3,16 Yaşında,Isıtma Yok,Yok,Yok,Var,İkinci El,Kiracılı,Kat Mülkiyeti,Evet,Eşyalı,2650000.0,3,1
2.890.000 TL,Akhisar,130,1,Giriş Katı,1 Yaşında,Merkezi,Yok,Yok,Var,Sıfır,Boş,Kat İrtifakı,Hayır,Eşyalı Değil,2890000.0,3,1
3.800.000 TL,Turgutlu,90,2,1. Kat,Sıfır Bina,Yerden Isıtma,Var,Var,Yok,-,Boş,Kat İrtifakı,Hayır,Eşyalı Değil,3800000.0,2,1
5.500.000 TL,Yunusemre,140,1,En Üst Kat,8 Yaşında,Kombi,Yok,Yok,Yok,İkinci El,Mülk Sahibi,Kat Mülkiyeti,Hayır,Eşyalı Değil,5500000.0,3,1
5.900.000 TL,Turgutlu,160,2,1. Kat,1 Yaşında,Yerden Isıtma,Var,Yok,Var,Sıfır,Boş,Kat İrtifakı,-,Eşyalı Değil,5900000.0,3,1
3.250.000 TL,Yunusemre,55,1,Zemin,10 Yaşında,Kat Kaloriferi,Yok,Yok,Yok,İkinci El,Boş,Müstakil Tapulu,Hayır,Eşyalı Değil,3250000.0,1,1
4.750.000 TL,Salihli,130,1,2. Kat,25 Yaşında,Jeotermal Isıtm...,Yok,Var,Var,İkinci El,Boş,Kat İrtifakı,-,Eşyalı Değil,4750000.0,3,1
3.950.000 TL,Sehzadeler,130,1,1. Kat,26 Yaşında,Kombi,Var,Yok,Yok,İkinci El,Mülk Sahibi,Kat İrtifakı,Hayır,Eşyalı Değil,3950000.0,3,1
6.300.000 TL,Turgutlu,110,2,En Üst Kat,2 Yaşında,Yerden Isıtma,Var,Var,Yok,İkinci El,Mülk Sahibi,Kat İrtifakı,Evet,Eşyalı Değil,6300000.0,2,1
10.250.000 TL,Akhisar,600,1,-,15 Yaşında,Soba,Yok,Var,Yok,İkinci El,Mülk Sahibi,Müstakil Tapulu,-,Eşyalı Değil,10250000.0,2,0
3.500.000 TL,Salihli,90,1,1. Kat,7 Yaşında,Kombi,Yok,Var,Var,-,Mülk Sahibi,Kat Mülkiyeti,Evet,Eşyalı Değil,3500000.0,2,1
3.380.000 TL,Sehzadeler,125,1,2. Kat,15 Yaşında,Kombi,Var,Var,Yok,İkinci El,Boş,Kat İrtifakı,Hayır,Eşyalı Değil,3380000.0,3,1
6.500.000 TL,Turgutlu,170,2,4. Kat,Sıfır Bina,Kombi,Yok,Var,Var,Yapım Aşamasınd...,Boş,Kat Mülkiyeti,Hayır,Eşyalı Değil,6500000.0,3,1
5.250.000 TL,Alasehir,170,2,6. Kat,Sıfır Bina,Kombi,Var,Var,Yok,-,Boş,Kat İrtifakı,Hayır,Eşyalı Değil,5250000.0,3,1
4.050.000 TL,Yunusemre,135,1,2. Kat,15 Yaşında,Kombi,Yok,Yok,Var,İkinci El,Boş,Kat Mülkiyeti,Hayır,Eşyalı Değil,4050000.0,3,1
3.000.000 TL,Akhisar,365,1,-,25 Yaşında,Soba,Yok,Yok,Yok,İkinci El,Kiracılı,Arsa,Hayır,Eşyalı Değil,3000000.0,2,1
5.000.000 TL,Saruhanli,148,1,Ara Kat,7 Yaşında,Kombi,Yok,Yok,Yok,İkinci El,Kiracılı,Kat Mülkiyeti,Hayır,Eşyalı Değil,5000000.0,3,1
4.250.000 TL,Akhisar,150,1,3. Kat,3 Yaşında,Kombi,Var,Yok,Yok,-,Boş,Kat Mülkiyeti,Hayır,Eşyalı Değil,4250000.0,3,1
3.850.000 TL,Turgutlu,110,1,2. Kat,Sıfır Bina,Kombi,Yok,Var,Var,Sıfır,Boş,Kat Mülkiyeti,Hayır,Eşyalı Değil,3850000.0,2,1
7.000.000 TL,Turgutlu,165,2,1. Kat,1 Yaşında,Yerden Isıtma,Var,Var,Var,Sıfır,Boş,Kat İrtifakı,Hayır,Eşyalı Değil,7000000.0,3,0
4.650.000 TL,Yunusemre,65,1,3. Kat,6 Yaşında,Kombi,Yok,Var,Var,-,Kiracılı,Kat İrtifakı,Hayır,Eşyalı Değil,4650000.0,2,0
4.450.000 TL,Yunusemre,130,1,3. Kat,6 Yaşında,Kombi,Yok,Yok,Var,-,Boş,Kat Mülkiyeti,Hayır,Eşyalı Değil,4450000.0,3,1
3.975.000 TL,Sehzadeler,100,1,1. Kat,30 Yaşında,Kombi,Var,Var,Yok,İkinci El,Boş,Müstakil Tapulu,Evet,Eşyalı Değil,3975000.0,2,1
4.000.000 TL,Turgutlu,110,1,2. Kat,Sıfır Bina,Yerden Isıtma,Var,Var,Var,-,Boş,Kat Mülkiyeti,Hayır,Eşyalı Değil,4000000.0,2,1
3.950.000 TL,Sehzadeler,100,1,6. Kat,6 Yaşında,Kombi,Var,Var,Yok,İkinci El,Mülk Sahibi,Kat İrtifakı,Hayır,Eşyalı Değil,3950000.0,1,1
3.650.000 TL,Akhisar,130,1,2. Kat,6 Yaşında,Kombi,Var,Var,Var,İkinci El,Boş,Kat İrtifakı,Hayır,Eşyalı Değil,3650000.0,3,1
3.300.000 TL,Akhisar,85,1,3. Kat,Sıfır Bina,Kombi,Var,Var,Var,Sıfır,Boş,Kat İrtifakı,-,Eşyalı Değil,3300000.0,2,0
7.150.000 TL,Yunusemre,110,1,2. Kat,4 Yaşında,Kombi,Yok,Yok,Var,-,Kiracılı,Kat İrtifakı,Evet,Eşyalı Değil,7150000.0,2,1
5.670.000 TL,Salihli,135,1,3. Kat,6 Yaşında,Kombi,Var,Yok,Yok,-,Mülk Sahibi,Kat Mülkiyeti,Evet,Eşyalı Değil,5670000.0,3,1
4.300.000 TL,Sehzadeler,85,1,1. Kat,35 Yaşında,Kombi,Yok,Var,Var,İkinci El,Mülk Sahibi,Kat İrtifakı,Hayır,Eşyalı Değil,4300000.0,2,1
3.800.000 TL,Salihli,160,-,4. Kat,10 Yaşında,Jeotermal Isıtm...,Var,Yok,Yok,İkinci El,-,Müstakil Tapulu,-,Eşyalı Değil,3800000.0,3,1
3.695.000 TL,Yunusemre,120,1,5. Kat,31 Yaşında,Kombi,Var,Yok,Yok,İkinci El,Boş,Kat İrtifakı,Hayır,Eşyalı Değil,3695000.0,2,1
600.000 TL,Demirci,90,1,-,40 Yaşında,Soba,Yok,Yok,Yok,İkinci El,Boş,Arsa,Evet,Eşyalı Değil,600000.0,2,1
6.700.000 TL,Akhisar,300,3,4. Kat,Sıfır Bina,Kombi,Yok,Var,Yok,-,Boş,Müstakil Tapulu,Hayır,Eşyalı Değil,6700000.0,5,1
5.250.000 TL,Turgutlu,172,2,4. Kat,5 Yaşında,Merkezi (Pay Öl...,Var,Var,Var,-,Kiracılı,Kat Mülkiyeti,Hayır,Eşyalı Değil,5250000.0,3,1
4.450.000 TL,Yunusemre,130,2,Ara Kat,6 Yaşında,Kombi,Var,Var,Yok,İkinci El,Kiracılı,Müstakil Tapulu,Evet,Eşyalı Değil,4450000.0,3,1
3.800.000 TL,Yunusemre,115,1,2. Kat,28 Yaşında,Kombi,Var,Var,Yok,İkinci El,Boş,Kat İrtifakı,Evet,Eşyalı Değil,3800000.0,3,1
4.299.000 TL,Sehzadeler,125,1,2. Kat,40 Yaşında,Merkezi,Yok,Var,Yok,İkinci El,Boş,Kat İrtifakı,Hayır,Eşyalı Değil,4299000.0,3,1
3.650.000 TL,Turgutlu,125,1,En Üst Kat,7 Yaşında,Kombi,Var,Yok,Yok,İkinci El,-,Kat İrtifakı,Hayır,Eşyalı Değil,3650000.0,3,1
3.850.000 TL,Akhisar,125,1,4. Kat,5 Yaşında,Kombi,Var,Var,Var,İkinci El,Kiracılı,Kat İrtifakı,Hayır,Eşyalı Değil,3850000.0,3,1
8.250.000 TL,Akhisar,105,1,-,5 Yaşında,Klima,Yok,Yok,Yok,İkinci El,Boş,Müstakil Tapulu,Hayır,Eşyalı,8250000.0,2,0
3.600.000 TL,Akhisar,115,1,2. Kat,Sıfır Bina,Kombi,Var,Var,Var,Sıfır,Boş,Kat İrtifakı,Hayır,Eşyalı Değil,3600000.0,2,1
3.350.000 TL,Yunusemre,95,1,4. Kat,5 Yaşında,Kombi,Yok,Yok,Var,-,Boş,Kat İrtifakı,Hayır,Eşyalı Değil,3350000.0,2,1
3.975.000 TL,Sehzadeler,125,1,2. Kat,21 Yaşında,Kombi,Var,Yok,Yok,-,Boş,Kat İrtifakı,Hayır,Eşyalı Değil,3975000.0,2,1
2.550.000 TL,Turgutlu,115,1,4. Kat,21 Yaşında,Klima,Var,Yok,Yok,-,Kiracılı,Kat Mülkiyeti,Hayır,Eşyalı Değil,2550000.0,2,1
6.500.000 TL,Akhisar,220,3,3. Kat,Sıfır Bina,Kombi,Yok,Yok,Var,Sıfır,Boş,Kat İrtifakı,-,Eşyalı Değil,6500000.0,4,1
3.075.000 TL,Sehzadeler,120,1,En Üst Kat,25 Yaşında,Kombi,Var,Yok,Yok,İkinci El,Kiracılı,Kat İrtifakı,Hayır,Eşyalı Değil,3075000.0,3,1
7.750.000 TL,Sehzadeler,90,1,1. Kat,31 Yaşında,Klima,Yok,Var,Yok,-,Boş,Kat İrtifakı,Hayır,Eşyalı Değil,7750000.0,2,1
3.450.000 TL,Yunusemre,138,1,Yüksek Giriş,31 Yaşında,Kombi,Var,Yok,Yok,-,Boş,Kat Mülkiyeti,Hayır,Eşyalı Değil,3450000.0,3,1
8.500.000 TL,Yunusemre,135,31,Ara Kat,16 Yaşında,Kombi,Yok,Var,Var,İkinci El,Mülk Sahibi,Kat Mülkiyeti,Hayır,Eşyalı Değil,8500000.0,3,1
17.949.000 TL,Yunusemre,220,4,-,Sıfır Bina,Yerden Isıtma,Yok,Yok,Var,Sıfır,Boş,Müstakil Tapulu,Evet,Eşyalı Değil,17949000.0,5,1
8.150.000 TL,Yunusemre,200,2,5. Kat,15 Yaşında,Yerden Isıtma,Yok,Var,Var,İkinci El,Mülk Sahibi,Kat İrtifakı,Evet,Eşyalı Değil,8150000.0,5,1
14.000 TL,Sehzadeler,120,1,En Üst Kat,25 Yaşında,Kombi,Var,Var,Yok,İkinci El,Boş,Kat Mülkiyeti,Hayır,Eşyalı Değil,14000.0,3,1
3.550.000 TL,Akhisar,260,2,Zemin,11 Yaşında,Kombi,Yok,Yok,Yok,-,Kiracılı,Kat Mülkiyeti,Hayır,Eşyalı Değil,3550000.0,5,1
3.550.000 TL,Yunusemre,55,1,2. Kat,Sıfır Bina,Yerden Isıtma,Yok,Var,Var,Sıfır,Boş,Kat Mülkiyeti,Evet,Eşyalı Değil,3550000.0,1,1
3.725.000 TL,Saruhanli,400,1,-,11 Yaşında,Soba,Yok,Var,Yok,-,Boş,Arsa,Evet,Eşyalı,3725000.0,2,1
2.550.000 TL,Soma,115,1,2. Kat,7 Yaşında,Merkezi,Var,Var,Yok,-,Boş,Kat Mülkiyeti,Evet,Eşyalı Değil,2550000.0,3,1
3.450.000 TL,Yunusemre,110,1,Yüksek Giriş,14 Yaşında,Kombi,Var,Yok,Var,İkinci El,Boş,Kat İrtifakı,-,Eşyalı Değil,3450000.0,3,1
4.500.000 TL,Sehzadeler,135,1,En Üst Kat,16 Yaşında,Kombi,Yok,Var,Yok,İkinci El,Boş,Kat Mülkiyeti,Evet,Eşyalı Değil,4500000.0,3,1
6.500.000 TL,Yunusemre,280,2,5. Kat,6 Yaşında,Kombi,Yok,Yok,Var,-,Mülk Sahibi,Kat İrtifakı,Hayır,Eşyalı Değil,6500000.0,6,1
4.650.000 TL,Turgutlu,120,1,3. Kat,4 Yaşında,Kombi,Yok,Var,Var,-,Boş,Kat İrtifakı,Evet,Eşyalı Değil,4650000.0,3,1
3.650.000 TL,Salihli,95,1,5. Kat,2 Yaşında,Kombi,Var,Var,Var,-,Kiracılı,Kat İrtifakı,Hayır,Eşyalı Değil,3650000.0,2,1
5.500.000 TL,Turgutlu,145,1,5. Kat,5 Yaşında,Kombi,Var,Yok,Var,-,Boş,Kat Mülkiyeti,Hayır,Eşyalı Değil,5500000.0,3,1
6.500.000 TL,Yunusemre,165,1,3. Kat,19 Yaşında,Kombi,Var,Var,Var,İkinci El,Kiracılı,Kat Mülkiyeti,Hayır,Eşyalı Değil,6500000.0,3,1
4.500.000 TL,Turgutlu,280,2,2. Kat,4 Yaşında,Merkezi (Pay Öl...,Yok,Yok,Var,-,Boş,Kat Mülkiyeti,Hayır,Eşyalı Değil,4500000.0,3,1
4.500.000 TL,Akhisar,125,2,2. Kat,Sıfır Bina,Kombi,Var,Var,Var,Sıfır,Boş,Kat İrtifakı,-,Eşyalı Değil,4500000.0,3,1
4.625.000 TL,Yunusemre,185,2,1. Kat,16 Yaşında,Kombi,Var,Var,Var,-,Mülk Sahibi,Kat İrtifakı,Evet,Eşyalı Değil,4625000.0,3,1
5.500.000 TL,Yunusemre,150,1,Ara Kat,15 Yaşında,Kombi,Var,Var,Yok,İkinci El,Boş,Kat İrtifakı,Hayır,Eşyalı Değil,5500000.0,3,1
3.950.000 TL,Turgutlu,115,2,10. Kat,1 Yaşında,Merkezi (Pay Öl...,Yok,Var,Var,-,Kiracılı,Kat İrtifakı,Hayır,Eşyalı Değil,3950000.0,2,1
6.000.000 TL,Yunusemre,382,2,Bahçe Katı,5 Yaşında,Soba,Var,Var,Yok,-,Boş,Kooperatiften H...,Evet,Eşyalı,6000000.0,4,1
6.850.000 TL,Yunusemre,140,1,Yüksek Giriş,5 Yaşında,Kombi,Var,Var,Var,İkinci El,Kiracılı,Kat Mülkiyeti,Hayır,Eşyalı Değil,6850000.0,3,1
3.500.000 TL,Salihli,148,1,Zemin,9 Yaşında,Soba,Yok,Yok,Var,İkinci El,Kiracılı,Kat İrtifakı,Hayır,Eşyalı Değil,3500000.0,3,1
9.750.000 TL,Salihli,300,2,En Üst Kat,3 Yaşında,Kombi,Var,Yok,Var,-,Mülk Sahibi,Kat Mülkiyeti,Evet,Eşyalı Değil,9750000.0,4,2
2.435.000 TL,Akhisar,100,1,Yüksek Giriş,Sıfır Bina,Kombi,Var,Yok,Yok,Sıfır,Boş,Kat İrtifakı,Evet,Eşyalı Değil,2435000.0,1,1
3.800.000 TL,Yunusemre,120,1,5. Kat,26 Yaşında,Kombi,Yok,Yok,Var,-,Boş,Kat İrtifakı,Evet,Eşyalı Değil,3800000.0,3,1
3.375.000 TL,Sehzadeler,45,1,3. Kat,Sıfır Bina,Kombi,Yok,Yok,Yok,-,Boş,Kat İrtifakı,Hayır,Eşyalı Değil,3375000.0,1,1
4.100.000 TL,Yunusemre,55,1,Yüksek Giriş,1 Yaşında,Kombi,Var,Var,Var,-,Boş,Kat İrtifakı,Hayır,Eşyalı,4100000.0,1,1
1.400.000 TL,Kirkagac,90,1,2. Kat,31 Yaşında,Kombi,Var,Yok,Yok,-,-,Kat Mülkiyeti,-,Eşyalı Değil,1400000.0,2,1
2.450.000 TL,Saruhanli,75,1,2. Kat,Sıfır Bina,Kombi,Yok,Yok,Var,-,Boş,Kat İrtifakı,Hayır,Eşyalı Değil,2450000.0,2,1
6.500.000 TL,Yunusemre,112,1,2. Kat,16 Yaşında,Kombi,Var,Var,Var,İkinci El,Boş,Kat Mülkiyeti,Hayır,Eşyalı Değil,6500000.0,3,1
8.250.000 TL,Akhisar,170,2,En Üst Kat,Sıfır Bina,Kombi,Yok,Yok,Var,Sıfır,Boş,Kat Mülkiyeti,-,Eşyalı Değil,8250000.0,4,1
3.200.000 TL,Turgutlu,135,1,4. Kat,11 Yaşında,Kombi,Yok,Var,Yok,-,Kiracılı,Kat İrtifakı,Hayır,Eşyalı Değil,3200000.0,3,1
3.650.000 TL,Yunusemre,135,1,1. Kat,6 Yaşında,Kombi,Var,Var,Yok,-,Boş,Kat İrtifakı,Hayır,Eşyalı Değil,3650000.0,3,1
3.150.000 TL,Salihli,80,1,Yüksek Giriş,6 Yaşında,Kombi,Var,Yok,Var,-,Boş,Kat Mülkiyeti,Hayır,Eşyalı Değil,3150000.0,2,1
2.950.000 TL,Akhisar,73,2,1. Kat,Sıfır Bina,Kombi,Yok,Yok,Yok,-,Boş,Kat İrtifakı,Evet,Eşyalı Değil,2950000.0,2,0
7.200.000 TL,Sehzadeler,120,1,5. Kat,5 Yaşında,Kombi,Yok,Yok,Var,-,Boş,Kat Mülkiyeti,Evet,Eşyalı Değil,7200000.0,2,1
7.490.000 TL,Salihli,250,2,Bahçe Katı,Sıfır Bina,Kombi,Yok,Yok,Yok,-,Boş,Kat Mülkiyeti,Hayır,Eşyalı Değil,7490000.0,5,1
3.590.000 TL,Akhisar,142,2,En Üst Kat,8 Yaşında,Kombi,Var,Var,Var,-,-,Müstakil Tapulu,-,-,3590000.0,3,1
4.650.000 TL,Turgutlu,130,2,3. Kat,Sıfır Bina,Kombi,Var,Var,Var,-,Boş,Kat İrtifakı,Evet,Eşyalı Değil,4650000.0,3,1
5.250.000 TL,Salihli,145,1,4. Kat,13 Yaşında,Kombi,Yok,Yok,Var,İkinci El,Mülk Sahibi,Kat İrtifakı,-,Eşyalı Değil,5250000.0,3,1
3.600.000 TL,Akhisar,138,1,2. Kat,11 Yaşında,Kombi,Var,Yok,Yok,-,Mülk Sahibi,Kat İrtifakı,Hayır,Eşyalı Değil,3600000.0,3,1
3.750.000 TL,Turgutlu,135,1,Ara Kat,25 Yaşında,Kombi,Var,Yok,Yok,-,-,Kat Mülkiyeti,-,-,3750000.0,3,1
2.950.000 TL,Yunusemre,75,1,2. Kat,4 Yaşında,Kombi,Yok,Var,Yok,-,Boş,Kat İrtifakı,Hayır,Eşyalı Değil,2950000.0,2,1
2.450.000 TL,Kirkagac,134,1,1. Kat,20 Yaşında,Kombi,Yok,Yok,Yok,İkinci El,Mülk Sahibi,Kat İrtifakı,Hayır,Eşyalı Değil,2450000.0,3,1
4.150.000 TL,Akhisar,120,2,3. Kat,Sıfır Bina,Yerden Isıtma,Var,Var,Var,Sıfır,Boş,Kat İrtifakı,Evet,Eşyalı Değil,4150000.0,3,1
3.600.000 TL,Salihli,135,1,Yüksek Giriş,30 Yaşında,Kombi,Yok,Yok,Var,İkinci El,Mülk Sahibi,Kat İrtifakı,Hayır,Eşyalı Değil,3600000.0,3,1
10.500.000 TL,Sehzadeler,400,3,5. Kat,21 Yaşında,Kombi,Yok,Yok,Yok,-,Boş,Kat Mülkiyeti,Hayır,Eşyalı,10500000.0,4,1
5.700.000 TL,Yunusemre,230,2,Çatı Katı,1 Yaşında,Kombi,Yok,Var,Yok,-,Boş,Kat İrtifakı,Hayır,Eşyalı Değil,5700000.0,3,1
3.150.000 TL,Yunusemre,95,1,Yüksek Giriş,10 Yaşında,Kombi,Yok,Var,Yok,İkinci El,Boş,Kat İrtifakı,Evet,Eşyalı Değil,3150000.0,3,1
4.450.000 TL,Yunusemre,125,1,4. Kat,21 Yaşında,Kombi,Yok,Var,Yok,-,Boş,Kat Mülkiyeti,Hayır,Eşyalı Değil,4450000.0,3,1
3.200.000 TL,Yunusemre,120,1,4. Kat,25 Yaşında,Kombi,Var,Yok,Yok,-,-,Kat Mülkiyeti,-,-,3200000.0,3,1
2.995.000 TL,Saruhanli,105,1,3. Kat,1 Yaşında,Kombi,Yok,Var,Yok,-,Boş,Kat İrtifakı,Evet,Eşyalı Değil,2995000.0,2,1
4.670.000 TL,Akhisar,240,2,4. Kat,1 Yaşında,Kombi,Var,Yok,Var,-,Boş,Kat Mülkiyeti,Evet,Eşyalı Değil,4670000.0,4,1
3.375.000 TL,Sehzadeler,140,1,5. Kat,31 Yaşında,Kombi,Var,Var,Var,-,Mülk Sahibi,Kat Mülkiyeti,Evet,Eşyalı Değil,3375000.0,3,1
4.200.000 TL,Akhisar,148,1,En Üst Kat,3 Yaşında,Kombi,Var,Var,Var,-,Boş,Kat Mülkiyeti,Hayır,Eşyalı,4200000.0,3,0
3.550.000 TL,Kirkagac,120,2,3. Kat,Sıfır Bina,Kombi,Var,Yok,Var,-,Boş,Kat İrtifakı,Evet,Eşyalı Değil,3550000.0,3,1
2.500.000 TL,Turgutlu,132,1,1. Kat,12 Yaşında,Kombi,Yok,Yok,Yok,İkinci El,Boş,Kat Mülkiyeti,-,Eşyalı Değil,2500000.0,2,1
2.490.000 TL,Yunusemre,111,1,Yüksek Giriş,33 Yaşında,Soba,Yok,Var,Var,İkinci El,Kiracılı,Kat Mülkiyeti,Hayır,-,2490000.0,2,1
4.550.000 TL,Sehzadeler,340,2,Zemin,10 Yaşında,Kombi,Yok,Var,Yok,-,Kiracılı,Kat Mülkiyeti,Evet,Eşyalı Değil,4550000.0,4,2
5.300.000 TL,Yunusemre,200,2,5. Kat,8 Yaşında,Kombi,Yok,Var,Yok,İkinci El,Kiracılı,Kat İrtifakı,Evet,Eşyalı Değil,5300000.0,4,1
2.900.000 TL,Akhisar,85,1,1. Kat,19 Yaşında,Kombi,Yok,Yok,Yok,İkinci El,Kiracılı,Kat Mülkiyeti,Evet,Eşyalı,2900000.0,2,1
3.000.000 TL,Akhisar,80,1,1. Kat,Sıfır Bina,Kombi,Yok,Var,Var,Sıfır,Boş,Kat İrtifakı,Hayır,Eşyalı Değil,3000000.0,2,1
2.650.000 TL,Saruhanli,55,1,2. Kat,Sıfır Bina,Yerden Isıtma,Yok,Yok,Var,-,Kiracılı,Kat İrtifakı,Hayır,Eşyalı,2650000.0,1,1
3.650.000 TL,Salihli,125,1,3. Kat,Sıfır Bina,Kombi,Var,Var,Var,Sıfır,Boş,Kat İrtifakı,Evet,-,3650000.0,3,1
4.800.000 TL,Akhisar,125,1,1. Kat,1 Yaşında,Yerden Isıtma,Yok,Yok,Var,Sıfır,Boş,Kat İrtifakı,Hayır,Eşyalı Değil,4800000.0,3,1
58.900.000 TL,Yunusemre,480,4,-,11 Yaşında,Yerden Isıtma,Yok,Yok,Var,İkinci El,Mülk Sahibi,Kat İrtifakı,-,Eşyalı Değil,58900000.0,5,2
2.100.000 TL,Turgutlu,175,1,Bahçe Katı,21 Yaşında,Soba,Yok,Yok,Yok,-,Kiracılı,Müstakil Tapulu,Hayır,-,2100000.0,3,1
2.900.000 TL,Turgutlu,140,1,5. Kat,7 Yaşında,Kombi,Yok,Var,Yok,İkinci El,Boş,Kat Mülkiyeti,Hayır,Eşyalı Değil,2900000.0,3,1
5.500.000 TL,Turgutlu,170,3,4. Kat,2 Yaşında,Yerden Isıtma,Var,Yok,Var,-,Mülk Sahibi,Kat Mülkiyeti,Hayır,Eşyalı Değil,5500000.0,3,1
2.700.000 TL,Turgutlu,95,1,1. Kat,11 Yaşında,Kombi,Yok,Var,Yok,-,Boş,Kat Mülkiyeti,Evet,Eşyalı Değil,2700000.0,2,1
6.200.000 TL,Yunusemre,220,2,5. Kat,17 Yaşında,Kombi,Var,Var,Var,İkinci El,Mülk Sahibi,Müstakil Tapulu,-,Eşyalı,6200000.0,4,1
3.500.000 TL,Turgutlu,130,1,1. Kat,11 Yaşında,Kombi,Var,Var,Var,-,Mülk Sahibi,Kat Mülkiyeti,Evet,-,3500000.0,3,1
7.500.000 TL,Turgutlu,255,3,4. Kat,Sıfır Bina,Kombi,Var,Var,Var,-,Boş,Kat Mülkiyeti,Evet,-,7500000.0,4,1
3.250.000 TL,Salihli,275,1,Bahçe Katı,31 Yaşında,Isıtma Yok,Yok,Yok,Yok,-,Boş,Müstakil Tapulu,Hayır,Eşyalı Değil,3250000.0,4,1
2.980.000 TL,Akhisar,95,1,3. Kat,5 Yaşında,Kombi,Var,Var,Var,-,-,Müstakil Tapulu,-,-,2980000.0,2,1
6.250.000 TL,Salihli,175,2,4. Kat,2 Yaşında,Kombi,Yok,Var,Var,-,-,Kat İrtifakı,-,Eşyalı Değil,6250000.0,4,1
3.650.000 TL,Yunusemre,105,1,4. Kat,6 Yaşında,Kombi,Var,Var,Yok,-,Mülk Sahibi,Kat İrtifakı,Hayır,Eşyalı Değil,3650000.0,2,1
3.250.000 TL,Yunusemre,60,1,Yüksek Giriş,2 Yaşında,Kombi,Var,Yok,Yok,-,Boş,Kat İrtifakı,Hayır,Eşyalı Değil,3250000.0,1,1
3.750.000 TL,Sehzadeler,125,1,1. Kat,16 Yaşında,Kombi,Var,Var,Yok,-,Boş,Kat Mülkiyeti,Evet,Eşyalı Değil,3750000.0,3,1
4.350.000 TL,Saruhanli,140,1,2. Kat,1 Yaşında,Kombi,Var,Var,Yok,-,Boş,Kat İrtifakı,Evet,Eşyalı Değil,4350000.0,3,1
3.050.000 TL,Yunusemre,80,1,3. Kat,6 Yaşında,Kombi,Yok,Yok,Yok,-,Boş,Kat İrtifakı,Evet,Eşyalı,3050000.0,2,1
5.750.000 TL,Yunusemre,115,1,Yüksek Giriş,11 Yaşında,Kombi,Var,Yok,Var,-,Mülk Sahibi,Kat İrtifakı,Hayır,Eşyalı Değil,5750000.0,2,1
3.000.000 TL,Yunusemre,58,1,2. Kat,Sıfır Bina,Kombi,Yok,Yok,Yok,-,Boş,Kat İrtifakı,Hayır,Eşyalı Değil,3000000.0,1,1
7.500.000 TL,Yunusemre,160,2,10. Kat,15 Yaşında,Kombi,Yok,Var,Var,İkinci El,Kiracılı,Müstakil Tapulu,Hayır,Eşyalı Değil,7500000.0,3,1
5.800.000 TL,Turgutlu,135,2,Ara Kat,Sıfır Bina,Yerden Isıtma,Var,Var,Var,Sıfır,Boş,Kat İrtifakı,Evet,Eşyalı Değil,5800000.0,3,1
3.750.000 TL,Turgutlu,100,1,Ara Kat,Sıfır Bina,Yerden Isıtma,Var,Var,Var,Sıfır,Boş,Kat Mülkiyeti,Hayır,Eşyalı Değil,3750000.0,2,1
2.750.000 TL,Yunusemre,60,1,3. Kat,Sıfır Bina,Kombi,Var,Var,Var,-,Boş,Kat İrtifakı,Hayır,Eşyalı Değil,2750000.0,1,1
4.300.000 TL,Saruhanli,145,2,1. Kat,5 Yaşında,Kombi,Var,Yok,Yok,İkinci El,Kiracılı,Kat İrtifakı,-,Eşyalı Değil,4300000.0,3,1
4.250.000 TL,Akhisar,130,1,1. Kat,Sıfır Bina,Kombi,Yok,Var,Var,Sıfır,Boş,Kat İrtifakı,Hayır,Eşyalı Değil,4250000.0,3,1
3.800.000 TL,Akhisar,130,1,3. Kat,25 Yaşında,Kombi,Var,Var,Var,İkinci El,Boş,Kat İrtifakı,-,Eşyalı Değil,3800000.0,3,1
4.500.000 TL,Turgutlu,205,2,2. Kat,16 Yaşında,Kombi,Var,Var,Yok,-,Mülk Sahibi,Kat Mülkiyeti,Hayır,Eşyalı Değil,4500000.0,3,1
6.500.000 TL,Turgutlu,190,2,1. Kat,Sıfır Bina,Yerden Isıtma,Yok,Yok,Yok,-,Boş,Kat Mülkiyeti,Evet,Eşyalı Değil,6500000.0,3,1
4.800.000 TL,Turgutlu,157,2,3. Kat,4 Yaşında,Kombi,Var,Var,Var,-,Mülk Sahibi,Kat Mülkiyeti,Hayır,Eşyalı Değil,4800000.0,3,1
5.500.000 TL,Yunusemre,55,1,3. Kat,15 Yaşında,Kombi,Yok,Var,Yok,İkinci El,Kiracılı,Müstakil Tapulu,-,Eşyalı Değil,5500000.0,1,1
1.750.000 TL,Turgutlu,85,1,3. Kat,21 Yaşında,Klima,Var,Yok,Yok,-,Kiracılı,Kat İrtifakı,Hayır,Eşyalı,1750000.0,2,1
18.500.000 TL,Yunusemre,170,2,Bahçe Katı,Sıfır Bina,Kombi,Yok,Yok,Var,-,Boş,Kat İrtifakı,Evet,Eşyalı Değil,18500000.0,4,1
1.350.000 TL,Akhisar,95,1,En Üst Kat,28 Yaşında,Kombi,Yok,Yok,Yok,-,-,Müstakil Tapulu,-,-,1350000.0,2,1
3.650.000 TL,Yunusemre,125,1,5. Kat,21 Yaşında,Kombi,Yok,Var,Yok,-,Boş,Kat Mülkiyeti,Evet,Eşyalı Değil,3650000.0,3,1
2.950.000 TL,Turgutlu,201,2,4. Kat,11 Yaşında,Kombi,Yok,Var,Yok,-,Kiracılı,Kat İrtifakı,Evet,-,2950000.0,2,2
3.250.000 TL,Salihli,95,1,4. Kat,4 Yaşında,Jeotermal Isıtm...,Yok,Yok,Var,İkinci El,Boş,Kat Mülkiyeti,Hayır,-,3250000.0,2,1
1.875.000 TL,Akhisar,125,1,4. Kat,30 Yaşında,Kombi,Yok,Yok,Yok,İkinci El,Boş,Kat İrtifakı,Hayır,Eşyalı Değil,1875000.0,3,1
6.950.000 TL,Salihli,269,1,Bahçe Katı,16 Yaşında,Doğalgaz Sobası,Yok,Var,Var,-,Boş,Müstakil Tapulu,Hayır,Eşyalı Değil,6950000.0,3,1
6.800.000 TL,Akhisar,175,1,4. Kat,Sıfır Bina,Kombi,Yok,Var,Var,-,Boş,Kat İrtifakı,Hayır,Eşyalı Değil,6800000.0,3,1
4.499.000 TL,Turgutlu,145,1,Yüksek Giriş,11 Yaşında,Kombi,Var,Var,Var,-,Boş,Kat Mülkiyeti,Evet,Eşyalı Değil,4499000.0,3,1
9.000.000 TL,Akhisar,135,1,-,9 Yaşında,Kombi,Yok,Var,Yok,İkinci El,Belirtilmemiş,Kat İrtifakı,Hayır,-,9000000.0,4,2
4.950.000 TL,Yunusemre,130,1,3. Kat,5 Yaşında,Kombi,Var,Var,Yok,-,Mülk Sahibi,Kat İrtifakı,Hayır,Eşyalı Değil,4950000.0,3,1
3.750.000 TL,Sehzadeler,125,2,En Üst Kat,28 Yaşında,Kombi,Yok,Var,Yok,Sıfır,Mülk Sahibi,Kat Mülkiyeti,Hayır,Eşyalı Değil,3750000.0,3,1
2.250.000 TL,Turgutlu,160,1,Zemin,6 Yaşında,Kombi,Yok,Var,Var,İkinci El,Kiracılı,Kat Mülkiyeti,Hayır,Eşyalı Değil,2250000.0,3,1
5.000.000 TL,Yunusemre,196,1,3. Kat,11 Yaşında,Klima,Yok,Var,Yok,-,Mülk Sahibi,Kat Mülkiyeti,Evet,Eşyalı Değil,5000000.0,3,1
2.975.000 TL,Soma,135,2,2. Kat,7 Yaşında,Kombi,Var,Yok,Yok,İkinci El,Boş,Kat Mülkiyeti,Hayır,Eşyalı Değil,2975000.0,3,1
3.400.000 TL,Yunusemre,90,2,2. Kat,Sıfır Bina,Yerden Isıtma,Var,Yok,Var,-,Boş,Kat İrtifakı,Hayır,Eşyalı Değil,3400000.0,2,1
5.500.000 TL,Akhisar,160,2,1. Kat,4 Yaşında,Kombi,Yok,Yok,Yok,-,Boş,Kat İrtifakı,Hayır,Eşyalı Değil,5500000.0,3,1
4.100.000 TL,Akhisar,170,2,3. Kat,3 Yaşında,Kombi,Yok,Var,Var,Sıfır,Boş,Kat İrtifakı,-,Eşyalı Değil,4100000.0,4,1
3.550.000 TL,Yunusemre,135,-,-,-,-,Yok,Yok,Yok,-,-,-,-,-,3550000.0,3,1
5.650.000 TL,Turgutlu,135,2,3. Kat,Sıfır Bina,Yerden Isıtma,Var,Var,Var,-,Boş,Kat İrtifakı,Hayır,Eşyalı Değil,5650000.0,3,1
2.500.000 TL,Turgutlu,100,1,2. Kat,31 Yaşında,Kombi,Yok,Yok,Yok,-,Mülk Sahibi,Kat Mülkiyeti,Hayır,Eşyalı Değil,2500000.0,2,1
2.850.000 TL,Salihli,95,1,3. Kat,Sıfır Bina,Kombi,Var,Var,Var,Sıfır,-,Kat Mülkiyeti,Hayır,-,2850000.0,2,1
4.500.000 TL,Sehzadeler,130,1,Ara Kat,25 Yaşında,Kombi,Var,Var,Yok,İkinci El,Boş,Kat İrtifakı,Evet,Eşyalı Değil,4500000.0,3,1
3.650.000 TL,Turgutlu,130,1,4. Kat,11 Yaşında,Kombi,Var,Var,Var,-,Mülk Sahibi,Kat İrtifakı,Hayır,Eşyalı Değil,3650000.0,2,1
7.650.000 TL,Sehzadeler,195,3,Villa Katı,6 Yaşında,Kat Kaloriferi,Var,Yok,Var,-,Boş,Müstakil Tapulu,Evet,Eşyalı Değil,7650000.0,5,2
1.995.000 TL,Saruhanli,55,1,Yüksek Giriş,Sıfır Bina,Kombi,Yok,Yok,Yok,-,Boş,Kat İrtifakı,Evet,Eşyalı Değil,1995000.0,1,1
3.750.000 TL,Turgutlu,100,1,1. Kat,Sıfır Bina,Yerden Isıtma,Var,Var,Var,-,Boş,Kat Mülkiyeti,Hayır,Eşyalı Değil,3750000.0,2,1
4.990.000 TL,Sehzadeler,180,1,Ara Kat,25 Yaşında,Kombi,Var,Var,Yok,İkinci El,Mülk Sahibi,Kat İrtifakı,Evet,Eşyalı Değil,4990000.0,3,1
3.975.000 TL,Sehzadeler,115,1,Ara Kat,25 Yaşında,Kombi,Yok,Var,Yok,İkinci El,Boş,Kat İrtifakı,Evet,Eşyalı Değil,3975000.0,2,1
5.300.000 TL,Sehzadeler,100,1,2. Kat,31 Yaşında,Kombi,Yok,Var,Var,-,Mülk Sahibi,Kat Mülkiyeti,Hayır,Eşyalı Değil,5300000.0,2,1
5.650.000 TL,Sehzadeler,155,2,Ara Kat,28 Yaşında,Kombi,Var,Var,Yok,-,-,Kat Mülkiyeti,-,-,5650000.0,3,1
4.425.000 TL,Akhisar,132,2,3. Kat,1 Yaşında,Kombi,Yok,Var,Var,-,Boş,Müstakil Tapulu,Evet,Eşyalı Değil,4425000.0,3,1
2.900.000 TL,Turgutlu,120,1,2. Kat,7 Yaşında,Kombi,Yok,Var,Yok,-,-,Kat Mülkiyeti,Hayır,Eşyalı Değil,2900000.0,3,1
4.500.000 TL,Alasehir,190,2,4. Kat,5 Yaşında,Kombi,Var,Var,Yok,-,Mülk Sahibi,Kat İrtifakı,Hayır,Eşyalı Değil,4500000.0,3,1
1.150.000 TL,Akhisar,109,1,-,40 Yaşında,Soba,Yok,Yok,Yok,İkinci El,Boş,Kat Mülkiyeti,Hayır,Eşyalı Değil,1150000.0,3,1
4.450.000 TL,Yunusemre,115,1,2. Kat,25 Yaşında,Kombi,Yok,Var,Var,İkinci El,Boş,Kat İrtifakı,Evet,Eşyalı Değil,4450000.0,3,1
6.750.000 TL,Akhisar,128,2,1. Kat,Sıfır Bina,Kombi,Yok,Var,Var,-,Boş,Kat İrtifakı,Hayır,Eşyalı Değil,6750000.0,3,1
3.600.000 TL,Yunusemre,95,1,2. Kat,5 Yaşında,Kombi,Var,Yok,Var,İkinci El,Mülk Sahibi,Kat Mülkiyeti,Hayır,Eşyalı Değil,3600000.0,2,1
4.300.000 TL,Turgutlu,129,1,4. Kat,11 Yaşında,Kombi,Yok,Var,Yok,-,Boş,Kat Mülkiyeti,Evet,Eşyalı Değil,4300000.0,3,1
8.200.000 TL,Yunusemre,170,1,1. Kat,15 Yaşında,Kombi,Yok,Yok,Var,İkinci El,Mülk Sahibi,Kat Mülkiyeti,Hayır,-,8200000.0,3,1
3.000.000 TL,Salihli,130,1,Zemin,30 Yaşında,Doğalgaz Sobası,Yok,Yok,Var,İkinci El,Kiracılı,Kat Mülkiyeti,Hayır,Eşyalı Değil,3000000.0,3,1
3.500.000 TL,Turgutlu,110,1,4. Kat,11 Yaşında,Kombi,Yok,Var,Yok,-,Kiracılı,Kat İrtifakı,Hayır,Eşyalı Değil,3500000.0,3,1
4.850.000 TL,Akhisar,300,2,3. Kat,3 Yaşında,Kombi,Yok,Var,Var,-,Kiracılı,Kat İrtifakı,Evet,Eşyalı Değil,4850000.0,6,1
4.800.000 TL,Akhisar,270,3,3. Kat,1 Yaşında,Kombi,Yok,Yok,Var,Sıfır,Boş,Kat İrtifakı,-,Eşyalı Değil,4800000.0,5,1
3.850.000 TL,Salihli,125,1,2. Kat,26 Yaşında,Soba,Yok,Var,Var,İkinci El,Boş,Kat İrtifakı,-,Eşyalı Değil,3850000.0,3,1
3.450.000 TL,Sehzadeler,125,1,Yüksek Giriş,30 Yaşında,Kombi,Var,Var,Yok,İkinci El,Boş,Kat Mülkiyeti,Hayır,Eşyalı Değil,3450000.0,3,1
2.990.000 TL,Turgutlu,190,2,Bahçe Katı,26 Yaşında,Doğalgaz Sobası,Yok,Yok,Yok,-,Kiracılı,Müstakil Tapulu,Evet,Eşyalı Değil,2990000.0,5,1
3.400.000 TL,Yunusemre,435,1,Bahçe Katı,34 Yaşında,Soba,Yok,Var,Yok,İkinci El,Boş,Müstakil Tapulu,Hayır,Eşyalı Değil,3400000.0,3,1
9.500.000 TL,Turgutlu,300,3,4. Kat,5 Yaşında,Kombi,Var,Var,Var,-,Mülk Sahibi,Kat Mülkiyeti,Evet,Eşyalı Değil,9500000.0,5,1
3.350.000 TL,Yunusemre,80,1,Yüksek Giriş,4 Yaşında,Kombi,Var,Var,Yok,İkinci El,Boş,Kat İrtifakı,-,Eşyalı Değil,3350000.0,2,1
3.550.000 TL,Salihli,145,1,1. Kat,30 Yaşında,Kombi,Yok,Yok,Yok,-,Mülk Sahibi,Kat Mülkiyeti,Hayır,-,3550000.0,3,1
4.800.000 TL,Sehzadeler,120,1,2. Kat,30 Yaşında,Kombi,Yok,Yok,Yok,İkinci El,Boş,Kat İrtifakı,Evet,Eşyalı Değil,4800000.0,3,1
4.800.000 TL,Yunusemre,130,1,3. Kat,25 Yaşında,Kombi,Var,Var,Var,İkinci El,Boş,Kat İrtifakı,Evet,Eşyalı Değil,4800000.0,3,1
15.000.000 TL,Yunusemre,380,2,3. Kat,11 Yaşında,Kombi,Yok,Yok,Yok,-,Mülk Sahibi,Kat Mülkiyeti,Evet,Eşyalı Değil,15000000.0,5,1
5.549.000 TL,Saruhanli,185,1,5. Kat,Sıfır Bina,Kombi,Var,Var,Yok,-,Boş,Kat İrtifakı,Evet,Eşyalı Değil,5549000.0,5,1
3.950.000 TL,Turgutlu,125,2,Yüksek Giriş,5 Yaşında,Kombi,Yok,Var,Var,İkinci El,Boş,Kat İrtifakı,Hayır,-,3950000.0,3,1
5.500.000 TL,Turgutlu,135,2,Teras Katı,Sıfır Bina,Kombi,Var,Yok,Yok,Sıfır,Boş,Kat Mülkiyeti,-,Eşyalı Değil,5500000.0,3,1
1.950.000 TL,Akhisar,120,-,4. Kat,35 Yaşında,Kombi,Yok,Yok,Yok,İkinci El,Boş,Kat İrtifakı,Evet,Eşyalı Değil,1950000.0,3,1
16.250.000 TL,Akhisar,282,3,Bahçe Katı,Sıfır Bina,Kombi,Yok,Var,Var,-,Boş,Kat İrtifakı,Evet,Eşyalı Değil,16250000.0,6,1
1.900.000 TL,Turgutlu,100,1,4. Kat,16 Yaşında,Kombi,Yok,Yok,Yok,-,Kiracılı,Kat Mülkiyeti,Evet,-,1900000.0,1,1
3.300.000 TL,Akhisar,135,1,4. Kat,15 Yaşında,Kombi,Yok,Var,Var,-,Kiracılı,Kat İrtifakı,Hayır,Eşyalı Değil,3300000.0,3,1
6.500.000 TL,Saruhanli,140,1,-,15 Yaşında,Soba,Yok,Yok,Yok,İkinci El,Boş,Müstakil Tapulu,Hayır,Eşyalı,6500000.0,4,1
3.000.000 TL,Akhisar,145,1,Yüksek Giriş,30 Yaşında,Klima,Yok,Yok,Yok,İkinci El,Kiracılı,Kat Mülkiyeti,Hayır,Eşyalı Değil,3000000.0,3,0
3.150.000 TL,Salihli,150,1,Bodrum,25 Yaşında,Kombi,Var,Var,Yok,İkinci El,Mülk Sahibi,Kat Mülkiyeti,Evet,-,3150000.0,3,1
3.850.000 TL,Yunusemre,99,1,3. Kat,2 Yaşında,Kombi,Yok,Var,Var,-,Boş,Kat Mülkiyeti,Hayır,Eşyalı Değil,3850000.0,2,1
2.600.000 TL,Yunusemre,55,1,2. Kat,5 Yaşında,Kombi,Yok,Var,Yok,İkinci El,Boş,Müstakil Tapulu,-,Eşyalı,2600000.0,1,1
40.000 TL,Salihli,285,1,-,40 Yaşında,Klima,Yok,Yok,Yok,-,-,Müstakil Tapulu,-,-,40000.0,3,1
2.600.000 TL,Saruhanli,90,1,3. Kat,6 Yaşında,Kombi,Yok,Var,Yok,İkinci El,Kiracılı,Kat İrtifakı,Hayır,Eşyalı Değil,2600000.0,2,1
3.200.000 TL,Akhisar,110,1,2. Kat,15 Yaşında,Kombi,Yok,Yok,Var,İkinci El,Boş,Kat İrtifakı,Hayır,Eşyalı,3200000.0,2,1
2.350.000 TL,Akhisar,135,-,-,-,-,Yok,Yok,Yok,-,-,-,-,-,2350000.0,3,1
4.000.000 TL,Akhisar,275,2,3. Kat,1 Yaşında,Kombi,Yok,Var,Var,-,Boş,Kat İrtifakı,Evet,Eşyalı Değil,4000000.0,4,1
3.050.000 TL,Sehzadeler,300,1,-,15 Yaşında,Klima,Yok,Yok,Yok,İkinci El,Boş,Arsa,Hayır,Eşyalı Değil,3050000.0,2,1
4.750.000 TL,Yunusemre,125,1,3. Kat,22 Yaşında,Kombi,Var,Var,Var,İkinci El,Boş,Kat İrtifakı,Evet,Eşyalı Değil,4750000.0,3,1
6.300.000 TL,Turgutlu,155,1,-,30 Yaşında,Soba,Yok,Yok,Yok,İkinci El,Kiracılı,Kat İrtifakı,Hayır,Eşyalı Değil,6300000.0,3,1
3.900.000 TL,Turgutlu,130,1,2. Kat,Sıfır Bina,Kombi,Var,Var,Var,-,Boş,Kat İrtifakı,Hayır,Eşyalı Değil,3900000.0,3,1
4.500.000 TL,Sehzadeler,130,1,3. Kat,25 Yaşında,Kombi,Var,Var,Yok,İkinci El,Boş,Kat İrtifakı,Evet,Eşyalı Değil,4500000.0,3,1
2.250.000 TL,Turgutlu,120,1,2. Kat,26 Yaşında,Kombi,Yok,Yok,Yok,-,Boş,Kat Mülkiyeti,Hayır,Eşyalı Değil,2250000.0,3,1
3.860.000 TL,Turgutlu,150,1,2. Kat,21 Yaşında,Kombi,Yok,Yok,Yok,-,Boş,Kat Mülkiyeti,Hayır,Eşyalı Değil,3860000.0,3,1
3.350.000 TL,Salihli,120,1,-,20 Yaşında,Kat Kaloriferi,Yok,Yok,Yok,-,Mülk Sahibi,Müstakil Tapulu,Evet,-,3350000.0,2,1
3.750.000 TL,Yunusemre,100,1,Yüksek Giriş,18 Yaşında,Kombi,Yok,Yok,Var,-,Mülk Sahibi,Kat İrtifakı,-,Eşyalı Değil,3750000.0,2,1
6.450.000 TL,Yunusemre,135,1,5. Kat,16 Yaşında,Kombi,Var,Yok,Yok,-,Mülk Sahibi,Kat Mülkiyeti,Hayır,Eşyalı Değil,6450000.0,3,1
5.500.000 TL,Turgutlu,170,2,1. Kat,1 Yaşında,Kombi,Yok,Var,Var,-,Boş,Kat Mülkiyeti,Evet,Eşyalı Değil,5500000.0,3,1
3.750.000 TL,Turgutlu,110,1,4. Kat,Sıfır Bina,Kombi,Yok,Var,Var,-,Boş,Kat Mülkiyeti,Hayır,Eşyalı Değil,3750000.0,2,1
3.900.000 TL,Yunusemre,125,1,2. Kat,16 Yaşında,Kombi,Var,Var,Yok,-,Boş,Kat Mülkiyeti,Hayır,Eşyalı Değil,3900000.0,3,1
1.620.000 TL,Turgutlu,95,1,5. Kat,21 Yaşında,Soba,Yok,Yok,Yok,-,Boş,Kat Mülkiyeti,Hayır,Eşyalı Değil,1620000.0,2,1
9.000.000 TL,Sehzadeler,300,3,5. Kat,5 Yaşında,Kombi,Yok,Yok,Yok,-,Mülk Sahibi,Kat İrtifakı,Hayır,Eşyalı Değil,9000000.0,5,1
14.000.000 TL,Yunusemre,130,3,Bahçe Katı,Sıfır Bina,Isı Pompası,Yok,Yok,Var,-,Boş,Kat İrtifakı,Evet,Eşyalı Değil,14000000.0,3,1
3.100.000 TL,Yunusemre,95,1,3. Kat,6 Yaşında,Kombi,Yok,Var,Yok,İkinci El,Boş,Kat İrtifakı,Hayır,Eşyalı Değil,3100000.0,2,1
3.250.000 TL,Yunusemre,85,1,3. Kat,Sıfır Bina,Kombi,Yok,Var,Var,Sıfır,Boş,Kat İrtifakı,Evet,Eşyalı Değil,3250000.0,2,1
3.900.000 TL,Saruhanli,116,1,4. Kat,Sıfır Bina,Kombi,Yok,Var,Var,Sıfır,Boş,Kat İrtifakı,Hayır,Eşyalı Değil,3900000.0,2,1
3.650.000 TL,Salihli,140,1,2. Kat,10 Yaşında,Kombi,Var,Var,Var,İkinci El,Mülk Sahibi,Kat Mülkiyeti,Evet,Eşyalı Değil,3650000.0,3,1
3.750.000 TL,Akhisar,295,3,4. Kat,14 Yaşında,Kombi,Var,Var,Var,İkinci El,Mülk Sahibi,Kat Mülkiyeti,Evet,Eşyalı Değil,3750000.0,4,1
3.850.000 TL,Akhisar,140,2,6. Kat,6 Yaşında,Kombi,Var,Var,Var,-,Mülk Sahibi,Kat İrtifakı,Evet,Eşyalı Değil,3850000.0,3,1
3.500.000 TL,Yunusemre,306,1,-,35 Yaşında,Isıtma Yok,Yok,Yok,Yok,İkinci El,Mülk Sahibi,Müstakil Tapulu,Hayır,Eşyalı,3500000.0,2,1
3.950.000 TL,Sehzadeler,85,1,2. Kat,25 Yaşında,Kombi,Var,Yok,Yok,-,Mülk Sahibi,Kat İrtifakı,Hayır,Eşyalı Değil,3950000.0,2,1
3.750.000 TL,Yunusemre,57,1,2. Kat,Sıfır Bina,Kombi,Yok,Yok,Yok,-,Boş,Kat İrtifakı,Evet,Eşyalı Değil,3750000.0,1,1
4.850.000 TL,Akhisar,300,2,3. Kat,3 Yaşında,Kombi,Yok,Var,Var,-,Kiracılı,Kat İrtifakı,Evet,Eşyalı Değil,4850000.0,6,1
3.350.000 TL,Turgutlu,125,1,4. Kat,6 Yaşında,Kombi,Yok,Var,Var,-,Mülk Sahibi,Kat Mülkiyeti,Hayır,Eşyalı Değil,3350000.0,3,1
4.750.000 TL,Turgutlu,160,2,2. Kat,Sıfır Bina,Merkezi,Var,Var,Var,-,Boş,Kat Mülkiyeti,Evet,Eşyalı Değil,4750000.0,3,1
3.590.000 TL,Sehzadeler,115,1,5. Kat,38 Yaşında,Kombi,Var,Var,Var,İkinci El,Boş,Kat İrtifakı,Evet,Eşyalı Değil,3590000.0,3,1
2.575.000 TL,Salihli,99,1,2. Kat,23 Yaşında,Kombi,Var,Var,Yok,-,-,Kat Mülkiyeti,Hayır,-,2575000.0,2,1
4.275.000 TL,Yunusemre,125,1,1. Kat,21 Yaşında,Kombi,Var,Var,Var,-,Boş,Kat İrtifakı,Evet,Eşyalı Değil,4275000.0,3,1
3.750.000 TL,Yunusemre,91,1,2. Kat,5 Yaşında,Kombi,Var,Yok,Var,-,Boş,Kat İrtifakı,Evet,Eşyalı Değil,3750000.0,2,1
5.800.000 TL,Yunusemre,80,1,Yüksek Giriş,2 Yaşında,Kombi,Var,Var,Var,İkinci El,Kiracılı,Kat İrtifakı,Evet,Eşyalı Değil,5800000.0,2,1
4.250.000 TL,Salihli,220,2,2. Kat,11 Yaşında,Jeotermal Isıtm...,Yok,Var,Var,-,Mülk Sahibi,Kat Mülkiyeti,Hayır,Eşyalı Değil,4250000.0,4,1
3.150.000 TL,Akhisar,135,2,2. Kat,Sıfır Bina,Kombi,Yok,Var,Var,-,Boş,Kat İrtifakı,Hayır,Eşyalı Değil,3150000.0,2,1
6.550.000 TL,Yunusemre,125,2,Yüksek Giriş,Sıfır Bina,Yerden Isıtma,Var,Yok,Var,-,Boş,Kat Mülkiyeti,Hayır,Eşyalı Değil,6550000.0,3,1
3.200.000 TL,Yunusemre,90,1,Yüksek Giriş,16 Yaşında,Kombi,Yok,Yok,Yok,-,Mülk Sahibi,Kat İrtifakı,Hayır,Eşyalı Değil,3200000.0,2,1
3.800.000 TL,Turgutlu,86,1,1. Kat,Sıfır Bina,Kombi,Var,Yok,Var,Sıfır,Boş,Kat İrtifakı,Evet,-,3800000.0,2,1
3.180.000 TL,Yunusemre,90,1,2. Kat,11 Yaşında,Kombi,Yok,Yok,Yok,-,Boş,Kat Mülkiyeti,Hayır,Eşyalı Değil,3180000.0,2,1
3.800.000 TL,Turgutlu,120,1,10. Kat,4 Yaşında,Merkezi (Pay Öl...,Var,Yok,Yok,-,Kiracılı,Kat İrtifakı,Hayır,Eşyalı Değil,3800000.0,2,1
6.500.000 TL,Ahmetli,350,3,Bahçe Katı,14 Yaşında,Soba,Yok,Yok,Yok,-,-,Müstakil Tapulu,Evet,-,6500000.0,7,0
3.740.000 TL,Yunusemre,90,1,3. Kat,23 Yaşında,Kombi,Var,Var,Yok,-,Mülk Sahibi,Kat İrtifakı,Evet,Eşyalı Değil,3740000.0,2,1
4.500.000 TL,Alasehir,126,2,Yüksek Giriş,Sıfır Bina,Kombi,Yok,Yok,Yok,-,Boş,Kat İrtifakı,Hayır,Eşyalı Değil,4500000.0,3,1
35.000.000 TL,Yunusemre,480,3,-,16 Yaşında,Kombi,Yok,Yok,Yok,-,Boş,Müstakil Tapulu,Evet,Eşyalı Değil,35000000.0,7,1
1.800.000 TL,Akhisar,137,1,En Üst Kat,25 Yaşında,Kombi,Yok,Yok,Yok,İkinci El,Boş,Kat İrtifakı,Hayır,Eşyalı Değil,1800000.0,3,1
3.449.000 TL,Turgutlu,78,1,1. Kat,Sıfır Bina,Kombi,Yok,Yok,Yok,-,Boş,Kat Mülkiyeti,Evet,Eşyalı Değil,3449000.0,1,1
4.990.000 TL,Sehzadeler,160,2,En Üst Kat,13 Yaşında,Kombi,Var,Var,Yok,İkinci El,Belirtilmemiş,Kat Mülkiyeti,Hayır,-,4990000.0,4,1
2.250.000 TL,Saruhanli,60,1,Yüksek Giriş,Sıfır Bina,Kombi,Yok,Yok,Yok,-,Boş,Kat İrtifakı,Hayır,Eşyalı Değil,2250000.0,2,1
1.950.000 TL,Turgutlu,90,1,Zemin,6 Yaşında,Isıtma Yok,Yok,Yok,Yok,-,Boş,Kat İrtifakı,Evet,Eşyalı Değil,1950000.0,2,1
2.800.000 TL,Salihli,140,1,5. Kat,35 Yaşında,Klima,Yok,Var,Yok,İkinci El,-,Kat Mülkiyeti,Hayır,Eşyalı Değil,2800000.0,3,1
1.440.000 TL,Turgutlu,85,1,4. Kat,6 Yaşında,Kombi,Yok,Var,Yok,-,Boş,Kat İrtifakı,Hayır,Eşyalı Değil,1440000.0,2,1
4.750.000 TL,Turgutlu,116,1,4. Kat,Sıfır Bina,Yerden Isıtma,Var,Var,Yok,-,Boş,Kat Mülkiyeti,Hayır,Eşyalı Değil,4750000.0,3,1
6.300.000 TL,Sehzadeler,145,1,6. Kat,12 Yaşında,Kombi,Var,Var,Var,İkinci El,Boş,Kat İrtifakı,Evet,Eşyalı Değil,6300000.0,3,1
5.200.000 TL,Salihli,140,1,3. Kat,5 Yaşında,Kombi,Yok,Var,Var,-,-,Kat Mülkiyeti,-,Eşyalı Değil,5200000.0,3,1
2.700.000 TL,Akhisar,120,2,Yüksek Giriş,16 Yaşında,Kombi,Yok,Var,Yok,-,Boş,Hisseli Tapu,Hayır,Eşyalı Değil,2700000.0,2,1
3.500.000 TL,Sehzadeler,110,1,2. Kat,25 Yaşında,Kombi,Yok,Var,Yok,İkinci El,Kiracılı,Kat İrtifakı,Hayır,Eşyalı Değil,3500000.0,3,1
2.849.000 TL,Sehzadeler,85,1,2. Kat,25 Yaşında,Kombi,Var,Var,Yok,İkinci El,Mülk Sahibi,Kat Mülkiyeti,Hayır,Eşyalı Değil,2849000.0,2,1
2.750.000 TL,Yunusemre,50,1,2. Kat,Sıfır Bina,Kombi,Var,Var,Var,Sıfır,Boş,Kat İrtifakı,-,Eşyalı Değil,2750000.0,1,1
3.350.000 TL,Sehzadeler,40,1,4. Kat,Sıfır Bina,Kombi,Var,Var,Yok,İkinci El,Boş,Kat Mülkiyeti,Evet,Eşyalı Değil,3350000.0,1,1
3.450.000 TL,Akhisar,140,1,2. Kat,4 Yaşında,Kombi,Yok,Var,Var,-,Kiracılı,Kat İrtifakı,Evet,Eşyalı Değil,3450000.0,3,1
2.350.000 TL,Akhisar,140,1,4. Kat,26 Yaşında,Kombi,Yok,Yok,Yok,-,Mülk Sahibi,Kat İrtifakı,Hayır,Eşyalı Değil,2350000.0,3,1
4.000.000 TL,Turgutlu,135,1,4. Kat,16 Yaşında,Kombi,Var,Yok,Yok,-,Kiracılı,Kat Mülkiyeti,Hayır,Eşyalı Değil,4000000.0,3,1
3.150.000 TL,Yunusemre,110,1,Zemin,21 Yaşında,Kombi,Var,Var,Yok,-,Boş,Kat İrtifakı,Hayır,Eşyalı Değil,3150000.0,2,1
4.500.000 TL,Yunusemre,220,2,5. Kat,1 Yaşında,Kombi,Yok,Var,Var,-,Mülk Sahibi,Kat Mülkiyeti,Hayır,Eşyalı Değil,4500000.0,4,1
4.600.000 TL,Turgutlu,170,2,3. Kat,Sıfır Bina,Merkezi (Pay Öl...,Var,Var,Var,-,Boş,Kat İrtifakı,Hayır,Eşyalı Değil,4600000.0,3,1
1.375.000 TL,Soma,116,1,-,30 Yaşında,Soba,Yok,Yok,Var,-,Boş,Müstakil Tapulu,-,Eşyalı Değil,1375000.0,2,1
6.000.000 TL,Turgutlu,155,2,6. Kat,Sıfır Bina,Yerden Isıtma,Var,Var,Var,-,Boş,Kat İrtifakı,Evet,Eşyalı Değil,6000000.0,3,1
4.250.000 TL,Sehzadeler,120,1,5. Kat,16 Yaşında,Kombi,Var,Var,Yok,-,Mülk Sahibi,Kat İrtifakı,Hayır,Eşyalı Değil,4250000.0,3,1
2.475.000 TL,Turgutlu,132,1,1. Kat,11 Yaşında,Kombi,Yok,Yok,Yok,-,Boş,Kat Mülkiyeti,Hayır,Eşyalı Değil,2475000.0,2,1
2.395.000 TL,Turgutlu,135,1,1. Kat,21 Yaşında,Isıtma Yok,Yok,Yok,Yok,-,Boş,Kat Mülkiyeti,Evet,Eşyalı Değil,2395000.0,3,1
1.750.000 TL,Turgutlu,112,1,5. Kat,21 Yaşında,Soba,Var,Yok,Yok,-,Boş,Kat Mülkiyeti,Evet,-,1750000.0,3,1
6.650.000 TL,Yunusemre,95,1,2. Kat,6 Yaşında,Kombi,Var,Var,Var,İkinci El,Boş,Kat Mülkiyeti,Hayır,Eşyalı Değil,6650000.0,3,1
3.850.000 TL,Turgutlu,125,1,4. Kat,Sıfır Bina,Kombi,Yok,Var,Var,-,Boş,Kat Mülkiyeti,Hayır,Eşyalı Değil,3850000.0,3,1
6.500.000 TL,Turgutlu,135,2,2. Kat,Sıfır Bina,Yerden Isıtma,Yok,Var,Var,-,Boş,Kat Mülkiyeti,Hayır,Eşyalı Değil,6500000.0,3,1
5.500.000 TL,Sehzadeler,200,1,2. Kat,35 Yaşında,Kombi,Yok,Var,Var,İkinci El,Mülk Sahibi,Kat İrtifakı,Evet,-,5500000.0,3,1
2.500.000 TL,Salihli,240,2,1. Kat,25 Yaşında,Isıtma Yok,Var,Yok,Yok,-,-,Kat Mülkiyeti,düşünülmemektedir.,-,2500000.0,5,1
10.500.000 TL,Akhisar,176,3,Bahçe Katı,Sıfır Bina,Yerden Isıtma,Var,Var,Yok,-,Boş,Kat İrtifakı,Hayır,Eşyalı Değil,10500000.0,4,1
3.600.000 TL,Yunusemre,55,1,2. Kat,1 Yaşında,Kombi,Var,Yok,Var,-,Boş,Kat İrtifakı,Hayır,Eşyalı,3600000.0,1,1
4.300.000 TL,Sehzadeler,140,1,Ara Kat,15 Yaşında,Kombi,Var,Var,Var,İkinci El,Kiracılı,Kat Mülkiyeti,Hayır,Eşyalı Değil,4300000.0,3,1
4.600.000 TL,Yunusemre,115,1,Yüksek Giriş,31 Yaşında,Kombi,Yok,Yok,Yok,-,Kiracılı,Kat Mülkiyeti,Hayır,Eşyalı Değil,4600000.0,2,1
2.550.000 TL,Sehzadeler,100,1,En Üst Kat,30 Yaşında,Kombi,Yok,Var,Yok,İkinci El,Boş,Kat İrtifakı,Evet,Eşyalı Değil,2550000.0,2,1
6.200.000 TL,Yunusemre,94,2,2. Kat,4 Yaşında,Kombi,Yok,Var,Yok,-,Mülk Sahibi,Kat İrtifakı,Hayır,Eşyalı Değil,6200000.0,2,1
3.500.000 TL,Turgutlu,130,1,4. Kat,6 Yaşında,Kombi,Var,Yok,Yok,-,Boş,Kat Mülkiyeti,Evet,Eşyalı Değil,3500000.0,2,1
3.900.000 TL,Sehzadeler,170,1,Giriş Katı,11 Yaşında,Kombi,Yok,Yok,Var,-,Mülk Sahibi,Kat Mülkiyeti,Evet,Eşyalı Değil,3900000.0,3,1
2.400.000 TL,Salihli,85,1,4. Kat,6 Yaşında,Kombi,Yok,Var,Yok,İkinci El,Boş,Kat Mülkiyeti,Hayır,-,2400000.0,2,1
3.200.000 TL,Sehzadeler,105,1,4. Kat,31 Yaşında,Kombi,Var,Var,Yok,-,Boş,Kat İrtifakı,Hayır,Eşyalı Değil,3200000.0,3,1
5.000.000 TL,Akhisar,165,2,2. Kat,11 Yaşında,Kombi,Yok,Var,Yok,-,Mülk Sahibi,Kat İrtifakı,Evet,-,5000000.0,4,1
4.920.000 TL,Turgutlu,175,1,2. Kat,13 Yaşında,Kombi,Yok,Yok,Yok,İkinci El,-,Kat Mülkiyeti,Hayır,-,4920000.0,3,1
3.550.000 TL,Sehzadeler,130,1,5. Kat,15 Yaşında,Kombi,Var,Var,Yok,İkinci El,Boş,Kat Mülkiyeti,Evet,Eşyalı Değil,3550000.0,3,1
11.450.000 TL,Turgutlu,280,3,6. Kat,Sıfır Bina,Yerden Isıtma,Var,Var,Var,-,Boş,Kat İrtifakı,Evet,Eşyalı Değil,11450000.0,5,2
2.450.000 TL,Turgutlu,140,1,3. Kat,21 Yaşında,Isıtma Yok,Yok,Yok,Yok,-,Boş,Kat Mülkiyeti,Evet,Eşyalı Değil,2450000.0,3,1
3.250.000 TL,Akhisar,115,1,5. Kat,4 Yaşında,Kombi,Yok,Var,Var,İkinci El,Boş,Kat İrtifakı,Hayır,Eşyalı Değil,3250000.0,2,1
4.350.000 TL,Turgutlu,140,1,3. Kat,Sıfır Bina,Kombi,Yok,Var,Var,-,Boş,Kat Mülkiyeti,Hayır,Eşyalı Değil,4350000.0,3,1
5.600.000 TL,Turgutlu,125,1,2. Kat,Sıfır Bina,Kombi,Yok,Var,Yok,-,Boş,Kat Mülkiyeti,Hayır,Eşyalı Değil,5600000.0,3,1
8.500.000 TL,Sehzadeler,170,1,Ara Kat,25 Yaşında,Kombi,Yok,Var,Yok,İkinci El,Boş,Kat İrtifakı,Evet,Eşyalı Değil,8500000.0,3,1
4.500.000 TL,Salihli,105,1,-,25 Yaşında,Soba,Yok,Yok,Yok,İkinci El,Boş,Arsa,-,Eşyalı Değil,4500000.0,2,1
1.750.000 TL,Akhisar,258,2,-,35 Yaşında,Soba,Yok,Yok,Yok,İkinci El,Boş,Müstakil Tapulu,Evet,Eşyalı Değil,1750000.0,4,1
3.675.000 TL,Yunusemre,80,1,Yüksek Giriş,25 Yaşında,Kombi,Yok,Yok,Var,İkinci El,Boş,Kat İrtifakı,Evet,Eşyalı Değil,3675000.0,2,1
5.600.000 TL,Akhisar,190,2,4. Kat,Sıfır Bina,Yerden Isıtma,Yok,Yok,Yok,-,-,Kat İrtifakı,Hayır,Eşyalı Değil,5600000.0,3,1
3.200.000 TL,Yunusemre,50,1,2. Kat,Sıfır Bina,Kombi,Yok,Var,Yok,-,Boş,Kat İrtifakı,Hayır,Eşyalı Değil,3200000.0,1,1
2.650.000 TL,Turgutlu,95,1,1. Kat,11 Yaşında,Kombi,Yok,Var,Yok,-,Boş,Kat Mülkiyeti,Evet,Eşyalı Değil,2650000.0,2,1
3.700.000 TL,Turgutlu,95,2,2. Kat,2 Yaşında,Yerden Isıtma,Var,Var,Yok,İkinci El,Mülk Sahibi,Kat Mülkiyeti,Hayır,Eşyalı Değil,3700000.0,2,1
11.500.000 TL,Sehzadeler,310,2,4. Kat,6 Yaşında,Kombi,Var,Yok,Yok,-,Boş,Kat Mülkiyeti,Evet,Eşyalı Değil,11500000.0,6,1
3.100.000 TL,Turgutlu,130,1,5. Kat,31 Yaşında,Kombi,Var,Yok,Var,-,Mülk Sahibi,Kat İrtifakı,Hayır,Eşyalı Değil,3100000.0,3,1
3.100.000 TL,Turgutlu,160,1,2. Kat,13 Yaşında,Kombi,Yok,Yok,Yok,İkinci El,Kiracılı,Kat Mülkiyeti,Hayır,Eşyalı Değil,3100000.0,3,1
5.450.000 TL,Yunusemre,250,2,5. Kat,6 Yaşında,Kombi,Var,Yok,Yok,-,Boş,Kat İrtifakı,Hayır,Eşyalı Değil,5450000.0,5,1
4.200.000 TL,Yunusemre,130,1,3. Kat,21 Yaşında,Kombi,Var,Var,Var,-,Boş,Kat İrtifakı,Hayır,Eşyalı Değil,4200000.0,3,1
2.750.000 TL,Turgutlu,100,1,Zemin,Sıfır Bina,Kombi,Var,Yok,Var,-,Boş — hemen taşınılabilir!,Kat İrtifakı,Evet,Eşyalı Değil,2750000.0,2,1
4.250.000 TL,Yunusemre,240,2,3. Kat,6 Yaşında,Kombi,Yok,Var,Yok,-,Boş,Kat Mülkiyeti,Evet,Eşyalı Değil,4250000.0,4,1
3.725.000 TL,Yunusemre,65,1,2. Kat,10 Yaşında,Kombi,Var,Var,Var,İkinci El,Boş,Kat İrtifakı,Hayır,Eşyalı Değil,3725000.0,1,1
7.500.000 TL,Akhisar,280,3,3. Kat,Sıfır Bina,Kombi,Yok,Var,Var,-,Boş,Kat Mülkiyeti,Evet,Eşyalı Değil,7500000.0,5,1
3.790.000 TL,Yunusemre,105,1,6. Kat,26 Yaşında,Kombi,Yok,Var,Yok,-,Boş,Müstakil Tapulu,Evet,Eşyalı Değil,3790000.0,2,1
4.125.000 TL,Yunusemre,135,-,-,-,-,Yok,Yok,Yok,-,-,-,-,-,4125000.0,3,1
5.350.000 TL,Salihli,325,3,-,20 Yaşında,Kat Kaloriferi,Var,Yok,Yok,İkinci El,Mülk Sahibi,Kat Mülkiyeti,Evet,-,5350000.0,4,1
3.700.000 TL,Turgutlu,150,1,4. Kat,27 Yaşında,Kombi,Yok,Yok,Yok,İkinci El,Boş,Kat İrtifakı,Evet,Eşyalı Değil,3700000.0,3,1
4.150.000 TL,Akhisar,145,2,7. Kat,Sıfır Bina,Kombi,Yok,Var,Var,-,Boş,Kat İrtifakı,Hayır,Eşyalı Değil,4150000.0,3,1
3.100.000 TL,Yunusemre,84,1,2. Kat,4 Yaşında,Kombi,Yok,Yok,Var,-,Boş,Kat Mülkiyeti,Hayır,Eşyalı Değil,3100000.0,2,1
3.100.000 TL,Saruhanli,115,1,3. Kat,6 Yaşında,Kombi,Yok,Var,Yok,-,Boş,Kat İrtifakı,Hayır,-,3100000.0,2,1
10.250.000 TL,Turgutlu,280,2,4. Kat,Sıfır Bina,Kombi,Yok,Var,Var,-,Boş,Kat Mülkiyeti,Evet,Eşyalı Değil,10250000.0,5,2
13.500.000 TL,Yunusemre,235,3,Villa Katı,16 Yaşında,Kombi,Yok,Yok,Var,-,Boş,Kat Mülkiyeti,Evet,Eşyalı Değil,13500000.0,5,1
1.275.000 TL,Sehzadeler,90,-,-,30 Yaşında,Soba,Yok,Yok,Yok,İkinci El,Boş,Müstakil Tapulu,Evet,Eşyalı Değil,1275000.0,2,0
4.000.000 TL,Sehzadeler,160,1,2. Kat,26 Yaşında,Kombi,Yok,Var,Yok,-,Kiracılı,Kat Mülkiyeti,Hayır,Eşyalı Değil,4000000.0,3,1
3.200.000 TL,Salihli,88,1,Zemin,7 Yaşında,Doğalgaz Sobası,Yok,Yok,Var,İkinci El,Mülk Sahibi,Kat İrtifakı,-,Eşyalı Değil,3200000.0,2,1
5.750.000 TL,Akhisar,135,2,1. Kat,Sıfır Bina,Kombi,Yok,Var,Var,-,Boş,Kat İrtifakı,Hayır,Eşyalı Değil,5750000.0,3,1
3.350.000 TL,Yunusemre,95,-,En Üst Kat,8 Yaşında,Kombi,Var,Var,Yok,İkinci El,Boş,Kat Mülkiyeti,Hayır,-,3350000.0,2,1
3.550.000 TL,Sehzadeler,140,1,Yüksek Giriş,25 Yaşında,Kombi,Var,Yok,Yok,İkinci El,Boş,Kat Mülkiyeti,-,Eşyalı Değil,3550000.0,3,1
4.550.000 TL,Yunusemre,135,-,-,-,-,Yok,Yok,Yok,-,-,-,-,-,4550000.0,3,1
4.700.000 TL,Turgutlu,125,1,4. Kat,3 Yaşında,Kombi,Yok,Var,Var,-,Boş,Kat Mülkiyeti,Hayır,Eşyalı Değil,4700000.0,3,1
5.200.000 TL,Yunusemre,100,1,6. Kat,27 Yaşında,Kombi,Yok,Var,Yok,İkinci El,Boş,Kat İrtifakı,Evet,Eşyalı Değil,5200000.0,2,1
4.950.000 TL,Akhisar,220,2,4. Kat,5 Yaşında,Kombi,Var,Var,Var,İkinci El,Mülk Sahibi,Kat İrtifakı,Hayır,Eşyalı Değil,4950000.0,2,2
3.300.000 TL,Yunusemre,60,1,Yüksek Giriş,3 Yaşında,Kombi,Var,Var,Var,İkinci El,Boş,Kat Mülkiyeti,Evet,Eşyalı Değil,3300000.0,1,1
2.950.000 TL,Ahmetli,250,1,Bahçe Katı,31 Yaşında,Soba,Yok,Yok,Yok,-,Boş,Müstakil Tapulu,Hayır,Eşyalı Değil,2950000.0,3,1
5.950.000 TL,Turgutlu,150,1,En Üst Kat,13 Yaşında,Kombi,Var,Var,Var,-,-,Kat Mülkiyeti,-,-,5950000.0,3,1
4.200.000 TL,Akhisar,130,1,2. Kat,Sıfır Bina,Yerden Isıtma,Yok,Yok,Yok,-,-,Kat Mülkiyeti,Evet,Eşyalı Değil,4200000.0,3,1
7.650.000 TL,Turgutlu,165,2,5. Kat,2 Yaşında,Yerden Isıtma,Var,Yok,Var,İkinci El,Boş,Kat İrtifakı,Evet,Eşyalı Değil,7650000.0,3,1
15.000.000 TL,Yunusemre,220,2,Villa Katı,Sıfır Bina,Yerden Isıtma,Yok,Yok,Var,-,Boş,Kat Mülkiyeti,Evet,Eşyalı Değil,15000000.0,3,1
4.999.999 TL,Yunusemre,130,1,2. Kat,Sıfır Bina,Kombi,Yok,Yok,Yok,-,Boş,Kat İrtifakı,Evet,Eşyalı Değil,4999999.0,3,1
3.870.000 TL,Akhisar,130,1,1. Kat,Sıfır Bina,Yerden Isıtma,Var,Yok,Yok,-,Boş,Kat Mülkiyeti,Hayır,Eşyalı Değil,3870000.0,3,1
5.500.000 TL,Sehzadeler,250,2,5. Kat,21 Yaşında,Kombi,Yok,Yok,Yok,-,Mülk Sahibi,Kat Mülkiyeti,Evet,Eşyalı Değil,5500000.0,5,2
4.000.000 TL,Akhisar,145,2,1. Kat,11 Yaşında,Kombi,Yok,Yok,Var,-,Mülk Sahibi,Kat Mülkiyeti,Hayır,-,4000000.0,3,1
2.700.000 TL,Salihli,145,1,2. Kat,25 Yaşında,Kombi,Yok,Var,Yok,İkinci El,Boş,Kat İrtifakı,Hayır,Eşyalı Değil,2700000.0,3,1
7.950.000 TL,Yunusemre,160,5,-,4 Yaşında,Kombi,Yok,Yok,Yok,-,Mülk Sahibi,Kat Mülkiyeti,Evet,Eşyalı Değil,7950000.0,4,1
350.000 TL,Demirci,80,1,-,1 Yaşında,Isıtma Yok,Yok,Yok,Yok,-,-,Kat Mülkiyeti,Evet,-,350000.0,2,1
6.400.000 TL,Yunusemre,260,2,4. Kat,11 Yaşında,Kombi,Yok,Var,Yok,-,Mülk Sahibi,Kat İrtifakı,Hayır,Eşyalı Değil,6400000.0,5,2
4.400.000 TL,Yunusemre,145,1,4. Kat,6 Yaşında,Kombi,Yok,Var,Var,-,Kiracılı,Kat İrtifakı,Hayır,Eşyalı Değil,4400000.0,3,1
8.750.000 TL,Yunusemre,165,2,1. Kat,3 Yaşında,Kombi,Var,Var,Yok,-,Boş,Kat İrtifakı,Hayır,Eşyalı Değil,8750000.0,3,1
3.250.000 TL,Saruhanli,110,1,2. Kat,Sıfır Bina,Kombi,Yok,Var,Var,-,Boş,Kat İrtifakı,Evet,Eşyalı Değil,3250000.0,2,1
7.750.000 TL,Turgutlu,180,2,2. Kat,1 Yaşında,Kombi,Yok,Var,Var,-,Boş,Kat Mülkiyeti,Hayır,Eşyalı Değil,7750000.0,3,1
6.300.000 TL,Yunusemre,200,2,4. Kat,5 Yaşında,Doğalgaz Sobası,Yok,Yok,Var,-,Mülk Sahibi,Kat Mülkiyeti,Hayır,Eşyalı Değil,6300000.0,4,1
5.650.000 TL,Yunusemre,136,2,1. Kat,4 Yaşında,Kombi,Var,Var,Yok,İkinci El,Kiracılı,Kat İrtifakı,Evet,Eşyalı Değil,5650000.0,3,1
5.750.000 TL,Yunusemre,110,2,3. Kat,11 Yaşında,Kombi,Var,Var,Var,-,Kiracılı,Kat Mülkiyeti,Hayır,Eşyalı Değil,5750000.0,2,1
4.150.000 TL,Turgutlu,265,1,Yüksek Giriş,20 Yaşında,Kombi,Yok,Var,Var,İkinci El,Mülk Sahibi,Kat İrtifakı,Hayır,Eşyalı Değil,4150000.0,3,1
2.350.000 TL,Salihli,54,1,Kot 3,2 Yaşında,Klima,Yok,Var,Yok,İkinci El,Belirtilmemiş,Kat İrtifakı,Hayır,Eşyalı,2350000.0,1,1
3.200.000 TL,Turgutlu,120,1,En Üst Kat,20 Yaşında,Kombi,Yok,Yok,Yok,İkinci El,Boş,-,Hayır,Eşyalı,3200000.0,2,1
6.350.000 TL,Yunusemre,160,1,2. Kat,26 Yaşında,Kombi,Var,Var,Yok,-,Boş,Kat İrtifakı,Hayır,Eşyalı Değil,6350000.0,3,1
2.500.000 TL,Yunusemre,50,1,Yüksek Giriş,2 Yaşında,Kombi,Yok,Yok,Yok,İkinci El,Boş,Kat Mülkiyeti,Hayır,Eşyalı Değil,2500000.0,1,1
3.400.000 TL,Yunusemre,120,1,3. Kat,16 Yaşında,Kombi,Var,Var,Var,-,Boş,Müstakil Tapulu,Hayır,Eşyalı Değil,3400000.0,3,1
6.970.000 TL,Yunusemre,140,1,Ara Kat,12 Yaşında,Kombi,Var,Var,Yok,İkinci El,Boş,Kat Mülkiyeti,Hayır,-,6970000.0,3,1
2.500.000 TL,Turgutlu,70,1,2. Kat,8 Yaşında,Kombi,Yok,Var,Yok,İkinci El,Boş,Kat İrtifakı,Hayır,Eşyalı,2500000.0,2,1
1.625.000 TL,Turgutlu,80,1,3. Kat,6 Yaşında,Kombi,Yok,Yok,Yok,-,Mülk Sahibi,Kat Mülkiyeti,Hayır,Eşyalı Değil,1625000.0,2,1
4.950.000 TL,Sehzadeler,130,2,3. Kat,28 Yaşında,Kombi,Var,Var,Yok,İkinci El,Boş,Kat İrtifakı,Evet,Eşyalı Değil,4950000.0,3,1
5.400.000 TL,Salihli,170,2,Teras Katı,7 Yaşında,Kombi,Yok,Var,Var,İkinci El,Mülk Sahibi,Kat Mülkiyeti,Hayır,Eşyalı,5400000.0,3,1
4.000.000 TL,Akhisar,130,2,2. Kat,Sıfır Bina,Kombi,Yok,Var,Var,Sıfır,Boş,Kat İrtifakı,Hayır,-,4000000.0,3,1
1.650.000 TL,Turgutlu,80,1,3. Kat,8 Yaşında,Kombi,Yok,Yok,Yok,İkinci El,Mülk Sahibi,Kat Mülkiyeti,Evet,Eşyalı Değil,1650000.0,2,1
5.250.000 TL,Saruhanli,200,2,4. Kat,8 Yaşında,Kombi,Var,Yok,Yok,İkinci El,Mülk Sahibi,Kat İrtifakı,Hayır,Eşyalı Değil,5250000.0,4,1
4.100.000 TL,Akhisar,165,2,7. Kat,Sıfır Bina,Kombi,Yok,Yok,Yok,-,Boş,Kat İrtifakı,Evet,Eşyalı Değil,4100000.0,3,1
3.250.000 TL,Yunusemre,60,1,5. Kat,Sıfır Bina,Kombi,Yok,Var,Var,-,Boş,Kat İrtifakı,Evet,Eşyalı Değil,3250000.0,1,1
3.550.000 TL,Yunusemre,130,1,Yüksek Giriş,16 Yaşında,Kombi,Var,Var,Yok,-,Boş,Kat İrtifakı,Evet,Eşyalı Değil,3550000.0,3,1
3.450.000 TL,Yunusemre,95,1,2. Kat,Sıfır Bina,Kombi,Yok,Yok,Yok,-,Boş,Kat İrtifakı,Evet,Eşyalı Değil,3450000.0,2,1
3.495.000 TL,Salihli,95,1,5. Kat,5 Yaşında,Kombi,Yok,Var,Var,-,Kiracılı,Kat Mülkiyeti,Hayır,Eşyalı Değil,3495000.0,2,1
2.850.000 TL,Yunusemre,75,1,Yüksek Giriş,5 Yaşında,Kombi,Yok,Yok,Yok,-,Mülk Sahibi,Kat İrtifakı,Hayır,Eşyalı Değil,2850000.0,2,1
3.250.000 TL,Saruhanli,95,1,3. Kat,Sıfır Bina,Kombi,Yok,Yok,Yok,-,Boş,Kat İrtifakı,Evet,Eşyalı Değil,3250000.0,2,1
7.650.000 TL,Yunusemre,210,2,6. Kat,5 Yaşında,Kombi,Yok,Yok,Yok,-,Mülk Sahibi,Kat İrtifakı,Hayır,Eşyalı Değil,7650000.0,5,2
3.900.000 TL,Yunusemre,100,1,Yüksek Giriş,11 Yaşında,Kombi,Yok,Yok,Yok,-,Mülk Sahibi,Kat İrtifakı,Evet,Eşyalı Değil,3900000.0,3,1
3.800.000 TL,Yunusemre,96,1,2. Kat,Sıfır Bina,Kombi,Var,Var,Yok,-,Boş,Kat İrtifakı,Evet,Eşyalı Değil,3800000.0,2,1
1.675.000 TL,Akhisar,115,1,4. Kat,26 Yaşında,Kombi,Yok,Yok,Yok,-,Boş,Kat İrtifakı,Hayır,Eşyalı Değil,1675000.0,3,1
3.900.000 TL,Yunusemre,95,1,Yüksek Giriş,1 Yaşında,Merkezi (Pay Öl...,Yok,Var,Var,-,Boş,Kat Mülkiyeti,Hayır,Eşyalı Değil,3900000.0,2,1
3.600.000 TL,Yunusemre,110,1,Yüksek Giriş,Sıfır Bina,Kombi,Yok,Var,Yok,Sıfır,Boş,Kat İrtifakı,Evet,Eşyalı Değil,3600000.0,3,1
3.650.000 TL,Akhisar,95,1,1. Kat,Sıfır Bina,Kombi,Yok,Yok,Yok,Yapım Aşamasınd...,Boş,Kat Mülkiyeti,-,-,3650000.0,2,1
2.900.000 TL,Turgutlu,45,1,Zemin,28 Yaşında,Klima,Yok,Yok,Yok,-,-,Müstakil Tapulu,-,-,2900000.0,1,0
5.100.000 TL,Salihli,175,2,5. Kat,5 Yaşında,Klima,Var,Var,Var,İkinci El,Mülk Sahibi,Kat İrtifakı,Hayır,Eşyalı Değil,5100000.0,1,1
5.300.000 TL,Alasehir,450,-,-,10 Yaşında,Soba,Yok,Yok,Yok,Sıfır,Boş,Kat İrtifakı,Hayır,Eşyalı Değil,5300000.0,4,1
4.200.000 TL,Yunusemre,160,2,Yüksek Giriş,5 Yaşında,Kombi,Yok,Yok,Var,-,Boş,Kat İrtifakı,-,-,4200000.0,3,1
3.795.000 TL,Yunusemre,70,-,6. Kat,Sıfır Bina,Kombi,Yok,Var,Var,Sıfır,Boş,Kat İrtifakı,Hayır,Eşyalı Değil,3795000.0,1,1
2.090.000 TL,Alasehir,110,1,4. Kat,31 Yaşında,Soba,Yok,Yok,Yok,-,Boş,Müstakil Tapulu,Evet,Eşyalı Değil,2090000.0,2,1
16.500.000 TL,Turgutlu,255,2,Villa Katı,11 Yaşında,Kombi,Var,Yok,Yok,-,Mülk Sahibi,Kat Mülkiyeti,Evet,Eşyalı Değil,16500000.0,4,1
4.750.000 TL,Yunusemre,125,1,2. Kat,16 Yaşında,Kombi,Yok,Var,Var,-,Boş,Kat İrtifakı,Hayır,Eşyalı Değil,4750000.0,3,1
3.100.000 TL,Turgutlu,120,1,Zemin,1 Yaşında,Kombi,Yok,Yok,Yok,-,Boş,Kat Mülkiyeti,Hayır,Eşyalı Değil,3100000.0,3,1
3.100.000 TL,Saruhanli,100,1,3. Kat,Sıfır Bina,Kombi,Yok,Yok,Yok,-,Boş,Kat İrtifakı,Hayır,Eşyalı Değil,3100000.0,2,1
5.500.000 TL,Sehzadeler,200,2,1. Kat,21 Yaşında,Kombi,Yok,Yok,Var,-,Mülk Sahibi,Kat İrtifakı,Evet,Eşyalı Değil,5500000.0,3,1
3.750.000 TL,Yunusemre,200,1,Bahçe Katı,16 Yaşında,Soba,Yok,Yok,Var,-,Boş,Müstakil Tapulu,Hayır,Eşyalı Değil,3750000.0,2,1
3.900.000 TL,Akhisar,140,1,2. Kat,11 Yaşında,Kombi,Var,Yok,Yok,-,Boş,Kat İrtifakı,Hayır,Eşyalı Değil,3900000.0,3,1
11.000.000 TL,Salihli,280,3,Çatı Katı,3 Yaşında,Kombi,Var,Var,Var,İkinci El,Mülk Sahibi,Kat İrtifakı,Evet,Eşyalı Değil,11000000.0,5,1
2.270.000 TL,Yunusemre,50,1,Yüksek Giriş,4 Yaşında,Kombi,Yok,Yok,Yok,İkinci El,Kiracılı,Kat İrtifakı,Evet,Eşyalı,2270000.0,1,1
3.725.000 TL,Sehzadeler,165,1,5. Kat,26 Yaşında,Kombi,Yok,Var,Yok,-,Kiracılı,Kat Mülkiyeti,Evet,Eşyalı Değil,3725000.0,3,1
2.450.000 TL,Turgutlu,110,1,4. Kat,16 Yaşında,Kombi,Yok,Yok,Yok,İkinci El,Mülk Sahibi,Kat İrtifakı,Hayır,Eşyalı Değil,2450000.0,3,0
2.250.000 TL,Saruhanli,135,-,-,-,-,Yok,Yok,Yok,-,-,-,-,-,2250000.0,3,1
3.300.000 TL,Turgutlu,125,1,En Üst Kat,15 Yaşında,Kombi,Var,Yok,Yok,İkinci El,Mülk Sahibi,Kat İrtifakı,Evet,Eşyalı Değil,3300000.0,3,1
4.000.000 TL,Yunusemre,135,1,4. Kat,26 Yaşında,Kombi,Yok,Var,Var,-,Mülk Sahibi,Kat İrtifakı,Evet,Eşyalı Değil,4000000.0,3,1
3.650.000 TL,Yunusemre,110,1,En Üst Kat,25 Yaşında,Kombi,Yok,Var,Var,İkinci El,Boş,Kat Mülkiyeti,Evet,Eşyalı Değil,3650000.0,2,1
4.950.000 TL,Sehzadeler,120,1,1. Kat,35 Yaşında,Kombi,Var,Var,Yok,İkinci El,Boş,Kat İrtifakı,Hayır,Eşyalı Değil,4950000.0,3,1
3.350.000 TL,Ahmetli,136,1,7. Kat,Sıfır Bina,Kombi,Yok,Yok,Var,-,Boş,Kat İrtifakı,Evet,Eşyalı Değil,3350000.0,3,1
3.800.000 TL,Sehzadeler,135,1,3. Kat,25 Yaşında,Kombi,Yok,Var,Yok,İkinci El,Boş,Kat İrtifakı,Hayır,Eşyalı Değil,3800000.0,3,1
7.550.000 TL,Akhisar,350,3,Bahçe Katı,6 Yaşında,Kombi,Yok,Yok,Var,-,Boş,Müstakil Tapulu,Hayır,Eşyalı Değil,7550000.0,5,1
2.375.000 TL,Akhisar,140,1,2. Kat,5 Yaşında,Kombi,Yok,Var,Var,-,Boş,Kat Mülkiyeti,Hayır,Eşyalı Değil,2375000.0,2,1
3.000.000 TL,Yunusemre,120,1,5. Kat,16 Yaşında,Kombi,Var,Var,Var,-,Boş,Müstakil Tapulu,Hayır,Eşyalı Değil,3000000.0,3,1
4.450.000 TL,Yunusemre,100,1,Zemin,4 Yaşında,Kombi,Yok,Var,Yok,İkinci El,Kiracılı,Kat İrtifakı,Evet,Eşyalı Değil,4450000.0,2,1
4.000.000 TL,Akhisar,95,2,1. Kat,Sıfır Bina,Kombi,Yok,Var,Yok,Sıfır,Boş,Kat İrtifakı,Hayır,Eşyalı Değil,4000000.0,2,1
3.950.000 TL,Akhisar,170,2,3. Kat,2 Yaşında,Kombi,Var,Yok,Yok,-,Mülk Sahibi,Kat İrtifakı,Hayır,Eşyalı Değil,3950000.0,4,1
3.000.000 TL,Akhisar,105,1,Zemin,11 Yaşında,Kombi,Yok,Yok,Yok,-,Mülk Sahibi,Kat İrtifakı,Hayır,Eşyalı Değil,3000000.0,2,1
3.799.000 TL,Yunusemre,125,1,Kot 1,Sıfır Bina,Kombi,Var,Var,Yok,-,Boş,Kat Mülkiyeti,Hayır,Eşyalı Değil,3799000.0,3,1
2.350.000 TL,Yunusemre,50,1,2. Kat,6 Yaşında,Kombi,Yok,Var,Yok,-,Boş,Kat İrtifakı,Hayır,Eşyalı Değil,2350000.0,1,1
5.650.000 TL,Yunusemre,145,2,4. Kat,2 Yaşında,Kombi,Yok,Yok,Yok,İkinci El,Boş,Kat İrtifakı,Hayır,Eşyalı Değil,5650000.0,4,1
5.750.000 TL,Saruhanli,205,1,5. Kat,Sıfır Bina,Kombi,Yok,Var,Yok,-,Boş,Kat İrtifakı,Hayır,Eşyalı Değil,5750000.0,5,1
4.800.000 TL,Yunusemre,165,2,3. Kat,4 Yaşında,Kombi,Yok,Yok,Yok,-,Boş,Kat İrtifakı,Hayır,Eşyalı Değil,4800000.0,4,1
4.250.000 TL,Yunusemre,115,1,2. Kat,16 Yaşında,Kombi,Yok,Var,Yok,-,Mülk Sahibi,Kat Mülkiyeti,Hayır,Eşyalı Değil,4250000.0,2,1
3.250.000 TL,Yunusemre,85,1,3. Kat,Sıfır Bina,Yerden Isıtma,Var,Var,Var,-,Boş,Kat İrtifakı,Hayır,Eşyalı Değil,3250000.0,2,1
6.300.000 TL,Turgutlu,130,2,Ara Kat,Sıfır Bina,Yerden Isıtma,Var,Var,Var,Sıfır,Boş,Kat Mülkiyeti,Hayır,-,6300000.0,3,1
4.250.000 TL,Yunusemre,130,2,4. Kat,8 Yaşında,Kombi,Yok,Var,Yok,İkinci El,Mülk Sahibi,Kat İrtifakı,Evet,Eşyalı Değil,4250000.0,3,1
3.050.000 TL,Akhisar,145,1,2. Kat,30 Yaşında,Kombi,Yok,Yok,Yok,-,-,Kat Mülkiyeti,Evet,Eşyalı,3050000.0,3,1
7.500.000 TL,Yunusemre,180,2,2. Kat,16 Yaşında,Kombi,Yok,Yok,Yok,-,Boş,Kat İrtifakı,Hayır,Eşyalı Değil,7500000.0,4,2
4.750.000 TL,Yunusemre,115,2,1. Kat,1 Yaşında,Yerden Isıtma,Yok,Var,Yok,-,Boş,Kat İrtifakı,Evet,Eşyalı Değil,4750000.0,2,1
2.250.000 TL,Turgutlu,120,1,3. Kat,26 Yaşında,Klima,Yok,Var,Yok,-,Boş,Kat Mülkiyeti,Hayır,Eşyalı Değil,2250000.0,2,1
5.500.000 TL,Sehzadeler,320,2,-,15 Yaşında,Soba,Yok,Yok,Yok,İkinci El,Mülk Sahibi,Arsa,Evet,Eşyalı Değil,5500000.0,5,2
4.150.000 TL,Salihli,90,1,3. Kat,Sıfır Bina,Kombi,Yok,Var,Var,Sıfır,Boş,Kat İrtifakı,Hayır,Eşyalı Değil,4150000.0,2,1
5.750.000 TL,Salihli,340,-,-,15 Yaşında,Soba,Yok,Yok,Yok,İkinci El,Mülk Sahibi,Müstakil Tapulu,Evet,Eşyalı,5750000.0,3,0
5.250.000 TL,Turgutlu,145,2,4. Kat,1 Yaşında,Yerden Isıtma,Yok,Yok,Yok,-,Mülk Sahibi,Kat Mülkiyeti,Evet,Eşyalı Değil,5250000.0,4,1
5.450.000 TL,Yunusemre,260,2,5. Kat,11 Yaşında,Kombi,Yok,Yok,Var,-,Boş,Kat İrtifakı,Hayır,Eşyalı Değil,5450000.0,5,1
2.950.000 TL,Turgutlu,120,1,1. Kat,21 Yaşında,Kombi,Var,Yok,Yok,-,Mülk Sahibi,Kat Mülkiyeti,Hayır,Eşyalı Değil,2950000.0,2,1
4.600.000 TL,Yunusemre,90,2,Yüksek Giriş,Sıfır Bina,Kombi,Yok,Yok,Yok,-,Boş,Kat İrtifakı,Hayır,Eşyalı Değil,4600000.0,2,1
19.800.000 TL,Kirkagac,210,1,-,20 Yaşında,Merkezi,Var,Yok,Yok,İkinci El,Mülk Sahibi,Kat Mülkiyeti,-,Eşyalı Değil,19800000.0,6,2
2.949.000 TL,Saruhanli,95,1,3. Kat,Sıfır Bina,Kombi,Yok,Yok,Yok,-,Boş,Kat İrtifakı,Evet,Eşyalı Değil,2949000.0,2,1
8.200.000 TL,Yunusemre,140,1,2. Kat,16 Yaşında,Kombi,Var,Var,Var,-,Boş,Kat Mülkiyeti,Hayır,Eşyalı Değil,8200000.0,3,1
2.750.000 TL,Akhisar,100,1,1. Kat,31 Yaşında,Kombi,Yok,Yok,Yok,-,Mülk Sahibi,Kat İrtifakı,Hayır,Eşyalı Değil,2750000.0,2,1
4.650.000 TL,Yunusemre,175,2,1. Kat,1 Yaşında,Kombi,Var,Var,Var,-,Kiracılı,Kat İrtifakı,Evet,Eşyalı Değil,4650000.0,4,1
5.650.000 TL,Salihli,140,1,Ara Kat,6 Yaşında,Kombi,Var,Var,Var,İkinci El,Boş,Kat İrtifakı,Hayır,Eşyalı Değil,5650000.0,3,1
4.400.000 TL,Sehzadeler,120,1,2. Kat,26 Yaşında,Kombi,Var,Yok,Var,-,Kiracılı,Kat İrtifakı,Hayır,Eşyalı Değil,4400000.0,3,1
3.500.000 TL,Sehzadeler,125,1,Ara Kat,40 Yaşında,Doğalgaz Sobası,Var,Var,Yok,İkinci El,Kiracılı,Kat İrtifakı,-,Eşyalı Değil,3500000.0,3,1
1.150.000 TL,Sehzadeler,185,1,-,34 Yaşında,Soba,Yok,Yok,Yok,İkinci El,Boş,Müstakil Tapulu,Evet,Eşyalı Değil,1150000.0,1,1
3.200.000 TL,Salihli,140,1,Kot 2,25 Yaşında,Belirtilmemiş,Yok,Yok,Var,İkinci El,Belirtilmemiş,Kat Mülkiyeti,Hayır,Eşyalı,3200000.0,3,1
1.975.000 TL,Akhisar,130,1,2. Kat,26 Yaşında,Kombi,Yok,Var,Yok,-,Boş,Kat İrtifakı,Hayır,Eşyalı Değil,1975000.0,2,1
3.300.000 TL,Salihli,145,1,En Üst Kat,10 Yaşında,Kombi,Yok,Yok,Var,-,Boş,Kat Mülkiyeti,Hayır,Eşyalı Değil,3300000.0,3,1
3.350.000 TL,Turgutlu,165,1,4. Kat,6 Yaşında,Kombi,Var,Var,Var,-,Mülk Sahibi,Kat İrtifakı,Evet,Eşyalı Değil,3350000.0,4,1
2.550.000 TL,Sehzadeler,125,1,6. Kat,34 Yaşında,Kombi,Yok,Var,Yok,İkinci El,Kiracılı,Kat İrtifakı,Hayır,Eşyalı Değil,2550000.0,3,1
4.250.000 TL,Sehzadeler,125,1,2. Kat,31 Yaşında,Kombi,Yok,Yok,Yok,-,Mülk Sahibi,Kat Mülkiyeti,Hayır,Eşyalı Değil,4250000.0,3,1
2.950.000 TL,Yunusemre,90,1,Bahçe Katı,21 Yaşında,Isıtma Yok,Yok,Yok,Yok,İkinci El,-,Kat Mülkiyeti,-,Eşyalı Değil,2950000.0,2,1
3.000.000 TL,Turgutlu,135,2,En Üst Kat,7 Yaşında,Kombi,Yok,Yok,Yok,-,-,Kat Mülkiyeti,-,-,3000000.0,3,1
8.500.000 TL,Yunusemre,250,2,5. Kat,16 Yaşında,Kombi,Var,Var,Var,-,Mülk Sahibi,Kat İrtifakı,Evet,Eşyalı Değil,8500000.0,4,1
2.450.000 TL,Sehzadeler,100,1,En Üst Kat,30 Yaşında,Klima,Yok,Yok,Yok,İkinci El,Kiracılı,Kat Mülkiyeti,Evet,Eşyalı Değil,2450000.0,2,1
4.000.000 TL,Yunusemre,135,-,-,-,-,Yok,Yok,Yok,-,-,-,-,-,4000000.0,3,1
2.400.000 TL,Saruhanli,85,1,Yüksek Giriş,8 Yaşında,Kombi,Var,Yok,Yok,İkinci El,Boş,Kat İrtifakı,Hayır,Eşyalı Değil,2400000.0,2,0
3.250.000 TL,Akhisar,180,3,3. Kat,1 Yaşında,Kombi,Yok,Yok,Var,-,Boş,Kat İrtifakı,Hayır,Eşyalı Değil,3250000.0,4,1
3.050.000 TL,Sehzadeler,95,1,Ara Kat,30 Yaşında,Kombi,Yok,Var,Var,-,-,Müstakil Tapulu,Evet,Eşyalı Değil,3050000.0,2,1
2.250.000 TL,Akhisar,130,1,3. Kat,21 Yaşında,Kombi,Yok,Yok,Yok,-,Mülk Sahibi,Kat İrtifakı,Hayır,-,2250000.0,3,1
2.900.000 TL,Turgutlu,65,1,5. Kat,11 Yaşında,Kombi,Var,Var,Var,-,Kiracılı,Kat Mülkiyeti,Hayır,Eşyalı Değil,2900000.0,1,1
2.750.000 TL,Yunusemre,80,1,4. Kat,5 Yaşında,Kombi,Yok,Var,Var,-,Kiracılı,Kat İrtifakı,Hayır,Eşyalı,2750000.0,2,1
3.850.000 TL,Saruhanli,145,1,3. Kat,4 Yaşında,Kombi,Yok,Var,Yok,-,Mülk Sahibi,Kat Mülkiyeti,Hayır,Eşyalı Değil,3850000.0,3,1
9.300.000 TL,Yunusemre,200,2,10. Kat,11 Yaşında,Kombi,Yok,Yok,Yok,-,Mülk Sahibi,Kat Mülkiyeti,Hayır,Eşyalı Değil,9300000.0,5,1
5.250.000 TL,Yunusemre,170,2,4. Kat,6 Yaşında,Kombi,Yok,Yok,Yok,-,Boş,Kat İrtifakı,Hayır,Eşyalı Değil,5250000.0,3,1
8.000.000 TL,Yunusemre,95,1,6. Kat,Sıfır Bina,Yerden Isıtma,Yok,Yok,Var,-,Boş,Kat İrtifakı,Hayır,Eşyalı Değil,8000000.0,2,1
3.450.000 TL,Yunusemre,110,1,2. Kat,10 Yaşında,Kombi,Var,Var,Yok,İkinci El,Mülk Sahibi,Kat İrtifakı,-,Eşyalı Değil,3450000.0,3,1
5.250.000 TL,Alasehir,170,2,4. Kat,Sıfır Bina,Kombi,Var,Var,Yok,-,Boş,Kat İrtifakı,Evet,Eşyalı Değil,5250000.0,3,1
5.600.000 TL,Yunusemre,240,2,Çatı Katı,4 Yaşında,Kombi,Var,Var,Var,-,Boş,Kat İrtifakı,Hayır,Eşyalı Değil,5600000.0,4,2
3.250.000 TL,Yunusemre,85,1,3. Kat,Sıfır Bina,Kombi,Var,Var,Var,Sıfır,Boş,Kat İrtifakı,Hayır,Eşyalı Değil,3250000.0,2,1
3.500.000 TL,Turgutlu,80,1,2. Kat,Sıfır Bina,Kombi,Yok,Var,Var,-,Boş,Kat İrtifakı,Evet,Eşyalı Değil,3500000.0,2,1
6.500.000 TL,Turgutlu,150,2,2. Kat,1 Yaşında,Yerden Isıtma,Var,Yok,Var,-,Boş,Kat İrtifakı,Hayır,Eşyalı Değil,6500000.0,3,1
3.550.000 TL,Yunusemre,105,1,2. Kat,5 Yaşında,Kombi,Var,Yok,Var,-,Boş,Kat İrtifakı,Hayır,Eşyalı Değil,3550000.0,2,1
4.300.000 TL,Saruhanli,140,1,2. Kat,Sıfır Bina,Kombi,Var,Yok,Yok,-,Boş,Kat İrtifakı,Evet,Eşyalı Değil,4300000.0,3,1
4.500.000 TL,Akhisar,150,2,3. Kat,1 Yaşında,Kombi,Yok,Var,Var,-,Boş,Kat İrtifakı,Hayır,Eşyalı Değil,4500000.0,4,1
3.550.000 TL,Akhisar,150,1,1. Kat,11 Yaşında,Kombi,Yok,Yok,Yok,-,Kiracılı,Kat İrtifakı,Hayır,Eşyalı Değil,3550000.0,3,1
4.500.000 TL,Akhisar,135,2,2. Kat,1 Yaşında,Yerden Isıtma,Yok,Var,Yok,Sıfır,Boş,Kat İrtifakı,Evet,Eşyalı Değil,4500000.0,3,0
8.150.000 TL,Yunusemre,145,1,6. Kat,16 Yaşında,Kombi,Var,Yok,Yok,-,Mülk Sahibi,Kat Mülkiyeti,Hayır,Eşyalı Değil,8150000.0,3,1
8.150.000 TL,Yunusemre,240,2,4. Kat,21 Yaşında,Yerden Isıtma,Var,Var,Yok,-,Mülk Sahibi,Kat İrtifakı,Hayır,Eşyalı Değil,8150000.0,4,1
6.000.000 TL,Turgutlu,130,1,2. Kat,Sıfır Bina,Kombi,Yok,Yok,Yok,-,-,Kat İrtifakı,-,-,6000000.0,3,1
2.920.000 TL,Akhisar,115,2,4. Kat,1 Yaşında,Kombi,Yok,Var,Yok,-,Mülk Sahibi,Kat Mülkiyeti,Hayır,Eşyalı Değil,2920000.0,2,1
10.020.000 TL,Turgutlu,300,3,15. Kat,5 Yaşında,Kombi,Yok,Var,Var,-,Boş,Kat Mülkiyeti,Hayır,Eşyalı Değil,10020000.0,4,2
2.350.000 TL,Yunusemre,75,1,Giriş Katı,11 Yaşında,Kombi,Yok,Yok,Yok,-,Kiracılı,Kat İrtifakı,Hayır,Eşyalı,2350000.0,2,1
2.650.000 TL,Soma,95,1,2. Kat,Sıfır Bina,Merkezi,Yok,Var,Var,Sıfır,Boş,Kat İrtifakı,Evet,Eşyalı Değil,2650000.0,2,1
8.600.000 TL,Yunusemre,553,2,Bahçe Katı,2 Yaşında,Kat Kaloriferi,Yok,Var,Yok,-,Boş,Tapu Yok,Hayır,Eşyalı Değil,8600000.0,3,2
3.650.000 TL,Yunusemre,95,1,Ara Kat,5 Yaşında,Kombi,Var,Var,Yok,İkinci El,Boş,Kat Mülkiyeti,Hayır,Eşyalı Değil,3650000.0,2,1
3.000.000 TL,Akhisar,145,1,3. Kat,20 Yaşında,Kombi,Yok,Yok,Var,İkinci El,Kiracılı,Kat Mülkiyeti,Hayır,Eşyalı Değil,3000000.0,3,1
3.480.000 TL,Yunusemre,115,-,Ara Kat,4 Yaşında,Kombi,Yok,Var,Yok,İkinci El,Kiracılı,Kat Mülkiyeti,Hayır,-,3480000.0,3,1
3.700.000 TL,Yunusemre,120,1,2. Kat,16 Yaşında,Kombi,Var,Var,Var,-,Mülk Sahibi,Kat İrtifakı,Evet,Eşyalı Değil,3700000.0,3,1
3.750.000 TL,Sehzadeler,125,1,4. Kat,36 Yaşında,Kombi,Var,Var,Yok,İkinci El,Boş,Kat İrtifakı,Evet,-,3750000.0,3,1
3.250.000 TL,Sehzadeler,89,1,4. Kat,50 Yaşında,Kombi,Var,Var,Yok,İkinci El,Kiracılı,Kat Mülkiyeti,Hayır,Eşyalı Değil,3250000.0,2,1
4.450.000 TL,Turgutlu,140,2,3. Kat,6 Yaşında,Kombi,Var,Var,Var,-,Mülk Sahibi,Kat Mülkiyeti,Hayır,-,4450000.0,3,1
3.450.000 TL,Akhisar,130,1,3. Kat,2 Yaşında,Kombi,Yok,Yok,Var,-,Boş,Kat İrtifakı,Hayır,Eşyalı Değil,3450000.0,3,1
5.400.000 TL,Turgutlu,140,2,1. Kat,Sıfır Bina,Yerden Isıtma,Yok,Var,Var,-,Boş,Kat Mülkiyeti,Hayır,Eşyalı Değil,5400000.0,3,1
2.950.000 TL,Yunusemre,85,1,3. Kat,4 Yaşında,Kombi,Yok,Var,Yok,-,Boş,Kat İrtifakı,Hayır,Eşyalı Değil,2950000.0,2,1
4.950.000 TL,Sehzadeler,120,1,2. Kat,16 Yaşında,Kombi,Yok,Var,Yok,-,Boş,Kat Mülkiyeti,Hayır,Eşyalı Değil,4950000.0,3,1
4.160.000 TL,Akhisar,150,2,Ara Kat,4 Yaşında,Kombi,Yok,Var,Var,-,-,Müstakil Tapulu,Evet,-,4160000.0,3,1
8.000.000 TL,Yunusemre,95,1,6. Kat,Sıfır Bina,Yerden Isıtma,Yok,Yok,Yok,-,Boş,Kat İrtifakı,Hayır,Eşyalı Değil,8000000.0,2,1
4.350.000 TL,Turgutlu,135,1,3. Kat,10 Yaşında,Kombi,Var,Var,Yok,İkinci El,Boş,Kat Mülkiyeti,Hayır,Eşyalı Değil,4350000.0,3,1
2.600.000 TL,Yunusemre,70,1,2. Kat,5 Yaşında,Kombi,Var,Yok,Yok,-,Boş,Kat İrtifakı,Hayır,Eşyalı,2600000.0,1,1
8.500.000 TL,Akhisar,300,3,3. Kat,2 Yaşında,Kombi,Var,Yok,Yok,-,Mülk Sahibi,Kat İrtifakı,Evet,Eşyalı Değil,8500000.0,5,1
4.950.000 TL,Turgutlu,130,2,4. Kat,5 Yaşında,Yerden Isıtma,Var,Yok,Var,-,Boş,Kat İrtifakı,Hayır,Eşyalı Değil,4950000.0,3,1
4.150.000 TL,Yunusemre,85,1,2. Kat,6 Yaşında,Kombi,Var,Yok,Var,-,Kiracılı,Kat Mülkiyeti,Hayır,Eşyalı,4150000.0,1,1
3.950.000 TL,Akhisar,130,2,3. Kat,Sıfır Bina,Kombi,Yok,Var,Var,Sıfır,Boş,Kat İrtifakı,-,Eşyalı Değil,3950000.0,3,1
8.500.000 TL,Yunusemre,320,2,5. Kat,20 Yaşında,Kombi,Yok,Var,Yok,İkinci El,Boş,Kat İrtifakı,-,Eşyalı Değil,8500000.0,5,1
4.600.000 TL,Yunusemre,60,1,3. Kat,1 Yaşında,Kombi,Var,Var,Yok,-,Boş,Kat İrtifakı,Evet,Eşyalı Değil,4600000.0,1,1
4.000.000 TL,Yunusemre,80,1,3. Kat,5 Yaşında,Kombi,Var,Var,Var,-,Mülk Sahibi,Kat İrtifakı,Hayır,Eşyalı Değil,4000000.0,2,1
2.300.000 TL,Saruhanli,75,1,3. Kat,Sıfır Bina,Kombi,Var,Yok,Var,-,Boş,Kat Mülkiyeti,Hayır,Eşyalı Değil,2300000.0,2,1
2.850.000 TL,Turgutlu,90,1,1. Kat,Sıfır Bina,Kombi,Yok,Var,Var,-,Boş,Kat İrtifakı,Hayır,Eşyalı Değil,2850000.0,2,1
6.700.000 TL,Sehzadeler,160,2,Bahçe Katı,3 Yaşında,Soba,Yok,Yok,Yok,-,Mülk Sahibi,Müstakil Tapulu,Evet,Eşyalı,6700000.0,4,1
3.500.000 TL,Akhisar,126,2,2. Kat,6 Yaşında,Kombi,Var,Var,Var,İkinci El,Mülk Sahibi,Kat Mülkiyeti,Evet,Eşyalı Değil,3500000.0,3,1
4.600.000 TL,Yunusemre,185,2,3. Kat,4 Yaşında,Kombi,Var,Var,Yok,-,Boş,Kat Mülkiyeti,Hayır,Eşyalı Değil,4600000.0,4,1
7.500.000 TL,Salihli,100,1,Bahçe Katı,Sıfır Bina,Soba,Yok,Var,Yok,-,Boş,Arsa,Hayır,Eşyalı,7500000.0,1,1
7.900.000 TL,Yunusemre,145,2,2. Kat,20 Yaşında,Kombi,Var,Var,Yok,-,Mülk Sahibi,Kat Mülkiyeti,Hayır,Eşyalı Değil,7900000.0,3,1
6.250.000 TL,Turgutlu,170,2,3. Kat,Sıfır Bina,Merkezi (Pay Öl...,Var,Var,Var,-,Mülk Sahibi,Kat İrtifakı,Evet,Eşyalı Değil,6250000.0,3,1
7.760.000 TL,Yunusemre,71,1,4. Kat,1 Yaşında,Merkezi (Pay Öl...,Var,Yok,Var,-,Boş,Kat Mülkiyeti,Hayır,Eşyalı Değil,7760000.0,2,1
14.750.000 TL,Yunusemre,200,2,7. Kat,9 Yaşında,Kombi,Var,Yok,Var,İkinci El,Boş,Kat İrtifakı,Hayır,Eşyalı Değil,14750000.0,4,1
8.400.000 TL,Salihli,290,3,4. Kat,11 Yaşında,Kombi,Yok,Var,Var,İkinci El,Mülk Sahibi,Müstakil Tapulu,Evet,Eşyalı Değil,8400000.0,5,1
5.150.000 TL,Yunusemre,120,1,2. Kat,Sıfır Bina,Kombi,Yok,Var,Yok,Sıfır,Boş,Kat Mülkiyeti,Evet,Eşyalı Değil,5150000.0,3,1
1.350.000 TL,Soma,120,1,-,20 Yaşında,Soba,Yok,Yok,Var,İkinci El,Boş,Müstakil Tapulu,Hayır,Eşyalı Değil,1350000.0,2,1
4.000.000 TL,Salihli,143,1,-,25 Yaşında,Soba,Yok,Var,Yok,İkinci El,Mülk Sahibi,Kat İrtifakı,Hayır,Eşyalı Değil,4000000.0,2,1
5.500.000 TL,Akhisar,267,3,3. Kat,Sıfır Bina,Kombi,Var,Var,Var,Sıfır,Boş,Kat İrtifakı,Hayır,Eşyalı Değil,5500000.0,4,2
3.750.000 TL,Saruhanli,125,1,5. Kat,1 Yaşında,Kombi,Yok,Var,Yok,-,Kiracılı,Kat İrtifakı,Evet,Eşyalı Değil,3750000.0,3,1
2.300.000 TL,Yunusemre,80,1,Yüksek Giriş,21 Yaşında,Isıtma Yok,Yok,Yok,Yok,-,Boş,Müstakil Tapulu,Hayır,Eşyalı Değil,2300000.0,1,1
3.895.000 TL,Sehzadeler,150,1,Yüksek Giriş,21 Yaşında,Kombi,Yok,Yok,Var,-,Boş,Kat İrtifakı,Evet,Eşyalı Değil,3895000.0,3,1
3.250.000 TL,Salihli,95,1,Kot 1,5 Yaşında,Doğalgaz Sobası,Var,Var,Var,-,-,Kat Mülkiyeti,-,-,3250000.0,2,1
4.000.000 TL,Akhisar,135,2,1. Kat,Sıfır Bina,Yerden Isıtma,Yok,Var,Var,-,Boş,Kat İrtifakı,Hayır,Eşyalı Değil,4000000.0,3,1
4.200.000 TL,Turgutlu,140,1,3. Kat,11 Yaşında,Kombi,Var,Var,Var,-,Mülk Sahibi,Kat Mülkiyeti,Hayır,-,4200000.0,3,1
4.750.000 TL,Turgutlu,157,2,3. Kat,4 Yaşında,Kombi,Var,Var,Yok,-,Mülk Sahibi,Kat Mülkiyeti,Hayır,Eşyalı Değil,4750000.0,3,1
2.790.000 TL,Yunusemre,75,1,Yüksek Giriş,5 Yaşında,Kombi,Yok,Yok,Yok,-,Boş,Kat İrtifakı,Hayır,Eşyalı Değil,2790000.0,2,1
6.495.000 TL,Yunusemre,135,1,Bahçe Katı,6 Yaşında,Klima,Yok,Var,Var,-,Boş,Müstakil Tapulu,Evet,Eşyalı Değil,6495000.0,2,0
3.350.000 TL,Yunusemre,60,1,5. Kat,Sıfır Bina,Kombi,Var,Var,Var,-,Boş,Kat İrtifakı,Evet,Eşyalı Değil,3350000.0,1,1
4.250.000 TL,Sehzadeler,130,1,1. Kat,20 Yaşında,Kombi,Var,Var,Var,İkinci El,Boş,Kat İrtifakı,Evet,Eşyalı Değil,4250000.0,3,1
2.500.000 TL,Turgutlu,150,1,4. Kat,18 Yaşında,Kombi,Var,Yok,Yok,Yapım Aşamasınd...,Boş,Kat Mülkiyeti,Hayır,Eşyalı Değil,2500000.0,3,1
5.250.000 TL,Yunusemre,103,1,1. Kat,Sıfır Bina,Kombi,Var,Var,Var,Sıfır,Boş,Kat İrtifakı,Hayır,Eşyalı Değil,5250000.0,2,1
9.100.000 TL,Turgutlu,300,2,4. Kat,1 Yaşında,Kombi,Yok,Var,Var,-,Boş,Kat İrtifakı,Evet,Eşyalı Değil,9100000.0,5,1
1.200.000 TL,Akhisar,140,1,4. Kat,40 Yaşında,Klima,Yok,Var,Yok,İkinci El,Boş,Kat Mülkiyeti,Evet,Eşyalı Değil,1200000.0,2,0
3.750.000 TL,Akhisar,140,2,2. Kat,16 Yaşında,Kombi,Var,Var,Var,-,Mülk Sahibi,Kat İrtifakı,Hayır,Eşyalı Değil,3750000.0,3,1
4.200.000 TL,Yunusemre,200,1,Yüksek Giriş,6 Yaşında,Kombi,Var,Var,Var,-,Kiracılı,Kat İrtifakı,Hayır,Eşyalı Değil,4200000.0,3,1
3.250.000 TL,Akhisar,100,1,3. Kat,Sıfır Bina,Kombi,Yok,Var,Var,Sıfır,Boş,Kat İrtifakı,Evet,Eşyalı Değil,3250000.0,2,0
3.100.000 TL,Saruhanli,105,1,2. Kat,Sıfır Bina,Kombi,Var,Yok,Yok,-,Boş,Kat İrtifakı,Hayır,-,3100000.0,2,1
7.000.000 TL,Yunusemre,115,2,2. Kat,6 Yaşında,Kombi,Yok,Var,Yok,-,Kiracılı,Kat İrtifakı,Evet,Eşyalı Değil,7000000.0,3,1
5.750.000 TL,Turgutlu,145,2,1. Kat,4 Yaşında,Kombi,Var,Var,Var,-,Mülk Sahibi,Kat Mülkiyeti,Hayır,Eşyalı Değil,5750000.0,3,1
3.500.000 TL,Akhisar,140,2,1. Kat,1 Yaşında,Kombi,Var,Var,Var,-,Mülk Sahibi,Kat Mülkiyeti,Hayır,Eşyalı Değil,3500000.0,3,1
3.575.000 TL,Turgutlu,60,1,Bahçe Katı,Sıfır Bina,Merkezi (Pay Öl...,Yok,Yok,Var,-,Boş,Kat İrtifakı,Evet,Eşyalı Değil,3575000.0,1,1
11.950.000 TL,Yunusemre,134,2,13. Kat,1 Yaşında,Merkezi (Pay Öl...,Var,Yok,Var,-,Boş,Kat Mülkiyeti,Hayır,Eşyalı Değil,11950000.0,3,1
6.850.000 TL,Yunusemre,110,1,Yüksek Giriş,Sıfır Bina,Yerden Isıtma,Var,Var,Var,Sıfır,Boş,Kat İrtifakı,-,Eşyalı Değil,6850000.0,2,1
3.950.000 TL,Yunusemre,105,1,4. Kat,21 Yaşında,Kombi,Var,Var,Var,İkinci El,Boş,Müstakil Tapulu,Evet,Eşyalı Değil,3950000.0,2,1
9.095.000 TL,Yunusemre,150,2,Yüksek Giriş,5 Yaşında,Kombi,Yok,Yok,Var,İkinci El,Kiracılı,Kat İrtifakı,Evet,Eşyalı Değil,9095000.0,3,1
2.045.000 TL,Salihli,100,-,-,20 Yaşında,Soba,Yok,Yok,Yok,İkinci El,Mülk Sahibi,Arsa,Evet,Eşyalı Değil,2045000.0,2,1
3.200.000 TL,Sehzadeler,110,1,En Üst Kat,28 Yaşında,Kombi,Var,Var,Yok,İkinci El,Boş,Kat Mülkiyeti,Hayır,Eşyalı Değil,3200000.0,3,1
4.575.000 TL,Yunusemre,65,1,1. Kat,5 Yaşında,Yerden Isıtma,Yok,Yok,Var,İkinci El,Kiracılı,Kat İrtifakı,Hayır,Eşyalı,4575000.0,1,1
3.870.000 TL,Yunusemre,95,1,Ara Kat,5 Yaşında,Kombi,Yok,Var,Var,İkinci El,Mülk Sahibi,Kat Mülkiyeti,Hayır,Eşyalı Değil,3870000.0,2,1
3.650.000 TL,Yunusemre,105,1,3. Kat,1 Yaşında,Kombi,Yok,Var,Yok,İkinci El,Kiracılı,Kat İrtifakı,Evet,Eşyalı Değil,3650000.0,2,1
2.475.000 TL,Akhisar,125,1,Ara Kat,28 Yaşında,Kombi,Var,Var,Yok,İkinci El,Boş,Kat İrtifakı,Evet,Eşyalı Değil,2475000.0,3,1
2.700.000 TL,Yunusemre,76,1,Yüksek Giriş,Sıfır Bina,Kombi,Var,Yok,Var,-,Boş,Kat Mülkiyeti,Hayır,Eşyalı Değil,2700000.0,2,1
3.200.000 TL,Saruhanli,132,1,5. Kat,Sıfır Bina,Kombi,Var,Var,Yok,Sıfır,Boş,Kat İrtifakı,Hayır,Eşyalı Değil,3200000.0,3,1
2.900.000 TL,Saruhanli,85,1,3. Kat,Sıfır Bina,Kombi,Yok,Yok,Yok,Sıfır,Boş,Müstakil Tapulu,Hayır,Eşyalı Değil,2900000.0,2,1
5.000.000 TL,Yunusemre,155,1,Zemin,16 Yaşında,Kombi,Yok,Var,Var,-,Mülk Sahibi,Kat İrtifakı,Evet,Eşyalı Değil,5000000.0,3,1
5.150.000 TL,Turgutlu,180,1,1. Kat,6 Yaşında,Kombi,Var,Var,Var,-,Mülk Sahibi,Kat Mülkiyeti,Hayır,Eşyalı Değil,5150000.0,3,1
3.900.000 TL,Salihli,145,1,4. Kat,20 Yaşında,Jeotermal Isıtm...,Yok,Yok,Yok,-,-,Kat Mülkiyeti,-,-,3900000.0,3,1
3.150.000 TL,Akhisar,130,1,4. Kat,11 Yaşında,Kombi,Yok,Yok,Yok,-,Mülk Sahibi,Kat İrtifakı,Hayır,Eşyalı Değil,3150000.0,3,1
2.780.000 TL,Yunusemre,85,1,Yüksek Giriş,Sıfır Bina,Kombi,Yok,Yok,Var,-,Boş,Kat İrtifakı,Hayır,Eşyalı Değil,2780000.0,2,1
4.150.000 TL,Turgutlu,130,1,3. Kat,Sıfır Bina,Kombi,Yok,Var,Var,-,Boş,Kat Mülkiyeti,Hayır,Eşyalı Değil,4150000.0,3,1
2.925.000 TL,Yunusemre,95,1,Yüksek Giriş,5 Yaşında,Kombi,Yok,Yok,Yok,-,Boş,Kat İrtifakı,Hayır,Eşyalı Değil,2925000.0,2,1
3.800.000 TL,Turgutlu,102,1,1. Kat,Sıfır Bina,Kombi,Yok,Var,Var,Sıfır,Boş,Kat Mülkiyeti,Hayır,Eşyalı Değil,3800000.0,2,1
4.500.000 TL,Turgutlu,140,1,3. Kat,21 Yaşında,Kombi,Var,Yok,Yok,-,Boş,Kat Mülkiyeti,Evet,Eşyalı Değil,4500000.0,3,1
6.000.000 TL,Salihli,567,1,-,1 Yaşında,Klima,Yok,Yok,Yok,-,Mülk Sahibi,Müstakil Tapulu,Hayır,Eşyalı Değil,6000000.0,2,1
4.750.000 TL,Soma,105,2,-,17 Yaşında,Merkezi,Var,Yok,Yok,İkinci El,Mülk Sahibi,Arsa,Evet,Eşyalı Değil,4750000.0,2,1
3.400.000 TL,Yunusemre,60,1,1. Kat,1 Yaşında,Yerden Isıtma,Var,Yok,Var,-,Boş,Kat İrtifakı,Evet,Eşyalı Değil,3400000.0,1,1
5.500.000 TL,Turgutlu,95,2,2. Kat,Sıfır Bina,Yerden Isıtma,Yok,Yok,Yok,-,Boş,Kat İrtifakı,Evet,Eşyalı Değil,5500000.0,2,1
4.600.000 TL,Akhisar,150,2,1. Kat,6 Yaşında,Kombi,Var,Var,Var,-,Boş,Kat İrtifakı,Hayır,Eşyalı Değil,4600000.0,3,1
3.575.000 TL,Sehzadeler,140,1,1. Kat,31 Yaşında,Kombi,Var,Var,Yok,-,Boş,Kat Mülkiyeti,Hayır,Eşyalı Değil,3575000.0,3,1
3.499.000 TL,Turgutlu,134,1,Ara Kat,25 Yaşında,Kombi,Yok,Yok,Var,İkinci El,Boş,Kat İrtifakı,Evet,Eşyalı Değil,3499000.0,3,1
3.950.000 TL,Akhisar,130,2,3. Kat,Sıfır Bina,Kombi,Var,Var,Var,Sıfır,Boş,Kat İrtifakı,Hayır,Eşyalı Değil,3950000.0,3,1
15.750.000 TL,Akhisar,200,2,Bahçe Katı,3 Yaşında,Yerden Isıtma,Yok,Yok,Yok,-,Mülk Sahibi,Müstakil Tapulu,Evet,Eşyalı Değil,15750000.0,4,1
5.175.000 TL,Salihli,145,2,3. Kat,1 Yaşında,Kombi,Yok,Yok,Var,-,Boş,Kat Mülkiyeti,Hayır,Eşyalı Değil,5175000.0,3,1
6.500.000 TL,Turgutlu,135,2,2. Kat,Sıfır Bina,Yerden Isıtma,Var,Var,Var,-,Boş,Kat Mülkiyeti,Hayır,Eşyalı Değil,6500000.0,3,1
7.000.000 TL,Akhisar,300,3,3. Kat,Sıfır Bina,Kombi,Var,Var,Var,-,Boş,Kat Mülkiyeti,Evet,Eşyalı Değil,7000000.0,5,1
6.050.000 TL,Turgutlu,155,2,5. Kat,1 Yaşında,Yerden Isıtma,Var,Var,Var,-,Boş,Kat İrtifakı,Hayır,Eşyalı Değil,6050000.0,3,1
3.050.000 TL,Turgutlu,120,1,4. Kat,5 Yaşında,Kombi,Var,Var,Yok,-,Boş,Kat Mülkiyeti,Hayır,Eşyalı Değil,3050000.0,3,1
3.600.000 TL,Kirkagac,125,1,4. Kat,5 Yaşında,Kombi,Yok,Yok,Yok,İkinci El,Boş,Kat İrtifakı,Hayır,Eşyalı Değil,3600000.0,3,1
3.725.000 TL,Saruhanli,400,1,Bahçe Katı,11 Yaşında,Soba,Yok,Var,Yok,-,Boş,Arsa,Hayır,Eşyalı,3725000.0,2,1
9.095.000 TL,Yunusemre,150,2,Yüksek Giriş,Sıfır Bina,Kombi,Yok,Yok,Var,-,Kiracılı,Kat Mülkiyeti,Evet,Eşyalı Değil,9095000.0,3,1
2.950.000 TL,Yunusemre,70,1,Yüksek Giriş,Sıfır Bina,Yerden Isıtma,Yok,Var,Var,Sıfır,Boş,Kat İrtifakı,Evet,Eşyalı Değil,2950000.0,1,1
4.000.000 TL,Yunusemre,100,1,1. Kat,Sıfır Bina,Kombi,Yok,Var,Var,Sıfır,Boş,Kat İrtifakı,-,Eşyalı Değil,4000000.0,2,1
9.750.000 TL,Turgutlu,202,1,3. Kat,Sıfır Bina,Yerden Isıtma,Var,Var,Var,-,Boş,Kat Mülkiyeti,Hayır,-,9750000.0,3,1
3.100.000 TL,Yunusemre,90,1,2. Kat,6 Yaşında,Kombi,Yok,Var,Yok,-,Boş,Kat İrtifakı,Evet,Eşyalı Değil,3100000.0,2,1
3.090.000 TL,Turgutlu,120,2,3. Kat,11 Yaşında,Kombi,Var,Var,Var,-,Mülk Sahibi,Kat Mülkiyeti,Hayır,Eşyalı Değil,3090000.0,3,1
3.900.000 TL,Salihli,125,1,Kot 2,Sıfır Bina,Kombi,Var,Var,Var,-,Boş,Kat Mülkiyeti,Hayır,Eşyalı Değil,3900000.0,3,1
6.250.000 TL,Yunusemre,230,2,4. Kat,5 Yaşında,Kombi,Yok,Yok,Var,-,Mülk Sahibi,Kat İrtifakı,Hayır,Eşyalı Değil,6250000.0,6,2
11.500.000 TL,Yunusemre,230,2,Bahçe Katı,26 Yaşında,Kombi,Yok,Yok,Yok,-,Boş,Kat İrtifakı,Hayır,Eşyalı Değil,11500000.0,5,1
2.910.000 TL,Yunusemre,95,1,Yüksek Giriş,4 Yaşında,Kombi,Yok,Yok,Var,-,Kiracılı,Kat İrtifakı,Evet,Eşyalı Değil,2910000.0,2,1
2.800.000 TL,Turgutlu,120,1,4. Kat,25 Yaşında,Kombi,Yok,Var,Yok,İkinci El,Boş,Kat Mülkiyeti,Evet,Eşyalı Değil,2800000.0,3,1
2.650.000 TL,Saruhanli,100,1,Yüksek Giriş,4 Yaşında,Kombi,Var,Yok,Yok,İkinci El,Boş,Kat Mülkiyeti,Hayır,Eşyalı Değil,2650000.0,2,1
4.200.000 TL,Akhisar,130,1,1. Kat,3 Yaşında,Kombi,Yok,Var,Var,-,Boş,Kat İrtifakı,Hayır,Eşyalı Değil,4200000.0,3,1
3.800.000 TL,Turgutlu,155,1,3. Kat,6 Yaşında,Kombi,Yok,Var,Yok,İkinci El,Boş,Kat Mülkiyeti,Evet,-,3800000.0,3,1
4.100.000 TL,Turgutlu,250,2,4. Kat,6 Yaşında,Kombi,Var,Yok,Yok,-,Kiracılı,Kat Mülkiyeti,Evet,Eşyalı Değil,4100000.0,5,1
2.750.000 TL,Saruhanli,125,1,3. Kat,25 Yaşında,Klima,Yok,Var,Yok,İkinci El,Boş,Kat İrtifakı,Hayır,Eşyalı Değil,2750000.0,2,1
3.900.000 TL,Saruhanli,153,1,2. Kat,8 Yaşında,Kombi,Var,Yok,Yok,İkinci El,Kiracılı,Kat İrtifakı,Hayır,Eşyalı Değil,3900000.0,3,1
3.200.000 TL,Turgutlu,90,1,2. Kat,Sıfır Bina,Kombi,Yok,Var,Var,-,Boş,Kat İrtifakı,Evet,Eşyalı Değil,3200000.0,2,1
3.900.000 TL,Yunusemre,115,1,3. Kat,11 Yaşında,Kombi,Yok,Var,Yok,-,Boş,Kat İrtifakı,Hayır,Eşyalı Değil,3900000.0,3,1
10.000.000 TL,Akhisar,240,3,Bahçe Katı,2 Yaşında,Yerden Isıtma,Yok,Yok,Yok,-,Mülk Sahibi,Kat İrtifakı,Evet,Eşyalı Değil,10000000.0,4,1
3.675.000 TL,Salihli,110,1,1. Kat,1 Yaşında,Kombi,Var,Var,Var,-,Boş,Kat Mülkiyeti,Evet,Eşyalı Değil,3675000.0,2,1
5.500.000 TL,Turgutlu,185,2,4. Kat,2 Yaşında,Yerden Isıtma,Var,Var,Var,-,Boş,Kat Mülkiyeti,Hayır,Eşyalı Değil,5500000.0,4,1
1.850.000 TL,Turgutlu,110,1,4. Kat,21 Yaşında,Isıtma Yok,Var,Yok,Yok,-,Kiracılı,Kat İrtifakı,Hayır,Eşyalı Değil,1850000.0,2,1
4.400.000 TL,Sehzadeler,150,2,-,40 Yaşında,Kombi,Yok,Yok,Var,İkinci El,Kiracılı,Müstakil Tapulu,Hayır,Eşyalı Değil,4400000.0,4,2
3.500.000 TL,Akhisar,90,2,1. Kat,1 Yaşında,Yerden Isıtma,Yok,Yok,Var,Sıfır,Boş,Kat İrtifakı,Evet,Eşyalı Değil,3500000.0,2,1
2.100.000 TL,Sehzadeler,96,1,Çatı Katı,30 Yaşında,Kombi,Var,Var,Yok,İkinci El,-,Kat İrtifakı,-,Eşyalı Değil,2100000.0,2,1
2.670.000 TL,Yunusemre,50,1,3. Kat,Sıfır Bina,Kombi,Yok,Yok,Yok,-,Boş,Kat İrtifakı,Evet,Eşyalı Değil,2670000.0,1,1
3.200.000 TL,Akhisar,100,1,2. Kat,Sıfır Bina,Yerden Isıtma,Yok,Var,Var,Sıfır,Boş,Kat İrtifakı,Hayır,Eşyalı Değil,3200000.0,2,1
2.750.000 TL,Yunusemre,85,1,4. Kat,7 Yaşında,Kombi,Yok,Var,Var,İkinci El,Mülk Sahibi,Kat İrtifakı,-,Eşyalı Değil,2750000.0,2,1
8.250.000 TL,Yunusemre,185,1,1. Kat,11 Yaşında,Kombi,Var,Var,Yok,-,Mülk Sahibi,Kat İrtifakı,Hayır,Eşyalı Değil,8250000.0,3,1
7.000.000 TL,Turgutlu,175,2,4. Kat,Sıfır Bina,Yerden Isıtma,Var,Var,Var,-,Boş,Kat Mülkiyeti,Hayır,Eşyalı Değil,7000000.0,3,1
5.250.000 TL,Yunusemre,145,1,3. Kat,5 Yaşında,Kombi,Yok,Yok,Var,-,Mülk Sahibi,Kat İrtifakı,Hayır,Eşyalı Değil,5250000.0,3,1
3.300.000 TL,Yunusemre,70,1,2. Kat,1 Yaşında,Kombi,Yok,Var,Yok,-,Boş,Kat İrtifakı,Hayır,Eşyalı Değil,3300000.0,2,1
3.500.000 TL,Yunusemre,90,1,2. Kat,6 Yaşında,Kombi,Yok,Yok,Var,-,Kiracılı,Kat İrtifakı,Evet,Eşyalı Değil,3500000.0,2,1
2.600.000 TL,Salihli,150,1,4. Kat,16 Yaşında,Jeotermal Isıtma,Var,Var,Var,-,Boş,Kat İrtifakı,Evet,Eşyalı Değil,2600000.0,3,1
4.250.000 TL,Akhisar,135,2,1. Kat,Sıfır Bina,Kombi,Var,Var,Var,-,Boş,Kat Mülkiyeti,Evet,Eşyalı Değil,4250000.0,3,1
2.950.000 TL,Saruhanli,105,1,Yüksek Giriş,5 Yaşında,Kombi,Var,Yok,Yok,-,-,Kat İrtifakı,-,-,2950000.0,2,1
3.300.000 TL,Salihli,135,-,-,-,-,Yok,Yok,Yok,-,-,-,-,-,3300000.0,3,1
2.850.000 TL,Turgutlu,110,1,Ara Kat,4 Yaşında,Kombi,Yok,Yok,Yok,İkinci El,Boş,Kat İrtifakı,Evet,Eşyalı Değil,2850000.0,2,1
6.200.000 TL,Sehzadeler,215,1,1. Kat,26 Yaşında,Kombi,Var,Var,Yok,İkinci El,Mülk Sahibi,Kat İrtifakı,Hayır,Eşyalı Değil,6200000.0,2,1
3.600.000 TL,Sehzadeler,70,1,Ara Kat,Sıfır Bina,Kombi,Var,Var,Yok,İkinci El,Boş,Kat Mülkiyeti,Evet,Eşyalı Değil,3600000.0,2,1
3.750.000 TL,Soma,180,2,3. Kat,11 Yaşında,Jeotermal Isıtma,Yok,Yok,Yok,-,Mülk Sahibi,Kat Mülkiyeti,Evet,Eşyalı Değil,3750000.0,4,1
3.075.000 TL,Akhisar,105,1,1. Kat,Sıfır Bina,Kombi,Yok,Var,Var,-,Boş,Kat Mülkiyeti,Evet,Eşyalı Değil,3075000.0,2,1
4.000.000 TL,Salihli,92,1,5. Kat,1 Yaşında,Doğalgaz Sobası,Var,Yok,Var,-,-,Kat Mülkiyeti,-,Eşyalı Değil,4000000.0,2,1
3.500.000 TL,Turgutlu,110,1,3. Kat,Sıfır Bina,Yerden Isıtma,Yok,Var,Var,Sıfır,Boş,Kat Mülkiyeti,Hayır,Eşyalı Değil,3500000.0,2,1
2.675.000 TL,Salihli,155,1,4. Kat,26 Yaşında,Klima,Var,Yok,Yok,-,Boş,Kat Mülkiyeti,Hayır,Eşyalı Değil,2675000.0,3,1
15.000.000 TL,Akhisar,225,3,Bahçe Katı,1 Yaşında,Yerden Isıtma,Yok,Yok,Yok,-,Boş,Kat İrtifakı,Hayır,Eşyalı Değil,15000000.0,5,1
3.350.000 TL,Turgutlu,125,1,4. Kat,31 Yaşında,Kombi,Yok,Var,Var,-,Mülk Sahibi,Kat Mülkiyeti,Hayır,Eşyalı Değil,3350000.0,3,1
3.400.000 TL,Yunusemre,85,1,2. Kat,Sıfır Bina,Kombi,Var,Yok,Yok,-,Boş,Kat İrtifakı,Hayır,Eşyalı Değil,3400000.0,2,1
6.500.000 TL,Turgutlu,170,2,3. Kat,5 Yaşında,Merkezi (Pay Ölçer),Var,Var,Var,-,Mülk Sahibi,Kat İrtifakı,Evet,Eşyalı Değil,6500000.0,3,1
3.750.000 TL,Akhisar,180,1,3. Kat,21 Yaşında,Kombi,Yok,Var,Var,-,Boş,Kat İrtifakı,Hayır,Eşyalı Değil,3750000.0,4,1
5.195.000 TL,Yunusemre,165,1,Ara Kat,25 Yaşında,Kombi,Yok,Var,Yok,İkinci El,Boş,Kat İrtifakı,Evet,Eşyalı Değil,5195000.0,3,1
3.975.000 TL,Sehzadeler,110,1,Ara Kat,30 Yaşında,Kombi,Var,Yok,Yok,İkinci El,Boş,Kat İrtifakı,Evet,Eşyalı Değil,3975000.0,3,1
2.950.000 TL,Akhisar,90,1,1. Kat,Sıfır Bina,Kombi,Var,Var,Var,Sıfır,Boş,Kat İrtifakı,Hayır,Eşyalı Değil,2950000.0,2,1
4.100.000 TL,Yunusemre,125,1,5. Kat,21 Yaşında,Kombi,Var,Yok,Yok,-,Kiracılı,Kat Mülkiyeti,Hayır,Eşyalı Değil,4100000.0,3,1
4.900.000 TL,Yunusemre,90,1,3. Kat,3 Yaşında,Kombi,Yok,Var,Yok,İkinci El,Boş,Kat İrtifakı,-,Eşyalı Değil,4900000.0,2,1
6.250.000 TL,Turgutlu,140,2,3. Kat,Sıfır Bina,Yerden Isıtma,Yok,Var,Var,-,Boş,Kat Mülkiyeti,Evet,-,6250000.0,3,1
4.150.000 TL,Yunusemre,115,-,Ara Kat,23 Yaşında,Kombi,Yok,Var,Var,İkinci El,-,Kat İrtifakı,Hayır,Eşyalı Değil,4150000.0,3,1
7.000.000 TL,Turgutlu,165,2,4. Kat,Sıfır Bina,Yerden Isıtma,Var,Var,Var,-,Boş,Kat Mülkiyeti,Hayır,Eşyalı Değil,7000000.0,3,1
4.600.000 TL,Yunusemre,115,1,1. Kat,Sıfır Bina,Kombi,Var,Var,Var,-,Boş,Kat İrtifakı,Evet,Eşyalı Değil,4600000.0,3,1
2.499.999 TL,Yunusemre,60,1,5. Kat,1 Yaşında,Kombi,Yok,Yok,Yok,-,Kiracılı,Kat İrtifakı,Hayır,Eşyalı,2499999.0,1,1
5.650.000 TL,Salihli,140,1,2. Kat,1 Yaşında,Kombi,Var,Var,Var,-,Boş,Kat İrtifakı,Hayır,Eşyalı Değil,5650000.0,3,1
4.750.000 TL,Saruhanli,135,1,Ara Kat,Sıfır Bina,Kombi,Yok,Var,Yok,Sıfır,Boş,Kat İrtifakı,-,Eşyalı Değil,4750000.0,3,1
3.750.000 TL,Turgutlu,120,1,5. Kat,6 Yaşında,Kombi,Yok,Var,Yok,-,Mülk Sahibi,Kat İrtifakı,Hayır,Eşyalı Değil,3750000.0,2,1
4.200.000 TL,Akhisar,140,2,1. Kat,Sıfır Bina,Kombi,Var,Var,Var,-,Boş,Kat Mülkiyeti,Hayır,Eşyalı Değil,4200000.0,3,1
3.375.000 TL,Sehzadeler,135,1,Zemin,20 Yaşında,Kombi,Yok,Yok,Yok,İkinci El,Boş,Kat İrtifakı,Hayır,Eşyalı Değil,3375000.0,3,1
6.625.000 TL,Salihli,178,2,1. Kat,1 Yaşında,Kombi,Var,Var,Yok,-,Mülk Sahibi,Kat Mülkiyeti,Hayır,Eşyalı Değil,6625000.0,3,1
4.450.000 TL,Turgutlu,160,2,3. Kat,Sıfır Bina,Merkezi (Pay Ölçer),Yok,Var,Var,-,Boş,Kat İrtifakı,Hayır,Eşyalı Değil,4450000.0,3,1
3.150.000 TL,Sehzadeler,100,1,Yarı Bodrum,13 Yaşında,Kombi,Yok,Var,Yok,İkinci El,Mülk Sahibi,Kat İrtifakı,Evet,Eşyalı Değil,3150000.0,3,1
3.650.000 TL,Saruhanli,105,1,3. Kat,Sıfır Bina,Kombi,Yok,Var,Yok,-,Boş,Kat İrtifakı,Evet,Eşyalı Değil,3650000.0,2,1
3.250.000 TL,Sehzadeler,180,1,-,18 Yaşında,Soba,Yok,Yok,Yok,İkinci El,Mülk Sahibi,Müstakil Tapulu,Hayır,Eşyalı Değil,3250000.0,2,1
16.000.000 TL,Yunusemre,210,3,-,Sıfır Bina,Isı Pompası,Yok,Var,Yok,-,Boş,Kat İrtifakı,Hayır,Eşyalı Değil,16000000.0,4,1
3.450.000 TL,Akhisar,100,1,1. Kat,Sıfır Bina,Kombi,Var,Var,Var,Sıfır,Boş,Kat İrtifakı,Hayır,Eşyalı Değil,3450000.0,2,1
3.000.000 TL,Selendi,130,1,-,5 Yaşında,Soba,Yok,Yok,Yok,Sıfır,Mülk Sahibi,Müstakil Tapulu,Hayır,Eşyalı Değil,3000000.0,3,1
4.200.000 TL,Yunusemre,110,1,4. Kat,Sıfır Bina,Kombi,Yok,Var,Var,Sıfır,Boş,Kat İrtifakı,-,Eşyalı Değil,4200000.0,2,1
5.500.000 TL,Turgutlu,145,1,4. Kat,Sıfır Bina,Kombi,Yok,Yok,Yok,-,Boş,Kat Mülkiyeti,Evet,Eşyalı Değil,5500000.0,3,1
4.000.000 TL,Turgutlu,135,1,3. Kat,26 Yaşında,Kombi,Var,Var,Var,-,Boş,Kat İrtifakı,Hayır,-,4000000.0,3,1
4.500.000 TL,Yunusemre,115,1,2. Kat,Sıfır Bina,Kombi,Yok,Var,Var,-,Boş,Kat İrtifakı,Evet,Eşyalı Değil,4500000.0,2,1
4.900.000 TL,Yunusemre,220,2,En Üst Kat,8 Yaşında,Kombi,Yok,Var,Yok,-,Boş,Kat İrtifakı,Evet,Eşyalı Değil,4900000.0,5,1
3.750.000 TL,Sehzadeler,90,1,4. Kat,31 Yaşında,Klima,Var,Var,Var,-,Kiracılı,Müstakil Tapulu,Evet,Eşyalı Değil,3750000.0,2,1
3.300.000 TL,Turgutlu,110,1,4. Kat,Sıfır Bina,Kombi,Yok,Var,Var,-,Boş,Kat Mülkiyeti,Hayır,Eşyalı Değil,3300000.0,2,1
4.980.000 TL,Turgutlu,120,1,4. Kat,6 Yaşında,Kombi,Var,Var,Var,-,Mülk Sahibi,Kat İrtifakı,Evet,Eşyalı Değil,4980000.0,2,1
3.250.000 TL,Akhisar,110,-,1. Kat,4 Yaşında,Kombi,Yok,Var,Var,İkinci El,Boş,Kat İrtifakı,Hayır,Eşyalı Değil,3250000.0,2,1
3.050.000 TL,Sehzadeler,95,1,3. Kat,30 Yaşında,Kombi,Var,Var,Yok,İkinci El,Kiracılı,Kat Mülkiyeti,Hayır,Eşyalı Değil,3050000.0,2,1
4.800.000 TL,Yunusemre,100,1,Yüksek Giriş,Sıfır Bina,Kombi,Yok,Yok,Yok,-,Boş,Kat İrtifakı,Evet,Eşyalı Değil,4800000.0,2,1
3.850.000 TL,Salihli,108,1,4. Kat,1 Yaşında,Kombi,Var,Var,Var,-,Kiracılı,Kat Mülkiyeti,Evet,Eşyalı Değil,3850000.0,2,1
4.800.000 TL,Akhisar,152,2,1. Kat,1 Yaşında,Kombi,Yok,Yok,Var,-,Boş,Kat İrtifakı,Hayır,Eşyalı Değil,4800000.0,3,1
4.000.000 TL,Turgutlu,140,2,12. Kat,Sıfır Bina,Merkezi,Var,Var,Var,-,Boş,Kat İrtifakı,Hayır,Eşyalı Değil,4000000.0,2,1
3.950.000 TL,Akhisar,175,2,En Üst Kat,3 Yaşında,Kombi,Yok,Var,Var,İkinci El,Boş,Kat İrtifakı,Evet,Eşyalı Değil,3950000.0,3,1
3.950.000 TL,Yunusemre,300,2,En Üst Kat,10 Yaşında,Kombi,Var,Var,Var,İkinci El,Mülk Sahibi,Kat İrtifakı,Hayır,Eşyalı Değil,3950000.0,4,1
6.000.000 TL,Akhisar,321,1,Bahçe Katı,31 Yaşında,Soba,Yok,Var,Var,-,Boş,Müstakil Tapulu,Hayır,Eşyalı Değil,6000000.0,2,1
4.950.000 TL,Turgutlu,198,2,4. Kat,15 Yaşında,Kombi,Var,Var,Var,-,Mülk Sahibi,Kat Mülkiyeti,Evet,-,4950000.0,4,1
2.600.000 TL,Soma,250,1,-,30 Yaşında,Soba,Yok,Yok,Yok,-,-,Müstakil Tapulu,-,Eşyalı Değil,2600000.0,2,1
3.000.000 TL,Salihli,150,1,5. Kat,21 Yaşında,Isıtma Yok,Yok,Yok,Yok,-,Boş,Kat İrtifakı,Evet,Eşyalı Değil,3000000.0,3,1
6.950.000 TL,Sehzadeler,200,2,5. Kat,16 Yaşında,Kombi,Yok,Var,Yok,-,Mülk Sahibi,Kat İrtifakı,Evet,Eşyalı Değil,6950000.0,3,1
3.375.000 TL,Saruhanli,130,1,En Üst Kat,1 Yaşında,Kombi,Var,Var,Yok,Sıfır,Boş,Kat Mülkiyeti,Hayır,Eşyalı Değil,3375000.0,3,1
22.500.000 TL,Yunusemre,180,1,Bahçe Katı,21 Yaşında,Soba,Yok,Yok,Yok,-,Mülk Sahibi,Tapu Yok,Hayır,Eşyalı,22500000.0,3,1
3.850.000 TL,Sehzadeler,140,1,4. Kat,27 Yaşında,Kombi,Var,Var,Var,İkinci El,Mülk Sahibi,Kat İrtifakı,Hayır,Eşyalı Değil,3850000.0,3,1
2.100.000 TL,Alasehir,58,1,3. Kat,Sıfır Bina,Kombi,Yok,Yok,Yok,-,Boş,Kat Mülkiyeti,Hayır,Eşyalı Değil,2100000.0,1,1
5.750.000 TL,Salihli,145,1,-,25 Yaşında,Soba,Var,Yok,Yok,Sıfır,Belirtilmemiş,Kat Mülkiyeti,Hayır,Eşyalı Değil,5750000.0,3,1
3.350.000 TL,Akhisar,140,1,2. Kat,4 Yaşında,Kombi,Yok,Var,Var,-,Kiracılı,Kat İrtifakı,Evet,Eşyalı Değil,3350000.0,3,1
6.500.000 TL,Yunusemre,250,2,5. Kat,11 Yaşında,Kombi,Var,Yok,Yok,-,Mülk Sahibi,Kat Mülkiyeti,Evet,Eşyalı Değil,6500000.0,4,1
3.750.000 TL,Turgutlu,104,1,3. Kat,Sıfır Bina,Kombi,Yok,Var,Var,Sıfır,Boş,Kat Mülkiyeti,Hayır,Eşyalı Değil,3750000.0,2,1
7.700.000 TL,Yunusemre,250,2,-,10 Yaşında,Soba,Yok,Yok,Yok,İkinci El,Mülk Sahibi,Kat Mülkiyeti,-,Eşyalı Değil,7700000.0,6,1
1.775.000 TL,Soma,90,1,5. Kat,9 Yaşında,Merkezi,Yok,Yok,Yok,-,Kiracılı,Kat İrtifakı,-,Eşyalı Değil,1775000.0,2,1
4.200.000 TL,Yunusemre,135,-,-,-,-,Yok,Yok,Yok,-,-,-,-,-,4200000.0,3,1
5.800.000 TL,Yunusemre,170,1,1. Kat,16 Yaşında,Kombi,Var,Var,Var,-,Kiracılı,Kat İrtifakı,Evet,Eşyalı Değil,5800000.0,3,2
11.450.000 TL,Yunusemre,135,1,3. Kat,Sıfır Bina,Kombi,Yok,Yok,Yok,-,Boş,Kat Mülkiyeti,Hayır,Eşyalı Değil,11450000.0,3,1
4.200.000 TL,Yunusemre,95,1,2. Kat,Sıfır Bina,Kombi,Yok,Var,Yok,Yapım Aşamasınd...,Boş,Kat İrtifakı,-,Eşyalı Değil,4200000.0,2,1
6.300.000 TL,Turgutlu,142,1,4. Kat,3 Yaşında,Kombi,Yok,Var,Var,-,Boş,Kat Mülkiyeti,Evet,-,6300000.0,3,1
9.500.000 TL,Sehzadeler,300,2,6. Kat,16 Yaşında,Kombi,Yok,Yok,Yok,-,Mülk Sahibi,Kat Mülkiyeti,Hayır,Eşyalı Değil,9500000.0,6,1
10.700.000 TL,Yunusemre,585,1,Zemin,6 Yaşında,Klima,Yok,Var,Yok,İkinci El,Mülk Sahibi,Müstakil Tapulu,-,Eşyalı,10700000.0,2,1
2.600.000 TL,Yunusemre,55,1,Zemin,Sıfır Bina,Yerden Isıtma,Yok,Yok,Var,-,Boş,Kat İrtifakı,Hayır,Eşyalı Değil,2600000.0,1,1
4.500.000 TL,Turgutlu,120,1,2. Kat,Sıfır Bina,Kombi,Yok,Var,Var,-,Boş,Kat Mülkiyeti,Hayır,Eşyalı Değil,4500000.0,3,1
3.180.000 TL,Yunusemre,95,1,3. Kat,1 Yaşında,Kombi,Yok,Yok,Var,-,Boş,Kat İrtifakı,Hayır,-,3180000.0,2,1
11.850.000 TL,Yunusemre,250,2,5. Kat,1 Yaşında,Kombi,Yok,Var,Var,-,Mülk Sahibi,Kat İrtifakı,Hayır,Eşyalı Değil,11850000.0,4,1
4.500.000 TL,Salihli,185,2,-,14 Yaşında,Soba,Yok,Yok,Yok,İkinci El,Mülk Sahibi,Kat İrtifakı,Hayır,Eşyalı Değil,4500000.0,3,1
2.750.000 TL,Sehzadeler,220,1,-,35 Yaşında,Soba,Yok,Yok,Yok,-,-,Müstakil Tapulu,-,-,2750000.0,3,1
3.150.000 TL,Yunusemre,135,-,-,-,-,Yok,Yok,Yok,-,-,-,-,-,3150000.0,3,1
4.200.000 TL,Akhisar,140,2,1. Kat,Sıfır Bina,Kombi,Var,Var,Var,Sıfır,Boş,Kat İrtifakı,Hayır,Eşyalı Değil,4200000.0,3,1
2.700.000 TL,Koprubasi,150,-,-,30 Yaşında,Soba,Yok,Yok,Yok,İkinci El,Boş,Kat Mülkiyeti,Evet,Eşyalı,2700000.0,4,2
2.500.000 TL,Akhisar,362,1,1. Kat,12 Yaşında,Klima,Yok,Var,Var,Sıfır,Mülk Sahibi,Kat İrtifakı,Evet,Eşyalı Değil,2500000.0,3,1
3.800.000 TL,Turgutlu,120,1,Ara Kat,Sıfır Bina,Isıtma Yok,Yok,Var,Yok,Sıfır,Boş,Kat Mülkiyeti,Hayır,Eşyalı Değil,3800000.0,3,1
3.100.000 TL,Yunusemre,120,1,5. Kat,30 Yaşında,Kombi,Yok,Var,Var,İkinci El,Boş,Kat İrtifakı,Evet,Eşyalı Değil,3100000.0,3,1
4.000.000 TL,Akhisar,230,1,4. Kat,21 Yaşında,Kombi,Yok,Yok,Yok,-,Boş,Kat İrtifakı,Hayır,Eşyalı Değil,4000000.0,5,1
6.250.000 TL,Turgutlu,160,2,3. Kat,Sıfır Bina,Yerden Isıtma,Var,Yok,Var,-,Boş,Kat İrtifakı,Hayır,Eşyalı Değil,6250000.0,3,1
2.950.000 TL,Akhisar,130,1,En Üst Kat,10 Yaşında,Kombi,Var,Var,Var,İkinci El,Boş,Kat Mülkiyeti,Hayır,Eşyalı Değil,2950000.0,3,1
3.100.000 TL,Turgutlu,150,1,4. Kat,26 Yaşında,Kombi,Var,Yok,Yok,-,Mülk Sahibi,Kat İrtifakı,Evet,Eşyalı Değil,3100000.0,3,1
4.950.000 TL,Sehzadeler,130,1,2. Kat,26 Yaşında,Kombi,Yok,Var,Yok,-,Boş,Kat İrtifakı,Evet,Eşyalı Değil,4950000.0,3,1
5.250.000 TL,Ahmetli,240,2,3. Kat,3 Yaşında,Kombi,Yok,Yok,Var,-,Boş,Kat İrtifakı,Evet,Eşyalı Değil,5250000.0,5,1
4.400.000 TL,Alasehir,110,1,3. Kat,Sıfır Bina,Kombi,Yok,Yok,Yok,-,Boş,Kat Mülkiyeti,Hayır,Eşyalı Değil,4400000.0,2,1
2.980.000 TL,Sehzadeler,90,1,-,5 Yaşında,Klima,Yok,Yok,Yok,İkinci El,Boş,Müstakil Tapulu,Evet,Eşyalı Değil,2980000.0,2,1
4.000.000 TL,Turgutlu,120,2,5. Kat,2 Yaşında,Merkezi (Pay Öl...,Yok,Yok,Yok,-,Mülk Sahibi,Kat İrtifakı,Hayır,Eşyalı Değil,4000000.0,2,1
6.200.000 TL,Akhisar,380,2,4. Kat,Sıfır Bina,Kombi,Yok,Yok,Yok,-,Boş,Kat Mülkiyeti,Hayır,Eşyalı Değil,6200000.0,5,1
4.750.000 TL,Yunusemre,114,2,2. Kat,Sıfır Bina,Kombi,Var,Var,Yok,Sıfır,Boş,Kat İrtifakı,Hayır,Eşyalı Değil,4750000.0,2,1
3.150.000 TL,Yunusemre,75,1,Kot 2,5 Yaşında,Kombi,Var,Yok,Var,-,Boş,Kat İrtifakı,Hayır,Eşyalı Değil,3150000.0,2,1
2.870.000 TL,Saruhanli,90,1,Kot 2,9 Yaşında,Kombi,Yok,Var,Yok,İkinci El,Boş,Kat İrtifakı,-,Eşyalı Değil,2870000.0,2,1
4.650.000 TL,Salihli,185,1,3. Kat,20 Yaşında,Kombi,Yok,Var,Var,-,-,Kat Mülkiyeti,Hayır,Eşyalı Değil,4650000.0,3,1
3.350.000 TL,Turgutlu,110,1,1. Kat,Sıfır Bina,Kombi,Var,Var,Var,-,Boş,Kat Mülkiyeti,Hayır,Eşyalı Değil,3350000.0,2,1
6.390.000 TL,Yunusemre,145,2,11. Kat,11 Yaşında,Merkezi (Pay Öl...,Var,Var,Var,-,Boş,Kat İrtifakı,Evet,Eşyalı Değil,6390000.0,3,1
6.750.000 TL,Yunusemre,160,1,Yüksek Giriş,11 Yaşında,Kombi,Var,Var,Var,-,Mülk Sahibi,Kat İrtifakı,Evet,Eşyalı Değil,6750000.0,3,1
5.350.000 TL,Turgutlu,130,2,1. Kat,Sıfır Bina,Kombi,Yok,Var,Var,-,Boş,Kat İrtifakı,Evet,Eşyalı Değil,5350000.0,3,1
4.400.000 TL,Yunusemre,135,-,-,-,-,Yok,Yok,Yok,-,-,-,-,-,4400000.0,3,1
3.200.000 TL,Turgutlu,140,1,4. Kat,16 Yaşında,Kombi,Yok,Yok,Yok,-,Boş,Kat İrtifakı,Hayır,Eşyalı Değil,3200000.0,3,1
3.190.000 TL,Yunusemre,115,1,Zemin,21 Yaşında,Kombi,Yok,Var,Var,İkinci El,Boş,Kat İrtifakı,Evet,Eşyalı Değil,3190000.0,3,1
2.550.000 TL,Akhisar,92,1,4. Kat,1 Yaşında,Kombi,Yok,Var,Yok,-,Kiracılı,Kat Mülkiyeti,Hayır,Eşyalı Değil,2550000.0,2,0
2.750.000 TL,Sehzadeler,90,1,3. Kat,20 Yaşında,Klima,Var,Yok,Yok,İkinci El,Kiracılı,Kat İrtifakı,Evet,Eşyalı Değil,2750000.0,2,1
3.080.000 TL,Yunusemre,90,1,3. Kat,11 Yaşında,Kombi,Yok,Var,Var,-,Boş,Kat İrtifakı,Hayır,Eşyalı Değil,3080000.0,2,1
3.000.000 TL,Yunusemre,80,1,-,25 Yaşında,Soba,Yok,Yok,Yok,İkinci El,Boş,Müstakil Tapulu,Hayır,-,3000000.0,1,1
3.285.000 TL,Sehzadeler,130,1,4. Kat,15 Yaşında,Kombi,Yok,Var,Yok,İkinci El,Kiracılı,Kat İrtifakı,Evet,Eşyalı Değil,3285000.0,3,1
350.000 TL,Turgutlu,152,-,Bahçe Katı,31 Yaşında,Soba,Yok,Yok,Yok,-,Boş,Müstakil Tapulu,Evet,Eşyalı Değil,350000.0,3,1
3.300.000 TL,Turgutlu,145,1,1. Kat,1 Yaşında,Kombi,Yok,Var,Var,-,Boş,Kat Mülkiyeti,Hayır,Eşyalı Değil,3300000.0,3,1
3.000.000 TL,Turgutlu,130,1,Zemin,11 Yaşında,Kombi,Yok,Yok,Yok,-,Boş,Kat İrtifakı,Hayır,Eşyalı Değil,3000000.0,3,1
4.200.000 TL,Saruhanli,105,2,Villa Katı,1 Yaşında,Kombi,Var,Var,Var,-,Boş,Hisseli Tapu,Hayır,Eşyalı Değil,4200000.0,2,1
2.500.000 TL,Turgutlu,429,1,Bahçe Katı,16 Yaşında,Isıtma Yok,Yok,Yok,Yok,-,Boş,Kat Mülkiyeti,Evet,Eşyalı Değil,2500000.0,2,1
3.150.000 TL,Soma,130,1,Ara Kat,11 Yaşında,Jeotermal Isıtm...,Var,Yok,Var,-,Mülk Sahibi,Kat Mülkiyeti,Hayır,Eşyalı Değil,3150000.0,3,1
14.500.000 TL,Yunusemre,150,1,-,31 Yaşında,Isıtma Yok,Yok,Yok,Yok,İkinci El,Mülk Sahibi,Kat İrtifakı,Evet,Eşyalı Değil,14500000.0,3,1
1.275.000 TL,Akhisar,103,1,-,33 Yaşında,Soba,Yok,Yok,Yok,İkinci El,Boş,Müstakil Tapulu,Hayır,Eşyalı Değil,1275000.0,1,1
3.000.000 TL,Salihli,110,1,Zemin,25 Yaşında,Kombi,Yok,Var,Yok,İkinci El,Kiracılı,Kat İrtifakı,Hayır,Eşyalı Değil,3000000.0,3,1
4.200.000 TL,Sehzadeler,135,-,-,-,-,Yok,Yok,Yok,-,-,-,-,-,4200000.0,3,1
985.000 TL,Sehzadeler,120,1,Bahçe Katı,11 Yaşında,Soba,Yok,Yok,Yok,-,Boş,Müstakil Tapulu,Evet,Eşyalı Değil,985000.0,1,1
4.600.000 TL,Turgutlu,155,1,Zemin,25 Yaşında,Kombi,Yok,Var,Var,-,-,Kat Mülkiyeti,Hayır,-,4600000.0,3,1
1.350.000 TL,Akhisar,90,1,4. Kat,31 Yaşında,Kombi,Yok,Var,Yok,-,Boş,Kat İrtifakı,Hayır,Eşyalı Değil,1350000.0,2,1
3.650.000 TL,Yunusemre,140,1,2. Kat,5 Yaşında,Kombi,Yok,Yok,Yok,-,Mülk Sahibi,Kat İrtifakı,Hayır,Eşyalı Değil,3650000.0,3,1
4.200.000 TL,Saruhanli,260,2,5. Kat,5 Yaşında,Kombi,Var,Yok,Yok,İkinci El,Belirtilmemiş,Kat Mülkiyeti,Evet,Eşyalı Değil,4200000.0,6,2
2.900.000 TL,Turgutlu,130,1,Bahçe Katı,16 Yaşında,Soba,Yok,Var,Var,-,Mülk Sahibi,Müstakil Tapulu,Hayır,Eşyalı Değil,2900000.0,2,1
3.250.000 TL,Yunusemre,96,1,2. Kat,26 Yaşında,Soba,Var,Yok,Var,-,Boş,Kat İrtifakı,Hayır,Eşyalı Değil,3250000.0,2,1
4.650.000 TL,Sehzadeler,140,1,3. Kat,11 Yaşında,Kombi,Var,Var,Yok,-,Boş,Kat Mülkiyeti,Evet,Eşyalı Değil,4650000.0,3,1
3.600.000 TL,Yunusemre,90,1,3. Kat,1 Yaşında,Kombi,Yok,Yok,Var,-,Boş,Kat İrtifakı,Evet,Eşyalı Değil,3600000.0,2,1
3.250.000 TL,Yunusemre,85,1,3. Kat,Sıfır Bina,Kombi,Yok,Yok,Var,Sıfır,Boş,Kat İrtifakı,Evet,Eşyalı Değil,3250000.0,2,1
11.500.000 TL,Turgutlu,300,2,3. Kat,Sıfır Bina,Yerden Isıtma,Var,Var,Var,-,Boş,Kat Mülkiyeti,Evet,Eşyalı Değil,11500000.0,6,1
3.450.000 TL,Salihli,150,3,Bahçe Katı,31 Yaşında,Isıtma Yok,Yok,Yok,Yok,-,Boş,Tapu Yok,Hayır,Eşyalı Değil,3450000.0,7,2
13.400.000 TL,Yunusemre,128,2,2. Kat,1 Yaşında,Kombi,Yok,Var,Yok,-,Boş,Kat Mülkiyeti,Hayır,Eşyalı Değil,13400000.0,3,1
3.420.000 TL,Yunusemre,105,1,2. Kat,1 Yaşında,Kombi,Yok,Var,Var,-,Mülk Sahibi,Müstakil Tapulu,Hayır,Eşyalı,3420000.0,2,1
1.600.000 TL,Akhisar,95,1,1. Kat,35 Yaşında,Kombi,Yok,Yok,Yok,İkinci El,Boş,Kat İrtifakı,Hayır,Eşyalı Değil,1600000.0,1,1
2.650.000 TL,Saruhanli,55,1,Yüksek Giriş,Sıfır Bina,Yerden Isıtma,Yok,Yok,Var,-,Kiracılı,Kat İrtifakı,Evet,Eşyalı,2650000.0,1,1
29.980.000 TL,Sehzadeler,250,3,-,Sıfır Bina,Belirtilmemiş,Yok,Yok,Var,Sıfır,Boş,Kat İrtifakı,Evet,Eşyalı Değil,29980000.0,5,1
5.500.000 TL,Yunusemre,100,1,2. Kat,Sıfır Bina,Kombi,Var,Yok,Var,-,Boş,Kat Mülkiyeti,Evet,Eşyalı Değil,5500000.0,2,1
1.650.000 TL,Turgutlu,85,1,Giriş Katı,6 Yaşında,Kombi,Yok,Yok,Yok,-,Mülk Sahibi,Kat Mülkiyeti,Hayır,Eşyalı Değil,1650000.0,2,1
2.050.000 TL,Turgutlu,95,1,1. Kat,21 Yaşında,Kombi,Yok,Yok,Yok,-,Mülk Sahibi,Kat Mülkiyeti,Hayır,Eşyalı Değil,2050000.0,2,1
12.495.000 TL,Yunusemre,200,2,5. Kat,3 Yaşında,Yerden Isıtma,Yok,Yok,Var,-,Kiracılı,Kat Mülkiyeti,Evet,Eşyalı Değil,12495000.0,3,1
2.650.000 TL,Yunusemre,60,1,1. Kat,1 Yaşında,Kombi,Yok,Var,Yok,-,Boş,Kat İrtifakı,Hayır,Eşyalı Değil,2650000.0,1,1
2.900.000 TL,Akhisar,85,1,2. Kat,Sıfır Bina,Kombi,Yok,Var,Var,Sıfır,Boş,Kat İrtifakı,-,Eşyalı Değil,2900000.0,2,1
12.000.000 TL,Yunusemre,350,2,Bahçe Katı,21 Yaşında,Kombi,Yok,Yok,Var,-,Boş,Kat İrtifakı,Evet,Eşyalı Değil,12000000.0,5,1
2.650.000 TL,Yunusemre,85,1,Yüksek Giriş,21 Yaşında,Kombi,Yok,Var,Yok,-,Boş,Müstakil Tapulu,Hayır,Eşyalı Değil,2650000.0,2,1
2.750.000 TL,Akhisar,100,1,3. Kat,6 Yaşında,Kombi,Yok,Yok,Yok,-,Boş,Kat İrtifakı,Hayır,Eşyalı Değil,2750000.0,2,1
1.550.000 TL,Soma,90,1,3. Kat,27 Yaşında,Jeotermal Isıtm...,Yok,Yok,Yok,İkinci El,Mülk Sahibi,Kat İrtifakı,Evet,-,1550000.0,2,1
2.500.000 TL,Yunusemre,54,-,Yüksek Giriş,Sıfır Bina,Isı Pompası,Yok,Var,Var,Sıfır,Boş,Müstakil Tapulu,Evet,Eşyalı Değil,2500000.0,1,0
3.950.000 TL,Sehzadeler,120,1,Yüksek Giriş,26 Yaşında,Kombi,Yok,Var,Yok,-,Boş,Kat Mülkiyeti,Evet,Eşyalı Değil,3950000.0,3,1
3.475.000 TL,Salihli,115,1,4. Kat,Sıfır Bina,Kombi,Var,Yok,Var,-,Boş,Kat Mülkiyeti,Hayır,Eşyalı Değil,3475000.0,2,1
3.500.000 TL,Turgutlu,125,1,1. Kat,Sıfır Bina,Kombi,Var,Yok,Var,-,Boş,Kat İrtifakı,Hayır,Eşyalı Değil,3500000.0,2,1
6.500.000 TL,Salihli,145,1,4. Kat,1 Yaşında,Kombi,Var,Var,Yok,-,Boş,Kat Mülkiyeti,Evet,Eşyalı Değil,6500000.0,3,1
820.000 TL,Salihli,115,1,-,30 Yaşında,Soba,Yok,Yok,Yok,İkinci El,Boş,Arsa,Evet,Eşyalı Değil,820000.0,2,1
3.749.000 TL,Turgutlu,150,2,4. Kat,Sıfır Bina,Kombi,Var,Var,Var,-,Boş,Kat Mülkiyeti,Evet,Eşyalı Değil,3749000.0,3,1
2.250.000 TL,Turgutlu,130,1,Zemin,1 Yaşında,Kombi,Yok,Var,Var,-,Kiracılı,Kat Mülkiyeti,Hayır,Eşyalı Değil,2250000.0,3,1
550.000 TL,Turgutlu,100,-,Bahçe Katı,21 Yaşında,Soba,Yok,Yok,Yok,-,Boş,Kat İrtifakı,Hayır,-,550000.0,2,1
1.550.000 TL,Salihli,100,1,3. Kat,21 Yaşında,Kombi,Var,Yok,Yok,-,Mülk Sahibi,Kat İrtifakı,Hayır,Eşyalı Değil,1550000.0,2,1
3.485.000 TL,Sehzadeler,115,-,3. Kat,25 Yaşında,Kombi,Yok,Var,Yok,İkinci El,Boş,Kat İrtifakı,Evet,Eşyalı Değil,3485000.0,3,1
2.250.000 TL,Soma,68,1,-,15 Yaşında,Soba,Yok,Yok,Var,-,Boş,Müstakil Tapulu,Evet,-,2250000.0,1,1
3.400.000 TL,Akhisar,115,2,3. Kat,Sıfır Bina,Kombi,Yok,Var,Var,-,Boş,Kat Mülkiyeti,Evet,Eşyalı Değil,3400000.0,2,1
2.600.000 TL,Turgutlu,95,1,4. Kat,5 Yaşında,Kombi,Yok,Var,Yok,-,Mülk Sahibi,Kat Mülkiyeti,Hayır,Eşyalı Değil,2600000.0,2,1
4.275.000 TL,Yunusemre,125,1,4. Kat,21 Yaşında,Kombi,Yok,Var,Var,İkinci El,Boş,Kat İrtifakı,Evet,Eşyalı Değil,4275000.0,3,1
2.225.000 TL,Akhisar,130,1,4. Kat,26 Yaşında,Kombi,Var,Yok,Yok,-,Boş,Kat İrtifakı,Hayır,Eşyalı Değil,2225000.0,3,1
2.350.000 TL,Akhisar,105,1,Giriş Katı,18 Yaşında,Merkezi,Yok,Yok,Yok,İkinci El,Mülk Sahibi,Kat Mülkiyeti,Evet,Eşyalı Değil,2350000.0,2,1
3.150.000 TL,Yunusemre,100,1,Yüksek Giriş,26 Yaşında,Kombi,Yok,Var,Var,-,Mülk Sahibi,Kat Mülkiyeti,Evet,Eşyalı Değil,3150000.0,2,1
5.000.000 TL,Yunusemre,92,1,4. Kat,2 Yaşında,Kombi,Var,Var,Yok,İkinci El,Mülk Sahibi,Kat İrtifakı,Hayır,Eşyalı Değil,5000000.0,2,1
2.850.000 TL,Yunusemre,100,1,Yüksek Giriş,21 Yaşında,Kombi,Yok,Var,Var,-,Boş,Müstakil Tapulu,Hayır,Eşyalı Değil,2850000.0,2,1
3.200.000 TL,Akhisar,130,1,3. Kat,1 Yaşında,Kombi,Yok,Var,Var,-,Mülk Sahibi,Kat İrtifakı,Evet,Eşyalı Değil,3200000.0,3,1
3.150.000 TL,Akhisar,135,1,3. Kat,Sıfır Bina,Kombi,Yok,Var,Var,-,Boş,Kat Mülkiyeti,Evet,-,3150000.0,3,1
4.600.000 TL,Turgutlu,295,1,Ara Kat,10 Yaşında,Kombi,Yok,Var,Var,İkinci El,Mülk Sahibi,Kat Mülkiyeti,Evet,Eşyalı Değil,4600000.0,3,1
1.200.000 TL,Alasehir,100,1,-,35 Yaşında,Soba,Yok,Yok,Yok,İkinci El,Mülk Sahibi,Müstakil Tapulu,Hayır,Eşyalı Değil,1200000.0,2,1
3.800.000 TL,Kirkagac,140,2,5. Kat,10 Yaşında,Kombi,Yok,Var,Var,-,-,Kat İrtifakı,Hayır,Eşyalı Değil,3800000.0,3,1
2.750.000 TL,Akhisar,140,1,4. Kat,21 Yaşında,Kombi,Var,Var,Var,-,Boş,Kat İrtifakı,Hayır,Eşyalı Değil,2750000.0,3,1
1.900.000 TL,Akhisar,181,1,Bahçe Katı,26 Yaşında,Soba,Yok,Yok,Yok,-,Boş,Müstakil Tapulu,Hayır,Eşyalı Değil,1900000.0,2,1
3.250.000 TL,Sehzadeler,110,1,3. Kat,21 Yaşında,Kombi,Yok,Var,Var,İkinci El,Boş,Kat İrtifakı,Hayır,Eşyalı Değil,3250000.0,2,1
4.200.000 TL,Sehzadeler,120,1,6. Kat,26 Yaşında,Kombi,Yok,Var,Var,-,Mülk Sahibi,Kat İrtifakı,Hayır,Eşyalı Değil,4200000.0,3,1
3.100.000 TL,Turgutlu,130,1,En Üst Kat,22 Yaşında,Kombi,Yok,Yok,Yok,İkinci El,Boş,Kat Mülkiyeti,-,Eşyalı Değil,3100000.0,3,1
2.990.000 TL,Turgutlu,140,1,3. Kat,1 Yaşında,Kombi,Var,Yok,Yok,-,Mülk Sahibi,Kat Mülkiyeti,Evet,Eşyalı Değil,2990000.0,3,1
2.750.000 TL,Soma,105,1,2. Kat,Sıfır Bina,Merkezi,Var,Var,Var,-,Boş,Kat İrtifakı,Evet,Eşyalı Değil,2750000.0,2,1
2.350.000 TL,Salihli,530,1,-,25 Yaşında,Soba,Yok,Yok,Yok,-,-,Müstakil Tapulu,-,-,2350000.0,2,1
5.200.000 TL,Akhisar,150,2,3. Kat,Sıfır Bina,Kombi,Var,Var,Var,-,Boş,Kat İrtifakı,Hayır,Eşyalı Değil,5200000.0,3,1
3.650.000 TL,Turgutlu,135,1,1. Kat,Sıfır Bina,Kombi,Yok,Var,Var,-,Boş,Kat İrtifakı,Hayır,Eşyalı Değil,3650000.0,3,1
6.250.000 TL,Salihli,130,1,2. Kat,11 Yaşında,Kombi,Var,Var,Var,İkinci El,Mülk Sahibi,Kat İrtifakı,Hayır,Eşyalı Değil,6250000.0,3,1
4.100.000 TL,Yunusemre,110,1,4. Kat,Sıfır Bina,Kombi,Yok,Var,Var,-,Boş,Kat İrtifakı,Evet,Eşyalı Değil,4100000.0,2,1
4.750.000 TL,Sehzadeler,130,1,2. Kat,11 Yaşında,Klima,Var,Var,Yok,İkinci El,Mülk Sahibi,Kat İrtifakı,Evet,Eşyalı Değil,4750000.0,3,1
3.125.000 TL,Sehzadeler,130,1,5. Kat,26 Yaşında,Kombi,Var,Var,Yok,-,Mülk Sahibi,Kat Mülkiyeti,Hayır,Eşyalı Değil,3125000.0,3,1
4.100.000 TL,Akhisar,170,1,3. Kat,Sıfır Bina,Yerden Isıtma,Yok,Yok,Var,Sıfır,Boş,Kat İrtifakı,-,Eşyalı Değil,4100000.0,3,1
4.100.000 TL,Yunusemre,135,-,-,-,-,Var,Yok,Yok,-,-,-,-,-,4100000.0,3,1
3.900.000 TL,Yunusemre,95,1,2. Kat,Sıfır Bina,Kombi,Yok,Yok,Yok,-,Boş,Kat İrtifakı,Evet,Eşyalı Değil,3900000.0,2,1
9.500.000 TL,Akhisar,350,3,Bahçe Katı,11 Yaşında,Kat Kaloriferi,Yok,Yok,Yok,-,Boş,Müstakil Tapulu,Hayır,Eşyalı Değil,9500000.0,6,1
5.300.000 TL,Salihli,200,1,-,Sıfır Bina,Merkezi,Yok,Yok,Yok,Sıfır,Boş,Kat Mülkiyeti,-,Eşyalı Değil,5300000.0,3,1
3.250.000 TL,Yunusemre,105,1,5. Kat,4 Yaşında,Kombi,Yok,Yok,Yok,-,Boş,Kat İrtifakı,Evet,Eşyalı Değil,3250000.0,2,1
5.250.000 TL,Yunusemre,120,1,3. Kat,Sıfır Bina,Kombi,Yok,Var,Yok,-,Boş,Kat İrtifakı,Hayır,Eşyalı Değil,5250000.0,3,1
4.250.000 TL,Yunusemre,160,1,Yüksek Giriş,5 Yaşında,Kombi,Yok,Var,Yok,-,Boş,Kat İrtifakı,Hayır,Eşyalı Değil,4250000.0,3,1
4.100.000 TL,Yunusemre,130,1,3. Kat,21 Yaşında,Kombi,Yok,Var,Yok,-,Boş,Kat Mülkiyeti,Hayır,Eşyalı Değil,4100000.0,3,1
8.250.000 TL,Akhisar,320,3,3. Kat,Sıfır Bina,Kombi,Yok,Yok,Var,-,Boş,Kat İrtifakı,Evet,Eşyalı Değil,8250000.0,5,1
6.850.000 TL,Yunusemre,240,2,3. Kat,11 Yaşında,Kombi,Yok,Var,Yok,-,Mülk Sahibi,Kat İrtifakı,Evet,Eşyalı Değil,6850000.0,5,1
5.300.000 TL,Sehzadeler,125,1,3. Kat,31 Yaşında,Klima,Yok,Yok,Yok,-,Mülk Sahibi,Kat İrtifakı,Hayır,Eşyalı Değil,5300000.0,3,1
3.850.000 TL,Akhisar,120,1,2. Kat,6 Yaşında,Kombi,Yok,Var,Var,İkinci El,Mülk Sahibi,Kat İrtifakı,Evet,Eşyalı Değil,3850000.0,3,1
3.150.000 TL,Turgutlu,130,1,2. Kat,16 Yaşında,Kombi,Yok,Var,Var,-,Mülk Sahibi,Kat Mülkiyeti,Evet,Eşyalı Değil,3150000.0,3,1
3.150.000 TL,Akhisar,180,2,3. Kat,1 Yaşında,Kombi,Yok,Var,Var,-,Boş,Kat İrtifakı,Evet,Eşyalı,3150000.0,3,1
5.250 TL,Turgutlu,140,1,Ara Kat,Sıfır Bina,Yerden Isıtma,Yok,Yok,Yok,-,-,Kat İrtifakı,Evet,-,5250.0,3,1
2.850.000 TL,Akhisar,105,1,2. Kat,Sıfır Bina,Kombi,Yok,Var,Var,Sıfır,Boş,Kat İrtifakı,Hayır,Eşyalı Değil,2850000.0,2,1
4.900.000 TL,Salihli,141,1,-,23 Yaşında,Isıtma Yok,Var,Yok,Yok,-,-,Kat Mülkiyeti,-,-,4900000.0,3,1
1.850.000 TL,Akhisar,135,1,En Üst Kat,20 Yaşında,Kombi,Yok,Yok,Yok,İkinci El,Boş,Kat Mülkiyeti,Hayır,Eşyalı Değil,1850000.0,2,1
2.500.000 TL,Akhisar,125,1,Zemin,30 Yaşında,Soba,Yok,Yok,Yok,İkinci El,Kiracılı,Kat İrtifakı,Hayır,Eşyalı Değil,2500000.0,3,1
1.650.000 TL,Yunusemre,189,1,-,45 Yaşında,Soba,Yok,Yok,Yok,İkinci El,Boş,Arsa,Hayır,Eşyalı Değil,1650000.0,2,1
2.390.000 TL,Akhisar,55,1,1. Kat,Sıfır Bina,Kombi,Yok,Var,Var,-,Boş,Kat İrtifakı,Evet,Eşyalı Değil,2390000.0,1,1
3.200.000 TL,Salihli,50,1,Yüksek Giriş,2 Yaşında,Soba,Yok,Yok,Yok,İkinci El,-,Arsa,Hayır,-,3200000.0,1,1
2.290.000 TL,Turgutlu,110,1,4. Kat,21 Yaşında,Kombi,Var,Yok,Yok,-,Mülk Sahibi,Kat Mülkiyeti,Hayır,Eşyalı Değil,2290000.0,3,1
1.650.000 TL,Saruhanli,100,1,-,35 Yaşında,Soba,Yok,Yok,Yok,İkinci El,Boş,Müstakil Tapulu,Hayır,Eşyalı Değil,1650000.0,2,1
4.250.000 TL,Yunusemre,80,1,Ara Kat,Sıfır Bina,Kombi,Var,Var,Var,Sıfır,Boş,Kat İrtifakı,Evet,Eşyalı Değil,4250000.0,2,1
3.180.000 TL,Akhisar,130,1,3. Kat,7 Yaşında,Kombi,Yok,Var,Var,-,-,Kat İrtifakı,-,-,3180000.0,3,1
3.125.000 TL,Turgutlu,55,1,5. Kat,Sıfır Bina,Merkezi (Pay Öl...,Yok,Yok,Var,-,Boş,Kat İrtifakı,Hayır,Eşyalı Değil,3125000.0,1,1
1.950.000 TL,Turgutlu,120,1,1. Kat,16 Yaşında,Isıtma Yok,Var,Yok,Yok,-,Boş,Kat Mülkiyeti,Hayır,Eşyalı Değil,1950000.0,3,1
1.500.000 TL,Turgutlu,70,1,Bahçe Katı,21 Yaşında,Soba,Yok,Yok,Yok,-,Boş,Arsa,Hayır,Eşyalı Değil,1500000.0,2,0
8.150.000 TL,Sehzadeler,175,2,Bahçe Katı,5 Yaşında,Kat Kaloriferi,Var,Var,Yok,-,Mülk Sahibi,Kat İrtifakı,Evet,Eşyalı Değil,8150000.0,4,1
4.500.000 TL,Salihli,160,1,Giriş Katı,7 Yaşında,Kat Kaloriferi,Var,Var,Var,İkinci El,Boş,Kat İrtifakı,Evet,Eşyalı Değil,4500000.0,3,1
6.500.000 TL,Turgutlu,179,2,8. Kat,5 Yaşında,Kombi,Var,Var,Var,-,Kiracılı,Kat İrtifakı,Hayır,Eşyalı Değil,6500000.0,4,1
4.350.000 TL,Yunusemre,150,2,2. Kat,1 Yaşında,Kombi,Var,Yok,Var,-,Boş,Kat İrtifakı,Hayır,Eşyalı Değil,4350000.0,3,1
2.900.000 TL,Yunusemre,58,1,3. Kat,Sıfır Bina,Kombi,Var,Yok,Var,-,Boş,Kat İrtifakı,Evet,Eşyalı Değil,2900000.0,1,1
3.950.000 TL,Turgutlu,110,2,9. Kat,Sıfır Bina,Merkezi (Pay Öl...,Var,Yok,Yok,-,Mülk Sahibi,Kat İrtifakı,Evet,Eşyalı Değil,3950000.0,2,1
8.000.000 TL,Turgutlu,162,2,1. Kat,Sıfır Bina,Kombi,Yok,Yok,Var,-,Boş,Tapu Yok,Evet,Eşyalı Değil,8000000.0,3,1
3.875.000 TL,Sehzadeler,160,1,Zemin,34 Yaşında,Kombi,Yok,Var,Yok,İkinci El,Boş,Kat İrtifakı,Evet,Eşyalı Değil,3875000.0,3,1
5.250.000 TL,Turgutlu,153,1,Ara Kat,Sıfır Bina,Yerden Isıtma,Yok,Var,Var,Sıfır,Boş,Kat Mülkiyeti,Evet,-,5250000.0,3,1
3.500.000 TL,Sehzadeler,130,2,2. Kat,26 Yaşında,Kombi,Var,Var,Var,İkinci El,Boş,Kat Mülkiyeti,Hayır,Eşyalı Değil,3500000.0,3,0
2.685.000 TL,Yunusemre,100,1,Yüksek Giriş,6 Yaşında,Kombi,Var,Yok,Yok,-,Kiracılı,Kat İrtifakı,Hayır,Eşyalı Değil,2685000.0,2,1
4.100.000 TL,Yunusemre,125,1,2. Kat,8 Yaşında,Kombi,Var,Var,Var,İkinci El,-,Kat İrtifakı,Hayır,Eşyalı Değil,4100000.0,3,1
3.450.000 TL,Turgutlu,130,1,5. Kat,1 Yaşında,Kombi,Yok,Var,Var,-,Boş,Kat Mülkiyeti,Hayır,Eşyalı Değil,3450000.0,3,1
3.300.000 TL,Salihli,117,1,1. Kat,25 Yaşında,Kombi,Yok,Var,Yok,İkinci El,Kiracılı,Kat Mülkiyeti,Hayır,Eşyalı Değil,3300000.0,3,1
6.575.000 TL,Yunusemre,110,1,2. Kat,5 Yaşında,Kombi,Yok,Var,Yok,İkinci El,Boş,Kat İrtifakı,Evet,Eşyalı Değil,6575000.0,2,1
3.400.000 TL,Yunusemre,95,1,4. Kat,5 Yaşında,Kombi,Yok,Var,Yok,-,Mülk Sahibi,Kat İrtifakı,Hayır,Eşyalı Değil,3400000.0,2,1
2.500.000 TL,Yunusemre,60,1,-,1 Yaşında,Klima,Yok,Yok,Yok,İkinci El,Mülk Sahibi,Kat İrtifakı,Evet,Eşyalı Değil,2500000.0,2,1
1.950.000 TL,Turgutlu,95,1,4. Kat,30 Yaşında,Klima,Yok,Yok,Yok,-,-,Kat Mülkiyeti,-,-,1950000.0,2,1
2.550.000 TL,Turgutlu,135,-,-,-,-,Yok,Yok,Yok,-,-,-,-,-,2550000.0,3,1
1.875.000 TL,Akhisar,118,1,4. Kat,21 Yaşında,Kombi,Var,Yok,Yok,-,Boş,Kat Mülkiyeti,Hayır,Eşyalı Değil,1875000.0,3,1
2.380.000 TL,Turgutlu,115,1,Zemin,11 Yaşında,Kombi,Yok,Yok,Yok,-,Mülk Sahibi,Kat Mülkiyeti,Hayır,Eşyalı Değil,2380000.0,3,1
3.050.000 TL,Saruhanli,75,1,3. Kat,1 Yaşında,Kombi,Yok,Yok,Var,-,Boş,Kat İrtifakı,Evet,Eşyalı Değil,3050000.0,2,1
4.250.000 TL,Salihli,150,1,4. Kat,15 Yaşında,Kombi,Yok,Yok,Yok,İkinci El,Boş,Kat Mülkiyeti,Hayır,Eşyalı Değil,4250000.0,3,1
5.475.000 TL,Yunusemre,95,1,2. Kat,1 Yaşında,Kombi,Var,Var,Var,-,Boş,Kat İrtifakı,Evet,Eşyalı Değil,5475000.0,2,1
3.800.000 TL,Turgutlu,110,1,2. Kat,Sıfır Bina,Kombi,Var,Var,Var,-,Boş,Kat İrtifakı,Hayır,Eşyalı Değil,3800000.0,2,1
5.350.000 TL,Turgutlu,140,2,1. Kat,1 Yaşında,Yerden Isıtma,Yok,Var,Var,-,Boş,Kat Mülkiyeti,Hayır,Eşyalı Değil,5350000.0,3,1
3.100.000 TL,Akhisar,135,1,3. Kat,Sıfır Bina,Kombi,Yok,Var,Var,Sıfır,Boş,Kat Mülkiyeti,Evet,Eşyalı Değil,3100000.0,3,1
7.750.000 TL,Salihli,190,2,3. Kat,Sıfır Bina,Kombi,Var,Var,Var,-,Mülk Sahibi,Kat Mülkiyeti,Evet,Eşyalı Değil,7750000.0,3,1
2.250.000 TL,Turgutlu,142,1,1. Kat,26 Yaşında,Soba,Yok,Yok,Yok,-,Boş,Müstakil Tapulu,Evet,Eşyalı Değil,2250000.0,2,1
2.850.000 TL,Akhisar,135,1,3. Kat,28 Yaşında,Kombi,Var,Yok,Var,İkinci El,Mülk Sahibi,Müstakil Tapulu,Evet,Eşyalı Değil,2850000.0,3,1
3.950.000 TL,Sehzadeler,130,1,Yüksek Giriş,18 Yaşında,Kombi,Yok,Yok,Var,İkinci El,Boş,Kat İrtifakı,Hayır,Eşyalı Değil,3950000.0,3,1
2.200.000 TL,Koprubasi,130,1,En Üst Kat,7 Yaşında,Soba,Yok,Yok,Yok,İkinci El,Mülk Sahibi,Kat İrtifakı,Hayır,Eşyalı Değil,2200000.0,3,1
12.500.000 TL,Turgutlu,380,3,Bahçe Katı,5 Yaşında,Isıtma Yok,Var,Var,Yok,-,Mülk Sahibi,Kat İrtifakı,Hayır,Eşyalı Değil,12500000.0,3,1
3.100.000 TL,Akhisar,85,2,1. Kat,Sıfır Bina,Yerden Isıtma,Yok,Var,Var,Sıfır,Boş,Kat Mülkiyeti,Evet,Eşyalı Değil,3100000.0,2,1
3.425.000 TL,Salihli,95,1,3. Kat,4 Yaşında,Kombi,Yok,Var,Var,-,Kiracılı,Kat Mülkiyeti,Hayır,Eşyalı Değil,3425000.0,2,1
4.390.000 TL,Turgutlu,185,2,4. Kat,Sıfır Bina,Kombi,Yok,Var,Yok,-,Boş,Tapu Yok,Evet,Eşyalı Değil,4390000.0,3,1
3.400.000 TL,Salihli,140,1,2. Kat,25 Yaşında,Kombi,Yok,Var,Yok,İkinci El,Boş,Kat İrtifakı,Hayır,Eşyalı Değil,3400000.0,3,2
1.750.000 TL,Akhisar,130,1,Zemin,26 Yaşında,Soba,Yok,Yok,Yok,-,Boş,Kat İrtifakı,Hayır,Eşyalı Değil,1750000.0,3,1
1.550.000 TL,Akhisar,67,1,-,24 Yaşında,Klima,Yok,Yok,Yok,İkinci El,Boş,Müstakil Tapulu,Hayır,Eşyalı Değil,1550000.0,2,1
2.950.000 TL,Yunusemre,95,2,Yüksek Giriş,Sıfır Bina,Kombi,Yok,Var,Yok,Sıfır,Boş,Müstakil Tapulu,Evet,Eşyalı Değil,2950000.0,2,0
4.800.000 TL,Sehzadeler,130,1,Kot 2,25 Yaşında,Kombi,Yok,Yok,Yok,İkinci El,Boş,Kat İrtifakı,Hayır,Eşyalı Değil,4800000.0,3,1
2.450.000 TL,Sehzadeler,100,1,1. Kat,5 Yaşında,Kombi,Yok,Yok,Yok,-,Boş,Kat Mülkiyeti,Hayır,Eşyalı Değil,2450000.0,2,1
3.850.000 TL,Turgutlu,114,1,4. Kat,6 Yaşında,Kombi,Yok,Var,Yok,İkinci El,-,Kat Mülkiyeti,-,Eşyalı Değil,3850000.0,3,1
22.000.000 TL,Yunusemre,280,4,-,2 Yaşında,Yerden Isıtma,Yok,Yok,Yok,İkinci El,-,Kat Mülkiyeti,Evet,-,22000000.0,5,1
4.350.000 TL,Akhisar,145,2,4. Kat,1 Yaşında,Kombi,Var,Var,Var,-,Boş,Kat Mülkiyeti,Hayır,Eşyalı Değil,4350000.0,3,1
2.045.000 TL,Salihli,135,-,-,-,-,Yok,Yok,Yok,-,-,-,-,-,2045000.0,3,1
4.300.000 TL,Sehzadeler,135,-,-,-,-,Yok,Yok,Yok,-,-,-,-,-,4300000.0,3,1
3.600.000 TL,Saruhanli,140,1,4. Kat,1 Yaşında,Kombi,Var,Var,Yok,-,Boş,Kat Mülkiyeti,Evet,Eşyalı,3600000.0,3,1
7.750.000 TL,Salihli,190,2,3. Kat,8 Yaşında,Kombi,Var,Var,Var,-,-,Kat Mülkiyeti,-,-,7750000.0,3,1
2.750.000 TL,Sehzadeler,55,1,Zemin,25 Yaşında,Kombi,Yok,Yok,Yok,İkinci El,Kiracılı,Kat İrtifakı,Evet,Eşyalı Değil,2750000.0,1,1
2.950.000 TL,Yunusemre,55,1,2. Kat,1 Yaşında,Kombi,Yok,Yok,Yok,-,Boş,Kat İrtifakı,Evet,Eşyalı Değil,2950000.0,1,1
5.900.000 TL,Salihli,200,1,3. Kat,5 Yaşında,Kombi,Yok,Var,Var,İkinci El,Mülk Sahibi,Kat Mülkiyeti,Evet,Eşyalı Değil,5900000.0,3,1
5.100.000 TL,Yunusemre,120,1,5. Kat,26 Yaşında,Kombi,Yok,Var,Var,-,Mülk Sahibi,Kat İrtifakı,Hayır,Eşyalı Değil,5100000.0,3,1
3.950.000 TL,Sehzadeler,130,1,3. Kat,20 Yaşında,Kombi,Var,Var,Var,-,-,Kat İrtifakı,Hayır,Eşyalı Değil,3950000.0,3,1
340.000 TL,Sarigol,300,1,-,26 Yaşında,Soba,Yok,Yok,Yok,-,Mülk Sahibi,Hisseli Tapu,Hayır,Eşyalı Değil,340000.0,2,1
3.500.000 TL,Turgutlu,100,1,4. Kat,7 Yaşında,Kombi,Var,Yok,Yok,İkinci El,Mülk Sahibi,Kat Mülkiyeti,Hayır,Eşyalı Değil,3500000.0,2,1
2.850.000 TL,Yunusemre,95,1,Yüksek Giriş,3 Yaşında,Kombi,Yok,Yok,Var,-,Boş,Kat İrtifakı,Evet,Eşyalı Değil,2850000.0,2,1
3.590.000 TL,Sehzadeler,105,1,Ara Kat,25 Yaşında,Kombi,Var,Var,Yok,İkinci El,Boş,Kat Mülkiyeti,Evet,Eşyalı Değil,3590000.0,3,1
4.500.000 TL,Yunusemre,135,-,-,-,-,Yok,Yok,Yok,-,-,-,-,-,4500000.0,3,1
3.150.000 TL,Turgutlu,95,1,4. Kat,Sıfır Bina,Kombi,Yok,Var,Var,-,Boş,Kat İrtifakı,Evet,-,3150000.0,2,1
4.650.000 TL,Turgutlu,152,2,4. Kat,1 Yaşında,Merkezi (Pay Öl...,Var,Var,Var,-,Boş,Kat İrtifakı,Hayır,Eşyalı Değil,4650000.0,3,1
4.400.000 TL,Salihli,210,2,4. Kat,6 Yaşında,Kombi,Yok,Yok,Var,İkinci El,Boş,Kat Mülkiyeti,Hayır,Eşyalı Değil,4400000.0,4,1
4.500.000 TL,Turgutlu,127,1,4. Kat,1 Yaşında,Kombi,Var,Var,Var,-,Boş,Kat Mülkiyeti,Hayır,Eşyalı Değil,4500000.0,3,1
4.500.000 TL,Turgutlu,155,2,5. Kat,15 Yaşında,Kombi,Var,Var,Var,İkinci El,Boş,Kat Mülkiyeti,Hayır,Eşyalı Değil,4500000.0,3,1
3.850.000 TL,Akhisar,200,2,En Üst Kat,Sıfır Bina,Kombi,Var,Var,Var,Sıfır,Boş,Kat İrtifakı,-,Eşyalı Değil,3850000.0,4,1
3.500.000 TL,Yunusemre,110,1,Yüksek Giriş,Sıfır Bina,Kombi,Yok,Yok,Yok,Sıfır,-,Müstakil Tapulu,Evet,Eşyalı Değil,3500000.0,3,0
4.750.000 TL,Akhisar,105,1,Ara Kat,7 Yaşında,Kombi,Yok,Yok,Var,İkinci El,Kiracılı,Kat İrtifakı,Evet,Eşyalı Değil,4750000.0,2,1
4.450.000 TL,Sehzadeler,130,1,Yüksek Giriş,30 Yaşında,Kombi,Yok,Var,Var,İkinci El,Boş,Kat Mülkiyeti,Evet,Eşyalı Değil,4450000.0,3,1
6.875.000 TL,Yunusemre,135,1,5. Kat,13 Yaşında,Kombi,Var,Var,Var,İkinci El,Boş,Kat İrtifakı,Hayır,Eşyalı Değil,6875000.0,3,1
3.950.000 TL,Yunusemre,130,1,1. Kat,7 Yaşında,Kombi,Var,Var,Var,İkinci El,Boş,Kat İrtifakı,Evet,Eşyalı Değil,3950000.0,3,1
5.250.000 TL,Yunusemre,245,1,3. Kat,3 Yaşında,Kombi,Var,Var,Var,-,Mülk Sahibi,Kat Mülkiyeti,Hayır,Eşyalı Değil,5250000.0,4,1
1.685.000 TL,Akhisar,90,1,En Üst Kat,27 Yaşında,Soba,Yok,Yok,Yok,-,-,Müstakil Tapulu,Evet,-,1685000.0,2,1
2.900.000 TL,Turgutlu,135,-,-,-,-,Yok,Yok,Yok,-,-,-,-,-,2900000.0,3,1
3.300.000 TL,Yunusemre,100,1,1. Kat,4 Yaşında,Kombi,Var,Var,Var,-,Mülk Sahibi,Kat İrtifakı,Hayır,-,3300000.0,2,1
3.500.000 TL,Turgutlu,110,1,1. Kat,1 Yaşında,Kombi,Yok,Var,Var,-,Boş,Kat İrtifakı,Evet,Eşyalı Değil,3500000.0,2,1
3.800.000 TL,Salihli,110,1,2. Kat,Sıfır Bina,Yerden Isıtma,Var,Var,Yok,-,Boş,Kat İrtifakı,Evet,Eşyalı Değil,3800000.0,2,1
3.425.000 TL,Salihli,120,1,3. Kat,1 Yaşında,Kombi,Var,Var,Var,-,Boş,Kat Mülkiyeti,Hayır,Eşyalı Değil,3425000.0,3,1
3.850.000 TL,Akhisar,125,1,3. Kat,2 Yaşında,Kombi,Yok,Var,Yok,Sıfır,Boş,Kat İrtifakı,Hayır,Eşyalı Değil,3850000.0,3,1
3.500.000 TL,Akhisar,130,1,1. Kat,1 Yaşında,Kombi,Yok,Var,Var,İkinci El,Mülk Sahibi,Kat İrtifakı,Evet,Eşyalı Değil,3500000.0,3,1
7.000.000 TL,Salihli,120,1,-,15 Yaşında,Soba,Yok,Var,Var,İkinci El,Mülk Sahibi,Kat İrtifakı,Hayır,Eşyalı Değil,7000000.0,3,1
5.700.000 TL,Salihli,135,1,4. Kat,Sıfır Bina,Isıtma Yok,Var,Var,Var,Sıfır,Boş,Kat İrtifakı,Hayır,Eşyalı Değil,5700000.0,3,1
4.600.000 TL,Yunusemre,140,2,2. Kat,5 Yaşında,Kombi,Yok,Var,Yok,İkinci El,-,Müstakil Tapulu,Evet,-,4600000.0,3,1
2.100.000 TL,Alasehir,58,1,2. Kat,4 Yaşında,Klima,Var,Yok,Yok,-,Boş,Kat Mülkiyeti,Hayır,Eşyalı,2100000.0,1,1
3.750.000 TL,Turgutlu,135,1,4. Kat,16 Yaşında,Kombi,Yok,Yok,Yok,-,Kiracılı,Müstakil Tapulu,Hayır,Eşyalı Değil,3750000.0,3,1
4.550.000 TL,Akhisar,140,2,3. Kat,Sıfır Bina,Kombi,Yok,Yok,Var,-,Boş,Kat Mülkiyeti,Evet,Eşyalı Değil,4550000.0,3,1
4.100.000 TL,Akhisar,132,2,1. Kat,Sıfır Bina,Kombi,Yok,Yok,Var,-,Boş,Kat İrtifakı,Hayır,Eşyalı Değil,4100000.0,3,1
6.000.000 TL,Turgutlu,150,2,2. Kat,Sıfır Bina,Yerden Isıtma,Var,Var,Var,-,Boş,Kat Mülkiyeti,Evet,Eşyalı Değil,6000000.0,3,1
2.950.000 TL,Akhisar,95,1,4. Kat,Sıfır Bina,Kombi,Yok,Var,Var,Sıfır,Boş,Kat İrtifakı,Hayır,Eşyalı Değil,2950000.0,2,1
3.490.000 TL,Turgutlu,100,1,3. Kat,Sıfır Bina,Yerden Isıtma,Var,Var,Var,-,Boş,Kat Mülkiyeti,Evet,Eşyalı Değil,3490000.0,2,1
4.150.000 TL,Yunusemre,130,1,3. Kat,21 Yaşında,Kombi,Yok,Var,Var,İkinci El,Boş,Kat İrtifakı,Evet,Eşyalı Değil,4150000.0,3,1
4.750.000 TL,Turgutlu,180,2,3. Kat,15 Yaşında,Kombi,Var,Var,Var,İkinci El,Boş,Kat Mülkiyeti,Hayır,Eşyalı,4750000.0,3,1
3.875.000 TL,Sehzadeler,115,1,3. Kat,26 Yaşında,Kombi,Yok,Var,Yok,-,Boş,Kat İrtifakı,Evet,Eşyalı Değil,3875000.0,3,1
5.400.000 TL,Turgutlu,200,1,1. Kat,21 Yaşında,Kombi,Var,Yok,Yok,-,Mülk Sahibi,Kat İrtifakı,Hayır,Eşyalı Değil,5400000.0,4,1
5.450.000 TL,Sehzadeler,127,1,6. Kat,15 Yaşında,Kombi,Var,Var,Var,İkinci El,Mülk Sahibi,Kat Mülkiyeti,Evet,Eşyalı Değil,5450000.0,3,1
3.875.000 TL,Soma,135,1,Yüksek Giriş,11 Yaşında,Jeotermal Isıtm...,Var,Yok,Var,-,-,Kat Mülkiyeti,Evet,Eşyalı Değil,3875000.0,3,1
3.900.000 TL,Yunusemre,85,1,2. Kat,1 Yaşında,Yerden Isıtma,Yok,Var,Var,-,Boş,Kat İrtifakı,Hayır,Eşyalı Değil,3900000.0,2,1
3.500.000 TL,Turgutlu,125,1,4. Kat,6 Yaşında,Kombi,Var,Yok,Var,-,Kiracılı,Kat Mülkiyeti,Evet,Eşyalı Değil,3500000.0,3,1
5.750.000 TL,Yunusemre,80,1,Bahçe Katı,3 Yaşında,Kombi,Yok,Yok,Yok,-,Mülk Sahibi,Kat İrtifakı,Hayır,Eşyalı Değil,5750000.0,2,1
4.150.000 TL,Salihli,135,2,5. Kat,Sıfır Bina,Yerden Isıtma,Yok,Var,Var,Sıfır,Boş,Kat İrtifakı,-,Eşyalı Değil,4150000.0,3,1
3.900.000 TL,Akhisar,105,1,2. Kat,5 Yaşında,Kombi,Yok,Var,Yok,-,Kiracılı,Kat İrtifakı,Hayır,Eşyalı,3900000.0,2,1
4.600.000 TL,Turgutlu,135,1,2. Kat,6 Yaşında,Kombi,Yok,Yok,Yok,-,Boş,Kat Mülkiyeti,Evet,Eşyalı Değil,4600000.0,3,1
3.950.000 TL,Turgutlu,115,1,3. Kat,16 Yaşında,Kombi,Var,Var,Var,-,Mülk Sahibi,Kat Mülkiyeti,Hayır,Eşyalı Değil,3950000.0,2,1
4.100.000 TL,Turgutlu,102,2,5. Kat,Sıfır Bina,Yerden Isıtma,Yok,Var,Var,Sıfır,Boş,Kat İrtifakı,Evet,Eşyalı Değil,4100000.0,2,1
6.500.000 TL,Salihli,175,1,2. Kat,12 Yaşında,Kombi,Yok,Var,Yok,İkinci El,Mülk Sahibi,Kat İrtifakı,Hayır,Eşyalı Değil,6500000.0,3,1
3.700.000 TL,Yunusemre,95,1,Yüksek Giriş,4 Yaşında,Kombi,Var,Yok,Yok,-,Mülk Sahibi,Kat İrtifakı,Evet,Eşyalı Değil,3700000.0,2,1
5.500.000 TL,Salihli,160,2,Kot 2,5 Yaşında,Kombi,Yok,Yok,Var,-,Mülk Sahibi,Kat İrtifakı,Evet,Eşyalı Değil,5500000.0,3,1
4.440.000 TL,Turgutlu,200,2,4. Kat,Sıfır Bina,Kombi,Yok,Yok,Var,-,Boş,Kat Mülkiyeti,Hayır,Eşyalı Değil,4440000.0,4,1
5.600.000 TL,Turgutlu,134,2,Ara Kat,Sıfır Bina,Kombi,Yok,Var,Var,-,-,Kat Mülkiyeti,Hayır,Eşyalı Değil,5600000.0,3,1
4.700.000 TL,Sehzadeler,125,1,Ara Kat,25 Yaşında,Kombi,Var,Var,Yok,İkinci El,Mülk Sahibi,Kat Mülkiyeti,Hayır,Eşyalı Değil,4700000.0,3,1
3.500.000 TL,Yunusemre,95,1,2. Kat,1 Yaşında,Yerden Isıtma,Var,Var,Yok,-,Boş,Kat İrtifakı,Evet,Eşyalı Değil,3500000.0,2,1
5.250.000 TL,Yunusemre,280,3,5. Kat,1 Yaşında,Kombi,Var,Var,Var,-,Boş,Kat İrtifakı,Evet,Eşyalı Değil,5250000.0,5,1
4.750.000 TL,Turgutlu,130,1,2. Kat,Sıfır Bina,Kombi,Var,Var,Var,-,Boş,Kat İrtifakı,Hayır,Eşyalı Değil,4750000.0,3,1
3.490.000 TL,Turgutlu,130,1,4. Kat,6 Yaşında,Kombi,Yok,Yok,Var,-,Kiracılı,Kat Mülkiyeti,Hayır,Eşyalı Değil,3490000.0,3,1
4.500.000 TL,Turgutlu,155,2,4. Kat,11 Yaşında,Kombi,Var,Var,Var,-,Boş,Kat Mülkiyeti,Evet,Eşyalı Değil,4500000.0,3,1
5.000.000 TL,Yunusemre,250,3,4. Kat,4 Yaşında,Kombi,Yok,Yok,Yok,-,Mülk Sahibi,Kat İrtifakı,Evet,Eşyalı Değil,5000000.0,5,1
4.500.000 TL,Yunusemre,130,1,3. Kat,21 Yaşında,Kombi,Yok,Var,Var,-,Boş,Kat İrtifakı,Hayır,Eşyalı Değil,4500000.0,3,1
4.250.000 TL,Yunusemre,95,1,Yüksek Giriş,11 Yaşında,Kombi,Yok,Var,Var,-,Mülk Sahibi,Kat Mülkiyeti,Evet,Eşyalı Değil,4250000.0,2,1
2.550.000 TL,Sehzadeler,60,1,Zemin,25 Yaşında,Doğalgaz Sobası,Yok,Yok,Yok,İkinci El,Boş,Kat İrtifakı,Evet,Eşyalı Değil,2550000.0,1,1
3.050.000 TL,Yunusemre,85,1,Yüksek Giriş,1 Yaşında,Kombi,Yok,Var,Var,-,Boş,Kat Mülkiyeti,Evet,Eşyalı Değil,3050000.0,2,1
2.500.000 TL,Turgutlu,75,1,Bahçe Katı,4 Yaşında,Klima,Yok,Yok,Yok,-,Boş,Kooperatiften H...,Hayır,Eşyalı,2500000.0,2,1
4.350.000 TL,Yunusemre,120,1,Ara Kat,25 Yaşında,Kombi,Var,Var,Yok,İkinci El,Boş,Kat Mülkiyeti,Evet,Eşyalı Değil,4350000.0,3,1
2.900.000 TL,Yunusemre,85,1,Yüksek Giriş,1 Yaşında,Kombi,Yok,Var,Yok,-,Boş,Kat İrtifakı,Hayır,Eşyalı Değil,2900000.0,2,1
4.250.000 TL,Yunusemre,135,1,3. Kat,1 Yaşında,Kombi,Var,Var,Var,-,Mülk Sahibi,Kat İrtifakı,Hayır,Eşyalı Değil,4250000.0,3,1
6.700.000 TL,Yunusemre,180,2,2. Kat,1 Yaşında,Kombi,Yok,Var,Yok,-,Mülk Sahibi,Kat İrtifakı,Hayır,Eşyalı Değil,6700000.0,4,1
2.650.000 TL,Yunusemre,50,1,2. Kat,7 Yaşında,Kombi,Yok,Yok,Var,İkinci El,Boş,Kat İrtifakı,-,Eşyalı,2650000.0,1,1
3.900.000 TL,Yunusemre,90,1,2. Kat,1 Yaşında,Kombi,Yok,Yok,Var,-,Boş,Kat İrtifakı,Hayır,Eşyalı Değil,3900000.0,2,1
4.650.000 TL,Yunusemre,135,-,-,-,-,Yok,Yok,Yok,-,-,-,-,-,4650000.0,3,1
6.000.000 TL,Yunusemre,280,2,4. Kat,22 Yaşında,Kombi,Var,Var,Var,İkinci El,Mülk Sahibi,Kat İrtifakı,Evet,Eşyalı Değil,6000000.0,4,1
2.550.000 TL,Akhisar,92,1,4. Kat,1 Yaşında,Kombi,Yok,Var,Yok,-,Kiracılı,Kat Mülkiyeti,Hayır,Eşyalı Değil,2550000.0,2,0
2.950.000 TL,Sehzadeler,80,1,2. Kat,21 Yaşında,Kombi,Yok,Var,Var,-,Boş,Kat İrtifakı,Evet,Eşyalı Değil,2950000.0,2,1
3.600.000 TL,Akhisar,90,2,2. Kat,1 Yaşında,Kombi,Yok,Var,Var,-,Boş,Kat Mülkiyeti,Evet,Eşyalı Değil,3600000.0,2,1
14.950.000 TL,Akhisar,225,2,-,Sıfır Bina,Yerden Isıtma,Var,Yok,Var,-,-,Müstakil Tapulu,Hayır,Eşyalı Değil,14950000.0,5,1
4.500.000 TL,Turgutlu,130,2,3. Kat,Sıfır Bina,Kombi,Var,Var,Yok,-,Boş,Kat İrtifakı,Evet,Eşyalı Değil,4500000.0,3,1
4.600.000 TL,Salihli,145,1,3. Kat,20 Yaşında,Kombi,Yok,Var,Var,İkinci El,-,Kat Mülkiyeti,Hayır,-,4600000.0,3,1
4.250.000 TL,Turgutlu,130,1,3. Kat,1 Yaşında,Yerden Isıtma,Var,Var,Yok,-,Boş,Kat İrtifakı,Hayır,-,4250000.0,3,1
3.500.000 TL,Salihli,160,1,6. Kat,21 Yaşında,Kombi,Var,Var,Var,-,Mülk Sahibi,Kat Mülkiyeti,Hayır,Eşyalı Değil,3500000.0,3,1
5.500.000 TL,Turgutlu,310,3,5. Kat,Sıfır Bina,Kombi,Yok,Var,Var,-,Boş,Kat Mülkiyeti,Evet,Eşyalı Değil,5500000.0,5,1
4.740.000 TL,Yunusemre,250,2,4. Kat,1 Yaşında,Kombi,Var,Var,Var,-,Boş,Kat İrtifakı,Hayır,Eşyalı Değil,4740000.0,4,2
4.800.000 TL,Sehzadeler,120,1,3. Kat,25 Yaşında,Kombi,Var,Var,Yok,İkinci El,Boş,Kat İrtifakı,Evet,Eşyalı Değil,4800000.0,3,1
3.650.000 TL,Yunusemre,100,1,5. Kat,21 Yaşında,Kombi,Yok,Var,Yok,-,Boş,Kat İrtifakı,Evet,Eşyalı Değil,3650000.0,3,1
3.600.000 TL,Turgutlu,130,1,3. Kat,16 Yaşında,Kombi,Var,Var,Var,-,Boş,Kat İrtifakı,Evet,Eşyalı Değil,3600000.0,3,1
3.500.000 TL,Yunusemre,115,2,Yüksek Giriş,1 Yaşında,Kombi,Yok,Yok,Var,-,Boş,Kat İrtifakı,Evet,Eşyalı Değil,3500000.0,3,1
4.150.000 TL,Yunusemre,125,1,3. Kat,26 Yaşında,Kombi,Var,Var,Var,-,Boş,Kat İrtifakı,Evet,Eşyalı Değil,4150000.0,3,1
3.450.000 TL,Yunusemre,95,1,1. Kat,1 Yaşında,Kombi,Yok,Var,Yok,-,Boş,Kat İrtifakı,Hayır,Eşyalı Değil,3450000.0,2,1
2.500.000 TL,Turgutlu,141,1,3. Kat,11 Yaşında,Kombi,Yok,Var,Yok,-,Kiracılı,Kat İrtifakı,Hayır,-,2500000.0,3,1
4.250.000 TL,Yunusemre,125,1,2. Kat,4 Yaşında,Kombi,Yok,Yok,Var,-,Boş,Kat İrtifakı,Evet,Eşyalı Değil,4250000.0,3,1
4.500.000 TL,Yunusemre,125,1,2. Kat,5 Yaşında,Kombi,Yok,Var,Var,İkinci El,Mülk Sahibi,Müstakil Tapulu,Evet,Eşyalı Değil,4500000.0,3,1
4.600.000 TL,Akhisar,230,2,3. Kat,1 Yaşında,Kombi,Yok,Var,Var,-,Boş,Kat İrtifakı,Evet,Eşyalı Değil,4600000.0,5,1
7.200.000 TL,Salihli,116,1,-,5 Yaşında,Soba,Yok,Var,Var,İkinci El,Kiracılı,Kat İrtifakı,Hayır,Eşyalı Değil,7200000.0,2,1
3.600.000 TL,Salihli,231,1,5. Kat,10 Yaşında,Kombi,Yok,Var,Yok,Sıfır,Boş,Kat İrtifakı,-,Eşyalı Değil,3600000.0,3,1
6.200.000 TL,Salihli,135,2,3. Kat,Sıfır Bina,Kombi,Var,Yok,Var,Sıfır,Boş,Kat İrtifakı,Evet,Eşyalı Değil,6200000.0,3,1
4.200.000 TL,Turgutlu,100,1,2. Kat,1 Yaşında,Kombi,Yok,Yok,Var,-,Boş,Kat Mülkiyeti,Hayır,Eşyalı Değil,4200000.0,2,1
4.100.000 TL,Yunusemre,110,1,4. Kat,1 Yaşında,Kombi,Yok,Yok,Var,-,Boş,Kat İrtifakı,Evet,Eşyalı Değil,4100000.0,2,1
3.600.000 TL,Yunusemre,85,1,4. Kat,Sıfır Bina,Yerden Isıtma,Yok,Yok,Yok,-,Boş,Kat İrtifakı,Hayır,Eşyalı Değil,3600000.0,2,1
3.400.000 TL,Yunusemre,100,1,Yüksek Giriş,1 Yaşında,Kombi,Yok,Yok,Var,-,Boş,Kat İrtifakı,Hayır,Eşyalı Değil,3400000.0,2,1
3.950.000 TL,Turgutlu,125,2,3. Kat,1 Yaşında,Kombi,Var,Var,Yok,-,Boş,Kat Mülkiyeti,Hayır,Eşyalı Değil,3950000.0,3,1
4.000.000 TL,Turgutlu,105,1,2. Kat,Sıfır Bina,Kombi,Yok,Yok,Yok,Sıfır,Boş,Kat Mülkiyeti,-,Eşyalı Değil,4000000.0,2,1
4.100.000 TL,Yunusemre,140,2,Yüksek Giriş,1 Yaşında,Kombi,Yok,Yok,Var,-,Boş,Kat İrtifakı,Evet,Eşyalı Değil,4100000.0,3,1
3.900.000 TL,Sehzadeler,140,1,1. Kat,25 Yaşında,Kombi,Var,Var,Yok,İkinci El,Boş,Kat İrtifakı,Hayır,Eşyalı Değil,3900000.0,3,1
1.600.000 TL,Turgutlu,75,1,2. Kat,11 Yaşında,Kombi,Yok,Yok,Yok,-,Boş,Kat Mülkiyeti,Hayır,Eşyalı Değil,1600000.0,2,1
3.250.000 TL,Akhisar,135,1,1. Kat,Sıfır Bina,Kombi,Yok,Var,Var,-,Boş,Kat Mülkiyeti,Evet,Eşyalı Değil,3250000.0,3,1
5.200.000 TL,Sehzadeler,195,1,Ara Kat,Sıfır Bina,Kombi,Var,Var,Yok,Sıfır,Boş,Kat Mülkiyeti,Hayır,Eşyalı Değil,5200000.0,5,1
4.300.000 TL,Yunusemre,140,1,2. Kat,6 Yaşında,Kombi,Yok,Var,Var,-,Kiracılı,Kat İrtifakı,Hayır,Eşyalı Değil,4300000.0,3,1
3.650.000 TL,Yunusemre,105,1,4. Kat,5 Yaşında,Kombi,Yok,Yok,Var,-,Mülk Sahibi,Kat İrtifakı,Hayır,Eşyalı Değil,3650000.0,2,1
2.690.000 TL,Turgutlu,90,1,Ara Kat,7 Yaşında,Kombi,Yok,Yok,Yok,İkinci El,Kiracılı,Kat İrtifakı,Hayır,Eşyalı Değil,2690000.0,2,1
3.300.000 TL,Salihli,100,1,2. Kat,25 Yaşında,Kombi,Yok,Var,Yok,İkinci El,Kiracılı,Kat Mülkiyeti,Hayır,Eşyalı Değil,3300000.0,2,1
3.750.000 TL,Turgutlu,120,1,2. Kat,5 Yaşında,Kombi,Yok,Var,Var,-,Boş,Müstakil Tapulu,Hayır,Eşyalı Değil,3750000.0,3,1
3.695.000 TL,Saruhanli,120,1,3. Kat,1 Yaşında,Kombi,Yok,Var,Yok,-,Boş,Kat İrtifakı,Hayır,Eşyalı Değil,3695000.0,3,1
6.600.000 TL,Yunusemre,158,1,2. Kat,30 Yaşında,Kombi,Var,Var,Yok,İkinci El,Mülk Sahibi,Kat İrtifakı,Evet,Eşyalı Değil,6600000.0,3,1
8.600.000 TL,Yunusemre,114,1,6. Kat,Sıfır Bina,Kombi,Yok,Var,Var,-,Mülk Sahibi,Kat İrtifakı,Evet,Eşyalı Değil,8600000.0,3,1
2.750.000 TL,Saruhanli,140,1,Bahçe Katı,6 Yaşında,Soba,Yok,Yok,Yok,-,Mülk Sahibi,Müstakil Tapulu,Hayır,Eşyalı,2750000.0,3,1
3.950.000 TL,Yunusemre,160,1,Yüksek Giriş,25 Yaşında,Kombi,Yok,Var,Var,İkinci El,Boş,Kat İrtifakı,Hayır,Eşyalı Değil,3950000.0,3,1
3.850.000 TL,Akhisar,140,2,2. Kat,Sıfır Bina,Kombi,Yok,Yok,Yok,-,Boş,Kat İrtifakı,Hayır,Eşyalı Değil,3850000.0,3,1
3.550.000 TL,Akhisar,96,1,2. Kat,Sıfır Bina,Kombi,Var,Var,Var,Sıfır,Boş,Kat İrtifakı,Hayır,Eşyalı,3550000.0,2,1
6.500.000 TL,Akhisar,210,2,3. Kat,3 Yaşında,Kombi,Var,Yok,Var,-,Mülk Sahibi,Kat İrtifakı,Evet,Eşyalı Değil,6500000.0,4,1
3.850.000 TL,Yunusemre,95,1,Yüksek Giriş,Sıfır Bina,Kombi,Yok,Var,Var,-,Boş,Kat İrtifakı,Evet,Eşyalı Değil,3850000.0,2,1
4.500.000 TL,Yunusemre,145,1,3. Kat,3 Yaşında,Kombi,Yok,Yok,Var,-,Boş,Kat İrtifakı,Evet,Eşyalı Değil,4500000.0,3,1
3.400.000 TL,Yunusemre,83,1,4. Kat,Sıfır Bina,Kombi,Yok,Var,Yok,Sıfır,Boş,Kat İrtifakı,Hayır,Eşyalı,3400000.0,2,1
5.250.000 TL,Akhisar,250,2,4. Kat,5 Yaşında,Kombi,Yok,Var,Var,-,Mülk Sahibi,Kat İrtifakı,Evet,Eşyalı Değil,5250000.0,5,1
5.000.000 TL,Yunusemre,145,1,3. Kat,Sıfır Bina,Kombi,Var,Var,Var,Sıfır,Boş,Kat İrtifakı,Evet,Eşyalı Değil,5000000.0,3,1
4.350.000 TL,Yunusemre,130,1,4. Kat,4 Yaşında,Kombi,Yok,Var,Var,-,Boş,Kat İrtifakı,Evet,Eşyalı Değil,4350000.0,3,1
3.890.000 TL,Yunusemre,105,1,4. Kat,21 Yaşında,Kombi,Yok,Var,Var,-,Boş,Müstakil Tapulu,Evet,Eşyalı Değil,3890000.0,2,1
3.200.000 TL,Yunusemre,95,1,4. Kat,1 Yaşında,Kombi,Yok,Var,Yok,-,Kiracılı,Kat İrtifakı,Evet,Eşyalı Değil,3200000.0,2,1
3.500.000 TL,Yunusemre,80,1,2. Kat,Sıfır Bina,Kombi,Yok,Yok,Yok,-,Boş,Kat İrtifakı,Hayır,Eşyalı Değil,3500000.0,2,1
870.000 TL,Koprubasi,188,1,-,20 Yaşında,Kombi,Yok,Yok,Yok,-,-,Müstakil Tapulu,-,-,870000.0,2,2
4.400.000 TL,Yunusemre,180,2,5. Kat,4 Yaşında,Kombi,Var,Var,Yok,-,Boş,Kat İrtifakı,Hayır,Eşyalı Değil,4400000.0,4,1
2.500.000 TL,Turgutlu,135,1,3. Kat,21 Yaşında,Kombi,Yok,Yok,Yok,-,Kiracılı,Kat İrtifakı,Hayır,Eşyalı Değil,2500000.0,3,1
5.750.000 TL,Yunusemre,150,2,2. Kat,4 Yaşında,Kombi,Var,Var,Yok,-,Kiracılı,Kat İrtifakı,Evet,Eşyalı Değil,5750000.0,3,1
3.500.000 TL,Yunusemre,60,1,3. Kat,1 Yaşında,Kombi,Yok,Var,Var,-,Boş,Kat İrtifakı,Hayır,-,3500000.0,1,1
4.250.000 TL,Turgutlu,130,1,4. Kat,Sıfır Bina,Kombi,Var,Var,Var,-,Boş,Kat Mülkiyeti,Hayır,Eşyalı Değil,4250000.0,3,1
4.100.000 TL,Akhisar,140,1,2. Kat,1 Yaşında,Yerden Isıtma,Yok,Var,Yok,-,Boş,Kat İrtifakı,Hayır,Eşyalı Değil,4100000.0,3,1
3.950.000 TL,Yunusemre,100,2,2. Kat,Sıfır Bina,Yerden Isıtma,Yok,Var,Yok,-,Boş,Kat İrtifakı,Hayır,Eşyalı Değil,3950000.0,2,1
3.650.000 TL,Yunusemre,85,1,Yüksek Giriş,Sıfır Bina,Kombi,Yok,Var,Yok,-,Boş,Kat İrtifakı,Hayır,Eşyalı Değil,3650000.0,2,1
3.500.000 TL,Yunusemre,90,1,3. Kat,Sıfır Bina,Kombi,Yok,Yok,Yok,-,Boş,Kat İrtifakı,Evet,Eşyalı Değil,3500000.0,2,1
4.000.000 TL,Turgutlu,105,1,2. Kat,Sıfır Bina,Kombi,Yok,Yok,Yok,-,Boş,Kat Mülkiyeti,Evet,Eşyalı Değil,4000000.0,2,1
2.800.000 TL,Yunusemre,65,1,2. Kat,Sıfır Bina,Kombi,Yok,Yok,Yok,-,Boş,Kat İrtifakı,Hayır,Eşyalı Değil,2800000.0,1,1
6.800.000 TL,Turgutlu,140,2,2. Kat,Sıfır Bina,Yerden Isıtma,Yok,Yok,Var,-,Boş,Kat İrtifakı,Hayır,Eşyalı Değil,6800000.0,3,1
2.350.000 TL,Turgutlu,130,1,4. Kat,11 Yaşında,Kombi,Var,Var,Var,-,Kiracılı,Kat Mülkiyeti,Hayır,Eşyalı Değil,2350000.0,3,1
5.500.000 TL,Turgutlu,155,1,1. Kat,5 Yaşında,Yerden Isıtma,Var,Yok,Yok,-,Mülk Sahibi,Tapu Yok,Hayır,Eşyalı Değil,5500000.0,3,1
2.000.000 TL,Turgutlu,115,1,En Üst Kat,25 Yaşında,Soba,Yok,Yok,Yok,İkinci El,Kiracılı,Kat İrtifakı,Hayır,Eşyalı Değil,2000000.0,2,1
5.700.000 TL,Sehzadeler,140,2,4. Kat,26 Yaşında,Kombi,Var,Var,Var,-,Boş,Kat İrtifakı,Hayır,Eşyalı Değil,5700000.0,3,1
3.850.000 TL,Yunusemre,100,1,1. Kat,1 Yaşında,Kombi,Var,Var,Var,-,Boş,Kat İrtifakı,Evet,Eşyalı Değil,3850000.0,3,1
5.150.000 TL,Yunusemre,150,1,4. Kat,6 Yaşında,Kombi,Var,Var,Yok,-,Boş,Kat İrtifakı,Hayır,Eşyalı Değil,5150000.0,3,1
4.000.000 TL,Akhisar,125,1,1. Kat,Sıfır Bina,Kombi,Var,Var,Var,Sıfır,Boş,Kat İrtifakı,-,Eşyalı Değil,4000000.0,3,1
3.800.000 TL,Yunusemre,115,1,2. Kat,25 Yaşında,Kombi,Var,Var,Var,İkinci El,Boş,Kat Mülkiyeti,Evet,Eşyalı Değil,3800000.0,3,1
4.275.000 TL,Yunusemre,130,1,4. Kat,25 Yaşında,Kombi,Yok,Var,Var,-,-,Kat İrtifakı,Evet,-,4275000.0,3,1
3.350.000 TL,Yunusemre,90,1,4. Kat,6 Yaşında,Kombi,Yok,Yok,Yok,-,Kiracılı,Kat İrtifakı,Evet,Eşyalı Değil,3350000.0,2,1
4.150.000 TL,Yunusemre,120,1,3. Kat,1 Yaşında,Kombi,Var,Var,Var,-,Boş,Kat İrtifakı,Hayır,Eşyalı Değil,4150000.0,3,1
3.450.000 TL,Yunusemre,95,1,Yüksek Giriş,Sıfır Bina,Kombi,Yok,Yok,Var,-,Boş,Kat İrtifakı,Evet,Eşyalı Değil,3450000.0,2,1
6.000.000 TL,Salihli,140,1,3. Kat,4 Yaşında,Kombi,Yok,Var,Var,-,Kiracılı,Kat İrtifakı,Hayır,Eşyalı Değil,6000000.0,3,1
3.850.000 TL,Yunusemre,85,1,3. Kat,Sıfır Bina,Kombi,Yok,Var,Yok,-,Boş,Kat İrtifakı,Hayır,Eşyalı Değil,3850000.0,2,1
5.250.000 TL,Turgutlu,150,2,3. Kat,Sıfır Bina,Yerden Isıtma,Yok,Var,Var,-,Boş,Kat Mülkiyeti,Hayır,Eşyalı Değil,5250000.0,3,1
4.300.000 TL,Turgutlu,157,1,2. Kat,6 Yaşında,Kombi,Yok,Yok,Var,-,Mülk Sahibi,Kat Mülkiyeti,Hayır,Eşyalı Değil,4300000.0,3,1
4.000.000 TL,Turgutlu,130,1,4. Kat,Sıfır Bina,Kombi,Yok,Var,Var,-,Boş,Kat Mülkiyeti,Hayır,Eşyalı Değil,4000000.0,3,1
3.650.000 TL,Yunusemre,85,1,2. Kat,Sıfır Bina,Kombi,Yok,Var,Var,-,Boş,Kat İrtifakı,Evet,Eşyalı Değil,3650000.0,2,1
3.750.000 TL,Turgutlu,135,1,En Üst Kat,12 Yaşında,Kombi,Var,Var,Yok,İkinci El,Boş,Kat Mülkiyeti,Evet,Eşyalı Değil,3750000.0,3,1
3.750.000 TL,Turgutlu,120,1,2. Kat,Sıfır Bina,Kombi,Var,Var,Var,-,Boş,Kat İrtifakı,Hayır,Eşyalı Değil,3750000.0,3,1
8.250.000 TL,Yunusemre,240,2,2. Kat,16 Yaşında,Kombi,Yok,Var,Yok,-,Mülk Sahibi,Kat İrtifakı,Hayır,Eşyalı Değil,8250000.0,5,2
2.495.000 TL,Turgutlu,95,1,Yüksek Giriş,11 Yaşında,Doğalgaz Sobası,Yok,Yok,Yok,-,Kiracılı,Kat İrtifakı,Evet,-,2495000.0,2,1
3.400.000 TL,Yunusemre,80,1,Ara Kat,Sıfır Bina,Kombi,Yok,Var,Yok,Sıfır,Boş,Kat Mülkiyeti,Evet,Eşyalı Değil,3400000.0,2,1
3.050.000 TL,Sehzadeler,110,1,5. Kat,21 Yaşında,Kombi,Var,Yok,Yok,-,Mülk Sahibi,Kat Mülkiyeti,Evet,Eşyalı Değil,3050000.0,2,1
4.100.000 TL,Yunusemre,105,1,3. Kat,1 Yaşında,Kombi,Yok,Yok,Var,-,Boş,Kat İrtifakı,Hayır,Eşyalı Değil,4100000.0,2,1
4.295.000 TL,Yunusemre,135,1,4. Kat,21 Yaşında,Kombi,Var,Var,Var,-,Mülk Sahibi,Kat İrtifakı,Hayır,Eşyalı Değil,4295000.0,3,1
4.250.000 TL,Turgutlu,130,1,3. Kat,1 Yaşında,Yerden Isıtma,Var,Var,Yok,-,Boş,Kat İrtifakı,Hayır,-,4250000.0,3,1
4.000.000 TL,Akhisar,110,1,1. Kat,Sıfır Bina,Kombi,Yok,Yok,Var,Sıfır,Boş,Kat İrtifakı,Hayır,Eşyalı Değil,4000000.0,2,1
5.000.000 TL,Yunusemre,140,1,2. Kat,1 Yaşında,Yerden Isıtma,Yok,Yok,Var,-,Boş,Kat İrtifakı,Evet,Eşyalı Değil,5000000.0,3,1
4.950.000 TL,Yunusemre,125,1,2. Kat,Sıfır Bina,Yerden Isıtma,Yok,Yok,Var,-,Boş,Kat İrtifakı,Evet,Eşyalı Değil,4950000.0,3,1
2.625.000 TL,Salihli,125,1,2. Kat,16 Yaşında,Klima,Yok,Yok,Var,-,Kiracılı,Kat Mülkiyeti,Hayır,Eşyalı Değil,2625000.0,2,1
65.000.000 TL,Salihli,600,1,-,5 Yaşında,Kat Kaloriferi,Yok,Yok,Yok,-,Kiracılı,Kat Mülkiyeti,-,-,65000000.0,3,1
3.850.000 TL,Sehzadeler,130,2,6. Kat,21 Yaşında,Kombi,Var,Var,Var,-,Mülk Sahibi,Kat İrtifakı,Hayır,Eşyalı Değil,3850000.0,3,1
3.995.000 TL,Yunusemre,125,1,Yüksek Giriş,4 Yaşında,Kombi,Var,Var,Yok,İkinci El,Mülk Sahibi,Kat Mülkiyeti,Hayır,Eşyalı Değil,3995000.0,3,1
2.550.000 TL,Turgutlu,100,1,Zemin,21 Yaşında,Kombi,Yok,Yok,Yok,-,Mülk Sahibi,Kat Mülkiyeti,Hayır,Eşyalı,2550000.0,2,1
3.125.000 TL,Yunusemre,95,1,4. Kat,1 Yaşında,Kombi,Yok,Yok,Yok,-,Boş,Kat İrtifakı,Hayır,Eşyalı Değil,3125000.0,2,1
1.480.000 TL,Turgutlu,80,1,4. Kat,21 Yaşında,Klima,Yok,Yok,Yok,-,Boş,Kat Mülkiyeti,Hayır,Eşyalı Değil,1480000.0,2,1
2.700.000 TL,Akhisar,130,1,3. Kat,26 Yaşında,Kombi,Yok,Var,Yok,-,Mülk Sahibi,Kat İrtifakı,Evet,Eşyalı Değil,2700000.0,3,1
1.350.000 TL,Kirkagac,95,1,4. Kat,23 Yaşında,Kombi,Var,Yok,Yok,İkinci El,Kiracılı,Kat Mülkiyeti,Hayır,Eşyalı Değil,1350000.0,2,1
4.000.000 TL,Akhisar,95,2,1. Kat,Sıfır Bina,Kombi,Yok,Var,Var,Sıfır,Boş,Kat İrtifakı,Hayır,Eşyalı Değil,4000000.0,2,1
6.500.000 TL,Salihli,143,2,4. Kat,3 Yaşında,Kombi,Yok,Var,Var,Sıfır,-,Kat İrtifakı,Hayır,Eşyalı Değil,6500000.0,3,0
6.350.000 TL,Turgutlu,150,2,3. Kat,9 Yaşında,Merkezi,Yok,Yok,Var,-,Kiracılı,Kat Mülkiyeti,-,-,6350000.0,3,1
5.250.000 TL,Turgutlu,160,1,5. Kat,1 Yaşında,Merkezi,Var,Var,Var,-,Boş,Kat İrtifakı,Evet,Eşyalı Değil,5250000.0,3,1
5.250.000 TL,Turgutlu,150,2,1. Kat,Sıfır Bina,Yerden Isıtma,Yok,Var,Var,-,Boş,Kat Mülkiyeti,Evet,Eşyalı Değil,5250000.0,3,1
4.750.000 TL,Turgutlu,120,1,4. Kat,Sıfır Bina,Yerden Isıtma,Yok,Var,Yok,-,Boş,Kat Mülkiyeti,Hayır,Eşyalı Değil,4750000.0,2,1
5.175.000 TL,Yunusemre,135,1,3. Kat,4 Yaşında,Kombi,Var,Var,Yok,-,Mülk Sahibi,Kat İrtifakı,Hayır,Eşyalı Değil,5175000.0,3,1
4.550.000 TL,Turgutlu,178,2,2. Kat,6 Yaşında,Kombi,Var,Var,Yok,-,Mülk Sahibi,Kat Mülkiyeti,Evet,Eşyalı Değil,4550000.0,3,1
5.250.000 TL,Turgutlu,130,2,1. Kat,Sıfır Bina,Yerden Isıtma,Var,Var,Var,-,Boş,Kat İrtifakı,Evet,Eşyalı Değil,5250000.0,2,1
8.600.000 TL,Sehzadeler,110,1,2. Kat,Sıfır Bina,Yerden Isıtma,Yok,Yok,Yok,-,Boş,Kat İrtifakı,Hayır,Eşyalı Değil,8600000.0,2,1
6.500.000 TL,Turgutlu,110,1,Bahçe Katı,5 Yaşında,Soba,Yok,Yok,Yok,-,-,Müstakil Tapulu,Evet,-,6500000.0,2,0
3.800.000 TL,Turgutlu,100,-,Ara Kat,1 Yaşında,Kombi,Yok,Var,Var,Sıfır,Boş,Kat İrtifakı,Hayır,Eşyalı Değil,3800000.0,3,0
8.750.000 TL,Yunusemre,165,2,3. Kat,3 Yaşında,Kombi,Yok,Yok,Var,-,Boş,Kat İrtifakı,Evet,Eşyalı Değil,8750000.0,3,1
3.750.000 TL,Akhisar,115,1,1. Kat,Sıfır Bina,Kombi,Yok,Var,Var,-,Boş,Kat İrtifakı,Hayır,Eşyalı Değil,3750000.0,3,1
4.750.000 TL,Yunusemre,125,1,3. Kat,Sıfır Bina,Kombi,Yok,Yok,Var,-,Boş,Kat İrtifakı,Evet,Eşyalı Değil,4750000.0,3,1
2.950.000 TL,Turgutlu,90,1,Zemin,11 Yaşında,Kombi,Var,Yok,Yok,-,Mülk Sahibi,Kat Mülkiyeti,Hayır,Eşyalı Değil,2950000.0,2,1
5.450.000 TL,Turgutlu,155,2,En Üst Kat,4 Yaşında,Kombi,Var,Var,Var,İkinci El,Mülk Sahibi,Kat İrtifakı,Hayır,Eşyalı Değil,5450000.0,3,1
6.500.000 TL,Turgutlu,170,-,Ara Kat,Sıfır Bina,Kombi,Var,Var,Var,Sıfır,Boş,Kat Mülkiyeti,Evet,Eşyalı Değil,6500000.0,4,1
3.650.000 TL,Turgutlu,115,1,2. Kat,Sıfır Bina,Kombi,Yok,Var,Var,-,Boş,Kat Mülkiyeti,Hayır,Eşyalı Değil,3650000.0,2,1
3.400.000 TL,Yunusemre,95,1,3. Kat,Sıfır Bina,Kombi,Yok,Yok,Var,-,Boş,Kat İrtifakı,Hayır,Eşyalı Değil,3400000.0,2,1
14.500.000 TL,Akhisar,227,3,Bahçe Katı,1 Yaşında,Kombi,Var,Yok,Yok,-,Boş,Kat İrtifakı,Evet,Eşyalı Değil,14500000.0,5,1
5.490.000 TL,Turgutlu,130,1,3. Kat,Sıfır Bina,Kombi,Yok,Var,Var,-,Boş,Kat İrtifakı,Evet,Eşyalı Değil,5490000.0,3,1
4.475.000 TL,Turgutlu,140,2,11. Kat,1 Yaşında,Merkezi (Pay Öl...,Yok,Var,Var,-,Boş,Kat Mülkiyeti,Evet,Eşyalı Değil,4475000.0,3,1
4.350.000 TL,Yunusemre,140,1,3. Kat,16 Yaşında,Kombi,Yok,Var,Var,İkinci El,Boş,Kat İrtifakı,Hayır,Eşyalı Değil,4350000.0,3,1
3.495.000 TL,Yunusemre,85,1,Çatı Katı,1 Yaşında,Kombi,Var,Yok,Var,-,Boş,Kat İrtifakı,Hayır,Eşyalı Değil,3495000.0,2,1
1.900.000 TL,Turgutlu,120,1,5. Kat,21 Yaşında,Soba,Yok,Yok,Yok,-,Boş,Kat İrtifakı,Hayır,Eşyalı Değil,1900000.0,3,1
3.650.000 TL,Turgutlu,115,1,2. Kat,Sıfır Bina,Kombi,Yok,Var,Var,-,Boş,Kat İrtifakı,Evet,Eşyalı Değil,3650000.0,2,1
4.975.000 TL,Yunusemre,120,1,Ara Kat,5 Yaşında,Kombi,Yok,Var,Var,-,-,Kat İrtifakı,-,Eşyalı Değil,4975000.0,3,1
5.450.000 TL,Yunusemre,140,1,5. Kat,8 Yaşında,Kombi,Var,Var,Yok,İkinci El,Mülk Sahibi,Kat İrtifakı,Evet,Eşyalı Değil,5450000.0,3,1
3.850.000 TL,Turgutlu,145,1,1. Kat,6 Yaşında,Kombi,Var,Yok,Var,-,Mülk Sahibi,Kat Mülkiyeti,Hayır,Eşyalı Değil,3850000.0,3,1
4.500.000 TL,Turgutlu,140,1,Giriş Katı,21 Yaşında,Kombi,Yok,Var,Yok,İkinci El,Boş,Kat İrtifakı,Hayır,Eşyalı Değil,4500000.0,3,1
4.350.000 TL,Sehzadeler,125,1,3. Kat,34 Yaşında,Kombi,Var,Var,Yok,İkinci El,Boş,Kat İrtifakı,Evet,Eşyalı Değil,4350000.0,3,1
4.500.000 TL,Yunusemre,100,2,Yüksek Giriş,Sıfır Bina,Yerden Isıtma,Var,Var,Var,Sıfır,Boş,Kat İrtifakı,-,Eşyalı Değil,4500000.0,2,1
4.250.000 TL,Yunusemre,75,1,2. Kat,Sıfır Bina,Kombi,Yok,Yok,Yok,-,Boş,Kat İrtifakı,Hayır,Eşyalı Değil,4250000.0,2,1
4.100.000 TL,Yunusemre,160,1,Yüksek Giriş,5 Yaşında,Kombi,Yok,Var,Var,-,Boş,Kat İrtifakı,Hayır,Eşyalı Değil,4100000.0,3,1
5.250.000 TL,Turgutlu,150,2,3. Kat,Sıfır Bina,Yerden Isıtma,Yok,Var,Var,-,Boş,Kat Mülkiyeti,Hayır,Eşyalı Değil,5250000.0,3,1
6.800.000 TL,Yunusemre,120,1,2. Kat,21 Yaşında,Kombi,Var,Var,Var,İkinci El,Boş,Kat İrtifakı,-,Eşyalı Değil,6800000.0,3,1
4.000.000 TL,Akhisar,275,2,3. Kat,1 Yaşında,Kombi,Yok,Var,Var,-,Boş,Kat İrtifakı,Evet,Eşyalı Değil,4000000.0,4,1
3.550.000 TL,Yunusemre,125,1,Yüksek Giriş,1 Yaşında,Kombi,Yok,Yok,Var,-,Kiracılı,Kat İrtifakı,Evet,Eşyalı Değil,3550000.0,3,1
5.250.000 TL,Yunusemre,120,2,3. Kat,Sıfır Bina,Kombi,Var,Var,Var,-,Boş,Kat Mülkiyeti,Evet,Eşyalı Değil,5250000.0,3,1
4.700.000 TL,Yunusemre,125,1,2. Kat,1 Yaşında,Kombi,Yok,Var,Var,-,Boş,Kat İrtifakı,Evet,Eşyalı Değil,4700000.0,3,1
6.500.000 TL,Turgutlu,130,1,2. Kat,11 Yaşında,Soba,Yok,Yok,Var,-,Boş,Kat Mülkiyeti,Hayır,Eşyalı Değil,6500000.0,3,1
4.500.000 TL,Yunusemre,135,1,5. Kat,1 Yaşında,Kombi,Yok,Var,Var,-,Boş,Kat İrtifakı,Evet,Eşyalı Değil,4500000.0,3,1
4.100.000 TL,Yunusemre,145,1,4. Kat,6 Yaşında,Kombi,Var,Yok,Var,-,Boş,Kat İrtifakı,Hayır,Eşyalı Değil,4100000.0,3,1
4.100.000 TL,Yunusemre,100,1,4. Kat,Sıfır Bina,Kombi,Var,Var,Var,İkinci El,Boş,Kat İrtifakı,Hayır,Eşyalı,4100000.0,2,1
4.500.000 TL,Yunusemre,92,1,1. Kat,1 Yaşında,Yerden Isıtma,Yok,Var,Yok,-,Boş,Kat İrtifakı,Evet,Eşyalı Değil,4500000.0,2,1
5.300.000 TL,Yunusemre,135,1,2. Kat,1 Yaşında,Kombi,Yok,Var,Yok,-,Boş,Kat Mülkiyeti,Evet,Eşyalı Değil,5300000.0,3,1
4.100.000 TL,Turgutlu,100,1,2. Kat,Sıfır Bina,Kombi,Yok,Var,Var,-,Boş,Kat İrtifakı,Evet,Eşyalı Değil,4100000.0,2,1
5.000.000 TL,Turgutlu,150,1,3. Kat,Sıfır Bina,Kombi,Yok,Var,Var,-,Boş,Kat Mülkiyeti,Hayır,Eşyalı Değil,5000000.0,3,1
4.250.000 TL,Turgutlu,180,2,4. Kat,1 Yaşında,Kombi,Var,Var,Var,-,Boş,Kat İrtifakı,Hayır,Eşyalı Değil,4250000.0,4,1
4.950.000 TL,Sehzadeler,136,1,4. Kat,21 Yaşında,Kombi,Yok,Var,Yok,-,Boş,Kat İrtifakı,Evet,Eşyalı Değil,4950000.0,3,1
10.250.000 TL,Turgutlu,250,2,En Üst Kat,6 Yaşında,Kombi,Var,Var,Yok,İkinci El,Boş,Kat İrtifakı,Evet,Eşyalı Değil,10250000.0,4,1
4.150.000 TL,Turgutlu,125,2,3. Kat,Sıfır Bina,Yerden Isıtma,Var,Var,Var,-,Boş,Kat Mülkiyeti,Hayır,Eşyalı Değil,4150000.0,3,1
12.500.000 TL,Saruhanli,64,1,-,5 Yaşında,Soba,Yok,Yok,Yok,Sıfır,Mülk Sahibi,Hisseli Tapu,Hayır,-,12500000.0,1,1
5.495.000 TL,Yunusemre,100,1,2. Kat,Sıfır Bina,Kombi,Yok,Yok,Var,-,Boş,Kat İrtifakı,Evet,Eşyalı Değil,5495000.0,2,1
3.500.000 TL,Yunusemre,125,1,4. Kat,21 Yaşında,Kombi,Yok,Var,Var,İkinci El,Boş,Kat İrtifakı,Hayır,Eşyalı Değil,3500000.0,3,1
6.250.000 TL,Yunusemre,200,1,5. Kat,Sıfır Bina,Kombi,Yok,Yok,Yok,-,Boş,Kat İrtifakı,Hayır,Eşyalı Değil,6250000.0,5,1
3.900.000 TL,Turgutlu,150,2,2. Kat,Sıfır Bina,Kombi,Yok,Var,Var,-,Boş,Kat Mülkiyeti,Evet,Eşyalı Değil,3900000.0,3,1
4.575.000 TL,Yunusemre,130,1,4. Kat,21 Yaşında,Kombi,Var,Var,Yok,-,Mülk Sahibi,Kat Mülkiyeti,Hayır,Eşyalı Değil,4575000.0,3,1
3.350.000 TL,Turgutlu,105,1,2. Kat,Sıfır Bina,Kombi,Yok,Var,Var,-,Boş,Kat Mülkiyeti,Hayır,Eşyalı Değil,3350000.0,2,1
2.100.000 TL,Saruhanli,65,1,1. Kat,1 Yaşında,Kombi,Yok,Yok,Yok,-,Boş,Müstakil Tapulu,Hayır,Eşyalı Değil,2100000.0,1,1
8.300.000 TL,Yunusemre,180,2,4. Kat,11 Yaşında,Kombi,Var,Var,Var,-,Mülk Sahibi,Kat Mülkiyeti,Hayır,Eşyalı Değil,8300000.0,4,1
5.000.000 TL,Turgutlu,145,2,3. Kat,Sıfır Bina,Kombi,Yok,Yok,Yok,-,Boş,Arsa,Hayır,Eşyalı Değil,5000000.0,3,1
7.500.000 TL,Salihli,357,1,-,25 Yaşında,Soba,Yok,Var,Var,İkinci El,Kiracılı,Arsa,Hayır,Eşyalı Değil,7500000.0,3,1
4.500.000 TL,Akhisar,200,2,4. Kat,1 Yaşında,Kombi,Var,Var,Var,-,Mülk Sahibi,Kat İrtifakı,Hayır,Eşyalı Değil,4500000.0,4,1
3.599.000 TL,Turgutlu,140,1,4. Kat,11 Yaşında,Kombi,Yok,Var,Var,-,Boş,Kat Mülkiyeti,Hayır,Eşyalı,3599000.0,3,1
3.300.000 TL,Turgutlu,140,1,1. Kat,1 Yaşında,Kombi,Yok,Var,Var,-,Boş,Kat Mülkiyeti,Hayır,Eşyalı Değil,3300000.0,3,1
6.750.000 TL,Turgutlu,160,2,1. Kat,Sıfır Bina,Yerden Isıtma,Yok,Var,Var,-,Boş,Kat Mülkiyeti,Hayır,Eşyalı Değil,6750000.0,3,1
3.350.000 TL,Yunusemre,90,1,Yüksek Giriş,5 Yaşında,Kombi,Var,Var,Yok,İkinci El,Boş,Müstakil Tapulu,Evet,Eşyalı Değil,3350000.0,2,1
3.680.000 TL,Sehzadeler,125,1,4. Kat,25 Yaşında,Kombi,Yok,Yok,Yok,-,-,Kat İrtifakı,-,Eşyalı Değil,3680000.0,3,1
4.350.000 TL,Sehzadeler,140,1,5. Kat,16 Yaşında,Kombi,Yok,Var,Var,-,Mülk Sahibi,Kat Mülkiyeti,Evet,Eşyalı Değil,4350000.0,3,1
4.250.000 TL,Turgutlu,130,2,3. Kat,Sıfır Bina,Yerden Isıtma,Yok,Yok,Var,-,Boş,Kat İrtifakı,Evet,Eşyalı Değil,4250000.0,2,1
2.350.000 TL,Turgutlu,125,1,3. Kat,26 Yaşında,Isıtma Yok,Yok,Var,Var,-,Boş,Kat İrtifakı,Hayır,Eşyalı Değil,2350000.0,3,1
3.350.000 TL,Sehzadeler,125,1,4. Kat,34 Yaşında,Kombi,Var,Var,Yok,İkinci El,Boş,Kat İrtifakı,Hayır,Eşyalı Değil,3350000.0,3,1
2.550.000 TL,Saruhanli,480,1,-,30 Yaşında,Soba,Yok,Yok,Yok,İkinci El,Boş,Müstakil Tapulu,Hayır,Eşyalı Değil,2550000.0,2,1
2.950.000 TL,Turgutlu,135,1,6. Kat,21 Yaşında,Kombi,Var,Var,Var,-,Mülk Sahibi,Kat Mülkiyeti,Evet,Eşyalı Değil,2950000.0,3,1
2.650.000 TL,Yunusemre,60,1,2. Kat,Sıfır Bina,Merkezi (Pay Öl...,Yok,Yok,Yok,-,Boş,Kat İrtifakı,Hayır,Eşyalı Değil,2650000.0,1,1
2.950.000 TL,Akhisar,145,1,3. Kat,31 Yaşında,Kombi,Yok,Yok,Yok,-,Boş,Kat Mülkiyeti,Hayır,Eşyalı Değil,2950000.0,3,1
3.470.000 TL,Yunusemre,89,2,Yüksek Giriş,Sıfır Bina,Kombi,Yok,Yok,Yok,-,Boş,Kat İrtifakı,Evet,Eşyalı Değil,3470000.0,3,1
14.000.000 TL,Akhisar,280,1,-,19 Yaşında,Kombi,Var,Yok,Yok,İkinci El,-,Kat İrtifakı,Evet,Eşyalı Değil,14000000.0,4,1
4.150.000 TL,Turgutlu,105,1,2. Kat,Sıfır Bina,Kombi,Yok,Var,Var,-,Boş,Kat Mülkiyeti,Hayır,Eşyalı Değil,4150000.0,2,1
3.650.000 TL,Turgutlu,105,1,1. Kat,Sıfır Bina,Kombi,Var,Var,Var,-,Boş,Kat Mülkiyeti,Hayır,Eşyalı Değil,3650000.0,2,1
2.550.000 TL,Turgutlu,95,1,Ara Kat,25 Yaşında,Kombi,Var,Yok,Yok,İkinci El,Mülk Sahibi,Kat İrtifakı,Hayır,Eşyalı Değil,2550000.0,2,1
1.500.000 TL,Soma,316,1,-,35 Yaşında,Soba,Yok,Yok,Yok,İkinci El,Boş,Arsa,Hayır,Eşyalı Değil,1500000.0,2,1
4.650.000 TL,Yunusemre,135,-,-,-,-,Yok,Yok,Yok,-,-,-,-,-,4650000.0,3,1
4.950.000 TL,Sehzadeler,135,1,2. Kat,4 Yaşında,Kombi,Yok,Yok,Var,-,Mülk Sahibi,Kat İrtifakı,Evet,Eşyalı Değil,4950000.0,3,1
8.000.000 TL,Yunusemre,180,2,4. Kat,11 Yaşında,Merkezi (Pay Öl...,Var,Yok,Var,-,Mülk Sahibi,Kat İrtifakı,Güzelyurt’tan daire ile takas düşünülür,Eşyalı Değil,8000000.0,4,1
29.900.000 TL,Saruhanli,200,1,Bahçe Katı,3 Yaşında,Klima,Yok,Yok,Yok,-,-,Müstakil Tapulu,Evet,-,29900000.0,3,0
2.700.000 TL,Turgutlu,100,1,Zemin,31 Yaşında,Kombi,Yok,Yok,Yok,-,Boş,Kat İrtifakı,Hayır,Eşyalı Değil,2700000.0,2,1
4.750.000 TL,Turgutlu,110,1,4. Kat,Sıfır Bina,Yerden Isıtma,Yok,Var,Var,-,Boş,Kat Mülkiyeti,Hayır,Eşyalı Değil,4750000.0,2,1
8.500.000 TL,Sehzadeler,250,2,Bahçe Katı,5 Yaşında,Kat Kaloriferi,Yok,Var,Yok,-,Mülk Sahibi,Tapu Yok,Evet,Eşyalı Değil,8500000.0,3,2
650.000 TL,Kula,360,-,1. Kat,31 Yaşında,Isıtma Yok,Yok,Yok,Yok,-,Boş,Tapu Yok,Hayır,Eşyalı Değil,650000.0,2,0
3.650.000 TL,Yunusemre,90,1,Yüksek Giriş,Sıfır Bina,Kombi,Yok,Yok,Var,-,Boş,Kat İrtifakı,Evet,Eşyalı Değil,3650000.0,2,1
3.225.000 TL,Turgutlu,150,1,4. Kat,16 Yaşında,Kombi,Yok,Var,Var,-,Mülk Sahibi,Kat İrtifakı,Evet,Eşyalı Değil,3225000.0,3,1
3.450.000 TL,Yunusemre,85,1,2. Kat,4 Yaşında,Kombi,Yok,Yok,Var,-,Boş,Kat İrtifakı,Evet,Eşyalı Değil,3450000.0,2,1
3.800.000 TL,Saruhanli,135,1,2. Kat,1 Yaşında,Kombi,Var,Var,Yok,-,Boş,Kat İrtifakı,Hayır,Eşyalı Değil,3800000.0,3,1
3.000.000 TL,Akhisar,150,1,2. Kat,11 Yaşında,Kombi,Var,Yok,Yok,-,Mülk Sahibi,Kat Mülkiyeti,Hayır,Eşyalı Değil,3000000.0,3,1
7.500.000 TL,Yunusemre,140,2,3. Kat,Sıfır Bina,Kombi,Yok,Yok,Var,-,Boş,Kat İrtifakı,Evet,Eşyalı Değil,7500000.0,3,1
16.250.000 TL,Akhisar,135,-,-,-,-,Yok,Yok,Yok,-,-,-,-,-,16250000.0,3,1
2.500.000 TL,Turgutlu,100,1,3. Kat,5 Yaşında,Kombi,Yok,Yok,Yok,-,Mülk Sahibi,Kat İrtifakı,Hayır,Eşyalı Değil,2500000.0,2,1
3.850.000 TL,Sehzadeler,140,1,Yüksek Giriş,16 Yaşında,Kombi,Yok,Var,Var,-,Boş,Kat İrtifakı,Hayır,Eşyalı Değil,3850000.0,3,1
3.950.000 TL,Saruhanli,135,1,4. Kat,1 Yaşında,Kombi,Var,Var,Yok,-,Boş,Kat İrtifakı,Hayır,Eşyalı Değil,3950000.0,3,1
3.950.000 TL,Sehzadeler,130,1,2. Kat,21 Yaşında,Kombi,Yok,Var,Yok,-,Boş,Kat Mülkiyeti,Hayır,Eşyalı Değil,3950000.0,2,1
3.100.000 TL,Turgutlu,95,1,1. Kat,1 Yaşında,Kombi,Var,Var,Var,-,Boş,Kat Mülkiyeti,Hayır,Eşyalı Değil,3100000.0,2,1
4.220.000 TL,Sehzadeler,125,1,2. Kat,26 Yaşında,Kombi,Var,Var,Yok,-,Mülk Sahibi,Kat İrtifakı,Evet,Eşyalı Değil,4220000.0,3,1
3.800.000 TL,Turgutlu,102,1,2. Kat,Sıfır Bina,Kombi,Yok,Var,Var,-,Boş,Kat Mülkiyeti,Hayır,Eşyalı Değil,3800000.0,2,1
2.450.000 TL,Akhisar,115,1,2. Kat,26 Yaşında,Kombi,Var,Var,Yok,İkinci El,Mülk Sahibi,Kat İrtifakı,Hayır,Eşyalı Değil,2450000.0,3,1
23.500.000 TL,Salihli,300,2,Bahçe Katı,10 Yaşında,Klima,Yok,Yok,Yok,-,-,Müstakil Tapulu,Evet,-,23500000.0,4,0
4.650.000 TL,Yunusemre,110,1,2. Kat,23 Yaşında,Kombi,Yok,Var,Yok,İkinci El,Kiracılı,Kat İrtifakı,Hayır,Eşyalı Değil,4650000.0,3,1
3.750.000 TL,Sehzadeler,130,1,2. Kat,20 Yaşında,Kombi,Yok,Var,Yok,İkinci El,Boş,Kat İrtifakı,Evet,Eşyalı Değil,3750000.0,3,1
2.400.000 TL,Turgutlu,130,1,4. Kat,26 Yaşında,Kombi,Yok,Var,Var,-,Boş,Kat Mülkiyeti,Hayır,Eşyalı Değil,2400000.0,2,1
2.950.000 TL,Sehzadeler,100,1,Çatı Katı,21 Yaşında,Kombi,Yok,Var,Var,-,Boş,Kat Mülkiyeti,Hayır,Eşyalı Değil,2950000.0,2,1
3.750.000 TL,Yunusemre,120,1,1. Kat,25 Yaşında,Kombi,Var,Var,Yok,İkinci El,Boş,Kat Mülkiyeti,Evet,Eşyalı Değil,3750000.0,3,1
3.500.000 TL,Turgutlu,135,1,3. Kat,21 Yaşında,Kombi,Var,Yok,Yok,-,Boş,Kat İrtifakı,Hayır,Eşyalı Değil,3500000.0,3,1
3.975.000 TL,Yunusemre,140,1,1. Kat,6 Yaşında,Kombi,Yok,Var,Yok,-,Boş,Kat İrtifakı,Evet,Eşyalı Değil,3975000.0,3,1
5.500.000 TL,Turgutlu,150,2,2. Kat,Sıfır Bina,Kombi,Var,Var,Var,-,Boş,Kat Mülkiyeti,Evet,Eşyalı Değil,5500000.0,3,1
1.950.000 TL,Kula,200,1,-,25 Yaşında,Soba,Yok,Yok,Yok,İkinci El,-,Arsa,Hayır,Eşyalı,1950000.0,2,1
6.000.000 TL,Turgutlu,200,2,3. Kat,Sıfır Bina,Yerden Isıtma,Yok,Yok,Var,-,Boş,Kat Mülkiyeti,Hayır,Eşyalı Değil,6000000.0,4,1
6.149.000 TL,Turgutlu,200,2,4. Kat,Sıfır Bina,Kombi,Yok,Var,Var,-,Boş,Kat Mülkiyeti,Evet,Eşyalı Değil,6149000.0,3,1
2.700.000 TL,Akhisar,103,1,2. Kat,26 Yaşında,Kombi,Yok,Yok,Yok,-,Kiracılı,Kat İrtifakı,Hayır,Eşyalı Değil,2700000.0,2,1
3.500.000 TL,Turgutlu,104,2,3. Kat,Sıfır Bina,Kombi,Var,Yok,Var,-,Boş,Kat İrtifakı,Hayır,Eşyalı Değil,3500000.0,2,1
2.900.000 TL,Yunusemre,58,1,3. Kat,1 Yaşında,Kombi,Var,Yok,Var,-,Boş,Kat İrtifakı,Evet,Eşyalı Değil,2900000.0,1,1
4.450.000 TL,Yunusemre,65,1,Yüksek Giriş,4 Yaşında,Kombi,Var,Yok,Var,-,Boş,Kat İrtifakı,Evet,Eşyalı Değil,4450000.0,1,1
4.900.000 TL,Turgutlu,160,2,2. Kat,5 Yaşında,Kombi,Var,Var,Yok,-,Mülk Sahibi,Kat Mülkiyeti,Hayır,Eşyalı Değil,4900000.0,3,1
2.500.000 TL,Turgutlu,135,1,Ara Kat,25 Yaşında,Doğalgaz Sobası,Yok,Yok,Yok,-,-,Kat Mülkiyeti,Hayır,-,2500000.0,3,1
7.650.000 TL,Turgutlu,165,2,2. Kat,4 Yaşında,Yerden Isıtma,Yok,Var,Yok,-,Boş,Kat İrtifakı,Evet,Eşyalı,7650000.0,3,1
4.150.000 TL,Yunusemre,125,2,3. Kat,24 Yaşında,Kombi,Var,Var,Var,İkinci El,Mülk Sahibi,Kat Mülkiyeti,-,Eşyalı Değil,4150000.0,3,1
3.400.000 TL,Salihli,90,1,3. Kat,Sıfır Bina,Kombi,Var,Var,Var,-,Boş,Kat İrtifakı,Evet,Eşyalı Değil,3400000.0,2,1
3.500.000 TL,Turgutlu,120,1,3. Kat,Sıfır Bina,Kombi,Yok,Var,Var,-,Boş,Kat İrtifakı,Hayır,Eşyalı Değil,3500000.0,2,1
3.630.000 TL,Turgutlu,110,1,2. Kat,1 Yaşında,Kombi,Var,Var,Var,-,Mülk Sahibi,Kat İrtifakı,Hayır,Eşyalı Değil,3630000.0,2,1
4.650.000 TL,Yunusemre,190,2,5. Kat,Sıfır Bina,Merkezi (Pay Öl...,Var,Var,Var,-,Boş,Kat İrtifakı,Evet,Eşyalı Değil,4650000.0,4,1
5.450.000 TL,Akhisar,230,1,-,27 Yaşında,Soba,Yok,Yok,Yok,-,-,Kat İrtifakı,-,-,5450000.0,3,1
2.980.000 TL,Yunusemre,140,1,Yüksek Giriş,11 Yaşında,Kombi,Yok,Yok,Yok,-,Kiracılı,Kat İrtifakı,Hayır,Eşyalı,2980000.0,2,1
3.850.000 TL,Sehzadeler,130,2,Zemin,21 Yaşında,Kombi,Yok,Var,Var,İkinci El,Boş,Kat İrtifakı,Hayır,Eşyalı Değil,3850000.0,3,1
5.950.000 TL,Turgutlu,130,2,3. Kat,Sıfır Bina,Kombi,Yok,Yok,Var,-,Boş,Kat Mülkiyeti,Hayır,Eşyalı Değil,5950000.0,3,1
6.500.000 TL,Sehzadeler,120,2,Bahçe Katı,5 Yaşında,Soba,Yok,Var,Var,-,Mülk Sahibi,Tapu Yok,Evet,Eşyalı Değil,6500000.0,4,1
3.200.000 TL,Akhisar,95,1,2. Kat,1 Yaşında,Kombi,Yok,Yok,Yok,-,Boş,Kat İrtifakı,Hayır,Eşyalı Değil,3200000.0,2,1
15.000.000 TL,Turgutlu,400,3,4. Kat,Sıfır Bina,Yerden Isıtma,Yok,Var,Yok,-,Boş,Kat Mülkiyeti,Evet,Eşyalı Değil,15000000.0,6,2
2.300.000 TL,Akhisar,140,1,1. Kat,26 Yaşında,Soba,Yok,Yok,Yok,-,Boş,Kat İrtifakı,Hayır,Eşyalı Değil,2300000.0,3,1
3.375.000 TL,Saruhanli,130,1,4. Kat,1 Yaşında,Kombi,Var,Var,Yok,-,Boş,Kat Mülkiyeti,Hayır,Eşyalı Değil,3375000.0,3,1
8.000.000 TL,Turgutlu,160,2,4. Kat,Sıfır Bina,Kombi,Var,Yok,Yok,-,Boş,Kat İrtifakı,Hayır,Eşyalı Değil,8000000.0,3,1
4.450.000 TL,Yunusemre,140,1,4. Kat,6 Yaşında,Kombi,Var,Yok,Yok,-,Kiracılı,Kat İrtifakı,Hayır,Eşyalı Değil,4450000.0,3,1
4.500.000 TL,Sehzadeler,116,2,5. Kat,26 Yaşında,Kombi,Var,Var,Var,-,Mülk Sahibi,Kat İrtifakı,Evet,Eşyalı Değil,4500000.0,3,1
4.450.000 TL,Salihli,130,1,Ara Kat,20 Yaşında,Kombi,Yok,Var,Yok,İkinci El,-,Kat İrtifakı,Hayır,Eşyalı Değil,4450000.0,3,1
8.500.000 TL,Akhisar,191,3,3. Kat,1 Yaşında,Kombi,Yok,Var,Var,-,Boş,Kat İrtifakı,Evet,Eşyalı Değil,8500000.0,5,1
2.199.000 TL,Turgutlu,100,1,4. Kat,11 Yaşında,Kombi,Var,Var,Yok,-,Mülk Sahibi,Kat Mülkiyeti,Hayır,Eşyalı Değil,2199000.0,2,1
3.150.000 TL,Turgutlu,130,1,Zemin,7 Yaşında,Kombi,Yok,Var,Yok,İkinci El,Boş,Kat İrtifakı,Hayır,Eşyalı Değil,3150000.0,3,1
12.600.000 TL,Yunusemre,240,2,4. Kat,5 Yaşında,Kombi,Var,Var,Var,-,Boş,Kat İrtifakı,Hayır,Eşyalı Değil,12600000.0,4,1
3.600.000 TL,Saruhanli,120,1,4. Kat,6 Yaşında,Kombi,Yok,Var,Yok,-,Boş,Müstakil Tapulu,Hayır,Eşyalı Değil,3600000.0,3,1
5.980.000 TL,Turgutlu,230,2,2. Kat,5 Yaşında,Kombi,Yok,Var,Yok,-,Mülk Sahibi,Kat Mülkiyeti,Evet,Eşyalı Değil,5980000.0,3,1
5.500.000 TL,Yunusemre,200,1,5. Kat,15 Yaşında,Kombi,Yok,Var,Var,-,-,Kat İrtifakı,-,-,5500000.0,4,1
4.700.000 TL,Turgutlu,130,1,4. Kat,Sıfır Bina,Kombi,Yok,Var,Var,-,Boş,Kat Mülkiyeti,Hayır,Eşyalı Değil,4700000.0,3,1
2.550.000 TL,Akhisar,90,1,1. Kat,1 Yaşında,Kombi,Yok,Var,Var,-,Boş,Kat İrtifakı,Evet,Eşyalı Değil,2550000.0,2,1
4.500.000 TL,Turgutlu,145,2,En Üst Kat,15 Yaşında,Kombi,Var,Var,Yok,-,-,Kat Mülkiyeti,-,-,4500000.0,3,1
9.980.000 TL,Yunusemre,106,2,4. Kat,1 Yaşında,Merkezi (Pay Öl...,Var,Yok,Var,-,Boş,Kat Mülkiyeti,Hayır,Eşyalı Değil,9980000.0,2,1
6.000.000 TL,Turgutlu,130,1,2. Kat,Sıfır Bina,Kombi,Yok,Yok,Yok,-,Boş,Kat İrtifakı,Hayır,Eşyalı Değil,6000000.0,3,1
9.400.000 TL,Salihli,210,2,Kot 1,Sıfır Bina,Kombi,Var,Var,Var,Sıfır,Boş,Kat İrtifakı,Evet,-,9400000.0,4,1
3.140.000 TL,Turgutlu,170,1,3. Kat,16 Yaşında,Kombi,Yok,Var,Yok,-,Mülk Sahibi,Kat Mülkiyeti,Hayır,Eşyalı Değil,3140000.0,3,1
3.100.000 TL,Turgutlu,160,1,4. Kat,16 Yaşında,Kombi,Var,Var,Var,-,Mülk Sahibi,Kat Mülkiyeti,Evet,Eşyalı Değil,3100000.0,3,1
4.950.000 TL,Yunusemre,100,1,Yüksek Giriş,4 Yaşında,Kombi,Yok,Yok,Yok,İkinci El,Boş,Kat İrtifakı,-,Eşyalı Değil,4950000.0,2,1
4.250.000 TL,Yunusemre,120,1,1. Kat,1 Yaşında,Kombi,Yok,Var,Yok,-,Mülk Sahibi,Müstakil Tapulu,Hayır,Eşyalı Değil,4250000.0,3,0
3.600.000 TL,Turgutlu,115,1,Ara Kat,Sıfır Bina,Kombi,Yok,Var,Yok,Sıfır,Boş,Kat Mülkiyeti,-,Eşyalı Değil,3600000.0,2,1
3.850.000 TL,Sehzadeler,120,1,Yüksek Giriş,21 Yaşında,Kombi,Yok,Var,Yok,-,Boş,Kat İrtifakı,Hayır,Eşyalı Değil,3850000.0,3,1
3.150.000 TL,Yunusemre,80,1,Kot 3,Sıfır Bina,Kombi,Yok,Yok,Yok,-,Boş,Kat İrtifakı,Hayır,Eşyalı Değil,3150000.0,2,1
4.800.000 TL,Sehzadeler,130,1,4. Kat,20 Yaşında,Kombi,Var,Var,Yok,İkinci El,Boş,Kat Mülkiyeti,Evet,Eşyalı Değil,4800000.0,3,1
13.500.000 TL,Akhisar,390,3,Bahçe Katı,Sıfır Bina,Yerden Isıtma,Var,Yok,Var,-,Boş,Müstakil Tapulu,Evet,Eşyalı Değil,13500000.0,4,1
2.500.000 TL,Turgutlu,100,1,4. Kat,6 Yaşında,Isıtma Yok,Yok,Var,Var,-,Kiracılı,Kat Mülkiyeti,Hayır,-,2500000.0,2,1
5.950.000 TL,Yunusemre,140,1,2. Kat,1 Yaşında,Kombi,Yok,Var,Var,-,Boş,Kat İrtifakı,Evet,Eşyalı Değil,5950000.0,3,1
4.250.000 TL,Turgutlu,105,1,1. Kat,Sıfır Bina,Yerden Isıtma,Var,Var,Var,-,Boş,Kat İrtifakı,Evet,Eşyalı Değil,4250000.0,2,1
